future_lr_3,future_direction_3,future_rv_3,future_lr_12,future_direction_12,future_rv_12
-0.009016950939311985,-1.0,0.011719985406705498,0.15610100454344827,1.0,0.025016713650209556
0.029553531468770045,1.0,0.015807600546055317,0.16721067475759682,1.0,0.02415981541408132
0.011673812495731128,1.0,0.025291730247912734,0.15489160836155386,1.0,0.02531737427393915
0.007273738965859755,1.0,0.024891918748639552,0.14134182823549368,1.0,0.025761107989913535
-0.00767199530256113,-1.0,0.018636358975965453,0.17772101378503857,1.0,0.0294195552316907
0.03994711800024903,1.0,0.009397472589509025,0.2375600500929324,1.0,0.027259435706328588
0.07930944487958597,1.0,0.017257853515521154,0.22670718462885592,1.0,0.02794759307508452
0.1334317992971933,1.0,0.02052907291744165,0.21173897008435877,1.0,0.028672100375180563
0.13015432745893027,1.0,0.0222026436399023,0.1849762250627977,1.0,0.029190249580349173
0.07853477163731454,1.0,0.036110389665589465,0.12686091767441865,1.0,0.02867360117688888
0.01189733929419462,1.0,0.014503785433079484,0.04209471436393253,1.0,0.024189944311399453
-0.026883649593356568,-1.0,0.008458382777923476,-0.004564133892937389,-1.0,0.024953119943530624
-0.023776127247266576,-1.0,0.009037003390781879,0.016144052309379084,1.0,0.025188315599275913
0.04006387049621181,1.0,0.04276634830381165,0.02135716755202781,1.0,0.02517341931128163
0.09434225422710969,1.0,0.033051052619869986,0.03006619376627845,1.0,0.02466196075499967
0.092639095359222,1.0,0.03395709996449584,0.022399822407925374,1.0,0.02493320933635059
0.026345960996759038,1.0,0.02355101523206764,-0.04224790492951368,-1.0,0.016219557822914173
-0.012636707029885702,-1.0,0.0011628987235133212,-0.08202224716729116,-1.0,0.010455872628234443
-0.020536822074851302,-1.0,0.005570158013496704,-0.07923172460180437,-1.0,0.010523084626753379
-0.03621245642323294,-1.0,0.008535393247596224,-0.07586998510913164,-1.0,0.010634447220847311
-0.05938603149680481,-1.0,0.006477367013061963,-0.06938554013740546,-1.0,0.010977126623783575
-0.03218209372772504,-1.0,0.02161258048501712,-0.06043352944999332,-1.0,0.010725887544430143
-0.0088402075177101,-1.0,0.02081133102768357,-0.03157621017271228,-1.0,0.01030122978821154
0.007746678065859269,1.0,0.011804356138741852,0.01182369390574163,1.0,0.0087866986012776
-0.017520357148720286,-1.0,0.008027846394430764,-0.012483139857782585,-1.0,0.008310344550542413
-0.023541201985329677,-1.0,0.004585985188192997,-0.042242019925657945,-1.0,0.010906750693455074
-0.017746186706459915,-1.0,0.004697735942761649,-0.08166112963982278,-1.0,0.017088558375504923
-0.008992451650507743,-1.0,0.0007008066125184524,-0.07134844983622174,-1.0,0.017101362446529374
-0.00727611918285892,-1.0,0.0014425983766600172,-0.08360678063341867,-1.0,0.01725161714392176
0.0,0.0,0.0031132407296498503,-0.12379332189390771,-1.0,0.02022598875289228
-0.0017386269230402485,-1.0,0.0038889413943163,-0.16671724610038732,-1.0,0.022404845486590823
0.008081318513186414,1.0,0.006622438458360445,-0.19988535679278283,-1.0,0.02270375456516948
0.021823202546342277,1.0,0.010839258119487964,-0.26134826234808883,-1.0,0.02460345509924638
0.015768295864485693,1.0,0.014131174255746035,-0.2621786668426079,-1.0,0.02455088380123996
-0.019506017270655762,-1.0,0.02204899183823916,-0.27970356054379997,-1.0,0.023030134533768953
-0.08573814547970514,-1.0,0.019433838098394888,-0.3022542793108716,-1.0,0.02016481520588799
-0.07638566712715944,-1.0,0.024029812210340076,-0.38126560247766755,-1.0,0.026711881530071327
-0.0649059626930904,-1.0,0.024714482564913313,-0.3497146494462444,-1.0,0.028764644692364703
-0.05987837896054485,-1.0,0.021944437480010025,-0.3159479457506349,-1.0,0.02829124095340773
-0.10436124791467333,-1.0,0.01723720412803221,-0.3385451342368467,-1.0,0.027181273697804334
-0.12355469534222308,-1.0,0.006184295740826412,-0.3419671005931026,-1.0,0.02704655184267164
-0.13755494045418115,-1.0,0.011952848226965134,-0.33292252391781757,-1.0,0.026699319007633202
-0.0972000476652608,-1.0,0.026479678545467997,-0.3255592274171223,-1.0,0.026337084802159714
-0.07173688523783073,-1.0,0.029565822799236825,-0.2713941526933071,-1.0,0.029487906716594882
-0.019082814416440497,-1.0,0.001969840838080902,-0.1466034741918753,-1.0,0.03694082984452151
-0.10331863977057398,-1.0,0.04758183767438638,-0.12443964117398343,-1.0,0.03787065317536318
-0.08951710617310021,-1.0,0.05180454921255977,-0.13424865142267445,-1.0,0.03793553148557177
-0.09943181191946837,-1.0,0.049734817470208297,-0.1808547431829608,-1.0,0.03963008296573249
-0.033665198886338565,-1.0,0.014793887644974751,-0.09352277966088252,-1.0,0.03204196470224942
-0.057158413839948574,-1.0,0.00421293820121496,-0.11928116327740546,-1.0,0.03195727327692442
-0.07685295712772755,-1.0,0.008496337235166494,-0.13157899670454698,-1.0,0.03233802549919232
-0.09137534109494894,-1.0,0.010627151332046248,-0.09289221662281033,-1.0,0.03288946078552085
-0.05298174744242756,-1.0,0.032713846775806715,-0.07210493986860067,-1.0,0.032828786887276085
0.048764109271761114,1.0,0.05255614735585667,-0.047049932033437436,-1.0,0.031594566434353634
0.10391953857787806,1.0,0.027891711874136492,-0.004747896109307925,-1.0,0.029739153456553695
0.0654086160328019,1.0,0.04281829906502467,0.031081112483241413,1.0,0.033536770553283385
-0.05333408340752599,-1.0,0.034501663122311114,-0.0573730094047753,-1.0,0.02727780639693553
-0.07240177825747307,-1.0,0.025445268992897743,-0.061628369938594885,-1.0,0.02699438401523346
-0.07454961802783122,-1.0,0.025234334496597666,0.007969550150561333,1.0,0.03104814029738445
-0.050156065441054554,-1.0,0.013198870316210148,0.07753088810693787,1.0,0.02649269284829131
-0.03303463584826638,-1.0,0.022882991385714528,0.05239421192993765,1.0,0.028164973034152007
-0.00998219043114379,-1.0,0.021908744989870145,0.08027333498083189,1.0,0.02704702604615689
0.007676107543381994,1.0,0.01249810024231065,0.06542908959569471,1.0,0.029022660090222363
-0.003231020581446531,-1.0,0.0076827357331410015,0.06607907959832793,1.0,0.029042910148228226
0.05020430490941452,1.0,0.03464107717565598,-0.046294700079505646,-1.0,0.044249099304705254
0.03844103190042325,1.0,0.03948851686539909,-0.005174903738215275,-1.0,0.045318600492394105
0.0470390647485911,1.0,0.03885739946913479,-0.01071780594551952,-1.0,0.045295382144073935
0.04229705370012182,1.0,0.036423512247060794,-0.0016214758980069854,-1.0,0.046394981896694366
0.08156981410418718,1.0,0.020895758194413205,0.024351557650295508,1.0,0.04590301094981902
0.041620803611059465,1.0,0.03928962075513405,0.010119349091357588,1.0,0.04578327378610175
-0.002245833197560665,-1.0,0.02344357451984753,-0.04572325847634673,-1.0,0.042954959066745076
-0.06225786395229771,-1.0,0.025453385285240947,-0.05757738736096596,-1.0,0.04255178758464676
-0.019349768179876103,-1.0,0.03141498241885698,-0.026479923164467123,-1.0,0.042009995164273964
-0.13655022549148133,-1.0,0.06289017554029763,-0.05601962368129232,-1.0,0.042267580292233604
-0.062927885790528,-1.0,0.07740680111455164,-0.048429348722616616,-1.0,0.041704744876690424
-0.08002790612529398,-1.0,0.07389993280137834,-0.0500787382518868,-1.0,0.04163625483289549
0.09487752909091318,1.0,0.0331725059343747,0.036211859974158433,1.0,0.026365842008894434
0.06796749328893403,1.0,0.036776359614329464,0.07974703338617506,1.0,0.03280853481243797
0.0678762197854682,1.0,0.03680616982103088,0.14200987610105298,1.0,0.03617991050787283
-0.0018047288782179205,-1.0,0.0045596299902414626,0.07182573457125552,1.0,0.032265969052971064
-0.00035913090707428985,-1.0,0.005347774674092955,0.023947929374846133,1.0,0.03530766210119236
0.005021531355234754,1.0,0.005582088110282953,0.052191847777148026,1.0,0.03599275553430184
-0.012542198402506255,-1.0,0.01567425797051817,0.06925776896113789,1.0,0.03594043278963671
-0.05310982531394837,-1.0,0.019769612614922796,0.05401050459839485,1.0,0.036209246359571186
-0.04294858326729578,-1.0,0.025401009239736712,0.10147102938184394,1.0,0.03865238808338509
-0.04431874183603057,-1.0,0.02562628760241689,0.07876147751748808,1.0,0.040789288881237944
0.06524849631826368,1.0,0.0496349096625356,0.14730914801054162,1.0,0.03923978726272038
0.1120607082276458,1.0,0.05325608872689325,0.13091359008244385,1.0,0.0394551681654894
0.13049140368801027,1.0,0.042727818320643825,0.2723160515617078,1.0,0.048324008213225564
0.012168389277605107,1.0,0.05284823749356305,0.24059158083430132,1.0,0.04602970699270194
-0.021941808538436747,-1.0,0.03523126562549982,0.15152381264507453,1.0,0.04602182686716955
-0.004372694488335549,-1.0,0.03716814922916086,0.18778848996811348,1.0,0.045936185633715605
0.029703444316474426,1.0,0.018271678808364125,0.1871303092298381,1.0,0.046013636181936206
0.054300712959930664,1.0,0.030844090118051014,0.09979900399668024,1.0,0.0507423113265807
-0.003038489846156067,-1.0,0.048736616842488624,0.06303098051481199,1.0,0.051577830166966196
0.04018881809819841,1.0,0.05130260907094397,0.0783528210439563,1.0,0.05136909590974228
-0.013506022566695863,-1.0,0.03939784391605521,0.015874621826524105,1.0,0.049541077041469185
0.14923583220818915,1.0,0.061615560639896545,0.02997726550288471,1.0,0.04849969403467507
0.15853092914202338,1.0,0.06063448818830106,-0.02717198313512703,-1.0,0.04795543424944584
0.13267093079027648,1.0,0.07297420681265228,-0.0363676441708749,-1.0,0.04802931253487594
0.04596384209441595,1.0,0.038120255397608625,-0.2746131429240025,-1.0,0.0424683596534444
-0.04129288232685813,-1.0,0.03965503709465579,-0.3016820670039013,-1.0,0.039245033498317525
-0.07366661718683104,-1.0,0.048863326293114004,-0.13005312824819776,-1.0,0.062457411586964134
-0.12913020394163705,-1.0,0.01809712841877458,-0.350929509610023,-1.0,0.07926684464363622
-0.07907404386940736,-1.0,0.03322533057084981,-0.4416550936576873,-1.0,0.08494798850837047
-0.029623669210225467,-1.0,0.01514863450141012,-0.33560774553646794,-1.0,0.08772671004788962
-0.03609220485808334,-1.0,0.01836591523286336,-0.3437147319873122,-1.0,0.08772785283706187
-0.06533598608088492,-1.0,0.009990770706315048,-0.37555199054671756,-1.0,0.08706920396099342
-0.06574828856409487,-1.0,0.009770298508924753,-0.39635937988502434,-1.0,0.0868367624551659
-0.15535457621869808,-1.0,0.059774367209799936,-0.352815064300001,-1.0,0.08783986764329056
-0.11597915472675091,-1.0,0.07216115376864866,-0.30064219074297127,-1.0,0.08944021468626025
0.03898544671295362,1.0,0.1319953691251745,-0.3160568438018935,-1.0,0.08933828681091911
-0.030352524591604535,-1.0,0.16816373656847905,-0.14692629565423554,-1.0,0.08643304532229446
-0.1812659089806441,-1.0,0.17870007435024016,-0.15207814022528587,-1.0,0.08629284614905128
-0.2792212344751012,-1.0,0.12312207377929744,-0.1789937667012798,-1.0,0.08211371014287971
-0.12191542631892627,-1.0,0.09050827257330754,-0.019348364625796366,-1.0,0.06156526262188417
-0.012970940758437632,-1.0,0.04329017595491351,0.11901321795379893,1.0,0.04507155275518501
-0.09037530355878187,-1.0,0.0035864454786720527,0.17095162585659118,1.0,0.050916344071151
-0.045192537170772096,-1.0,0.024213529691971696,0.23163230253911893,1.0,0.04882250999161284
0.009573813722861368,1.0,0.03142006363363095,0.3257150231633238,1.0,0.04843902645193663
0.014554247519036001,1.0,0.02864978236414092,0.35908395764479617,1.0,0.04561822820328197
0.05053419242706736,1.0,0.039170061910379916,0.28774044104949204,1.0,0.052237460502139274
0.03258489579093449,1.0,0.037784694273821424,0.23415349918806505,1.0,0.05404987818964086
0.17604852381356728,1.0,0.053578773697106244,0.29528534771163484,1.0,0.05212415777368885
0.09722540643683464,1.0,0.07570407677440218,0.18932619372891835,1.0,0.05647121220080717
0.08982544919844071,1.0,0.0768708549575914,0.2293604620167965,1.0,0.05732767715993839
0.07072415808276977,1.0,0.06615273126959591,0.053460184772857966,1.0,0.0524239518377363
0.12906524084598903,1.0,0.048745180381437284,0.12017471286962023,1.0,0.051955328618844825
0.19373086445108723,1.0,0.034770393915089126,0.1201443118420632,1.0,0.05195568025217605
0.09775702822942312,1.0,0.03351553747488631,0.03541776023251486,1.0,0.044164136610752955
0.010915601339601011,1.0,0.06339694126634858,-0.05176857292369286,-1.0,0.04673227736643702
-0.08198771025239737,-1.0,0.030149747078455236,-0.18932468868641128,-1.0,0.044159137192517524
-0.04924436241412533,-1.0,0.04700989907473451,-0.23389299595765356,-1.0,0.04444838578703469
-0.04788005489350633,-1.0,0.046399589467991116,-0.2553498754626923,-1.0,0.046549062333971526
0.027791858619665932,1.0,0.05823443088198742,-0.2480886190320235,-1.0,0.04654605108381069
-0.06577663912520959,-1.0,0.06303581113331211,-0.29925499682406653,-1.0,0.04328885303272323
0.028073925577536518,1.0,0.05992007499399189,-0.2347369469095255,-1.0,0.04291020788407444
-0.019390700976292585,-1.0,0.04870178865089882,-0.24663663920866563,-1.0,0.041240033191986006
0.05268173354242667,1.0,0.01710438056723609,-0.18595913921707763,-1.0,0.039745042648833516
-0.04287804494732406,-1.0,0.038998947010751295,-0.28322692831017326,-1.0,0.03804566047646079
-0.11573813607738725,-1.0,0.0447465448403785,-0.2783511124105553,-1.0,0.03838463674201457
-0.1715537279607453,-1.0,0.013289009641025884,-0.27175798400089446,-1.0,0.038988131871227384
-0.1926657011993984,-1.0,0.019065747660366405,-0.21160522910197566,-1.0,0.03773602402318379
-0.1407516405980096,-1.0,0.03145291645333418,-0.14443913037217504,-1.0,0.034159829499194924
-0.1146063632805383,-1.0,0.0362965760798703,-0.06374601238892386,-1.0,0.035412435316618765
-0.027267126340339565,-1.0,0.01413351828606451,-0.09501637125238249,-1.0,0.041961937943954905
0.029243838443023806,1.0,0.028029379141060292,-0.1271434784159472,-1.0,0.043624861266294446
0.04751921848177931,1.0,0.020231668770007465,-0.18222797202948593,-1.0,0.04711145754304288
-0.020416055823111234,-1.0,0.0503272394582916,-0.19536796474992746,-1.0,0.046694024225514344
-0.05110517417818228,-1.0,0.03798024324784472,-0.19201990867263052,-1.0,0.04706260310278861
-0.03311711124139016,-1.0,0.04336911244678773,-0.23679046515539148,-1.0,0.047336694971824834
0.028743654260873552,1.0,0.009158955775187244,-0.09414916603792212,-1.0,0.05360606738913867
0.01817384596099303,1.0,0.011621291637246203,-0.0979942395231973,-1.0,0.05351243249048978
0.0364582436512253,1.0,0.022116116519590917,-0.12748749037425244,-1.0,0.052807526855368526
-0.07607684334980525,-1.0,0.07712601071425038,-0.1381162114086606,-1.0,0.05268103213446515
-0.12345598864178176,-1.0,0.07486298610377305,-0.14617823438059174,-1.0,0.05260434329509277
-0.23308832292110038,-1.0,0.031237752347089094,-0.22164367602261403,-1.0,0.050582467602854106
-0.12761871983788453,-1.0,0.03362796983091616,-0.19992526121220255,-1.0,0.04723347453527087
-0.03563259181365952,-1.0,0.05739341620719521,-0.05338534535977446,-1.0,0.05604098158455974
-0.007043274644126241,-1.0,0.04297689521165369,0.06019516078342235,1.0,0.05310571128382694
0.08080274288889411,1.0,0.06407907456687185,0.062135183584349996,1.0,0.0530723573336109
0.042920494971250944,1.0,0.06326426016235831,-0.06891552897560171,-1.0,0.0579941941140121
0.07618586353974888,1.0,0.04950312002033427,0.027605266091888625,1.0,0.05897699634942091
-0.015223391109864925,-1.0,0.008228335979795338,-0.11615633132526171,-1.0,0.05584886328820819
-0.030010148896401412,-1.0,0.00046762591891888575,-0.07846632288204003,-1.0,0.05774153119642896
-0.05769794199713629,-1.0,0.016132208485090428,-0.09444600000115566,-1.0,0.05801638321710838
-0.1378858931533472,-1.0,0.04026501851726563,-0.09538952704109904,-1.0,0.05801939654413406
-0.030663099620964474,-1.0,0.09628066598966824,-0.05832235690669241,-1.0,0.058859530585382076
0.04875051388493601,1.0,0.09580059948061344,-0.05008158887348446,-1.0,0.05848648655672684
0.13444172495866802,1.0,0.050492428462022745,-0.011910356094916086,-1.0,0.05430252759189979
-0.05116277542948677,-1.0,0.06613265574221104,-0.09291569423127766,-1.0,0.04532628115131035
-0.03963316933565997,-1.0,0.07136974554781338,-0.1733217328838852,-1.0,0.043271879185173945
-0.0974887720207176,-1.0,0.07533208836144849,-0.11907766313392476,-1.0,0.047126668932540035
0.03336970106481263,1.0,0.06341627667915556,0.01239387532145253,1.0,0.04215506220720917
-0.04586540255329541,-1.0,0.05281222336083449,-0.0984780083607617,-1.0,0.041857355080600823
0.00554341317429774,1.0,0.035742323891252384,-0.07911666885994872,-1.0,0.03993136374415706
-0.00986618292105379,-1.0,0.027134203844514634,-0.11932700396085161,-1.0,0.03705668193554286
-0.013333530869465093,-1.0,0.028627332030208976,-0.09381403497465679,-1.0,0.03677345094948886
-0.05440672220716425,-1.0,0.040339596538051324,-0.2186439428805964,-1.0,0.05205654020892926
-0.06525643694554972,-1.0,0.034352304971099715,-0.2573626292190041,-1.0,0.050185565491726834
-0.07448963012546472,-1.0,0.035792114980613306,-0.31619483118908587,-1.0,0.05379938352344411
0.027274417919659344,1.0,0.04494113143400948,-0.3652700381746663,-1.0,0.05761441045052124
0.054146794123243414,1.0,0.049416683092723866,-0.40078903050255676,-1.0,0.055907276515352336
0.03521055518746352,1.0,0.06032336401254864,-0.2926193165795308,-1.0,0.06319460951514518
-0.05752777774674156,-1.0,0.05414893853780712,-0.37673385006768334,-1.0,0.0586635106759083
-0.09835117821749151,-1.0,0.030996119171468328,-0.45900730729158834,-1.0,0.05382189867245455
-0.041201429167190495,-1.0,0.024916035444493754,-0.35559163758211243,-1.0,0.05848746227102738
-0.13398386084634994,-1.0,0.07846205465888961,-0.27906404748977787,-1.0,0.061075693698569154
-0.14790180817920628,-1.0,0.07465153852622876,-0.5464287836534691,-1.0,0.09200259472522582
-0.23571432708389417,-1.0,0.062205410425604686,-0.4289843107416278,-1.0,0.10282391812250426
-0.20103281750123414,-1.0,0.04800793491640467,-0.26312487226598136,-1.0,0.09932082527668747
-0.20868283822910239,-1.0,0.043630106206826225,-0.0932602486376819,-1.0,0.11213878034162429
-0.05091411551590963,-1.0,0.08497817292129269,0.0008003201707691421,1.0,0.10923700309955209
0.015810606026642304,1.0,0.05592297679939876,0.14327789746549846,1.0,0.10496394709739691
-0.004071482665788162,-1.0,0.06127809689218733,0.17514765402408816,1.0,0.10449357922879102
-0.027761765815118133,-1.0,0.04761961246567704,0.015465303011557685,1.0,0.10702731105111968
0.040142024831163914,1.0,0.04620476244066072,0.06902191972154692,1.0,0.10654467997870269
-0.1857726545793723,-1.0,0.1763678306439514,0.19798845645541685,1.0,0.10805321029706481
-0.11459410232670586,-1.0,0.2011223945293232,0.08067548207727904,1.0,0.11045780976723545
-0.11804468562255344,-1.0,0.2005114782031629,-0.004615070075082217,-1.0,0.11127984225884538
0.30526672683658096,1.0,0.06494009115957199,0.3064727571335166,1.0,0.07385407063746036
0.19407030382850277,1.0,0.08163654253445227,0.17427567650032327,1.0,0.06868002496349145
0.20536995223024568,1.0,0.07951094155932031,0.18522204093454886,1.0,0.06898512706680203
0.059725064432667674,1.0,0.019335781924678032,-0.019496962029439624,-1.0,0.0543205027163646
-0.03624913267512109,-1.0,0.0693970002742234,-0.10136849438828888,-1.0,0.058322517630065344
-0.058445371717309236,-1.0,0.06149584313436474,-0.18948176754434543,-1.0,0.056936510775636044
0.018769319765540526,1.0,0.09063885455843211,-0.16124920120493558,-1.0,0.058752598791965094
0.03744841325060322,1.0,0.08079001227744483,-0.07490591669104152,-1.0,0.053530974766882546
-0.033494964965465224,-1.0,0.0877025327513229,-0.10676224770439391,-1.0,0.05291312957083523
-0.07728835390127253,-1.0,0.0626601913234879,-0.27426070494526966,-1.0,0.0463009022653592
-0.020993907903661624,-1.0,0.04896739747461833,-0.16796249845358435,-1.0,0.04627912975501747
0.07179242538707764,1.0,0.03410903225931213,-0.14112957185559427,-1.0,0.04494560641111605
-0.02070299232637529,-1.0,0.044821453555466566,-0.15482051708185707,-1.0,0.04350734154025932
-0.08157386706010938,-1.0,0.06132270552090828,-0.13569027551221557,-1.0,0.04375784255073107
-0.1693338562486486,-1.0,0.017160254047938604,-0.14189729302149345,-1.0,0.04310800601162775
-0.08202717474282828,-1.0,0.060587584087178695,-0.03421276526973949,-1.0,0.04624280744105712
-0.00978655497787373,-1.0,0.04332308759535946,-0.046203870078846965,-1.0,0.04806679219937636
0.02427414812264228,1.0,0.028301527008355518,-0.003715749746645791,-1.0,0.04619163644894051
-0.09424218397479356,-1.0,0.04062102254519529,0.007982304024684916,1.0,0.047241149414919165
-0.055608168511939615,-1.0,0.056622659482425564,0.11793203364518612,1.0,0.056085413264097675
-0.06786228911666559,-1.0,0.056372340933172393,0.20579943785623733,1.0,0.05863411923213468
0.04215183396214006,1.0,0.033323982185141175,0.26904070800651203,1.0,0.051732104414076316
0.011278315037707154,1.0,0.02816378638984571,0.3363372018495543,1.0,0.05659393163609638
0.07102470422117846,1.0,0.017343966246215266,0.2911868195282834,1.0,0.061669451660717654
0.09990475948574229,1.0,0.02858755234968314,0.3580810843157223,1.0,0.0653394796080247
0.007912538373259226,1.0,0.07973111531444385,0.3404695770538333,1.0,0.06617138767704436
-0.031152312973800944,-1.0,0.07475202292945139,0.3014568577003518,1.0,0.06675326512248059
-0.039832105448403876,-1.0,0.07067549012552067,0.20567436241995174,1.0,0.06781592423607148
0.15434934874615935,1.0,0.05482832254120844,0.2508507139206375,1.0,0.06247754084083379
0.2337893357255254,1.0,0.026969728710693985,0.2731517019706222,1.0,0.062008550869335474
0.16681622000703356,1.0,0.06285184341577525,0.245851950684022,1.0,0.06133022498513806
0.16279699969242856,1.0,0.061265446972609695,0.1478307339474152,1.0,0.05512928902891383
0.017525092555380484,1.0,0.08758293122353238,0.11405191752893518,1.0,0.05239192829393533
0.1311922102713503,1.0,0.09811414938116385,0.13837943493745564,1.0,0.05183186586172574
0.015410690241986158,1.0,0.0857795924705673,-0.010179931821202137,-1.0,0.04565483010586307
0.08129474239324685,1.0,0.0623259125581105,0.015442935738989805,1.0,0.04265002476048303
-0.05250196241002825,-1.0,0.015967568172687473,-0.0671210880672708,-1.0,0.030379151978672587
-0.08170632475993655,-1.0,0.020811514268428605,-0.004665120090156627,-1.0,0.033970763766047206
-0.059457468703530525,-1.0,0.03350476245070461,-0.08746648098874688,-1.0,0.042126640935507
0.00034548281566637584,1.0,0.03753006465888531,-0.06679861757712802,-1.0,0.041306446478810155
0.051329368772937034,1.0,0.008554692274583744,-0.043878006172054285,-1.0,0.03992127891144937
0.07468955128383836,1.0,0.01701613607040576,-0.06208638372097974,-1.0,0.03934086230463321
0.0593437042604672,1.0,0.019210826208221257,-0.10516863232230511,-1.0,0.038305955573179735
0.004786333923811226,1.0,0.04481858888042944,-0.1027745695864215,-1.0,0.03840681273467766
-0.08108388923456489,-1.0,0.031650321629455545,-0.15157977339794781,-1.0,0.035005284763546966
-0.07430831273337613,-1.0,0.035558988585951586,-0.21286130875939602,-1.0,0.03594296806738741
0.020925501973031668,1.0,0.046951043532891,-0.08688736136350195,-1.0,0.04418468132010352
-0.021614674334489825,-1.0,0.07051890790889861,0.11341777613516135,1.0,0.06292688358924137
-0.05217949191988547,-1.0,0.06758034490133409,0.1480209314476062,1.0,0.0640500832397073
-0.12091921084183421,-1.0,0.040081210189699,0.06966065114448772,1.0,0.06401230424343592
-0.03407737143576339,-1.0,0.010575579106727424,0.1231904173807159,1.0,0.0586372430562905
-0.03802453192951072,-1.0,0.011342896553435495,0.06645301536183412,1.0,0.06292893204168325
-0.007567194641430186,-1.0,0.014498495923326294,0.1345203493558591,1.0,0.06346841432502826
-0.014803838393129709,-1.0,0.014376432705580797,0.1572677888164793,1.0,0.06345514350189567
-0.048348972176623706,-1.0,0.032070066180443724,0.2805577523406151,1.0,0.06775208046080526
0.020673542146730783,1.0,0.06663600355680777,0.29260725763037265,1.0,0.06762990709413655
0.18391366029854428,1.0,0.10525252215619275,0.29889998645879223,1.0,0.06738959300976939
0.2865739274736261,1.0,0.05459068786323536,0.39371694787085443,1.0,0.06299360889504683
0.17747351448102133,1.0,0.09335217140955299,0.2826470967800454,1.0,0.06369289580176804
-0.011842033088935278,-1.0,0.04749410317302313,0.08358521531772434,1.0,0.050512627580082764
-0.13374740800565754,-1.0,0.02296893492009633,-0.03132934362702233,-1.0,0.052295138304841976
-0.05605951263046283,-1.0,0.06074607780565506,-0.025557472455179253,-1.0,0.05204858734701657
0.0,0.0,0.06276039077282462,-0.0006441224055229178,-1.0,0.05119803743637833
0.17608020504927024,1.0,0.042006856267623245,0.11482132416205526,1.0,0.04734932948029247
0.15051971363308336,1.0,0.04751626546475304,0.05231418990030079,1.0,0.04617056241191374
0.12682835924918323,1.0,0.055549211297480944,-0.08041839532051509,-1.0,0.05609837954431665
0.06481022335361564,1.0,0.021803479458885642,-0.14779411407242304,-1.0,0.046438009509909735
0.010713381296403535,1.0,0.03755155420450537,-0.15679968799883537,-1.0,0.04589634167295968
-0.031401110842523616,-1.0,0.046643400122780544,-0.15061185526923437,-1.0,0.046083920653235674
-0.13847236402425067,-1.0,0.01643352643954681,-0.16727638098507747,-1.0,0.04448025989692818
-0.13073105475420332,-1.0,0.020041138358248885,-0.20569983439845574,-1.0,0.047179207158286766
-0.09607137081218253,-1.0,0.028863735578734676,-0.1551266705352221,-1.0,0.04694861297660516
0.01240325978342005,1.0,0.03579436686074579,-0.09518538259962028,-1.0,0.044118233318717615
0.021812149725017216,1.0,0.03234261954508578,-0.11431351013256008,-1.0,0.045086425058066655
-0.07977427291499217,-1.0,0.07771420192926995,-0.04784022890289985,-1.0,0.0491852730969603
-0.08653523318520806,-1.0,0.07466326597022269,-0.14250839146385608,-1.0,0.048298758670855826
-0.058594164266052795,-1.0,0.07895028323128042,-0.2043254794603977,-1.0,0.05178533047730755
0.05663489930046395,1.0,0.01672073877066017,-0.07196308420610298,-1.0,0.043745354429787615
0.045327956440961215,1.0,0.010478722590810865,-0.11300615667979175,-1.0,0.0415719693278108
-0.038186765103216835,-1.0,0.050808702139540404,-0.17967254862237758,-1.0,0.042692096627354015
-0.035915926108511353,-1.0,0.051233898263228335,-0.18291520477814482,-1.0,0.04255995730356711
-0.06638136563879349,-1.0,0.04203117234092913,-0.26880758572842334,-1.0,0.04214857133338039
-0.039344730488307667,-1.0,0.02667471306997988,-0.21175497936571697,-1.0,0.03939923068258067
0.011215070820139728,1.0,0.05124181906505042,-0.2040179789222083,-1.0,0.03991506763265053
-0.03491974908081574,-1.0,0.06080511270823643,-0.22365844019540382,-1.0,0.039740676529699315
-0.0681998196028204,-1.0,0.07151456900948322,-0.15929946687080188,-1.0,0.040471452961112646
-0.1038971282181953,-1.0,0.05139089920005537,-0.19244358200724943,-1.0,0.03601729020585273
-0.05703299840114373,-1.0,0.051395156733006785,-0.19909253684533001,-1.0,0.036637175923796304
-0.03394123342803268,-1.0,0.038650154646951235,-0.12616095552480067,-1.0,0.031501738498656735
-0.0543172212715779,-1.0,0.03062779599281445,-0.16470486750594837,-1.0,0.02971572009478541
-0.11047347260767038,-1.0,0.03409267312992823,-0.14597003658409236,-1.0,0.030781689956145133
-0.07026919584655622,-1.0,0.03221977077354401,-0.10359840066442705,-1.0,0.027930300252846357
-0.05701870025257483,-1.0,0.03792779144149925,-0.060377225659709044,-1.0,0.03197351241251849
-0.02123222010577397,-1.0,0.020370842068654436,-0.008015229580007333,-1.0,0.027053256887721495
0.013110782006607424,1.0,0.024513552383315665,0.01855810324946061,1.0,0.027029725813047453
0.0227894677350986,1.0,0.027223262209798108,0.04587208802766152,1.0,0.02937195092655179
-0.01035384573074194,-1.0,0.046327034507087604,0.008121438099166545,1.0,0.03421583332220082
-0.03506130825681919,-1.0,0.04171107358931829,0.0298035303905817,1.0,0.035929555317252324
-0.07615841371689425,-1.0,0.027972152720924535,0.05615650101362757,1.0,0.03818592260887679
-0.003910498139906071,-1.0,0.015685341883449715,0.050729388674991105,1.0,0.03900482330181333
-0.011378678567659062,-1.0,0.01675828626388933,0.053379888780503926,1.0,0.03896472344114612
0.05001042057466143,1.0,0.02829430851899766,0.07410797215372189,1.0,0.03844192818756584
0.027481334396414647,1.0,0.031613187182999374,0.011685915282703574,1.0,0.04121062823606176
0.05188730806733144,1.0,0.026594917866695763,0.0835576497809809,1.0,0.04441900901527616
0.049230613434795734,1.0,0.02518826116925303,0.07803513001516227,1.0,0.04400903912626309
-0.005095552426600092,-1.0,0.05384695611110069,0.10827874395477988,1.0,0.04402054462326547
0.024356209147728514,1.0,0.060292207382968754,0.07485391797297147,1.0,0.044765289014556786
0.03307388072106465,1.0,0.06296082830199047,0.05149343448628718,1.0,0.043514465347027236
0.03225410484508262,1.0,0.06343299164975769,0.061900946176039584,1.0,0.042166797788100806
-0.011484949866896965,-1.0,0.05704970896482677,0.04505446054876794,1.0,0.04106145335760188
-0.058206942576799925,-1.0,0.03727975256069009,-0.04151614191722808,-1.0,0.039453016627790154
-0.0429539715321936,-1.0,0.028507918610606975,-0.03737575496513745,-1.0,0.03890576840101866
0.018799082432817915,1.0,0.05401015891032063,-0.009117344549276263,-1.0,0.03989948507281836
0.05393757843610181,1.0,0.05728875859499895,-0.008658062743114758,-1.0,0.03990566762230466
0.12407416306849095,1.0,0.018962112900321584,-0.008209162541052972,-1.0,0.03985845484437544
0.04318357625932201,1.0,0.030945238845941848,-0.07697723559924174,-1.0,0.03481991067801367
0.022688917905920647,1.0,0.023901237677045297,-0.12407466516033105,-1.0,0.03160946891847436
-0.051473350205340385,-1.0,0.035421022989068775,-0.17346691839806727,-1.0,0.03004055433704801
-0.005443248276475021,-1.0,0.04279970314552373,-0.15939901532658363,-1.0,0.03008059218376453
-0.05993569568245061,-1.0,0.04068997360245209,-0.2614141456311707,-1.0,0.034095536554392784
-0.06702259629609442,-1.0,0.043507719115876364,-0.19221426625804727,-1.0,0.03453696117550647
-0.06565675496494117,-1.0,0.04426807039063017,-0.21828209302796475,-1.0,0.03240308342298656
-0.025348863402686606,-1.0,0.04445489283056871,-0.13601443129020607,-1.0,0.036930491087930534
-0.013787379108109121,-1.0,0.03802414203660444,-0.029088224063409607,-1.0,0.03749531239456504
-0.04906080861714757,-1.0,0.02703303006380659,-0.05037343186402787,-1.0,0.03644314862357082
-0.06147902398111449,-1.0,0.0226291420725042,-0.073439299444086,-1.0,0.03649929244473043
-0.04118359278852335,-1.0,0.010915548948141163,0.014215186601264973,1.0,0.03642855395924046
-0.03923820346801987,-1.0,0.011483264973601309,0.01087203576948692,1.0,0.036516521595478524
-0.11465056256491901,-1.0,0.03963124318052519,-0.01285193847345334,-1.0,0.03761050151312055
-0.07022069806532039,-1.0,0.0525078477844124,0.08987045650850645,1.0,0.04268775056753701
-0.06432632597785615,-1.0,0.053589930381495454,0.0401123293978054,1.0,0.046364285409614285
0.06546401865851403,1.0,0.02389619751310552,0.24260722017797431,1.0,0.049077858569109345
0.09610344589854325,1.0,0.02775136397852665,0.26920494844109943,1.0,0.04957199600083408
0.10225190619899571,1.0,0.024202823184003172,0.2717951441538282,1.0,0.049470969540182166
0.03722626844343346,1.0,0.03364687436939082,0.2072924035765913,1.0,0.05004325221545721
0.02951603155656546,1.0,0.029525555860198147,0.16042422612449658,1.0,0.04918529456280208
0.012184659016367227,1.0,0.03218447550945426,0.09594681837429198,1.0,0.05338803020228403
-0.0008916630104818246,-1.0,0.03710773242797145,0.12704875004946703,1.0,0.052780356847046746
0.034471677118718125,1.0,0.05705712424678403,0.05086548689439452,1.0,0.053363530120980135
-0.009997909839701391,-1.0,0.07016392747061681,0.09758817458384739,1.0,0.05383842417243982
0.14080859608650864,1.0,0.09148736395773172,0.10370884017129955,1.0,0.05346432102138623
0.1091137938672726,1.0,0.08815308712035574,0.1547408244298092,1.0,0.06086164671927987
0.16735648877816667,1.0,0.05951463633641245,0.22340564016382958,1.0,0.056932081061441056
0.030149202057131008,1.0,0.03159246112891954,0.0892689326941456,1.0,0.047608460864898186
-0.012677276418059602,-1.0,0.011194409770648702,0.05057054345496659,1.0,0.04614283387843121
-0.07359641958054053,-1.0,0.030775640294669282,0.05535009508316491,1.0,0.04614816907658414
-0.043017385083690796,-1.0,0.038531956167925284,-0.0018814680997054634,-1.0,0.05127392130525488
-0.0800427076735366,-1.0,0.03662277735490793,-0.05158957605482106,-1.0,0.053071023183442784
0.013826015225922639,1.0,0.0361604569178951,0.0035735594908650192,1.0,0.05028134566679609
-0.0242315728886493,-1.0,0.03813811019504004,-0.02061928720273576,-1.0,0.05019170884151694
0.1383470146541328,1.0,0.07657728208169463,0.003651860418771191,1.0,0.049201400550117916
0.1158195557402808,1.0,0.07919274165581976,-0.07534602585012662,-1.0,0.049343060462078696
0.12636868860935468,1.0,0.07511030781304519,-0.021541170255932274,-1.0,0.049965184035753674
0.004943512892430002,1.0,0.014059647487680085,-0.15432768664248275,-1.0,0.02908545420325364
-0.0006990563024980023,-1.0,0.012006735245894112,0.010427623162259092,1.0,0.06231394147944931
-0.06100119873672005,-1.0,0.04680778303514264,0.027954301031373863,1.0,0.062136986391490866
-0.11483739592784725,-1.0,0.041701897378860556,0.00526964156381049,1.0,0.062359636247418734
-0.12537295517284042,-1.0,0.0359876521697111,-0.020131352649110035,-1.0,0.06253386044967318
-0.06175520418672109,-1.0,0.023898467964696347,0.06418535143586035,1.0,0.05821015585338371
-0.024801271199944352,-1.0,0.004418224213169354,0.005516168439499314,1.0,0.06513469239344534
-0.065093570115069,-1.0,0.018845023688311854,-0.044577883016026165,-1.0,0.06696765641992737
-0.025153455941845815,-1.0,0.0363835529323445,-0.09051400754083172,-1.0,0.06869749572588572
-0.01963253240712115,-1.0,0.03633409328699487,-0.11899884127727334,-1.0,0.06931251915283229
0.2015932047526665,1.0,0.09730088974634772,-0.09302852080965485,-1.0,0.06857150352443112
0.17586415989666082,1.0,0.10327759376619237,-0.10107863420106522,-1.0,0.0682157886054257
0.16454084109872325,1.0,0.10692721432566783,-0.13654531211190624,-1.0,0.06883628587847243
-0.03125803211386713,-1.0,0.012031829076063243,-0.2826234274955206,-1.0,0.03863942635533359
-0.024770148332233566,-1.0,0.015773093719198158,-0.31304111427020476,-1.0,0.03769302352423025
-0.11459086905215843,-1.0,0.060782458846472695,-0.311079098608148,-1.0,0.03774176699318388
-0.14981948553975655,-1.0,0.05829050006539266,-0.2740989190661711,-1.0,0.039893174701588756
-0.21645456316341316,-1.0,0.029795653406051215,-0.22393863947836223,-1.0,0.04582688887138189
-0.149316280916717,-1.0,0.009178378427490898,-0.147037856600013,-1.0,0.036942792520002314
-0.11354420790869768,-1.0,0.019647517567665303,-0.08652172557398208,-1.0,0.034910734230192135
-0.035718082602079315,-1.0,0.03062977640946715,0.01997461113012311,1.0,0.034723211056574214
-0.03717900324175405,-1.0,0.03128904403253637,0.06019516078342213,1.0,0.032256717107542444
0.01199829806680075,1.0,0.03917386812725009,0.07165105003728778,1.0,0.03169477564890631
-0.036098320172478715,-1.0,0.03849320575708093,0.09531017980432477,1.0,0.03341283542819599
-0.009992945397518493,-1.0,0.030940863160353743,0.13282091302092391,1.0,0.030018189616282356
-0.022733523684517642,-1.0,0.023775262953912885,0.06439516223832187,1.0,0.03216702127211865
0.06433232645960896,1.0,0.03747067629307977,0.04153804346829704,1.0,0.03482271684542162
0.04945037295597654,1.0,0.044900089566203685,0.057609983050602276,1.0,0.034366082553658785
0.037757707952432495,1.0,0.04508617165556237,0.019977435582537728,1.0,0.03467332879642943
0.027458687445072183,1.0,0.03973374736888123,-0.06527527796747945,-1.0,0.030035539636969644
0.05791673646671813,1.0,0.02660277151535995,-0.003647974861747283,-1.0,0.030788423003430893
0.044628567702572175,1.0,0.030441406156690023,0.012573133749877341,1.0,0.03149843576717385
0.03961748607212234,1.0,0.027568795387107957,-0.11082108390369538,-1.0,0.03416433645446854
0.035446748995747734,1.0,0.028588987743932134,-0.09595471737095007,-1.0,0.034826780745067995
0.00474241026783484,1.0,0.0409826494539133,-0.0975165879329889,-1.0,0.0348216903887816
-0.08987045650850645,-1.0,0.023985512985115223,-0.17671745443965814,-1.0,0.03119741324307322
-0.08520387536784013,-1.0,0.026587731806299357,-0.18881022443126105,-1.0,0.030989779459150865
-0.06715125034030178,-1.0,0.02578899405834365,-0.13224190179465078,-1.0,0.03179656826430292
-0.04248099497616753,-1.0,0.01382077591486943,-0.10425604242943076,-1.0,0.02964535992737095
-0.011807584956373018,-1.0,0.03131375333123395,-0.09364114452502426,-1.0,0.03012674002211977
0.03035340611977211,1.0,0.03084295135711052,-0.08742962953661126,-1.0,0.02997579008783718
-0.01808711849114375,-1.0,0.05866831126010815,-0.10117640913525228,-1.0,0.030966959857649606
-0.034390006042484655,-1.0,0.05394547178450437,-0.2057084894921084,-1.0,0.03317460491181164
-0.06546115398029406,-1.0,0.04632786761198664,-0.27394376641166596,-1.0,0.03137854983271272
-0.026278884463840413,-1.0,0.025088723159693453,-0.2080089002763339,-1.0,0.027172109268398026
-0.05740875806456325,-1.0,0.013792658896660238,-0.21490336342875382,-1.0,0.026473435169352105
-0.02998290359382705,-1.0,0.0275231843271616,-0.18413358342108532,-1.0,0.028938684998247696
-0.01740904449827907,-1.0,0.022432448680926097,-0.14344227652397668,-1.0,0.028885419712260982
0.009965204538396666,1.0,0.02213994824474579,-0.2000032500844613,-1.0,0.03371123204071587
-0.022338978082262262,-1.0,0.01745501124096557,-0.26231517387078496,-1.0,0.032349626483991006
-0.039401361681989044,-1.0,0.02544130303129701,-0.27819386144494573,-1.0,0.03267176808940979
-0.12387492992345717,-1.0,0.030087033755712273,-0.3035065052702026,-1.0,0.03096859372305821
-0.15616073075528258,-1.0,0.017950632409176378,-0.2710869355487706,-1.0,0.03349936145151219
-0.12491960963222537,-1.0,0.03253474810196282,-0.21392210795773958,-1.0,0.035000243738683844
-0.043584879979130076,-1.0,0.027447217176051676,-0.14271241869890883,-1.0,0.030654148303431255
0.02434902901028657,1.0,0.01542961445097837,-0.0573655603968779,-1.0,0.032197742649138716
0.03828773928851681,1.0,0.009108048985779705,-0.08191712246788674,-1.0,0.03316282446350927
-0.042508644720270716,-1.0,0.050760239427236876,-0.12801989641816247,-1.0,0.03384739714127921
-0.10816449404352668,-1.0,0.039516382939156325,-0.12295100581482599,-1.0,0.0343362625480587
-0.15216062941924813,-1.0,0.018552090130575325,-0.12729023761403102,-1.0,0.034168839359526755
-0.09353805064734466,-1.0,0.01562980990170788,-0.06637506894487255,-1.0,0.028234148578281312
-0.03111073976024792,-1.0,0.02894629664174089,0.0012755103770116794,1.0,0.02690871722423512
0.024870391805217107,1.0,0.018753213461076463,0.0899339851522789,1.0,0.027738507169121712
0.036919156647836626,1.0,0.011807977730265075,0.11292085006678487,1.0,0.02695127655666413
0.05756064439661013,1.0,0.020956511147968704,0.07175403292827931,1.0,0.028084261672765076
0.007085375857627474,1.0,0.036536843338505584,0.07889840047635444,1.0,0.028441840126201413
-0.02889235769838372,-1.0,0.043565142175634924,0.21260275490842728,1.0,0.045906351903736195
-0.041236416407661514,-1.0,0.036452682732365335,0.056191162140936335,1.0,0.059124125445269717
-0.007085375857627474,-1.0,0.03296941726832492,0.11564124858790836,1.0,0.0582358405122602
0.019136182753019204,1.0,0.020019698381103703,0.18774762624995134,1.0,0.05665432724436747
0.016062022148310984,1.0,0.018349887061039252,0.17212292223168868,1.0,0.05651782367382951
0.0650635933470618,1.0,0.031142674427282302,0.24120822806605924,1.0,0.05861918792950542
0.08575786836431276,1.0,0.02085987047565865,0.3147630310544516,1.0,0.0589107260551709
0.03936778279101971,1.0,0.0362065342296407,0.25067687645822656,1.0,0.061847167019296635
0.013834807129292637,1.0,0.02371844125077285,0.14885851461067778,1.0,0.06428556467595521
0.13660106148947904,1.0,0.07876723941802753,0.17207124093778692,1.0,0.06454367487903978
0.04199777360926715,1.0,0.1245094182276364,0.16303962724450427,1.0,0.06504671158469852
0.0438282239691814,1.0,0.12459774618031293,0.1633250561032995,1.0,0.06505147999485329
-0.053747486356859664,-1.0,0.08487477454621306,0.03243527575315386,1.0,0.053217921866615094
0.07469534368309083,1.0,0.011291011162673475,0.14673699801940066,1.0,0.03817949001478883
0.1184816036205234,1.0,0.029480516597050314,0.12607081282621602,1.0,0.03790589226059343
0.14615158755751945,1.0,0.03154994330420509,0.11858031269104186,1.0,0.03752863310183275
0.09461597637484886,1.0,0.06116360301195506,0.08062973440010901,1.0,0.038852578833754654
-0.027286120108319656,-1.0,0.062295412799590576,-0.06396309843988535,-1.0,0.03951160679597462
-0.0569339217523519,-1.0,0.04528711906937389,-0.12106848408822701,-1.0,0.033594638911523346
-0.04826946642270258,-1.0,0.04362568437493909,-0.08809421412846175,-1.0,0.032347873242742534
0.028301348621914357,1.0,0.03455405624361238,-0.05967908776382447,-1.0,0.029811975235825815
-0.003034903695154023,-1.0,0.028058902721750028,-0.059299742281291756,-1.0,0.029855905541737917
0.025695144384163537,1.0,0.014912857679757384,0.03579114129563976,1.0,0.03474649595118092
0.006573980692097914,1.0,0.00408887717868705,0.029002032673094646,1.0,0.03439656940836489
0.032397550581028334,1.0,0.01488932569343615,0.02402517958698991,1.0,0.034438333018338534
0.008588080063799186,1.0,0.026532821553917854,0.0339184634217351,1.0,0.03446473683549071
-0.07155230764557796,-1.0,0.05047171347286656,-0.0010085729548847677,-1.0,0.03557637694198809
-0.09349720922174942,-1.0,0.039805091770440205,-0.07535370191599777,-1.0,0.03681737193578955
-0.07410797215372189,-1.0,0.04269546282524653,-0.06440439197098269,-1.0,0.03643601591611073
-0.023002109432258777,-1.0,0.014010051150705048,0.0005412720023894035,1.0,0.02955942065529147
0.004834820054583355,1.0,0.0286063548929748,-0.01957648162509784,-1.0,0.02979766590990827
0.07561588900139893,1.0,0.04420088443649834,0.01291729478583492,1.0,0.03082898078931711
0.11698246905883347,1.0,0.023501986180777933,0.0864572068452174,1.0,0.03296046259615228
0.08029001817312764,1.0,0.03481930696662898,0.0414648746452575,1.0,0.03228209862304182
0.023822466510258877,1.0,0.011187232388986463,-0.03735404862081282,-1.0,0.026079721486960042
-0.0234366249358815,-1.0,0.018746254153334134,-0.00891095005316278,-1.0,0.02935028717197177
-0.06698133092195935,-1.0,0.028174044303774494,-0.015450095516220452,-1.0,0.029465721391193873
-0.0897347753289186,-1.0,0.016365540283727414,-0.0188124359907218,-1.0,0.029381378961562697
-0.07000246268830379,-1.0,0.02069716126071549,0.04199184479183504,1.0,0.029584478982716243
-0.03771998893084949,-1.0,0.00342718755912265,0.005800174446878303,1.0,0.03628635552701328
0.0032137146030957187,1.0,0.022277133164951973,0.019655347242892418,1.0,0.035989602012344614
0.06291382541056922,1.0,0.03325195810660966,0.012903404835908017,1.0,0.03621663078383575
0.0658761763249387,1.0,0.03166848945677054,0.047717441313067654,1.0,0.03623087029453235
0.02534454559475119,1.0,0.03693642023281961,0.0382947395288078,1.0,0.03579660571930963
0.021614312160453286,1.0,0.03478380483008321,-0.03411183450686295,-1.0,0.032982576473804995
0.02337504801164969,1.0,0.03431562152697974,-0.02183038875639709,-1.0,0.03287121576046658
0.0423640791403499,1.0,0.029738058657108397,-0.03501684023725882,-1.0,0.033528504347515295
0.027466169909116323,1.0,0.021524644689253927,-0.08290607719915455,-1.0,0.029624183332594686
-0.04573106095886059,-1.0,0.06042364592903896,-0.07832812283111834,-1.0,0.02961029984679331
-0.05126699209530439,-1.0,0.05957440149234503,-0.05284635541386029,-1.0,0.03137408343455408
-0.09909090264423082,-1.0,0.0440712788436802,-0.060836303629221655,-1.0,0.030595963887238495
0.00419727793533986,1.0,0.01781245910556309,0.04823921376607365,1.0,0.019448590639673597
0.021853106889011098,1.0,0.019677545061056963,0.07497180575047069,1.0,0.020388854794502788
0.01589858606779826,1.0,0.02310706503694425,0.10776147719536433,1.0,0.019401212822447705
-0.003671653744526049,-1.0,0.01928816700180436,0.09053917838795811,1.0,0.019139418401875472
-0.047967034171315426,-1.0,0.014596957554360255,0.07627458152447986,1.0,0.018931840992570396
-0.027179930531838314,-1.0,0.015688853330639973,0.04773808621862807,1.0,0.023872781928964207
-0.03312268606307156,-1.0,0.014175589924073225,0.0792743944874772,1.0,0.025159321528351083
0.024534563963748424,1.0,0.019477403419531924,0.09521200102068117,1.0,0.023585950157099512
0.049535943479049216,1.0,0.01922904774885297,0.14741351878861986,1.0,0.026513162935464733
0.0808362756383314,1.0,0.0031524651533875086,0.11917020755639474,1.0,0.029331242897259666
0.07655116906902659,1.0,0.000928528005247818,0.08771362420950046,1.0,0.02872604538768716
0.06950687818035517,1.0,0.004983980339522484,0.09787757530957064,1.0,0.02941922666956339
0.046497242557224316,1.0,0.01178420401791807,0.12510419980465648,1.0,0.03185934035737588
0.023155882663020266,1.0,0.00839902579271381,0.10594599576822783,1.0,0.03147431754634591
-0.044124804908938,-1.0,0.030445498575521184,0.09465594360172824,1.0,0.03136280526566274
-0.014936437645006961,-1.0,0.041522287084052076,0.11549549642238977,1.0,0.03163568255081584
-0.029029614675114113,-1.0,0.04098484224618548,0.09196649386126166,1.0,0.032800414125874255
0.07249550203815347,1.0,0.03217971336176587,0.16377127781424083,1.0,0.02746782400103162
0.00677312700584598,1.0,0.04423064533784622,0.10453493223915444,1.0,0.029130166711248705
0.017036187152567717,1.0,0.04304714931303656,0.12403628460219851,1.0,0.028452776108783145
0.0,0.0,0.03415305709545506,0.1406736579830623,1.0,0.030945672832407876
0.08677026788659314,1.0,0.02748451963304927,0.20071452723581085,1.0,0.027615508223881806
0.09478354062775396,1.0,0.023179746260621095,0.1905724947789198,1.0,0.028351549000131142
0.06628524647251277,1.0,0.026863507496418637,0.1321318122700994,1.0,0.029820327765675118
0.0368885391749576,1.0,0.009898089471071634,0.03944173205129675,1.0,0.029928670141630122
0.009176380756054092,1.0,0.022346922969607632,0.10650121687395697,1.0,0.03628137143254591
0.024990529303574593,1.0,0.025125035784875255,0.10980090430415812,1.0,0.03627115240455803
-0.025897001828242283,-1.0,0.026676727300068457,0.059546319411156956,1.0,0.03732279971564262
0.0030401760658227417,1.0,0.025349850578035682,0.03504632172368116,1.0,0.03946091445199203
0.04939788220697494,1.0,0.048260960242067434,0.04167269640056803,1.0,0.039796214861096066
0.10295272200250238,1.0,0.0307897278614639,0.08142078966901978,1.0,0.03865117542684708
0.083572397329289,1.0,0.039723403865210324,0.04203548171085725,1.0,0.04015621448074901
-0.008541845712962903,-1.0,0.026097348011919225,-0.045999408247863194,-1.0,0.0349459921532548
-0.07450252729792095,-1.0,0.014264028144628998,-0.0597374415127907,-1.0,0.034080516800779274
0.010712262722791133,1.0,0.06159347827410914,-0.03160716915612083,-1.0,0.03458436791361147
0.04395433850657149,1.0,0.05702391901162827,-0.004503590007010505,-1.0,0.03395459579908293
0.056993126534817806,1.0,0.051002761518195404,0.0076206973380428256,1.0,0.03284418382011029
-0.06227851439422172,-1.0,0.02775064423721641,-0.10869853702854138,-1.0,0.025541710799257066
-0.043137678600015494,-1.0,0.03834070686156324,-0.13722411768462361,-1.0,0.02498633701978962
-0.004022531570379462,-1.0,0.038785051408403985,-0.19192188868712456,-1.0,0.03199794829782363
0.010029336052998827,1.0,0.03089184368108513,-0.1385237340510832,-1.0,0.03127740635792167
-0.038274222441456285,-1.0,0.02266329561015149,-0.1704736538591889,-1.0,0.028815519184761922
-0.038205509179308095,-1.0,0.022701699699019865,-0.19620221311734576,-1.0,0.02757215141269595
0.009929746462310929,1.0,0.02007828668705088,-0.19344346764992837,-1.0,0.027449107016129716
0.032953972527889785,1.0,0.007016116296543965,-0.20809617948256998,-1.0,0.027945988955813843
-0.007144388447087424,-1.0,0.022775269762573686,-0.2434488174749554,-1.0,0.026313513319728858
-0.06637910514962941,-1.0,0.02321318636352986,-0.2701341828763719,-1.0,0.023889650668158145
-0.08876618917104162,-1.0,0.011702826204932766,-0.2842684008087959,-1.0,0.022826801560639386
-0.14254945949034958,-1.0,0.03140800225965839,-0.24596633993960482,-1.0,0.02484117322547781
-0.09210371141676355,-1.0,0.04585135163268893,-0.17347387961227012,-1.0,0.027727468358587432
-0.07638721477458077,-1.0,0.048652129394268474,-0.16172789451915026,-1.0,0.027755981749861797
-0.008302856000600656,-1.0,0.010707929694915243,-0.08154350905852903,-1.0,0.017840673721821063
-0.04489039754584634,-1.0,0.012583158081522465,-0.06734031998506795,-1.0,0.019336840229998844
-0.07589674806483737,-1.0,0.010941472336711087,-0.08376048452505191,-1.0,0.01974149286302958
-0.08545211353691773,-1.0,0.005840386027759643,-0.08225211080624706,-1.0,0.019703367520584974
-0.06676096876413262,-1.0,0.012369772827141272,-0.041200471784597514,-1.0,0.019188385293014337
-0.043218248798336134,-1.0,0.007215947439550227,-0.02860364497249579,-1.0,0.017621555733988124
-0.009661910911736848,-1.0,0.012196526044935301,0.02791858968434724,1.0,0.01917961439965578
0.030281198114472385,1.0,0.020573965583360766,0.008058061329762278,1.0,0.021071735772109728
0.033774317118604014,1.0,0.01882046888605221,0.03903195278400884,1.0,0.021426708698635916
0.021873371390726204,1.0,0.02015748552450142,0.04585783704320967,1.0,0.021735007434553973
0.014029848210438622,1.0,0.015700573040626338,0.027356544674138172,1.0,0.02029601686609813
0.0015801952195175772,1.0,0.021164518408542655,0.03062788065974842,1.0,0.020176488647846935
-0.009011457748318685,-1.0,0.02240720421814502,0.05342821698387312,1.0,0.020867639259749004
-0.0187505493453759,-1.0,0.016909239891214217,-0.016125186850292517,-1.0,0.0247215353872669
-0.020739908512281247,-1.0,0.01772575121292468,0.007341406858367705,1.0,0.02404759513461364
0.02471858695367657,1.0,0.028068896061836685,-0.010168672046763971,-1.0,0.025354746730527407
-0.01750243564977283,-1.0,0.034551440029045186,-0.029884828042538336,-1.0,0.025033938573251063
0.024417348958168494,1.0,0.0333257986262697,-0.01243595372661832,-1.0,0.024307103964718697
0.008277336447125583,1.0,0.027983596713302965,-0.0036429912785012064,-1.0,0.025553689358345493
0.04957968145884828,1.0,0.004290199540529064,-0.0026788122100263045,-1.0,0.025454789135442947
0.025370244994343594,1.0,0.011251110276399552,-0.16372265192278412,-1.0,0.04704586814925435
0.029443751331389656,1.0,0.013025241972385406,-0.15698829297856576,-1.0,0.047491437663593074
-0.029451883313992067,-1.0,0.03478706613953127,-0.15203140636844292,-1.0,0.0477482081257147
-0.021706278581863137,-1.0,0.035701039573898447,-0.2021487242685427,-1.0,0.04910143403932555
-0.07260834677895578,-1.0,0.02574974718194977,-0.25181480357280717,-1.0,0.04762378155709137
-0.03251019053762172,-1.0,0.01674026912127012,-0.200204685084987,-1.0,0.04737916961083338
-0.04051726909726727,-1.0,0.01361981996308201,-0.16615205027722357,-1.0,0.04967291000995036
0.031244267721939334,1.0,0.027909581752575935,-0.12108325754380367,-1.0,0.05011191918962041
0.009703580182739202,1.0,0.03618171042867126,-0.10620353371220848,-1.0,0.05037824781224892
-0.1268693492379973,-1.0,0.09252785990688282,-0.15760240457327845,-1.0,0.052115264278790756
-0.14506796525293897,-1.0,0.08442058223895513,-0.1750487974648749,-1.0,0.05064147538887825
-0.09977291269956834,-1.0,0.09331374197291746,-0.12498433204606418,-1.0,0.05144179571987522
-0.013055827351414973,-1.0,0.0433387709006725,0.017753756791782038,1.0,0.030940296636584177
-0.06538275926285175,-1.0,0.03586250352481412,-0.009082714574319306,-1.0,0.03009069546665294
-0.07762516203053615,-1.0,0.02940009166994481,-0.04114312886833327,-1.0,0.02981831989588103
0.01429039540945598,1.0,0.032819425592692006,-0.0037617599218915387,-1.0,0.025700446499852633
0.05812319925004772,1.0,0.01687954125345915,-0.008400695607477138,-1.0,0.02618379813549641
0.061490960835156816,1.0,0.01544626791002917,0.012098205505580495,1.0,0.027202361084494
-0.03196762339332215,-1.0,0.03925262721431161,-0.011790394107371371,-1.0,0.025061628258061935
-0.022721272199131892,-1.0,0.0426019354623332,-0.04470017891790712,-1.0,0.024844483861515065
-0.009077218151116506,-1.0,0.045690115775779215,-0.061490960835156816,-1.0,0.024604236821530512
0.048486812127063184,1.0,0.01255254672986799,0.007614249985245403,1.0,0.01916607753361937
0.02089811763761662,1.0,0.012770379159081783,-0.06810595346872339,-1.0,0.022527855154085764
-0.015931709521837423,-1.0,0.008928391369020785,-0.14076548526960497,-1.0,0.024256178934177197
-0.03457134406508855,-1.0,0.007910675579831014,-0.17603070614180183,-1.0,0.02459881694720913
-0.06470074029600958,-1.0,0.009549147356762462,-0.20820100478177506,-1.0,0.02489493093552239
-0.024383827656622392,-1.0,0.029744146783717746,-0.21483964384125853,-1.0,0.024919555033024354
0.006261761223976148,1.0,0.030519922906133017,-0.149450686842014,-1.0,0.031467472719483476
0.021823715939617738,1.0,0.0217489955911208,-0.10025424399964655,-1.0,0.03181280502301783
-0.012098205505580495,-1.0,0.01598534983987444,-0.13824410752772365,-1.0,0.030033016989036047
-0.01256297930070538,-1.0,0.015725845350304534,-0.14410970731347317,-1.0,0.02962795804758537
-0.046127046749948164,-1.0,0.03244642750851127,-0.11421796949188723,-1.0,0.030416510580547843
-0.08835174258556466,-1.0,0.037079026173897404,-0.1217949161878169,-1.0,0.03048173446111041
-0.13515814399998405,-1.0,0.010058509080246294,-0.12507886500528143,-1.0,0.03026542195763345
-0.11919693367543505,-1.0,0.009907800281308981,-0.08967449440911346,-1.0,0.02760569302603155
-0.09000586809349098,-1.0,0.006986582482434718,-0.09153843544326934,-1.0,0.02787771591172557
-0.007991324765300734,-1.0,0.044818644405075665,-0.09958849386070412,-1.0,0.028641776046933062
0.04324602048611892,1.0,0.03531925538628731,-0.06020336224410272,-1.0,0.027591204074170962
0.05221170865691249,1.0,0.03079113661588741,0.015951724495831154,1.0,0.03177960136852897
0.011602740752516993,1.0,0.015235206757351327,-0.03942496449986188,-1.0,0.028104004214744557
0.007859990447377063,1.0,0.01374730878484998,-0.04699837010466945,-1.0,0.027698051532465028
0.004350985834326249,1.0,0.015744570012167284,0.11389953562998589,1.0,0.05156450026571518
0.006467863007486363,1.0,0.016222529611167155,0.20466088881848798,1.0,0.057620577073483704
-0.021583571667174395,-1.0,0.014974734742783635,0.16013174079175263,1.0,0.05932162847277784
-0.0580952618410171,-1.0,0.03175803556350381,0.22053523220031446,1.0,0.05912088532369559
-0.10966777285540674,-1.0,0.019406894383128693,0.1707940516228872,1.0,0.06145333991154909
-0.08972580151042431,-1.0,0.03059280268791988,0.12687291041476034,1.0,0.06459077358720977
0.017484291845609512,1.0,0.04785156135221027,0.22130136473243978,1.0,0.061832550654262054
0.052172204595541505,1.0,0.032394097386253914,0.33281132416961645,1.0,0.06036816669461351
0.05645101262555219,1.0,0.031647139949002,0.40626033677830287,1.0,0.06154186864848282
0.15015951979106723,1.0,0.08510964495481176,0.3735624408382834,1.0,0.061282852077062584
0.25568859407086686,1.0,0.07039571072481628,0.4662979857825478,1.0,0.06190810589566839
0.21499010134379914,1.0,0.09277672632725548,0.48724141922079056,1.0,0.06128385485372592
0.11098668240465481,1.0,0.06545290090022696,0.3517340939446314,1.0,0.05140354661669191
-0.027398974188114433,-1.0,0.04610114460578974,0.23969211681973923,1.0,0.047690872693549664
-0.05484240204416668,-1.0,0.05471649348599881,0.30764521196060945,1.0,0.04496201079023
-0.05732912930889178,-1.0,0.05330416892915637,0.36096058204965176,1.0,0.04935052901789983
0.05234949969132252,1.0,0.06780117076674025,0.4445464581506353,1.0,0.04424695160163765
0.18966162485311822,1.0,0.019329140566117238,0.5673645846271751,1.0,0.0326850817936619
0.16974536795145312,1.0,0.030662607303977053,0.5182961134716428,1.0,0.036349962025988176
0.18565886620847283,1.0,0.035190985962026355,0.4316707739789636,1.0,0.039040330374625225
0.13743209506803988,1.0,0.03500422734270008,0.378792086764999,1.0,0.03675389414788849
0.12833117289741525,1.0,0.03839532233368484,0.323720861429454,1.0,0.0412847015900878
0.029082725108058316,1.0,0.021788390515921036,0.2960949427355408,1.0,0.03836546274910126
0.03539389408361804,1.0,0.02482353281223284,0.14026387482559022,1.0,0.05783111195222685
0.12021317050967517,1.0,0.055361240319465016,0.1606467400881657,1.0,0.05815215637432441
0.17745536714278165,1.0,0.03318087327062307,0.1217306453046818,1.0,0.060801620129116524
0.20487697062239896,1.0,0.02693477921481036,0.16447866645136866,1.0,0.06365966433497984
0.1000064021130993,1.0,0.03685742991533383,0.04817354629880777,1.0,0.05842882398902837
0.03947381551965079,1.0,0.044033151458986716,0.04207556387446898,1.0,0.05807561982439334
0.001089126990942102,1.0,0.022101604225059423,-0.04799135507862751,-1.0,0.055339056818879885
-0.02482988409073572,-1.0,0.030336307617871247,0.029217587799176048,1.0,0.059226924454736395
0.050083034965050066,1.0,0.046548542340650534,0.0376162661999202,1.0,0.059030727793970186
-0.10109611687136888,-1.0,0.0920642786838803,-0.03245122509803511,-1.0,0.06008885925795776
-0.034742948443873045,-1.0,0.09975737914411985,-0.035909129334055434,-1.0,0.06025841833080647
-0.1452815723228007,-1.0,0.07936901192137655,-0.12622565412178788,-1.0,0.05748276353334406
0.05960868570939648,1.0,0.06659505107662143,-0.010086831537890806,-1.0,0.04464843203683695
0.007739976720317232,1.0,0.06828032606603827,-0.06583436167137124,-1.0,0.043723234337545006
0.09780028571256882,1.0,0.04928720991704299,-0.08229657605927465,-1.0,0.04554369467853358
-0.00759305090759721,-1.0,0.035136929050276884,-0.11066959145759303,-1.0,0.04120745263086497
0.08105044361346758,1.0,0.04884483538642838,-0.14449556470003455,-1.0,0.04305928739061888
0.03501451784510201,1.0,0.050937637709796826,-0.11514176074905613,-1.0,0.04681933922909934
0.0166292569715345,1.0,0.05836036146173428,-0.04083787371136949,-1.0,0.049255382931986356
-0.0899566012239672,-1.0,0.01924503880520431,-0.07566788544331327,-1.0,0.04544429327613542
-0.11375888535665801,-1.0,0.0063962547875003935,-0.13445347659949092,-1.0,0.04871874444933374
-0.07873172331122458,-1.0,0.014558349897789799,-0.09591005984630918,-1.0,0.04756569195813064
-0.06466818078118886,-1.0,0.011230474795633808,-0.014101291240605995,-1.0,0.04886964732371113
-0.10135249426028747,-1.0,0.03095610026867742,-0.019465334788103306,-1.0,0.04920076232341287
-0.040974074210305744,-1.0,0.06023716222007372,-0.03507683723742683,-1.0,0.049637807619545005
-0.07092122630834607,-1.0,0.06485635286731987,0.04977762351697468,1.0,0.05248465850919741
0.06495510102278734,1.0,0.06510308363577662,0.12320043378615742,1.0,0.04723806202807749
0.06223866683862633,1.0,0.06451342558544648,0.02297031459905363,1.0,0.04828965180524323
0.14987812287018887,1.0,0.016319655998752354,0.07009100625235698,1.0,0.045245472967066984
0.015702801994667226,1.0,0.06290295012716389,-0.007944846306007669,-1.0,0.041040496347667904
-0.03844292916340519,-1.0,0.05118315487614872,-0.08921525453682833,-1.0,0.03893612035484463
-0.028390007021259933,-1.0,0.05595782066045458,-0.10629824216616379,-1.0,0.03754202026556346
0.0012292564547295992,1.0,0.04146866544392081,-0.05737549839523526,-1.0,0.033041216568621926
-0.017898500702342224,-1.0,0.044355890190199206,-0.01370737973088021,-1.0,0.0352081293495232
-0.0007892660236081817,-1.0,0.054158613846945536,-0.06351340572232589,-1.0,0.03210180482690214
0.04131327431397325,1.0,0.04428850006825347,-0.03034945051186444,-1.0,0.030474950237061475
0.017073077626174715,1.0,0.055716668850483896,-0.015235165606483081,-1.0,0.029752186617532567
-0.05060784357296377,-1.0,0.02877621582501972,-0.05894817548918252,-1.0,0.023291551083561474
-0.06619017906937774,-1.0,0.023926924719217882,-0.04829912561303962,-1.0,0.02388741849017094
-0.049946902297255624,-1.0,0.014635035318257814,0.047176657591641025,1.0,0.02324197534226565
-0.026511125548331904,-1.0,0.025526149939182265,0.02744386857407899,1.0,0.024648361707701374
-0.03372785009456036,-1.0,0.026144126959249774,0.0116862765694552,1.0,0.02580481716812825
0.037064945642542924,1.0,0.028160176230741386,0.07562591671494712,1.0,0.024661800094074753
0.01439482942257797,1.0,0.02906071814891925,0.06640245457563387,1.0,0.024418896515070496
0.028255304338100418,1.0,0.024321990222545914,0.09913186560143461,1.0,0.023346816466295987
-0.019426286577945096,-1.0,0.003236458538097701,0.0667318480391006,1.0,0.021454952252597886
0.0037759642095351875,1.0,0.01494744809910908,0.0698052078388538,1.0,0.02133502106800753
0.02336359921279807,1.0,0.015625454708091253,0.0546224868680707,1.0,0.02240711568172096
0.07948490082429882,1.0,0.016896745452902852,0.08184524810424354,1.0,0.022156401456375662
0.035784200490297735,1.0,0.03585883359480322,0.06446000046696398,1.0,0.02191381770364225
-0.006204776886882923,-1.0,0.04157884493936445,0.0758149092055056,1.0,0.022618858318314755
-0.021497643173949532,-1.0,0.032750456445467625,0.029493794794344774,1.0,0.01888726475988275
0.01244746045322298,1.0,0.028867172774252846,0.1312054574099688,1.0,0.026481241946871625
0.053717738937419046,1.0,0.011466017345574044,0.266822870579706,1.0,0.03616760813733911
0.0281708769666964,1.0,0.004852828208078067,0.26035016509579,1.0,0.036078928168603884
0.017797582685797897,1.0,0.008338663234254756,0.23504373141531265,1.0,0.037631948517213576
-0.016254074395263496,-1.0,0.01260826228243731,0.2827544976837939,1.0,0.03953590063448425
-0.00431288651280215,-1.0,0.01822320775381117,0.34415558826583714,1.0,0.040879516219827834
-0.0015692431623546277,-1.0,0.01825284947055713,0.3073809288279381,1.0,0.04459468483843562
0.04455602155023297,1.0,0.013110035127049103,0.42551326045043836,1.0,0.04674258166505353
0.027133447514400055,1.0,0.015327440655138178,0.35675352631274615,1.0,0.05300125751525841
0.10252965743330256,1.0,0.03882139551333606,0.3005552753879872,1.0,0.05803503446566977
0.18480318448731747,1.0,0.05613178462774245,0.24611916896968,1.0,0.059986157037394176
0.2093587271274957,1.0,0.042775376579354915,0.19278289803932402,1.0,0.06354529898341182
0.11628573445856683,1.0,0.0642028860591827,0.1269541757754904,1.0,0.0606596847367091
0.06964936604150695,1.0,0.03963797743979426,0.07526486771982333,1.0,0.054564177369475234
0.11197630013674353,1.0,0.04699846151140392,0.11391562752112128,1.0,0.056811426493773784
0.09013478009842335,1.0,0.05959905371826074,0.16133526394233366,1.0,0.05645746416287814
0.12650468837138096,1.0,0.07189252997023245,0.15355773584309085,1.0,0.05588653294401088
0.008285051534106858,1.0,0.08337058036973272,0.0657337300516464,1.0,0.05393068781812352
-0.008394896602305524,-1.0,0.08795179936907907,0.14392686925601406,1.0,0.05281566308323159
-0.13483806993052538,-1.0,0.015044173052519342,0.07688365598049707,1.0,0.04589865415121376
-0.13683718075902207,-1.0,0.015530621810779697,0.16189992607349113,1.0,0.04255009068564909
-0.07107144217919426,-1.0,0.03222400177388132,0.1657115022283343,1.0,0.04199963349961749
0.013948883237460796,1.0,0.055735822704297104,0.16847842270175706,1.0,0.041757896281666054
0.13049145660929296,1.0,0.02883553572366118,0.2596193123595312,1.0,0.03623690407227174
0.1506668226254101,1.0,0.017276434682528673,0.2253882211680336,1.0,0.03848346729177989
0.14794223416477448,1.0,0.016781727497665107,0.12687800813378614,1.0,0.0399939900684053
0.06379440266726866,1.0,0.03879541753159616,0.10400338149486665,1.0,0.03775991274759973
0.07272638541210374,1.0,0.04017984774070418,0.040510536626307325,1.0,0.03885079371424782
0.04983060850878718,1.0,0.033080567622901826,0.022868190903659324,1.0,0.03702759501978988
0.10445124755595159,1.0,0.0041002833268849355,-0.023647975344572525,-1.0,0.04180692704773288
0.013389736370014726,1.0,0.048559784713717837,-0.05305536303813807,-1.0,0.03997951880528829
-0.043243303209265394,-1.0,0.04341644291662272,-0.09161688749348118,-1.0,0.03832840015050783
-0.039117794472982026,-1.0,0.04568909931668988,-0.10783270480321538,-1.0,0.03701755470364014
-0.011394723239494975,-1.0,0.03570196149662562,-0.04534781997845916,-1.0,0.03480686303911132
-0.027651531330510126,-1.0,0.04130865622074893,-0.042032744016723966,-1.0,0.034636390488868886
-0.025124474255371565,-1.0,0.04273633498578187,-0.050128933918466956,-1.0,0.03383635432450236
-0.03421086191631617,-1.0,0.0446629995042651,0.042673791590751464,1.0,0.03911752761070385
0.04393241693464767,1.0,0.04125755315776026,0.08482397425274646,1.0,0.03654135063401273
-0.06385695417217052,-1.0,0.053361067514250966,-0.03348017497157785,-1.0,0.04235958819876754
-0.02083951425234165,-1.0,0.05442283614632683,0.018644391427791174,1.0,0.041650690086532355
-0.06465446988835333,-1.0,0.04097007469464576,-0.04913805076191269,-1.0,0.04100555188389604
0.020266518097308728,1.0,0.012310012897732557,0.006361007401212704,1.0,0.03598469165492526
0.02109727942969364,1.0,0.01243004016215648,-0.010584909623447492,-1.0,0.035909435603442064
0.006340840267491821,1.0,0.020789480465846798,-0.01683856436282971,-1.0,0.036049300986386604
0.018585976411766403,1.0,0.025796526369607695,-0.0382415158084598,-1.0,0.035578024356824244
0.07662688832971565,1.0,0.04539270181171954,-0.02505350244555027,-1.0,0.03624952566577603
0.0992051869389603,1.0,0.03413930379958225,-0.04663289306893248,-1.0,0.037808521050559395
-0.008475715308482457,-1.0,0.07371245159047207,-0.06225638720434046,-1.0,0.0368168676073342
-0.05824026207927646,-1.0,0.051850046462987825,-0.12250891410172982,-1.0,0.029087924127183484
-0.09002960808001148,-1.0,0.04876270048240445,-0.10210641540149445,-1.0,0.030367866949659955
-0.02401577179937997,-1.0,0.02527795195641933,-0.049706240074253394,-1.0,0.02203584913352713
-0.050068815303580316,-1.0,0.012549412740954047,-0.0303131352621685,-1.0,0.024476193975055332
-0.03235498348927035,-1.0,0.0033931274949299487,0.041656719109623985,1.0,0.025696095116413933
-0.02433600511236378,-1.0,0.00452444757589915,0.020915795149973215,1.0,0.027491231044103986
0.006628686607590861,1.0,0.019437671877229883,0.04219375872815356,1.0,0.02756967882592788
-0.023453488438610948,-1.0,0.033773482818419666,0.062177244951891364,1.0,0.02707242913830071
-0.005428894984114252,-1.0,0.03622091195529376,0.03458711341210663,1.0,0.029052089946272324
-0.0208285233264639,-1.0,0.03150301609448075,-0.006894750198358279,-1.0,0.028768120138802193
0.043731664606398324,1.0,0.006387461099480682,0.05450281826283243,1.0,0.02580447097907678
0.004074431821604607,1.0,0.024489116389666873,0.04990419721338868,1.0,0.02568995176388151
0.033955516760284854,1.0,0.033404990695872466,-0.013583474271264384,-1.0,0.030720745175711623
0.05373352643110696,1.0,0.038010830653494566,0.011293619708026448,1.0,0.03312184031539502
0.04660626342484664,1.0,0.04212361612339207,0.038292367783879344,1.0,0.03202769143438053
0.022438078686741747,1.0,0.03758724330838982,0.03636764417087479,1.0,0.03183876160724191
-0.011834457647002972,-1.0,0.02551224262266355,0.025211419346495956,1.0,0.03076991372829586
-0.010664686850230365,-1.0,0.024844454954215115,0.06655782637524221,1.0,0.02871863451514661
-0.04245982231892098,-1.0,0.019591352637239066,-0.02688194954710199,-1.0,0.03744574669100654
-0.03112791512766988,-1.0,0.025783188072506062,-0.051719983817460125,-1.0,0.037583073138104044
0.009888188817167798,1.0,0.01849911410904482,-0.002356330452734534,-1.0,0.03698400588553151
-0.027517247399370004,-1.0,0.03978855299050138,-0.006139082406492968,-1.0,0.037159766793328344
0.0005224660515923407,1.0,0.05111319935087894,-0.03483005266412753,-1.0,0.03676772854297446
-0.007537397607904728,-1.0,0.050618571681598806,-0.07025133854425847,-1.0,0.03713619441758506
0.08390663520242403,1.0,0.0238070093518592,-0.0021905813798186458,-1.0,0.03404760163018561
0.06765132606957647,1.0,0.01891947534664137,-0.065287473945012,-1.0,0.030959795504805553
0.07487172201620951,1.0,0.014833758195978975,-0.045365302601740654,-1.0,0.03186020157593816
-0.040811515031235035,-1.0,0.057712576533774665,-0.0866456125378563,-1.0,0.02921965101063774
-0.08876586081095905,-1.0,0.044802998422647664,-0.11827131691608483,-1.0,0.02689306110123267
-0.07957884367820711,-1.0,0.048818027242692644,-0.11343520272028007,-1.0,0.027223499623194654
-0.02171695517831196,-1.0,0.021443032643498415,-0.004463707030752495,-1.0,0.018752708444137785
-0.014237983974337287,-1.0,0.019953685100556,-0.026488035080275196,-1.0,0.021507653687392977
-0.058006819274356136,-1.0,0.008072186496603202,-0.04175077869935051,-1.0,0.020674563182061106
-0.02356874637269568,-1.0,0.019912995575420048,0.004274652514969612,1.0,0.02134792229405715
-0.029934955229292126,-1.0,0.02066026067127153,0.03665749084401515,1.0,0.021891131496304433
0.017348638334613087,1.0,0.01998815365179074,0.06271394093635374,1.0,0.019916035386355415
-0.0005483959556136231,-1.0,0.019306484565129962,0.05700611179423776,1.0,0.019774764877303428
0.01466748309850363,1.0,0.014004023258572565,0.03479326438036856,1.0,0.022791420201682094
0.006801821897670091,1.0,0.00950149097002226,0.054455093794370524,1.0,0.02482440807785999
0.04137039047586877,1.0,0.015793170410876828,0.057813407427672825,1.0,0.024730139893157185
0.003017421024850586,1.0,0.03649384278810511,0.1052506195095757,1.0,0.027264363798170967
-0.007894419657277552,-1.0,0.03520672190375803,0.10052236645791601,1.0,0.027230247232746956
-0.012978595632589851,-1.0,0.03290362591482121,0.08012367605542758,1.0,0.026386996872332293
0.04890754194995306,1.0,0.012311311028657936,0.12666040228368214,1.0,0.02194998572815253
0.046457900361348115,1.0,0.013716494038628443,0.133121360499595,1.0,0.021804874223000762
0.029162712906572463,1.0,0.011233811905710772,0.11876007530421007,1.0,0.021372058805171373
-0.031799181692938716,-1.0,0.024967275934651926,0.17888146108497538,1.0,0.029816759465693798
0.00908979119262987,1.0,0.04004264355984532,0.16993980037884826,1.0,0.03033744913015875
0.00025889967782144474,1.0,0.03986982857962065,0.21095145530976456,1.0,0.03179825432789558
0.08512483822771078,1.0,0.02582293698680465,0.24139281717328298,1.0,0.027834839139162806
0.05286909456121558,1.0,0.024867649858450996,0.22830086032135455,1.0,0.02720727069972064
0.06368065910362353,1.0,0.02128018052536093,0.21111184284982587,1.0,0.028781218920280797
0.02442720379895702,1.0,0.0015038997969427142,0.1592246864849889,1.0,0.0280481435984678
0.024704574384401434,1.0,0.0015333447919976498,0.12392185705353498,1.0,0.030364190121375926
0.02565780361619263,1.0,0.001969066762001471,0.20188443514265086,1.0,0.03764350700607803
0.1011286007512463,1.0,0.04183723204322207,0.240558592915888,1.0,0.03833197322342773
0.08327634024060138,1.0,0.04799960751944869,0.1753194275544815,1.0,0.04426290051646209
0.12135409291212695,1.0,0.04614107724141454,0.19840832417948784,1.0,0.04456742239911927
0.030712174395368885,1.0,0.033180087884693274,0.12394359146936906,1.0,0.03952074455506711
0.06745085113513616,1.0,0.028924587654793874,0.14197026127038714,1.0,0.03905066553700474
0.0004192872178827578,1.0,0.02423155764835181,0.12759010434681606,1.0,0.0380287318285406
0.002956707539416681,1.0,0.023812830971215518,0.04709668366309894,1.0,0.047624477382774116
-0.05150990870660399,-1.0,0.01047859526256488,0.03696270518218581,1.0,0.047256152237699044
0.05445325139644852,1.0,0.06093808590509062,0.09852521905196876,1.0,0.04803766052954349
0.10576111022985613,1.0,0.05785183645589814,0.14300242743847513,1.0,0.04854655802303746
0.07610214488534794,1.0,0.07405653892554384,0.12622028609155234,1.0,0.049987729566186224
0.022181692653029605,1.0,0.05571654956854552,0.011446740339443817,1.0,0.04461476882351183
-0.015486400695272629,-1.0,0.04639828141630327,0.008877194947758293,1.0,0.04438864008032386
0.04992717395650703,1.0,0.014665249636138702,0.0181045430437784,1.0,0.04337355802011736
0.050535873079455174,1.0,0.015016354582109977,-0.005450665626382967,-1.0,0.042311155425887544
-0.04613473341090124,-1.0,0.06511401157341626,0.013017029129892221,1.0,0.04295936891692187
-0.03755670495306518,-1.0,0.06687279613739154,0.10488293792297443,1.0,0.05174994187948315
-0.02864559807696454,-1.0,0.07010335291364475,0.09012882106232734,1.0,0.051263854351886275
0.09886245131479288,1.0,0.01367185893086719,0.16207492456606232,1.0,0.04236976786184433
0.03774767220276254,1.0,0.04880963444282539,0.10262029830012709,1.0,0.045251005271904184
-0.03262522731607642,-1.0,0.04343924996753124,0.050913355173253794,1.0,0.044111726682528496
-0.028364122260860714,-1.0,0.04585742008903727,0.04170626803030597,1.0,0.043540348372700155
-0.032013598162425994,-1.0,0.04724791940352679,0.0041920793098564335,1.0,0.048320772586399996
0.005284286687202822,1.0,0.04556448684518458,0.09823155421447782,1.0,0.05098254222957695
-0.0113465665131387,-1.0,0.038580424818276345,0.058609452004216744,1.0,0.04981794958941758
0.13670556883570306,1.0,0.04840281121457452,0.11813348247966515,1.0,0.04702818470879061
0.14611535976816548,1.0,0.045140906337198125,0.15635120717029272,1.0,0.04831647587998895
0.10292316202526886,1.0,0.06033064171258707,0.09101312221684577,1.0,0.050358956584801336
-0.03981934457591252,-1.0,0.03091945339976876,-0.04484267770813677,-1.0,0.04212224740107995
-0.06786106396603808,-1.0,0.017363770726291677,-0.053168092240890474,-1.0,0.04177337450694826
-0.02150620522096347,-1.0,0.035635198043112555,-0.050318441892171606,-1.0,0.04170233806182083
-0.060680546787508116,-1.0,0.05610665553795683,-0.04315111856878795,-1.0,0.04115859102585528
0.014692971725147608,1.0,0.07691557143494272,-0.0343373493479483,-1.0,0.04113928708139426
-0.01146093828694994,-1.0,0.07422340758066583,-0.08656521872352085,-1.0,0.040193947329636055
0.08192780500738273,1.0,0.03445828200135067,-0.042931716676788634,-1.0,0.03445341849188767
0.06340393964301771,1.0,0.02390020185871035,-0.19672576155203658,-1.0,0.0345201960332454
0.02105710369949032,1.0,0.04400113559096535,-0.15444628419253104,-1.0,0.03859842775251183
-0.02627059135209886,-1.0,0.049389617123462126,-0.1410679805761531,-1.0,0.039568207117603046
-0.06340393964301771,-1.0,0.027984287483079726,-0.17248693702686413,-1.0,0.036128615390185304
-0.038408402083748516,-1.0,0.02316543913527056,-0.16398062665524105,-1.0,0.03567510701922017
-0.0381277854365637,-1.0,0.023030162955890398,-0.12575084559339478,-1.0,0.03528537660394632
-0.049030321073095906,-1.0,0.017622281306352655,-0.1572385682666031,-1.0,0.03470158127081889
-0.05775298205231272,-1.0,0.017842688086215537,-0.1352341354832295,-1.0,0.03520842360495065
-0.0604611448955088,-1.0,0.01905639006558825,-0.098904074058914,-1.0,0.034548956889557766
-0.14769544047894068,-1.0,0.033546392591458016,-0.11825017258270887,-1.0,0.03457125282726193
-0.07934200375596012,-1.0,0.06687342110997478,-0.19320063078177796,-1.0,0.04293239393320409
-0.016208458891981747,-1.0,0.07139317773690697,-0.1625889877629274,-1.0,0.042445892646686176
0.08764276416819017,1.0,0.014598453764407137,-0.06786438639691239,-1.0,0.03582660562456297
0.01152276123678031,1.0,0.0303344907583448,-0.1078470482278312,-1.0,0.03234731341425501
-0.01095345636934053,-1.0,0.024512358914222737,-0.13963082327343923,-1.0,0.030512338021909117
-0.04815557088275668,-1.0,0.01735575824608823,-0.1683353148192147,-1.0,0.029175992866464443
-0.00966191091173696,-1.0,0.01505373194967691,-0.13236303170180308,-1.0,0.02914167294104324
-0.011281013902082915,-1.0,0.014741544577795135,-0.11302687484983498,-1.0,0.030495002231701974
-0.010041925389201678,-1.0,0.01404310993315112,-0.04862365014024028,-1.0,0.033867790977835134
-0.11571947735086119,-1.0,0.05249051412882614,-0.05760810605144384,-1.0,0.03368385013612971
-0.12414605859952221,-1.0,0.049413635960681344,-0.007869164649343618,-1.0,0.037379769098799656
-0.0973096542931442,-1.0,0.05725513348579204,-0.0698793630669926,-1.0,0.04388969301533659
0.006011578797986639,1.0,0.007870710500569393,0.10408419129822144,1.0,0.03914792690179852
0.006749705597506428,1.0,0.0074496478825907,0.061146506656538646,1.0,0.042525475351115324
-0.012828164254112151,-1.0,0.008775416303724026,0.013351947895392402,1.0,0.04445607059174591
-0.01299322223719157,-1.0,0.008685260673609528,-0.009496307611824628,-1.0,0.0447480031754458
0.01565049205426372,1.0,0.017150561238633927,0.012448293526567955,1.0,0.044952870146379886
0.07155609379621775,1.0,0.01946756317152339,0.028236080891995696,1.0,0.04477044600594124
0.06509301473862228,1.0,0.02266662443275197,0.015525743448010276,1.0,0.04484851625128016
0.09387669629840845,1.0,0.02846337865815741,0.0,0.0,0.04440603989179007
-0.031297638315954,-1.0,0.06664637838123258,-0.03853912730387998,-1.0,0.042276722789171516
0.04597281999880409,1.0,0.08447914519100055,-0.04612413693528905,-1.0,0.04230243498665922
-0.05513038729363995,-1.0,0.08317746678380009,-0.09227943412197326,-1.0,0.03879739336021872
-0.014078343330759191,-1.0,0.07001771344431779,0.009872191463620283,1.0,0.0317817646290126
-0.10756892011205943,-1.0,0.016608729131412387,-0.054764085409974794,-1.0,0.021799902441971466
-0.04194850753246426,-1.0,0.028078012765631807,0.007441487611682951,1.0,0.016873638628043593
0.0020559687424911433,1.0,0.016846381308176284,0.03018247127772755,1.0,0.01262446741354761
0.012028828822643334,1.0,0.01163068033059208,0.08131291259774587,1.0,0.013815500833244976
0.0032021985276957654,1.0,0.007618805632997108,0.09936318613191963,1.0,0.015726086397040536
0.004780885600342066,1.0,0.00795790795253093,0.11172996394330614,1.0,0.015816965462016684
0.003443134355322952,1.0,0.008727495446217622,0.111298244447817,1.0,0.015859260401876338
0.001597262176435188,1.0,0.008169093565127614,0.18975371598564816,1.0,0.02702246740714543
0.017113680451546265,1.0,0.014951073456289477,0.18447685227975286,1.0,0.02724814623545801
0.03733287152411835,1.0,0.00803576815157917,0.19996217020692886,1.0,0.02634599676623775
0.04459053444001626,1.0,0.005320784497246683,0.1856978237290997,1.0,0.027225776596655208
0.006231936483348077,1.0,0.0168543393341414,0.14868172880114183,1.0,0.028606992732526017
0.028508077895661232,1.0,0.025601103489293123,0.17678750835931312,1.0,0.029643384510762243
0.04997319098777242,1.0,0.02947455611760506,0.2529605988860182,1.0,0.03644697035001637
0.08360346140806973,1.0,0.010058302293027224,0.20020666301190437,1.0,0.043922166224186016
0.04201416067271446,1.0,0.020961883222224014,0.14920390126999428,1.0,0.04459909402629651
0.0935927283814243,1.0,0.04842196532307016,0.12538274620501666,1.0,0.044091234704293845
0.07752777393678878,1.0,0.05167963736856593,0.104176141093698,1.0,0.04426206065663333
0.09210706011443481,1.0,0.04741694608245861,0.022779101669283097,1.0,0.0525166194239306
-0.0024586300801132666,-1.0,0.007960063543184327,-0.047383899928130746,-1.0,0.04586831509434216
-0.01868144302706476,-1.0,0.011607315730071718,-0.08449073469203883,-1.0,0.046805242677817945
0.014158209676502609,1.0,0.03025002837889307,-0.06331350567168526,-1.0,0.047755433475802155
0.11185330959693474,1.0,0.05227960308754817,-0.07141688529499379,-1.0,0.047873660726212096
0.05775687069411062,1.0,0.08119708106589654,-0.0633462362325764,-1.0,0.04777572947995713
0.0009244708063423923,1.0,0.08076495241168458,-0.1105947271257155,-1.0,0.045656279223589925
-0.0776046616932291,-1.0,0.04069582504596485,-0.22479577901960623,-1.0,0.03381125020065674
-0.012427060510136645,-1.0,0.013685354257573487,-0.18174054145333052,-1.0,0.029922060820308648
-0.08441063892799672,-1.0,0.053564509499608226,-0.1794795448048201,-1.0,0.029913657373844098
-0.07917391775172311,-1.0,0.0554765216866741,-0.20142324042154758,-1.0,0.028907810177804517
-0.11113910184894804,-1.0,0.05227761358746301,-0.1708393667978405,-1.0,0.03129546724476155
0.006014452773466461,1.0,0.03429165914601966,-0.028348997451310254,-1.0,0.02691450956784613
-0.026491615446976313,-1.0,0.03317053477360432,-0.03794602581346029,-1.0,0.02648544647972953
0.002463055432397665,1.0,0.02380084033278482,0.020543791763882546,1.0,0.025051761102271763
-0.03312301177752763,-1.0,0.005454816085000764,-0.04308987169291967,-1.0,0.02576033644967832
-0.041525584127677706,-1.0,0.01030582379885276,-0.032450920186473775,-1.0,0.025425048205870097
-0.0606374345266435,-1.0,0.010752389345363962,-0.05780980893409238,-1.0,0.026912272850308366
-0.0679603468727622,-1.0,0.006537897270797324,-0.027439149467122892,-1.0,0.028009860259519005
-0.05423212309517045,-1.0,0.007947895938899784,0.0023292758016724147,1.0,0.02704532143262739
-0.0015258858546466358,-1.0,0.02269169918442687,0.034046752779464784,1.0,0.02565201631697168
0.06671990842551312,1.0,0.032690082930823795,0.057158413839948574,1.0,0.025039592599428683
0.08430329685636417,1.0,0.02386227375237361,0.07313230770486945,1.0,0.02448509088486244
0.08024405671277501,1.0,0.024185262282357803,0.03809576865223263,1.0,0.024028353436890554
-0.008726421468142953,-1.0,0.029643813201653053,-0.03258987039721206,-1.0,0.018763433798679875
-0.020996509819989795,-1.0,0.028721181203007092,-0.04394694340690042,-1.0,0.018593162053133848
-0.07589054526557726,-1.0,0.016155408785363895,-0.07328750691941499,-1.0,0.01681754066526565
-0.017472289551730857,-1.0,0.027946430107110506,-0.033095935335643034,-1.0,0.014140856283184719
-0.006745388139531516,-1.0,0.028459807291166962,-0.07637297878457394,-1.0,0.01967380031577707
0.031219127186913664,1.0,0.01052126048449649,-0.07273886369682714,-1.0,0.01924439377913475
0.016637216434309265,1.0,0.0021203485963474213,-0.04762286950725447,-1.0,0.02352808612030397
0.016570908808026585,1.0,0.0021443103806664666,-0.03420791752266272,-1.0,0.02425012843990284
0.0025231300181212113,1.0,0.009097163326655668,-0.05740612253579036,-1.0,0.024521638219067696
-0.023028375811647517,-1.0,0.01087547950791062,-0.06203539091945265,-1.0,0.024338516891687968
-0.03277595425540569,-1.0,0.006043166522991393,-0.11939656886266492,-1.0,0.027772931637498617
-0.031139218858872608,-1.0,0.006316681572193027,-0.15677907854382922,-1.0,0.029733663421648883
-0.009232486406573925,-1.0,0.006485484749906122,-0.13625239954664048,-1.0,0.030038966549209976
-0.05342254519766332,-1.0,0.028508295997035107,-0.16383485235190565,-1.0,0.030623837330282067
-0.0753419020429894,-1.0,0.02743777369308223,-0.18980180390224266,-1.0,0.031084220614676247
-0.031999223723342296,-1.0,0.051525930641497714,-0.16776027167513408,-1.0,0.032976165199440216
0.0354196731223797,1.0,0.03898373268134308,-0.14913681525326616,-1.0,0.031534753530980876
0.04655186834795044,1.0,0.03315288514234781,-0.11472185339971641,-1.0,0.03138693105866934
0.0022246950221110895,1.0,0.01813877394997959,-0.2519509655398273,-1.0,0.03356518050594182
-0.06861774253197561,-1.0,0.02861508829322972,-0.2975798767790414,-1.0,0.031324697126609805
-0.09684982598991765,-1.0,0.03102639145363078,-0.24057441153508097,-1.0,0.03628690286221975
-0.09724538443883535,-1.0,0.0307993257914561,-0.24789172100340384,-1.0,0.03591778131617166
-0.07721423774464642,-1.0,0.025728987737067777,-0.15212117323727492,-1.0,0.03852622035570245
-0.06416194421728605,-1.0,0.021071762307756883,-0.09934681027321035,-1.0,0.03727003781905316
-0.04074035853506752,-1.0,0.03459391043748117,-0.11484833068878952,-1.0,0.03711402773823191
-0.038724508099023836,-1.0,0.03403234486391792,-0.0994972061585414,-1.0,0.03647826213077837
-0.0002619515404631567,-1.0,0.029158957940188537,-0.06352628698073903,-1.0,0.03566622662789449
-0.11618991758803554,-1.0,0.0475757735251153,-0.09156719352549036,-1.0,0.03429572317034168
-0.11302338840339554,-1.0,0.0478555478399767,-0.03782132423681461,-1.0,0.03442517219634087
-0.07930068978741411,-1.0,0.06402433357802126,-0.034651654511085095,-1.0,0.034503191506925886
0.006283939558534568,1.0,0.033730978233781836,0.0694512191516734,1.0,0.02128411069380325
0.07684096100979088,1.0,0.025702325444085714,0.07219042602445036,1.0,0.020897796175983988
0.04437777527195297,1.0,0.02439672161255986,0.04762804898925466,1.0,0.018497253505305157
0.03579800587577897,1.0,0.027942590384537697,0.02945927719709074,1.0,0.019897503907712864
-0.024590270665912906,-1.0,0.012582746690095365,-0.011253034898943692,-1.0,0.015445903065094755
-0.02834142092481473,-1.0,0.01047915507434527,-0.03169619063532014,-1.0,0.015737411382587087
-0.017459221371768363,-1.0,0.01074392160689636,0.059460402035494964,1.0,0.02785257086009564
0.02295137382270296,1.0,0.012915542188745155,0.15897419279696345,1.0,0.0344288460413244
0.02861268092919078,1.0,0.012117656944249185,0.15267437033219222,1.0,0.03465929624130848
0.04482849508912823,1.0,0.007256158216134293,0.14084314832871692,1.0,0.035269043559860186
-0.0030116381421305682,-1.0,0.021428278503206995,0.13291611316570018,1.0,0.035125273857655084
0.0029790137129256378,1.0,0.022900944204564698,0.10812317281430428,1.0,0.036046398258425066
-0.0337080023960481,-1.0,0.02181985644795564,0.017751161563109852,1.0,0.043463509024014794
-0.006602499913603177,-1.0,0.01832441896924499,0.021161940004979507,1.0,0.04328218254644401
-0.03494646435262183,-1.0,0.012148190300505863,-0.004607678568049112,-1.0,0.04326525668259368
0.0657991307141832,1.0,0.04973067588469916,0.02457797119863414,1.0,0.04274786413772458
0.14563695702999424,1.0,0.054580897362342735,0.02830120858418117,1.0,0.04275828115746887
0.15602914004269763,1.0,0.04858334166183903,0.0030756350262088894,1.0,0.04425404323291531
0.06392352492145359,1.0,0.05233724427591065,-0.10642530992220722,-1.0,0.037388385831903966
-0.003106705808560317,-1.0,0.014229998226208903,-0.1674012089588437,-1.0,0.026568894190764473
-0.01593851658869716,-1.0,0.017211781439112363,-0.17496963558086387,-1.0,0.026402202398890406
-0.07826349167647884,-1.0,0.04584495192510255,-0.18135068293128498,-1.0,0.026442841276871326
-0.11476581130285124,-1.0,0.03264391249749883,-0.19931530358632576,-1.0,0.025090010494843124
-0.10975183766942775,-1.0,0.034367105764152285,-0.23274401640577924,-1.0,0.026914211682191356
-0.02688119276052381,-1.0,0.014756461360382327,-0.1456088341142956,-1.0,0.02151676357736132
0.000536768665598486,1.0,0.010478245995911989,-0.09423693043916381,-1.0,0.024298035879416768
-0.02726315075836383,-1.0,0.026508662966557735,-0.04813837988694747,-1.0,0.027087123871025572
-0.06520415040665817,-1.0,0.023889440905987342,-0.05091002480949458,-1.0,0.02699599896710228
-0.050065460513030624,-1.0,0.03252061696969717,-0.046405031253477835,-1.0,0.0271727339538081
-0.022016130564375125,-1.0,0.025978529081513924,-0.06606583615442885,-1.0,0.02997662678817944
-0.011001848087624166,-1.0,0.021349087719425258,-0.03815016632397539,-1.0,0.02889003125137168
-0.03502080043604239,-1.0,0.00819441612000608,-0.004523615290957794,-1.0,0.03276818201881736
-0.07371289741361253,-1.0,0.02376137973994018,0.029248429126232267,1.0,0.03316147656078936
-0.04252164285948945,-1.0,0.032170812068272554,0.029544670063280876,1.0,0.03314345091893919
-0.009687438155689287,-1.0,0.04177086847802341,0.02737528676731804,1.0,0.033184815601763326
0.07485379884940402,1.0,0.012069114672883479,0.07114110002524088,1.0,0.0290213991043695
0.0678176165442772,1.0,0.01606853412238844,0.05897935516253239,1.0,0.029029000296306246
0.048368667851284464,1.0,0.01591909413853397,0.05257565764891381,1.0,0.028594896012594975
-0.04519060702584521,-1.0,0.038450022352622716,-0.001997432537407917,-1.0,0.027745640302430603
-0.052444291921138975,-1.0,0.036820191783139444,0.01800329919104504,1.0,0.028623031415034344
-0.008184044550510583,-1.0,0.056744972285114846,0.007280905869040621,1.0,0.028504581251174263
0.07329813471628599,1.0,0.028635376173446633,0.09522883821025607,1.0,0.02232601097621973
0.0566929882996321,1.0,0.036975682087513354,0.06485629893879308,1.0,0.025211954764186018
-0.003121898377766552,-1.0,0.021247032996062887,0.00902685960250782,1.0,0.020015582326385256
-0.03182022651460392,-1.0,0.007794190063808264,-0.0024975731034837523,-1.0,0.019154068672397245
-0.013086957760237938,-1.0,0.0030666725770601183,0.0643088452445798,1.0,0.022435564254179193
0.015512932725906481,1.0,0.015642450135258622,0.07710842041697374,1.0,0.022166249398986614
0.0017152662867552237,1.0,0.02167936418045991,0.10062830635361186,1.0,0.02195252083674962
0.026841560572789858,1.0,0.025386913845042686,0.14577005399570309,1.0,0.023996946845143387
0.0030739160714112757,1.0,0.022370400179398682,0.10132214570715226,1.0,0.02556056528844157
0.05203566372181878,1.0,0.015894644752969422,0.11176668747023788,1.0,0.024652402124531493
-0.005591292173390938,-1.0,0.03099487001502264,0.11991810260807934,1.0,0.02520794562992025
-0.006438090817043385,-1.0,0.030984694227239536,0.08910182440966485,1.0,0.02784343393108655
-0.024428276597453835,-1.0,0.022687445822729,0.07945852238673679,1.0,0.027310645759822057
0.05614553460541882,1.0,0.025435520863796426,0.15258752193065683,1.0,0.02568913591899993
0.06495966243669937,1.0,0.022205076652684497,0.12198648867201045,1.0,0.028602118737415718
0.07130565294249169,1.0,0.020891109803817788,0.10763633468567002,1.0,0.02888027110552186
0.06837425099088534,1.0,0.01925028828070042,0.034131227568672706,1.0,0.027806404217551938
0.03972665801608499,1.0,0.03305720950022126,0.08206495305430417,1.0,0.031654744350237005
0.012853647403381241,1.0,0.0351222745858708,0.035831555204241305,1.0,0.03309176531162853
0.000989609185166107,1.0,0.028389247473437632,-0.05940321457269848,-1.0,0.03370155240387753
-0.009146405226076126,-1.0,0.03258274833434021,-0.06910126669598926,-1.0,0.03424681131359398
0.019727498638317686,1.0,0.033783983233011725,-0.0750318687037197,-1.0,0.03435482882290997
0.02707812714918656,1.0,0.0367332467400002,-0.13792140179912438,-1.0,0.032675008477333546
0.026446573445302213,1.0,0.03708308721926469,-0.10740446118290081,-1.0,0.03214665288817809
0.0037495357014794006,1.0,0.03628484644609373,-0.13837297505535984,-1.0,0.030921938988436377
-0.062310759756565304,-1.0,0.015053833327159392,-0.20436785447177674,-1.0,0.026524508864689336
0.02503812681899309,1.0,0.04200159726850299,-0.25644100150818006,-1.0,0.03277100347081084
-0.0004991265389370225,-1.0,0.047854446962446624,-0.28039002820736114,-1.0,0.032325649944351414
-0.025160191150485844,-1.0,0.05600914508533269,-0.2610587645444541,-1.0,0.0326467287803292
-0.11143956173420844,-1.0,0.01199506333157865,-0.2763525550998991,-1.0,0.029524398651972563
-0.09800977650457976,-1.0,0.017599541628453588,-0.25477952185818453,-1.0,0.02976548608023889
-0.07752857804125979,-1.0,0.008668130417584937,-0.16963639726663904,-1.0,0.03209380402744032
-0.04744959971298768,-1.0,0.014667278086018623,-0.16395467992387924,-1.0,0.03185999831971325
-0.043613607713322455,-1.0,0.01483012054380101,-0.12320104563166989,-1.0,0.033724031956035905
-0.03936832552346581,-1.0,0.012581779475887912,-0.10274621743043477,-1.0,0.03312156143309158
-0.12258996687997703,-1.0,0.03833222335408567,-0.11331731850601878,-1.0,0.03304658825259954
-0.1382675174505219,-1.0,0.03314953256338306,-0.13793732098062406,-1.0,0.03397154644824076
-0.11900166982924265,-1.0,0.04006632682668301,-0.0888650950300236,-1.0,0.03497585960604433
0.005126573227274056,1.0,0.03455289593325182,-0.009035234102120038,-1.0,0.02524782925527701
0.025111379810239587,1.0,0.027195804136258613,0.022208620152278202,1.0,0.023786773879175428
0.06626217612732921,1.0,0.02594681481196392,0.04455297056056806,1.0,0.02390866472054502
0.0009583134418114092,1.0,0.030659247808685827,0.03238767597210379,1.0,0.022454439577892588
0.03356869972193488,1.0,0.03213969172990702,0.034502551929878944,1.0,0.022373556599571486
-0.010638398205055521,-1.0,0.02583678661290469,0.0015549684364701832,1.0,0.02008580374464627
0.0031877617048727824,1.0,0.020670324706449042,0.05497425081091856,1.0,0.019798684901627884
-0.05834988306227662,-1.0,0.014899779118235089,0.062473169586022115,1.0,0.020600777955649494
-0.025487203123054636,-1.0,0.02986674860244558,0.05537429204644728,1.0,0.02117164260520734
-0.018307882476078285,-1.0,0.02976823521769434,0.060512285406213895,1.0,0.020861231529598047
0.021878423682380355,1.0,0.014064096261236062,0.11259738934725871,1.0,0.016329410751747497
0.01441639576134901,1.0,0.010014689479368545,0.011868623682550261,1.0,0.029420952034864518
0.046549483301497885,1.0,0.012023523818820431,0.028755974987303867,1.0,0.029536731000942857
0.03740531158784033,1.0,0.01678617698638967,0.012518218357403299,1.0,0.029848904327313144
0.02326417400323133,1.0,0.017526854453376105,-0.022190973308478856,-1.0,0.030014060319360127
0.023544888280626175,1.0,0.017685848135070677,-0.07649085466141226,-1.0,0.02925328180106226
0.06153931737807805,1.0,0.016840303877099932,-0.06823753410405065,-1.0,0.02937031598747442
0.04318092540492158,1.0,0.027380525309236157,-0.09683402516458739,-1.0,0.029912024846205552
0.00872579630016812,1.0,0.026086999434167885,-0.11993857565941535,-1.0,0.028074391835749234
-0.00822566330104002,-1.0,0.016620206169496,-0.14015698821292855,-1.0,0.025813851632190334
-0.06899287148695166,-1.0,0.048790429708413234,-0.1517230732943149,-1.0,0.026247512274173095
-0.05006419289498831,-1.0,0.05301798732831559,-0.1524544958336631,-1.0,0.02623296908658128
-0.07820074730747506,-1.0,0.04658662203248567,-0.1475354407085392,-1.0,0.0267464579617716
-0.019643201229680107,-1.0,0.016707937497952664,-0.03471557044306106,-1.0,0.020753212570067583
-0.05869734634721824,-1.0,0.007011198850675494,-0.04740529676945249,-1.0,0.020221869931923552
-0.043350440873613616,-1.0,0.015276294927521352,-0.05003495774233713,-1.0,0.020338960746452934
-0.0513788778528772,-1.0,0.017145905221182905,-0.040821994520255034,-1.0,0.019883690838535983
-0.019902832717376917,-1.0,0.017973765592733313,-0.030521189034887097,-1.0,0.01898891617230923
-0.01038013673079985,-1.0,0.02102071634967373,-0.0345679962188421,-1.0,0.018923764028787444
-0.011708122724805925,-1.0,0.02177584644146154,0.0,0.0,0.017432117127588267
-0.02379012387407964,-1.0,0.0204431890904641,-0.01961184481488365,-1.0,0.017857244215325467
-0.015604115796650664,-1.0,0.02459620028337955,-0.002358889046629953,-1.0,0.019673730093689633
0.048014631364302174,1.0,0.02145606899044556,0.035389878967012844,1.0,0.01761547160346377
0.054985006169222306,1.0,0.017723164536217747,-0.01831037071378283,-1.0,0.025508619236818627
0.019299735658727002,1.0,0.025796851018174905,-0.05697743474254047,-1.0,0.024925857859675337
-0.02574962530687408,-1.0,0.007604989313477709,-0.06619059486538492,-1.0,0.023704278456394667
-0.04181323861265285,-1.0,0.003357959764287434,-0.055333985408499764,-1.0,0.02412366385963438
-0.02788347935011859,-1.0,0.0075409764020725285,-0.050199607672665625,-1.0,0.023961680299696354
-0.010556883332622169,-1.0,0.01194922531574594,-0.05787603138061215,-1.0,0.024235233602197655
-0.00899348849737347,-1.0,0.011111716708483746,-0.09039802180694712,-1.0,0.02727463566549331
0.0218289704414123,1.0,0.022137320063961862,-0.12275225836969539,-1.0,0.02819454906671157
0.02368175624220692,1.0,0.022160598429281888,-0.07608501277344004,-1.0,0.03353260436802536
-0.02248864977297882,-1.0,0.04744315158943324,-0.10004688411885332,-1.0,0.03477458218332793
-0.07022266149256118,-1.0,0.03531366782380344,-0.12451108388583187,-1.0,0.03303170525953398
-0.05356584246809559,-1.0,0.04336448970731759,-0.15716424313252264,-1.0,0.03262680116490078
0.017961391474505373,1.0,0.022355749970324783,-0.1385189341355617,-1.0,0.030513639697178695
0.026077562728601844,1.0,0.01801944305962404,-0.1271919821398939,-1.0,0.03046111395437063
-0.017435061822101305,-1.0,0.014652418160351531,-0.0927033512593598,-1.0,0.03542285223145304
-0.0768772750111002,-1.0,0.020525904496410008,-0.0947518714640494,-1.0,0.03533171620990748
-0.10043613004714835,-1.0,0.015565586427944004,-0.06708053634626521,-1.0,0.03606492782088043
-0.028765864725450063,-1.0,0.055489394675314115,-0.06296044176266191,-1.0,0.03595770056035558
-0.018642350809279673,-1.0,0.05210667448600347,-0.029841541039903108,-1.0,0.033487351778491437
0.020070144925275812,1.0,0.04636107142841821,0.07833184326990694,1.0,0.038496587209975175
-0.05739747411687568,-1.0,0.02222319197764052,0.10543439545542932,1.0,0.042149163256047714
-0.06096069978968721,-1.0,0.023835996728303506,0.14688272579938677,1.0,0.039511533882265346
-0.07290355974662321,-1.0,0.017707138930243605,0.1511438164514307,1.0,0.03945946642384959
0.010895049405067248,1.0,0.05209881521949808,0.15816674948214837,1.0,0.03892249960128075
0.061728454146017686,1.0,0.035184454787543035,0.1914633167520492,1.0,0.035653027915011
0.08618900852223055,1.0,0.027636271135132777,0.16692761044792825,1.0,0.037729885441383
0.012307847674596584,1.0,0.016036683346462247,0.13922336689425263,1.0,0.03541568543934279
-0.01196694458695391,-1.0,0.018638350828111057,0.15305370736095858,1.0,0.035529633611903165
0.044976249569023796,1.0,0.051495094869938786,0.12229771601091022,1.0,0.036258225822808895
0.13962897249264117,1.0,0.054086998408224486,0.10993718268523822,1.0,0.03716195757287346
0.1580819160300102,1.0,0.043457480704596624,0.0812667528473403,1.0,0.03974435152408707
0.09288211810679958,1.0,0.043447315054618796,-0.009416947532536968,-1.0,0.03389974090614414
-0.004665120090156627,-1.0,0.013407105582791635,-0.10950621303753261,-1.0,0.022270224041112348
-0.016380108837024787,-1.0,0.013272703737980293,-0.09415037518421565,-1.0,0.023420221997916393
-0.05711976575012567,-1.0,0.011423212569018142,-0.11548606992129029,-1.0,0.022806961674298864
-0.008048333182828493,-1.0,0.032476851827260095,-0.12507407989730313,-1.0,0.0232360434750966
0.02331884475492707,1.0,0.034390553328471206,-0.15538726027823957,-1.0,0.024677331705040655
0.04155911408521251,1.0,0.024026814042036982,-0.1117577459655612,-1.0,0.024908839313814043
-0.016978336534417826,-1.0,0.025048155131992225,-0.13651805123463534,-1.0,0.02198318445322946
-0.08375389910057218,-1.0,0.015690055596614603,-0.14009126890538703,-1.0,0.02150442339533811
-0.08673841397442339,-1.0,0.014331617272959734,-0.1294879078203539,-1.0,0.02165076183791512
-0.07981442323012966,-1.0,0.015535410274071362,-0.09551568037017444,-1.0,0.021698223782252373
-0.017335212001545752,-1.0,0.020652602559550516,-0.04616204176316252,-1.0,0.01860637061387789
-0.01318700428195374,-1.0,0.019719455187151538,-0.041990192366777146,-1.0,0.018391431171268974
-0.020232986949927145,-1.0,0.022561947300470408,0.010699235065146695,1.0,0.02049630353520129
-0.0776169939310487,-1.0,0.013640832315111812,0.004724704409616143,1.0,0.020111580140472526
-0.05339144179439659,-1.0,0.026748246777765966,0.05278554326202567,1.0,0.022086977976619106
-0.019492304520160708,-1.0,0.028554494359290965,0.08138112330584657,1.0,0.01992854296116772
0.038614836127779606,1.0,0.005530355378312328,0.12145084170692866,1.0,0.01395333944169141
0.02382895223041981,1.0,0.010696345808520935,0.1523153577136842,1.0,0.016892596191814734
0.024024034330043076,1.0,0.010695169531159144,0.1604712922571283,1.0,0.016839586530600616
0.010175328041652332,1.0,0.005455310284694806,0.1271664825221812,1.0,0.018534676656217653
0.0007593014791533736,1.0,0.010781985484274772,0.1324864108166104,1.0,0.018250324587439703
0.026400492205191473,1.0,0.023078417185630244,0.1281950242669081,1.0,0.018358241969388643
0.03355153417123291,1.0,0.022840118222630105,0.12297720494583242,1.0,0.018568604212910234
0.08158873134684907,1.0,0.013181850162438355,0.13405307815483858,1.0,0.017608797613243677
0.05044890129077273,1.0,0.017263788651271473,0.14366337652087857,1.0,0.01889262023925204
0.03910914336626381,1.0,0.01987696896650259,0.10586800107851224,1.0,0.02180647892541031
0.04613837265726195,1.0,0.023932037253810344,0.0776991775694793,1.0,0.020065549325057826
0.05959786443112103,1.0,0.021425283080108326,0.040347352935534264,1.0,0.023372096886859744
0.04433047694303216,1.0,0.0287991538795489,0.05922894817746016,1.0,0.023807909456162814
0.004000005333345991,1.0,0.01528092430302124,0.0344691928081744,1.0,0.021132153011959347
-0.008252233660177133,-1.0,0.010247505847332476,-0.022607345799137812,-1.0,0.024141257249664417
0.0059860504653035385,1.0,0.0020747613578700665,-0.016818425353315902,-1.0,0.023921552751790122
0.002325968817381563,1.0,0.002513853093536415,-0.04420985147198242,-1.0,0.02478937292704261
0.04186884445916195,1.0,0.02532411880854098,-0.06081108268608992,-1.0,0.02480593157581374
0.016442330303912733,1.0,0.034929962315959434,-0.08652921690314308,-1.0,0.025461868557159234
0.0252348307614898,1.0,0.03448088864009726,-0.10303994441921227,-1.0,0.025541435026783188
-0.05286712229457158,-1.0,0.022484294662683167,-0.12692353875524454,-1.0,0.021795358301800113
-0.0075299095347882705,-1.0,0.02866792797586052,-0.10044401381598145,-1.0,0.021456455333180025
0.002908387895957043,1.0,0.031076677799253393,-0.09783764299483888,-1.0,0.021647336719718656
-0.0033568343035510484,-1.0,0.034693148374158794,-0.040347352935534264,-1.0,0.021549684719335084
-0.031716896587743904,-1.0,0.02974410705182434,-0.00461133886973375,-1.0,0.02683043062244118
-0.07467903894681083,-1.0,0.016196020251884626,0.02202099514656841,1.0,0.029481193669529417
-0.046455970547129244,-1.0,0.008269969291852145,0.05844653252496057,1.0,0.026360636504759234
-0.06372474108452364,-1.0,0.00721236892105294,0.07606863843991696,1.0,0.026019645819388697
-0.05650412412984829,-1.0,0.0066508533146048135,0.13600572809567035,1.0,0.025255716395773363
-0.024243611609992666,-1.0,0.024104719083184158,0.13057705046202983,1.0,0.02577352470092857
0.002527533391074366,1.0,0.018409232126632705,0.10622781840083095,1.0,0.02961723160977205
0.03043713218586319,1.0,0.009297909110091224,0.1468710148262049,1.0,0.028636645655607106
0.033709063525138694,1.0,0.010954950087279706,0.14519176332527128,1.0,0.02860302500379877
0.08830276541145943,1.0,0.02322621152897176,0.13946399429432765,1.0,0.028856818627857272
0.12276702603736434,1.0,0.01671857245457838,0.10139119220349668,1.0,0.031015229070694462
0.09543705115694379,1.0,0.03208856763136825,0.06941148587944546,1.0,0.03106419095343366
0.048963080721906804,1.0,0.025638810838223634,-0.024733881187038786,-1.0,0.029253359361203206
0.039305694002291114,1.0,0.02031621018162852,-0.0849473927687785,-1.0,0.025379565478106155
0.025674547389940017,1.0,0.026795018868686075,-0.05441968144592546,-1.0,0.027105951522556154
-0.033565561123609644,-1.0,0.04325508013764801,-0.057583823765813946,-1.0,0.026979095831616173
-0.045638837399313736,-1.0,0.03687005695041548,-0.07170628282235625,-1.0,0.02533297254848534
-0.009628898746751213,-1.0,0.040959658446174003,-0.08378488895527103,-1.0,0.026098903451081845
0.035763709284571066,1.0,0.014915777306233077,-0.04148595568259528,-1.0,0.022278834860813185
-0.01504269043684503,-1.0,0.022650910779789386,-0.08033394025128238,-1.0,0.02083906395993913
-0.042071213920687134,-1.0,0.012019334683937304,-0.08225593324531055,-1.0,0.02064154081935321
-0.07589511006990701,-1.0,0.014859691494408862,-0.08064410135611055,-1.0,0.020659898310575752
-0.06357155893491084,-1.0,0.015563343694634697,-0.043499444336689175,-1.0,0.020008233242799614
-0.02839411616842713,-1.0,0.032704877748137705,-0.03309368842991289,-1.0,0.019960823590693757
0.016113138143131644,1.0,0.020565301779054815,0.02704220867532192,1.0,0.017475327460614806
0.05254680394871336,1.0,0.010517606734566889,0.050261834780888304,1.0,0.0166137705998577
-0.0036906601194055533,-1.0,0.02645709156077863,0.008005379643785782,1.0,0.01609093488712314
-0.017467693040390975,-1.0,0.025847327450609785,0.008950830520084496,1.0,0.016119984206180688
-0.054266494828239864,-1.0,0.011366099291893932,0.0,0.0,0.015278251518873685
-0.008099943036790735,-1.0,0.016391948164826742,0.002014775698341298,1.0,0.014920005822690157
-0.003394436388944211,-1.0,0.01583246680205409,-0.00816608825105325,-1.0,0.015701859564905954
0.021791805477748172,1.0,0.009742689441484422,-0.021573557635011786,-1.0,0.017267537579324223
0.007091030894710526,1.0,0.006540911222907156,-0.032371972712166075,-1.0,0.016538129136620214
0.03179119996152546,1.0,0.010194276020874487,-0.045209367647463194,-1.0,0.016996154180830815
0.030189720182666635,1.0,0.010323482184387778,-0.04125714026585148,-1.0,0.017311474955826387
0.012704951905271544,1.0,0.019151370745478572,-0.03422647566953496,-1.0,0.017592392553736905
-0.001978240012105781,-1.0,0.013710845959221025,-0.08127864900006698,-1.0,0.016950362647079994
0.002284969167825057,1.0,0.015179775396039508,-0.043753848118692984,-1.0,0.022463107484171723
-0.009681264064850037,-1.0,0.022009355498178087,-0.03585098179823465,-1.0,0.022166697231492304
-0.03458461181152872,-1.0,0.02111512668773901,-0.06264811985361707,-1.0,0.022458417377504914
-0.07584005246325165,-1.0,0.00607094131048393,-0.04025156709167588,-1.0,0.02483675222633362
-0.04248669144729811,-1.0,0.017385055418452554,-0.002014775698341298,-1.0,0.02375489610497859
-0.040437715785354156,-1.0,0.017181406305626912,0.014920588770721555,1.0,0.023074296146781484
0.0021082228469084807,1.0,0.015271317026055144,0.08395829805631272,1.0,0.023420060060661614
0.00523652793734164,1.0,0.015800125848497746,0.12857513343832716,1.0,0.026409848320871628
-0.0042780813910783255,-1.0,0.021233635580713416,0.16007910032204964,1.0,0.025016783389904988
0.02769301232982513,1.0,0.03558758434932198,0.16586537724236128,1.0,0.025074328408815436
0.011080445776571857,1.0,0.03712471353531927,0.17784311269033504,1.0,0.02506165672969321
0.016652289134344134,1.0,0.034993687966214375,0.18327382445310736,1.0,0.02429997347410282
0.005787250194842164,1.0,0.02882632116627253,0.15556410762440542,1.0,0.02242087202797067
0.024154942035043314,1.0,0.02739587616394071,0.25965876428930734,1.0,0.03159240676510094
0.0429840968128099,1.0,0.018364006231897177,0.28222094727869795,1.0,0.02947839821191963
0.048369812684736946,1.0,0.021347786605398933,0.22842489611086714,1.0,0.03166071851636068
0.08810321768937035,1.0,0.02702888664015622,0.22964338992469902,1.0,0.031630330759594524
0.10472079576597393,1.0,0.017670030684472104,0.20473207977600083,1.0,0.03383731320256567
0.08401530203295704,1.0,0.01874426317535935,0.22055287629011733,1.0,0.03509379783161122
0.054504507189349516,1.0,0.0025400744842529856,0.10619119547853995,1.0,0.0409116161863172
0.018916642739979395,1.0,0.023058208766279797,0.11173602636809421,1.0,0.04102191679222157
0.017391742711869274,1.0,0.02264446813183119,0.07969954854728378,1.0,0.04135993512828266
0.09289609737554416,1.0,0.05904937084544338,0.061601393577997765,1.0,0.04115728949388319
0.11559941195993473,1.0,0.04994387720388996,0.047911616267491075,1.0,0.04210563224548944
0.07864803868130388,1.0,0.06098966994721241,0.06887597394751155,1.0,0.04314761424227023
-0.005860432329565013,-1.0,0.015598058891375942,-0.04787424908638682,-1.0,0.03304162288745948
-0.03450477068988722,-1.0,0.019810399622072105,-0.05054050274980881,-1.0,0.033003784639834166
0.040497792863987137,1.0,0.04105498783172898,-0.026828874405214198,-1.0,0.03272945685688402
-0.03534897675678872,-1.0,0.06157574596688696,-0.00885555230294821,-1.0,0.03378515338604986
0.011724742358067308,1.0,0.062039372736753605,0.01578264052746159,1.0,0.03282845575514467
-0.056838025709876505,-1.0,0.04315186807566236,-0.015686596167699518,-1.0,0.029134696566294922
0.009914705288807335,1.0,0.01686239811150009,0.028916362777429816,1.0,0.022348354569245964
-0.04490776736062374,-1.0,0.01805880076992457,0.08667247435311254,1.0,0.031156483086870666
0.006568168112097039,1.0,0.03633025028279903,0.08724016282420877,1.0,0.0311236937548148
-0.016579545288840425,-1.0,0.03879077598274548,0.04841164573824408,1.0,0.033646553081874184
0.01714729294263484,1.0,0.03038724262597904,0.053813506966144065,1.0,0.033123423128020545
-0.01705680967142187,-1.0,0.013665739319999301,0.007067167223092308,1.0,0.031445965648736356
0.0331582644538736,1.0,0.015710854581684332,0.027481806449068502,1.0,0.03070181127918322
0.03181837258738318,1.0,0.016205316092341313,-0.006992057572850818,-1.0,0.03252291164334535
0.05164007110150182,1.0,0.01647853233518212,-0.005843901423274733,-1.0,0.032540745373476065
0.0024229383235893076,1.0,0.022349333510722973,-0.02649342445384051,-1.0,0.031365152235017776
0.08261457618371826,1.0,0.049482295226607076,0.0002699419641173373,1.0,0.03234702151058597
0.04608873328203178,1.0,0.05488664180827592,-0.05164007110150182,-1.0,0.03228035283451305
0.0294099882496216,1.0,0.06081865374677796,0.01573995413638485,1.0,0.03500355649259302
-0.07776673474759221,-1.0,0.012543617123632472,-0.09593179976590938,-1.0,0.02637710564134163
-0.07360482748901942,-1.0,0.014832363455862604,-0.056951205965307894,-1.0,0.028145697508799517
-0.037509384578016,-1.0,0.014410738182624611,0.034388813275186836,1.0,0.030875560490402194
-0.04365827159636004,-1.0,0.017868199986914263,0.10013463301070646,1.0,0.030615868896502828
-0.02996787831778891,-1.0,0.02168379530559022,0.113319011835049,1.0,0.030206191771839693
-0.020816966449035412,-1.0,0.024126177093142697,0.11074043374214171,1.0,0.03029482670130485
0.03908037212435134,1.0,0.010583584682884192,0.10841506552541547,1.0,0.030607548207799845
0.005843901423274733,1.0,0.02696581065500391,0.1425611129345754,1.0,0.03182210417864305
0.044656316913814664,1.0,0.03843569465923416,0.1376055618480847,1.0,0.031904297791389424
-0.013587165546308455,-1.0,0.044838923672550664,0.09763846956391586,1.0,0.03242847641407485
0.0407775984182257,1.0,0.04170542696021304,0.08302638492217251,1.0,0.034123965477073
0.04805884738842359,1.0,0.04473654247911873,0.04020772437035458,1.0,0.03168627904611371
0.11829969802902363,1.0,0.013994284906680766,0.10828373546453374,1.0,0.030644178629657494
0.09666539031133747,1.0,0.02503537436531395,0.07737532812456493,1.0,0.030318232926251007
0.03884223588893887,1.0,0.021378266747930575,-0.01346052069436443,-1.0,0.028536128194327562
-0.03537783908165104,-1.0,0.02230470106899899,-0.09104122988474894,-1.0,0.0278592903756721
-0.0007257772182625022,-1.0,0.038507472521298346,-0.09986710062375681,-1.0,0.02760953579843065
0.00604816165690758,1.0,0.038428973368861905,-0.09567423538749753,-1.0,0.02770397814745159
0.028303776162851735,1.0,0.027781831258079162,-0.040601671273687745,-1.0,0.026996756824858796
-0.05369082658912816,-1.0,0.022971579143328348,-0.08086992936566895,-1.0,0.023413621623578643
-0.052741520563915456,-1.0,0.023413553973054096,-0.07771385699239619,-1.0,0.02355495379753338
-0.002941899645690582,-1.0,0.0388872767368833,-0.061068416729259334,-1.0,0.023508848899057595
0.035126541620618124,1.0,0.020595882099697885,-0.015181045442173247,-1.0,0.0204472170840585
-0.0056093976762954245,-1.0,0.035746908890050104,-0.01176484157958635,-1.0,0.020555719098532804
-0.08102526732025905,-1.0,0.019870428750898696,-0.04622777349266527,-1.0,0.017210500144375397
-0.08057703843698427,-1.0,0.020127894033426085,-0.04565160348357178,-1.0,0.0172102987589021
-0.04337147880419423,-1.0,0.02261453234730404,0.007641402439489631,1.0,0.014730653989968192
0.015061719529410156,1.0,0.011462480865859537,0.09589089991356003,1.0,0.014384769364175303
0.01827139403982536,1.0,0.010330637458847661,0.09428930030096616,1.0,0.01451033215893413
0.02400854005200892,1.0,0.00934609470966799,0.11442478473287343,1.0,0.014781881769102346
0.007837030707280146,1.0,0.0035971227720698763,0.14022934130865028,1.0,0.017711077770797945
0.01199805733436754,1.0,0.002378554592539713,0.1430308683069499,1.0,0.017553253521293045
0.013207494848894386,1.0,0.003035800462035505,0.11905669992860435,1.0,0.019479928186640138
0.011898743590903482,1.0,0.003628050036952472,0.11885222996147371,1.0,0.01948774356134546
0.004655983579219591,1.0,0.005747855936560688,0.07706666361268955,1.0,0.02393522887256343
0.013796846342780555,1.0,0.010840951259634985,0.11483440549085677,1.0,0.02647386992643922
0.06109340608596625,1.0,0.025884283446362285,0.1175258670809659,1.0,0.0264014822373186
0.05936386534755367,1.0,0.026691793008299942,0.06856267143729655,1.0,0.03187656194910371
0.06341190348918957,1.0,0.026574014960238198,0.06840062983505368,1.0,0.03187143144748107
0.0594001609245004,1.0,0.024587295483114665,0.011304991114851504,1.0,0.02915978477184702
0.06701296204580909,1.0,0.020796588134664385,0.040977624432638415,1.0,0.029829433424031947
0.028640455247739838,1.0,0.03125805435386712,0.1387570577228281,1.0,0.04469942576843645
-0.013540080639896424,-1.0,0.011195854440737318,0.043489961847226866,1.0,0.046861343968821224
-0.0539661473598928,-1.0,0.019889709921376224,0.0029521992600816116,1.0,0.04840308171208255
0.00898520041114681,1.0,0.04184943544820555,0.0076081058625596665,1.0,0.04826693231081417
0.010572380710395679,1.0,0.041833364607381004,-0.010451842910946585,-1.0,0.04851436480572926
-0.0038480085961734023,-1.0,0.049196461755608024,-0.013046814685916286,-1.0,0.04870105846747077
-0.032636929313022534,-1.0,0.03673260404242715,-0.1079121883870583,-1.0,0.04814485487590127
-0.04512746988014815,-1.0,0.03500516322288063,-0.09716374845364795,-1.0,0.048491170530692816
0.03177881834289553,1.0,0.01763001293402146,-0.10589613431015998,-1.0,0.0492783686573917
0.13376833137696398,1.0,0.06636032774173957,-0.07783345949707421,-1.0,0.051228460349897316
0.09158513165687576,1.0,0.08526087390299852,-0.06394872460027345,-1.0,0.051316232289657635
0.028987536873252284,1.0,0.09467393339583255,-0.12357709979837128,-1.0,0.05106886466685629
-0.10250849661252859,-1.0,0.019665905838835915,-0.282719283109652,-1.0,0.03139306116194796
-0.06748188539806987,-1.0,0.01377675001884176,-0.2568795512884694,-1.0,0.030167036229196233
-0.0699651613058907,-1.0,0.015198948597046999,-0.210749026444502,-1.0,0.030757480234421014
-0.10653509383847115,-1.0,0.017066771574689325,-0.16519753876449428,-1.0,0.034037402573275775
-0.07613952483230568,-1.0,0.03433503918636044,-0.1927894158915202,-1.0,0.03514834433783979
-0.0966973282204171,-1.0,0.04044287569814001,-0.12467687987610465,-1.0,0.03628217704939162
-0.002558200423038448,-1.0,0.05457366425008393,-0.018566804627519695,-1.0,0.03876895341243886
-0.01191244602677366,-1.0,0.05356251917479959,-0.04062255190920505,-1.0,0.038489043531302225
0.014097852854684234,1.0,0.04004066401169835,0.03241817681585235,1.0,0.03401239794216679
-0.07111749223561381,-1.0,0.024647668478052685,-0.01965919496013835,-1.0,0.031374082488075
-0.10134569503132018,-1.0,0.00751350742833282,-0.04085386652229761,-1.0,0.031586827874434856
-0.05818438977287843,-1.0,0.024743786166261945,0.0044801761589915445,1.0,0.030102499657098703
0.015013247732629131,1.0,0.029305192449403224,0.02927038230011325,1.0,0.027811482964233736
-0.003391750001120686,-1.0,0.03918547102636756,0.07053419620328827,1.0,0.026547973292940837
0.016106985262506646,1.0,0.042868723807935626,0.0710437718049669,1.0,0.026551856123314732
0.04009564029850343,1.0,0.051835330651140474,0.03487642177021977,1.0,0.02524748615631132
0.07602733915000948,1.0,0.03247835331589045,0.07760049102137889,1.0,0.020613612701680436
0.0603977284715399,1.0,0.033235633735867284,0.05467599634669351,1.0,0.01953446722353733
-0.0036505907556571016,-1.0,0.011227265849439571,-0.002345277947946922,-1.0,0.01055090004226998
-0.012143760639866219,-1.0,0.014441884962401803,0.022058763888565536,1.0,0.01121924911403991
-0.013840147802176572,-1.0,0.013518393820198494,0.008778780882055748,1.0,0.01080105598940464
-0.02218791497536221,-1.0,0.015109654264051439,0.0057306747089850285,1.0,0.01103999342018143
0.010042367694265697,1.0,0.016676047783023455,-0.034038942621834156,-1.0,0.019419820742291337
0.008379205873096929,1.0,0.01636697539907679,-0.06462617507986346,-1.0,0.019582401791879048
0.020619287202735648,1.0,0.00960460742312845,-0.08120078539416409,-1.0,0.020910598222537765
0.003674544816969938,1.0,0.0062830735115426,-0.09250056224323633,-1.0,0.020046637770617576
-0.0002607901957667469,-1.0,0.0040601115763373614,-0.06406927010573271,-1.0,0.023503003878899746
0.0028739405803367424,1.0,0.003064027311331285,-0.09259278682782501,-1.0,0.024700428759801503
0.02048561201719612,1.0,0.008535338753378828,-0.13140035153390295,-1.0,0.026275581787951023
0.014500513006902138,1.0,0.009953137328041357,-0.13853681938380957,-1.0,0.025974527924243707
0.004425361901274849,1.0,0.013573048239931726,-0.1293286900183377,-1.0,0.02646948113228159
-0.06824146715026591,-1.0,0.029443467694397346,-0.13882552263678705,-1.0,0.02571750993066696
-0.08724510376409578,-1.0,0.02417245229282244,-0.1488519750105184,-1.0,0.025524255739776555
-0.10911937507851133,-1.0,0.01826892663983051,-0.19056321838409773,-1.0,0.027942573506090328
-0.048419251927136475,-1.0,0.018667069497998033,-0.11428544953762332,-1.0,0.02653650812349945
0.008936110847227674,1.0,0.034530398850986806,-0.08821061676439856,-1.0,0.026619443049298818
0.009227285769074722,1.0,0.034382125530735407,-0.04140153669816815,-1.0,0.02606940120057746
-0.03522524447369668,-1.0,0.042246778987089555,-0.026598089969175565,-1.0,0.026811040089552683
-0.07472833947384361,-1.0,0.019672091401681597,-0.0583856789113939,-1.0,0.024030753660823655
-0.03386196261017593,-1.0,0.025636277490667155,-0.02882715262601776,-1.0,0.02246980787663638
0.013060440914312021,1.0,0.00619531388852156,-0.02358029448711596,-1.0,0.0217073225579504
0.004185357380193322,1.0,0.011277062619823643,-0.03972413523537521,-1.0,0.022249990741049008
-0.056809166464485195,-1.0,0.030110510982033347,-0.09264153478097459,-1.0,0.024707925813977277
-0.04370139405110218,-1.0,0.036074040818615635,-0.0894002230251898,-1.0,0.024898145381802538
-0.026603745517975952,-1.0,0.038079695011006456,-0.08657753750343233,-1.0,0.024869024068420675
0.040042306607418254,1.0,0.0072729783143954015,-0.04762804898925466,-1.0,0.020673632960840047
0.03926810764131128,1.0,0.006929107993902293,-0.05607169345480023,-1.0,0.01991671878835582
0.03876104870023234,1.0,0.007206337660993363,-0.05899834076195587,-1.0,0.019797991577624036
0.021801669841225113,1.0,0.010924254937306713,-0.10428755418149893,-1.0,0.02005466226394524
-0.03220744899163708,-1.0,0.02122416258772995,-0.12041534786314889,-1.0,0.018500227260370206
-0.05606679579782492,-1.0,0.01625510154915092,-0.1184463855977893,-1.0,0.01865400669389759
-0.09767634476513276,-1.0,0.01272521638748102,-0.14401024463548295,-1.0,0.019170945173001917
-0.052759487623761814,-1.0,0.027030287215891256,-0.13261410162609577,-1.0,0.018192383152150094
-0.0426680448878638,-1.0,0.027422043123522744,-0.1267854057419322,-1.0,0.018042821666367094
-0.011795680672765263,-1.0,0.012300219312849157,-0.07295604254446109,-1.0,0.015494298412839787
-0.010372864480712618,-1.0,0.013109527258273844,-0.05979861671270781,-1.0,0.017119554167108947
0.0009754512235005119,1.0,0.012441262431557756,-0.0493433425184715,-1.0,0.017176657064008772
-0.01661719858482602,-1.0,0.022228287291457597,-0.029773063822790435,-1.0,0.01717498856480242
-0.025075546767037382,-1.0,0.019341068403955348,-0.04464432235753946,-1.0,0.016603860439040347
-0.0206869961356011,-1.0,0.020702736360185287,-0.04282812201281461,-1.0,0.016674869062712833
-0.01792102061275891,-1.0,0.01911381195389743,-0.011120586380712227,-1.0,0.01433446339382428
-0.04440620275458396,-1.0,0.01900484784789549,0.0030025043407084784,1.0,0.01523848595829948
-0.06440581594196781,-1.0,0.007657811005880431,0.00628412850214044,1.0,0.01539906974471824
-0.026622142674110894,-1.0,0.017046572492958916,0.02825616845039325,1.0,0.012795092185455232
0.02005599728962615,1.0,0.018313572451882792,0.06523684518829609,1.0,0.010198784416126682
0.0347740183355969,1.0,0.010851293410874957,0.07299523115579443,1.0,0.009111182663848433
0.03138729804890539,1.0,0.011288933257351795,0.09422658343351675,1.0,0.01162563051677386
0.004781429874455734,1.0,0.00493796943352045,0.037296444374521176,1.0,0.015694950655521542
0.007490671729157405,1.0,0.005210158275857679,0.017951371133212435,1.0,0.0168057662260498
0.0020352788572521874,1.0,0.0039214277939964345,0.05322690762294524,1.0,0.02044624930407365
0.022571279931210553,1.0,0.008495340011745942,-0.004439139951551985,-1.0,0.027880670212703667
0.028425254379353948,1.0,0.00808836646987255,-0.01641623733466191,-1.0,0.027907996095399124
0.021455734218346567,1.0,0.011855843313308639,-0.005436642680742398,-1.0,0.02817203645620351
0.017828138093003654,1.0,0.01042756959343476,-0.05020689010329682,-1.0,0.0285924867446626
0.002305286711686172,1.0,0.011037560791722266,-0.02233798499070394,-1.0,0.0309113250039255
0.03934827230901261,1.0,0.018173125629616635,-0.025530442742368376,-1.0,0.030963428088416275
-0.007884403524148764,-1.0,0.03248751687234079,-0.01185003991749567,-1.0,0.031831094892313554
-0.02026984168698509,-1.0,0.03374961857535475,-0.0013166558847468313,-1.0,0.031848115867381184
-0.009612377761666124,-1.0,0.03975238917836165,-0.03438548296688371,-1.0,0.03029586005595619
-0.03695415445161743,-1.0,0.051613521875731976,-0.010276901321895293,-1.0,0.028827115817370432
-0.02687693673871694,-1.0,0.05142205532333081,0.018623750780316417,1.0,0.028503364740759225
-0.05662827144643545,-1.0,0.03782424170384804,0.023859888040511867,1.0,0.02920606488608608
-0.023196470220534282,-1.0,0.019816739991495268,0.07386349130757819,1.0,0.022092585165073994
0.022503506723311917,1.0,0.033118637279061426,0.09374155203169843,1.0,0.021712887428031874
0.00136193415672059,1.0,0.03392329422280468,0.10716467933887319,1.0,0.022286275920416702
0.056184988278804804,1.0,0.02475254794686783,0.12742698421720733,1.0,0.01990427942955457
0.02332661581764328,1.0,0.01829384399896006,0.09113301297122312,1.0,0.0180090681463023
0.03049323208449728,1.0,0.015182979964654682,0.10120080424878375,1.0,0.017381940931077866
-0.006311264928548388,-1.0,0.00745133349198767,0.05319545763734834,1.0,0.01817923985179305
-0.00032943502192184226,-1.0,0.010566090218886619,0.0754716194155598,1.0,0.019372250007898422
0.04863299324572945,1.0,0.028622821919864205,0.06855273063477574,1.0,0.019740155075015847
0.047186238177856055,1.0,0.02928020659313626,0.0667021235460381,1.0,0.019877554949885475
0.04824086451266507,1.0,0.02920607067862679,0.09545993645005568,1.0,0.02222333934772043
0.026676519851925873,1.0,0.01848186133972259,0.0618628289769696,1.0,0.018695674601235543
0.030367022689094858,1.0,0.01650671165357544,0.06907763161583769,1.0,0.018237055013658254
0.019894967662836605,1.0,0.016911744306984923,0.0711882620503872,1.0,0.018316122758812798
-0.004601940933368853,-1.0,0.005078131757214721,0.031040611745337454,1.0,0.01809832860323461
-0.018046538301054182,-1.0,0.012827595054953657,0.059553870464166936,1.0,0.018538202540892446
0.007665222261979965,1.0,0.024230308893506632,0.0049125060414312305,1.0,0.024968227119016126
-0.0021548415295107315,-1.0,0.025204764033788032,-0.0006151953439179625,-1.0,0.025008848625777118
0.007195400980141375,1.0,0.021828562332996862,0.044520014968225885,1.0,0.02499577457623783
0.01965888201257404,1.0,0.029014965848220685,0.06101981483743968,1.0,0.02681464887883929
0.04194309158792331,1.0,0.02575080342574557,0.0542780497458748,1.0,0.027202057688160433
0.049561746247655636,1.0,0.022103553051592114,0.08052216302145632,1.0,0.026852286794350345
0.023969190112996586,1.0,0.010265926454840708,0.0026917916657116514,1.0,0.027466781823847822
-0.00414569737970627,-1.0,0.01473518362978354,-0.05622018077659563,-1.0,0.03004417715192245
0.020843261537424107,1.0,0.01906894262702683,-0.046449387681732235,-1.0,0.03020088505492814
-0.04638078834611936,-1.0,0.03697188619606507,-0.08192068829937638,-1.0,0.029981821643100263
-0.03625774802262427,-1.0,0.037529904072732094,-0.10042710653987053,-1.0,0.030887470673441976
-0.03308039379699523,-1.0,0.03895419424968395,-0.11079847817481703,-1.0,0.03012232750941543
0.06377253105798841,1.0,0.024476241401867476,-0.061582201129288805,-1.0,0.026821961585892274
0.05273840356028203,1.0,0.030414438051107676,-0.07372934561694433,-1.0,0.02702868132945599
0.04319754903337181,1.0,0.02985122991884514,-0.03576722385863129,-1.0,0.03257136938978188
-0.038669141159153986,-1.0,0.026399157226526207,-0.04345956948178675,-1.0,0.031623310344593765
-0.06855513893454712,-1.0,0.03281465803928575,-0.02572203894041092,-1.0,0.03142445463990241
-0.07740980445553292,-1.0,0.027744404680289256,-0.01975085986995828,-1.0,0.03176219558682596
-0.06064328985209144,-1.0,0.025733278188457952,0.019521471745019836,1.0,0.029650632295119245
-0.048352623142981166,-1.0,0.0200367825075578,0.07669471875710565,1.0,0.025717896793154574
-0.043505828955660686,-1.0,0.022718345330344877,0.052364814573310214,1.0,0.026698605225862634
-0.02604230117603179,-1.0,0.022441049376368368,0.0851319011011753,1.0,0.025513551269022813
-0.009559987099698075,-1.0,0.013764390708609912,0.12243826664122182,1.0,0.022212026888424993
0.0419508605191905,1.0,0.042341005116687834,0.1280800142491294,1.0,0.02228467064761375
0.08189516270549047,1.0,0.04028866773968072,0.11582672593562271,1.0,0.023256517542480294
0.10074571023681544,1.0,0.03018695442982538,0.09774630786818594,1.0,0.025591151033478206
0.05921391302204482,1.0,0.01715679984094061,-0.05666422060033782,-1.0,0.03349628850123174
0.024311900067652603,1.0,0.010954308833707313,-0.10629465864962317,-1.0,0.030927090540677733
0.03386161876296945,1.0,0.009646072357692055,-0.10906107496408057,-1.0,0.030848204468700905
-0.00529413001226442,-1.0,0.015286405874800606,-0.10376471000741838,-1.0,0.031347738848545206
0.004967139504064022,1.0,0.01737583064178607,-0.10751084392262644,-1.0,0.03125639587582523
-0.0026090752588650012,-1.0,0.015663527613535108,-0.1289921201911033,-1.0,0.03057661287909579
0.0322093707201585,1.0,0.006228439611928541,-0.1794357218750131,-1.0,0.03488865999353669
0.004652523658415619,1.0,0.016267346360793297,-0.19328201584198657,-1.0,0.034147158678835464
-0.034251945872733947,-1.0,0.025904748463219312,-0.1636294237818019,-1.0,0.036716399536602204
-0.14279337433027672,-1.0,0.039720073661349886,-0.1681449655276912,-1.0,0.036402267554854935
-0.14022622187975542,-1.0,0.04076069074894652,-0.1482691606792157,-1.0,0.03676243117333993
-0.10606167259545107,-1.0,0.04957214059897717,-0.13934148406941782,-1.0,0.0363542847859437
0.012113423614964258,1.0,0.020071444162088517,-0.032131278182793155,-1.0,0.026644432256212096
0.023095714794649336,1.0,0.0159080544987117,-0.015472895303244583,-1.0,0.02647622577080722
0.013930573535946733,1.0,0.018914146216792427,-0.009058944688751902,-1.0,0.02655454174515301
-0.08096514187985915,-1.0,0.03645084407658098,-0.029054536303782408,-1.0,0.025318634020724845
-0.0808040324152961,-1.0,0.036505525047110264,-0.027444274917010736,-1.0,0.02532371424381986
-0.03724637884956361,-1.0,0.05205755284068235,-0.009265453445790106,-1.0,0.02537496061732384
0.04350012706748041,1.0,0.018063522750120253,0.07672577469580077,1.0,0.013988834045561208
0.04966537882118649,1.0,0.015378490155284585,0.042574347926475964,1.0,0.018594146839676504
-0.00996400616034987,-1.0,0.019947583194955973,0.013582551765868978,1.0,0.016022377745796634
-0.0067796869853786745,-1.0,0.02120705143462067,-0.04032943566710623,-1.0,0.01983494797601069
-0.007429956503784307,-1.0,0.02111349191784297,-0.049311834536082566,-1.0,0.01969904880592971
0.024220866785214845,1.0,0.006179718389991706,-0.02164133325498141,-1.0,0.018498781571336873
0.015190165493975005,1.0,0.0014522406158917031,-0.04096372791996794,-1.0,0.017720233692192274
0.011124335180883183,1.0,0.003794775083611328,-0.043296805753324286,-1.0,0.017651397600783287
0.013724064778908529,1.0,0.0046852519141338264,-0.05900392708886204,-1.0,0.01747618663684981
0.024815169119724034,1.0,0.008905107303014474,-0.08527692952391641,-1.0,0.017622682340993186
-0.010785409571809401,-1.0,0.028637512276166073,-0.07625059962718828,-1.0,0.01810831882819925
-0.014398373637904527,-1.0,0.027952025709606206,-0.05782352859675921,-1.0,0.020136001364368238
-0.0735550832954266,-1.0,0.025494784330224448,-0.11851860023533733,-1.0,0.02168250945051217
-0.04222080364137204,-1.0,0.02467809192864,-0.10156487420428517,-1.0,0.020315594898178486
-0.04518789118120026,-1.0,0.02358266553445174,-0.10367559529290693,-1.0,0.020199757499893504
-0.007413979238240387,-1.0,0.0036858365463225975,-0.049388302920266414,-1.0,0.01800478314703408
-0.001414927721026027,-1.0,0.0032852171933991127,-0.039659126669096656,-1.0,0.018182636116477045
-0.013141727048665786,-1.0,0.0055130129766146965,-0.0381204012872729,-1.0,0.018227018534112117
-0.029123036109973466,-1.0,0.010645813842523727,-0.014635278178794398,-1.0,0.019329574105787097
-0.021829458692980808,-1.0,0.014478213166784383,0.006703147342590254,1.0,0.02050440030981266
0.014904463271011359,1.0,0.023681246467949724,0.017367085447837827,1.0,0.02023637167134011
-0.008426501591696889,-1.0,0.036469401841255696,0.02129659986050947,1.0,0.019882501954655723
-0.0360996841489063,-1.0,0.035725574561948,0.018993582988812152,1.0,0.019824228974372027
-0.060250440334052247,-1.0,0.023098426065311452,-0.022440834846275903,-1.0,0.01860904885258503
-0.004424785980355672,-1.0,0.01618726446469009,0.01061309138418487,1.0,0.013668279556145097
0.019684943893816476,1.0,0.005061367042087405,0.024088620735051025,1.0,0.012347416447765377
0.020367302824433775,1.0,0.0048046367097784376,0.021832504551761778,1.0,0.012354378147298214
0.02733904550323163,1.0,0.00880331354189207,0.008830079448272077,1.0,0.011916918409485902
0.04494734629066088,1.0,0.01023594372259355,0.012790234656129496,1.0,0.012093008491731621
0.04234575968644494,1.0,0.011722270678851779,-0.01924559771523371,-1.0,0.014789372098871266
0.0068088419293304,1.0,0.01939552044586044,0.030804347485545946,1.0,0.02484291347306533
-0.00953902304675891,-1.0,0.011669031563370237,0.04503252705659855,1.0,0.02617918266050655
-0.02490345702310237,-1.0,0.012457929321732333,0.05002756044457035,1.0,0.02616599090329045
-0.019110010068021488,-1.0,0.010957901347064534,0.02678102267764193,1.0,0.028568982492966515
-0.031004646402667424,-1.0,0.0044123047271308205,0.0457936409389037,1.0,0.02931756734659786
-0.015977100936014565,-1.0,0.00545220153972524,0.05023004922741947,1.0,0.029090471224880107
-0.006207797916268465,-1.0,0.003312750502417393,0.064493015915839,1.0,0.028724896289817014
0.008386557814894946,1.0,0.005188299709843206,0.07476162675976772,1.0,0.02851256270489768
-0.02071079944256171,-1.0,0.01948914801269167,0.07269513604314182,1.0,0.02855740474570424
0.0493133135405055,1.0,0.04946133043892841,0.0669394826751093,1.0,0.02872963422923817
0.07718963869112994,1.0,0.04991216324905108,0.030397477184371136,1.0,0.030258503096805566
0.111618917846249,1.0,0.03180080845251558,0.040642606233829204,1.0,0.029429341647017045
0.002785517121426384,1.0,0.03830869983665211,-0.019007964045176573,-1.0,0.021161914695376215
-0.008777909164453757,-1.0,0.033155784520547106,-0.04503252705659855,-1.0,0.017984771027236536
-0.02470096824025325,-1.0,0.032349657418031766,-0.05955984798025549,-1.0,0.017778537584872807
0.018601983170175584,1.0,0.017771370721588867,-0.009783446309070909,-1.0,0.014477850510471506
-0.0020366605818034067,-1.0,0.008273907466433365,-0.07973191614151665,-1.0,0.016976122993641866
0.0064879858797077805,1.0,0.003362020324236239,-0.07910104771438475,-1.0,0.016964999219682298
-0.003761331156998171,-1.0,0.00547120460188603,-0.092549488901152,-1.0,0.016660367579948585
-0.03597759176050164,-1.0,0.013888184876362923,-0.12854409261268174,-1.0,0.017495394078685084
-0.052763329251874325,-1.0,0.010678991615673915,-0.14517137341365838,-1.0,0.01737481772721821
-0.03663413317978037,-1.0,0.019488164318670734,-0.1363248958746579,-1.0,0.017816531119255113
0.0017596344501602523,1.0,0.016524441657541782,-0.0864031531445113,-1.0,0.019390499073974155
0.011416463632164309,1.0,0.010952643624783617,-0.07950463932587626,-1.0,0.01912594214262719
0.012010034857532048,1.0,0.011114934164603076,-0.07602331462779088,-1.0,0.019419265398670518
-0.043477298249371854,-1.0,0.02799177908383456,-0.0478939414244659,-1.0,0.023014863363687674
-0.04424216797438252,-1.0,0.02791779264033071,-0.04870148417114728,-1.0,0.023031470722770068
-0.0641640594219055,-1.0,0.020347112125989896,-0.05114546380113305,-1.0,0.02290404012880104
-0.0508488370529685,-1.0,0.012659597131467722,-0.016663966422641785,-1.0,0.01920964696900065
-0.059582339819565844,-1.0,0.011020494976678017,-0.002970666870865335,-1.0,0.01908420556901454
-0.047536738130504075,-1.0,0.017098678067842543,0.014126628975134059,1.0,0.018953176623317563
0.006163347707668798,1.0,0.020231813821269044,0.032316060518127854,1.0,0.01668836921193803
0.012903404835907795,1.0,0.01694380172742538,0.045016255953026496,1.0,0.015601394555064103
0.02366744806708665,1.0,0.01745861572096986,0.050900598525445595,1.0,0.015646046543253297
0.04026884617020565,1.0,0.025162115853403052,0.04284759138262917,1.0,0.01496688315954388
0.04221961878689329,1.0,0.02419939370407711,0.05001042057466143,1.0,0.014440984098247697
0.03688788568418988,1.0,0.024498064705074964,0.03132922768036228,1.0,0.014394717467792752
-0.012247323247547737,-1.0,0.010289631397279224,-0.025781364416394892,-1.0,0.0101939155748822
0.0014886493258994271,1.0,0.009616325814665235,0.022828679152308684,1.0,0.015318074800686466
0.0011080333543616039,1.0,0.009473414167625578,0.008830079448272077,1.0,0.015361845468359428
-0.0018688101121988598,-1.0,0.01116968719690415,-0.027637572063650362,-1.0,0.020509873743101936
-0.011595416995674013,-1.0,0.010505610527298715,-0.04137997835320162,-1.0,0.020503558684416133
-0.010762768580192539,-1.0,0.010953873060260313,-0.06323507666297523,-1.0,0.020421843748763997
0.016694878572170113,1.0,0.010122731991119354,-0.04828524115946209,-1.0,0.0203380497428101
0.017897569457542728,1.0,0.00945995860745931,-0.028622446177350325,-1.0,0.020979078193255434
0.004096077222003336,1.0,0.011025373258262973,-0.01579574022764252,-1.0,0.02187734070350715
-0.02836010962881841,-1.0,0.0077485690271591285,-0.031013133735626308,-1.0,0.021338188444266513
0.015037877364540542,1.0,0.03010092743040643,-0.025829622377446793,-1.0,0.021350009231710834
0.014388737452099676,1.0,0.030217023931569328,-0.019133954586543878,-1.0,0.021340389320292162
-0.014103530894803207,-1.0,0.042940895025054084,-0.011802916383141904,-1.0,0.020917018677046186
-0.06272000817961088,-1.0,0.022549501439904952,-0.048480783565128194,-1.0,0.016827574967699342
-0.0709571227568857,-1.0,0.020248960768292315,-0.028987536873252395,-1.0,0.017525692542028647
-0.022516479208010587,-1.0,0.008219527556115543,0.007267195876512256,1.0,0.011120150754612923
0.001162115180177281,1.0,0.014277005147138078,0.01576652540774326,1.0,0.01066956952408581
0.036676567855140174,1.0,0.009874100949949305,0.021397431808424905,1.0,0.010017390158819972
0.033966985996005894,1.0,0.011349560613567799,0.022516479208010587,1.0,0.010020451441210094
0.02069039325744626,1.0,0.012310533768173183,-0.01994200983177352,-1.0,0.012520889509878445
0.0007578628631019768,1.0,0.001218966117306686,-0.06297290378790033,-1.0,0.011542607683629514
-0.009149892276334004,-1.0,0.006927030320991091,-0.03908410009437824,-1.0,0.014093932125295677
-0.0076132838231408595,-1.0,0.007390755623242792,-0.06623380132800816,-1.0,0.015499727161387781
0.004535155165391158,1.0,0.01218445145826324,-0.09614386055290236,-1.0,0.016691112011293995
0.004966581364850953,1.0,0.011962664093225982,-0.07266541651974001,-1.0,0.017651618678671842
0.0015273007932605775,1.0,0.012035270708997447,-0.10761329539194109,-1.0,0.018981489355685107
-0.020572154075208404,-1.0,0.005029185377362116,-0.08907026180175759,-1.0,0.02154011327227467
-0.007267195876512256,-1.0,0.005857962326993503,-0.07763199788459096,-1.0,0.02163889131840844
-0.0345464200593395,-1.0,0.01573189661338203,-0.05893299733479629,-1.0,0.02270428774592168
-0.047693767741185056,-1.0,0.016419288213001235,-0.054174146839488735,-1.0,0.022671455992765228
-0.02763359330638293,-1.0,0.02786793938509023,-0.04917411502843949,-1.0,0.022861070908204485
-0.025601398238788375,-1.0,0.027183748345014865,0.009042719373738128,1.0,0.02340045356950682
-0.03241309390190006,-1.0,0.029084136348985296,0.02982921497532076,1.0,0.02231008426207528
-0.04273120870169578,-1.0,0.023133253589571166,-0.006731365745768825,-1.0,0.021781169010497283
-0.04899277788707379,-1.0,0.02498554153567828,0.015678713133014943,1.0,0.020273734154326997
0.01160875391653593,1.0,0.033082433858114074,0.05595297996965698,1.0,0.018053575310395344
0.0,0.0,0.032248411330397145,0.04666977228062419,1.0,0.01788849689071052
0.05020759885040538,1.0,0.01551843456139608,0.07774875287437766,1.0,0.013928504219664227
0.01432396088706045,1.0,0.011333828316739306,0.027242994019562428,1.0,0.013183028170909205
0.021190686979639217,1.0,0.010818749807985226,0.0028788833373014633,1.0,0.015154738411909658
0.03342929664919492,1.0,0.01718646188322718,-0.019203858799405005,-1.0,0.014169767502168319
0.03630959407362444,1.0,0.015948804027627304,-0.045727001850986326,-1.0,0.016469473895347465
0.014809155976287736,1.0,0.02243485446320339,-0.058962697127014074,-1.0,0.01606749103873098
-0.01896540447951156,-1.0,0.006634708912660346,-0.07896696555229199,-1.0,0.012856003161239589
-0.00628932890756384,-1.0,0.012760226048693077,-0.06099204824342719,-1.0,0.014486836219963776
0.010669929324697236,1.0,0.007749078914291497,-0.028204931692644042,-1.0,0.015729820615651743
0.013077261854288924,1.0,0.006620770993541881,-0.02996175537477086,-1.0,0.01575453182261573
-0.017101232033558622,-1.0,0.011483744003379977,-0.05428631291718777,-1.0,0.015349395322649754
-0.043790888943322726,-1.0,0.011537691221986857,-0.04338029563022516,-1.0,0.016147182996442844
-0.046745012823377285,-1.0,0.00987696995164405,-0.0405759617966619,-1.0,0.01619962263470458
-0.058646034983488304,-1.0,0.013476158520463764,-0.016990699995445224,-1.0,0.015594570453151824
-0.04065089348467632,-1.0,0.014755449575475333,-0.004115232145106562,-1.0,0.014325254377491175
-0.026333810103692068,-1.0,0.02037712042683917,-0.002478316014467019,-1.0,0.014289532306296867
0.02104454768118358,1.0,0.011427946045237097,0.017289066530452812,1.0,0.011295792244181504
0.04556692141065777,1.0,0.004801235726498805,0.017384368270943806,1.0,0.011290466536418957
0.03003980569800957,1.0,0.013684133975923886,0.015966725754181565,1.0,0.01120233319774133
0.0004164064186755745,1.0,0.016694998575005743,0.014882457403952998,1.0,0.011069805173064771
-0.004505434612883885,-1.0,0.013931148637246434,-0.006560089126548263,-1.0,0.009576248412380403
0.002463055432397887,1.0,0.013444167123480668,0.013472340940767102,1.0,0.01030722627720088
0.020194380888183927,1.0,0.006604016487836064,0.02548432201348172,1.0,0.009370421266145445
-0.004525825458204125,-1.0,0.008139677030719439,0.0024600258408622455,1.0,0.009057120422737798
-0.008647367041182408,-1.0,0.007786286065431254,0.019086873854736064,1.0,0.010400483763198656
-0.024366268457590268,-1.0,0.004531044469674737,0.026571611607203005,1.0,0.010832960940987922
-0.019151293068625952,-1.0,0.004041863491156686,0.03723619176373205,1.0,0.010092496076151744
-0.007888768335043483,-1.0,0.00989737636253669,0.055502784322687404,1.0,0.01047652691362164
0.018637938554683764,1.0,0.010746617952103002,0.08875177911364496,1.0,0.01041952702210464
0.0216224640131657,1.0,0.009146181896020043,0.08420514531783341,1.0,0.01099582380829872
0.027545420884595107,1.0,0.010111495335543742,0.09307189665661486,1.0,0.01138611611228192
0.011018271028204296,1.0,0.009235967855496897,0.08492330051253338,1.0,0.011107834980591076
0.004514680354526623,1.0,0.011803388262788855,0.11196147031634718,1.0,0.011721647220539607
0.008077588346366849,1.0,0.013752103466538792,0.09619454864374632,1.0,0.011995052559525638
0.021281670481905213,1.0,0.014176411615577079,0.05449433441904006,1.0,0.01886053181607664
0.03025034046466568,1.0,0.009150037834701493,0.07720367860660993,1.0,0.01851793739339451
0.027768543426768932,1.0,0.008153673060357653,0.06388464690961149,1.0,0.01816679032034348
0.037813899048851685,1.0,0.011472857240781264,0.06907232800441432,1.0,0.01841039183490961
0.027817660485475404,1.0,0.017056776767819887,0.06758809767628327,1.0,0.01845750328999465
0.029680343998883973,1.0,0.017420063669093877,0.045505843832681636,1.0,0.018498521308595393
0.01480945995357219,1.0,0.01380663852375571,0.040117844599078856,1.0,0.018065112186686983
0.04937878901167947,1.0,0.008529662722419132,0.027440746154953732,1.0,0.019248039008998456
0.03066807287172657,1.0,0.013224151937519862,0.03287557928693685,1.0,0.01969068498618005
-0.01941069506528903,-1.0,0.03382045501744341,0.03336113679986363,1.0,0.019702002817893204
-0.030243111355210628,-1.0,0.029097469584761913,0.0022042624648739295,1.0,0.01859058833622238
-0.02423231338776799,-1.0,0.03017369506549684,-0.007022760335838152,-1.0,0.01885425177779842
0.03585966406727947,1.0,0.0067021263736555875,0.023172926741481747,1.0,0.014187444255277936
0.02063475953433902,1.0,0.009745286294251237,0.029875261433829126,1.0,0.014812773701237672
0.009389740349839082,1.0,0.012783988530700586,0.04861045350312021,1.0,0.015989012718698514
0.008859415643516222,1.0,0.012484416630719454,0.03747937302356541,1.0,0.015446426583082689
-0.012329691035854129,-1.0,0.01998859562487082,0.04537159964702653,1.0,0.015400361935579615
0.01705007945313919,1.0,0.02471804902310275,0.026923994012132857,1.0,0.01734089257722313
0.008052752154356968,1.0,0.023145103516918893,0.0095099473120277,1.0,0.01670620797758944
0.024142305321599666,1.0,0.01462856114860052,0.08396790320039038,1.0,0.020577179852071525
-0.009230266751048433,-1.0,0.009855642625644203,0.06302138409738145,1.0,0.020007047589777248
-0.029598905123670916,-1.0,0.0029554327773105935,0.07444643890259539,1.0,0.0204200395814174
-0.002572112386255432,-1.0,0.018464371679632535,0.07967566784559477,1.0,0.02017668578614403
0.03140090045119037,1.0,0.019781231190908206,0.13023404840862463,1.0,0.021464498627779174
0.050166110349363136,1.0,0.009008317766476506,0.109108645982813,1.0,0.024226134164877806
0.03613109774753642,1.0,0.009725555239407003,0.08123065859813816,1.0,0.02437493750541454
-0.012296719141148271,-1.0,0.01823429153781945,0.06942412284129573,1.0,0.023881465220711395
-0.019110010068021488,-1.0,0.016616102796381572,0.039907290591854716,1.0,0.025285660297472368
0.026266612517509724,1.0,0.039271660250193303,0.03829218262257683,1.0,0.0252720564239008
0.05314746953838778,1.0,0.02952295676325651,0.034689693218191264,1.0,0.025657830891079196
0.07298924374492466,1.0,0.02537916188378716,0.013379335359036348,1.0,0.0266229140194886
0.01985006996680405,1.0,0.01124410787413241,-0.022724277959671912,-1.0,0.02201798175542784
0.05798239756019474,1.0,0.020607261509023676,-0.029058582306837,-1.0,0.021999214292943728
0.005063301956546695,1.0,0.03674479833527361,-0.043221939202915394,-1.0,0.021078137973797876
-0.001017121633712037,-1.0,0.03716184417944805,-0.09260290234705448,-1.0,0.025046311200496534
-0.02940902511613852,-1.0,0.022547720630921378,-0.15387936094451304,-1.0,0.0202525297096833
-0.01903524504159515,-1.0,0.017293153436527285,-0.13074547411195492,-1.0,0.019184377788173307
-0.006807378228024907,-1.0,0.018318468414500393,-0.11718958898558207,-1.0,0.019796032793857974
-0.04703114876425274,-1.0,0.017954247565905836,-0.11614956164864454,-1.0,0.019899450570980602
-0.045637965300839856,-1.0,0.01768348741449938,-0.10064352577968738,-1.0,0.019449395480772493
-0.03474984806473902,-1.0,0.023875624843179722,-0.09074411741931376,-1.0,0.020252600289288884
-0.010600805986640482,-1.0,0.018700804880762402,-0.06311013345047023,-1.0,0.019165472431620808
0.016387969182972917,1.0,0.01014505794930883,-0.019220899980605166,-1.0,0.019921014371023484
-0.05002855442057852,-1.0,0.02991053060870217,-0.038570288233217065,-1.0,0.019163631987648796
-0.0668383810774813,-1.0,0.028034928296015338,-0.02554555172801498,-1.0,0.01944433748205421
-0.08246023295249283,-1.0,0.020886278796280758,-0.04813666749755319,-1.0,0.019749409728794562
-0.025603808272239625,-1.0,0.01385443968391312,0.010355122115204285,1.0,0.013350713880808147
0.008320774179729984,1.0,0.01176990631205246,0.019556847446655867,1.0,0.01216642042615464
0.011066703290672386,1.0,0.010253028338704099,0.023137766497223877,1.0,0.011887740773608765
0.0196380933382434,1.0,0.012266206992988103,0.0559923812921328,1.0,0.01600987976305132
0.006008279433921571,1.0,0.011451340904217464,0.08619497351538974,1.0,0.019375031608371427
0.03578466049824236,1.0,0.011911728103240666,0.08612546919265207,1.0,0.019379849829718368
0.01742398112135768,1.0,0.014265709213678195,0.05564060003170179,1.0,0.020282212261445925
0.026963775735814766,1.0,0.012951078780251755,0.06626858492682075,1.0,0.020239861700530114
-0.012527798333975104,-1.0,0.012854475181786545,0.05900787629564541,1.0,0.019799213967856357
-0.0011031440721571695,-1.0,0.014647310042136603,0.06508963716144045,1.0,0.01963663248865827
-0.021735981902810453,-1.0,0.01323592097352401,0.049761509559064,1.0,0.019920718405143974
-0.011185798957715765,-1.0,0.010317910094473696,0.049901893022122445,1.0,0.01990703006540452
0.020033450904688888,1.0,0.028104961372543622,0.0332881676167025,1.0,0.02020948872848436
0.07495890024846386,1.0,0.027527473019621936,0.026825051410281908,1.0,0.020724837402567517
0.07405440598610058,1.0,0.028048502709805995,0.01562531790308075,1.0,0.02140609683821339
0.019286312077812395,1.0,0.031684240196432574,-0.030388573019893172,-1.0,0.017873974495181643
-0.013918109154647418,-1.0,0.012911609072158986,-0.07831648594331009,-1.0,0.010800661487155933
0.0086670676012357,1.0,0.01640651513151344,-0.06807307974249066,-1.0,0.011105898509672881
0.026873018251096337,1.0,0.006288329534494208,-0.05339928418868789,-1.0,0.010690418400523928
0.010456700368058014,1.0,0.010971900124873082,-0.07491688097988303,-1.0,0.009913196205594473
-0.02163378160749807,-1.0,0.00977829116339552,-0.07748585953339115,-1.0,0.009429764524229355
-0.03290461361689512,-1.0,0.0054296571475030845,-0.09190688667261693,-1.0,0.009110015329681243
-0.044672440051592543,-1.0,0.005281650924731708,-0.08386414709908663,-1.0,0.009459212808090452
-0.04546237407675746,-1.0,0.0054660412877472605,-0.06371581438610763,-1.0,0.009280746945381651
-0.04364328973190679,-1.0,0.0065142002855350664,-0.0556105230546009,-1.0,0.00929400616504057
-0.03018263710512814,-1.0,0.006872120260655506,-0.05553877321651868,-1.0,0.00928416734059174
-0.00964399165947083,-1.0,0.005127830897792607,-0.037995919038551484,-1.0,0.008332247983204774
-0.003724399090982322,-1.0,0.003916681738245941,-0.030957549549341268,-1.0,0.008282482106998182
-0.010518504191220357,-1.0,0.007598970557369839,-0.04119575643826723,-1.0,0.009068940138819884
-0.0007457121896647934,-1.0,0.012221945543992235,-0.09166420679340748,-1.0,0.01546052656848939
-0.011634584232832701,-1.0,0.014084531522239709,-0.15421287081580415,-1.0,0.022156450283442958
0.0015094342488544132,1.0,0.012208582740030154,-0.1435076193675826,-1.0,0.022407395298431134
-0.007863736460214543,-1.0,0.008183043737870911,-0.1694984926024219,-1.0,0.021055733878336255
0.003391750001120908,1.0,0.001882106812050533,-0.16592222262948275,-1.0,0.02111365490539741
-0.016347066169024593,-1.0,0.011549489481984159,-0.1384995419512578,-1.0,0.024146151947763258
-0.019742478729201318,-1.0,0.010416564573661176,-0.1554673357120051,-1.0,0.023709279738244132
-0.018990316226647153,-1.0,0.010633790605092185,-0.1446648373559496,-1.0,0.02440948836990886
-0.01583962032687669,-1.0,0.008815092015163678,-0.12042162290528924,-1.0,0.024817788147826148
-0.06331227941432682,-1.0,0.024422801232532786,-0.12393690123076162,-1.0,0.024714034975901536
-0.1269797203574452,-1.0,0.024576627689677152,-0.14854271203296188,-1.0,0.024799834213105342
-0.11283036712053574,-1.0,0.03241825014576309,-0.1357590611777466,-1.0,0.02492983671018712
-0.07857999799867921,-1.0,0.03303099132856903,-0.10681400428580945,-1.0,0.02233830332122397
-0.023343936046511304,-1.0,0.006175089885277741,-0.01934126225685384,-1.0,0.0162976369229993
0.006517511665179221,1.0,0.02299352636725039,-0.009636517848274018,-1.0,0.016552927591996128
0.006167420430202242,1.0,0.02311421431772801,-0.00044198895747160627,-1.0,0.01611340500781601
0.024649135274654066,1.0,0.021314400153289396,0.00355872261699397,1.0,0.015964630213625812
0.0017308528769439668,1.0,0.012777731306218263,-0.04291744671226971,-1.0,0.014003082432608371
0.011787955752042167,1.0,0.007129426505130787,-0.03804441799583347,-1.0,0.013742964760983559
-0.022868190903659436,-1.0,0.015461156181189251,-0.03001107841603945,-1.0,0.01461359690792021
-0.031177058599334062,-1.0,0.012324470743964444,-0.06658702226506708,-1.0,0.016459855816488084
-0.04618938246937465,-1.0,0.011381131490982391,-0.08559193033540358,-1.0,0.017184973018962994
0.0022217294186628322,1.0,0.021561706793308655,-0.056269129655064365,-1.0,0.01654747250158451
0.013292176208936857,1.0,0.021632691163473296,-0.07020425867324853,-1.0,0.01687874619488801
0.027792017329658636,1.0,0.01412813973982193,-0.03280497445292774,-1.0,0.017681643041025943
-0.0004439511726634926,-1.0,0.007400906380982042,-0.05802038153035105,-1.0,0.015619020123245498
-0.026763417198816475,-1.0,0.007794656991320115,-0.07492087017978921,-1.0,0.015069632357995093
-0.03143500860815962,-1.0,0.0068529055762591,-0.06483328901000784,-1.0,0.015457501758478398
-0.008920665758379354,-1.0,0.018763976514893702,-0.041710488581370386,-1.0,0.016958082541645932
-0.021938722675853395,-1.0,0.024559551986630703,-0.01916991610772034,-1.0,0.016453374222706978
-0.03575955658752794,-1.0,0.026292653332729798,-0.009626478189614485,-1.0,0.0162884976198616
-0.04912624214268435,-1.0,0.018703261591349454,-0.03140189754814293,-1.0,0.015167625562540999
-0.03479429500751552,-1.0,0.014475699984076587,-0.0018501392881615786,-1.0,0.012274051896161384
0.006597573413101188,1.0,0.01768297982320304,0.02428891005598066,1.0,0.009973576167716226
0.00047047754337614656,1.0,0.017600419003442305,0.007501207231165541,1.0,0.010711591604219388
0.008575564702396177,1.0,0.01399264057222282,0.028303776162851735,1.0,0.009253157775689752
-0.0042362972274214705,-1.0,0.007089553832840423,0.0018770535778709352,1.0,0.008143572558955323
0.01586594177631717,1.0,0.0136015382705506,-0.00047047754337614656,-1.0,0.008212529878741942
0.028987536873252395,1.0,0.007837736966804478,0.0,0.0,0.008169462544502891
0.02377180221223374,1.0,0.009554490302845964,0.010790627807518938,1.0,0.009358423056861449
0.0013879252748481008,1.0,0.00415534522289344,0.005540180375615433,1.0,0.00853766689126342
-0.004618945856294632,-1.0,0.002080387243970992,0.035313764479076415,1.0,0.013010334149016787
-0.0018441683419327948,-1.0,0.003527755893623329,0.014178147404333652,1.0,0.014698070006168937
-0.010223137363375878,-1.0,0.007850458613860092,0.01286191364240774,1.0,0.014742587254063551
-0.0046403795565022055,-1.0,0.009126595458869667,0.002773926882725375,1.0,0.015176828634824158
-0.01581428306500854,-1.0,0.008454381054575036,0.007356355013584892,1.0,0.015316302985752744
-0.007501207231165541,-1.0,0.006163548354683446,0.033527824678899476,1.0,0.015208978056073094
-0.019728211460455558,-1.0,0.002441285147463458,0.03068708849460311,1.0,0.015207299606410273
0.004677277002226532,1.0,0.013086409501425249,0.01995888950448288,1.0,0.016165574249126104
0.02187659969530875,1.0,0.013357227827786316,0.020033281201019548,1.0,0.016163320527392337
0.06430130135232881,1.0,0.011324107578238924,0.011789808810097613,1.0,0.016776672405870323
0.027159321809048453,1.0,0.027794783731377767,-0.02074567565294405,-1.0,0.016675432859742344
0.008709658541640408,1.0,0.028373324952292424,-0.021406122151932605,-1.0,0.016621814570009903
-0.03715878345264567,-1.0,0.00787303094215116,-0.03669720947722266,-1.0,0.013971114083676612
-0.008665960732681555,-1.0,0.009819965701138045,-0.029027608200219657,-1.0,0.013248689972823175
0.010442773673115857,1.0,0.013328492101703624,-0.00963089306096121,-1.0,0.014062357551480078
0.02327278205537553,1.0,0.006373544373762594,0.05435876646184523,1.0,0.020366496332231247
-0.003211748574110551,-1.0,0.016517694917779487,0.06859578548207002,1.0,0.020980859447725646
-0.02099575070904547,-1.0,0.010413965973019723,0.05492265331559665,1.0,0.020855025437006063
-0.038625491144961055,-1.0,0.008049701299523919,0.04368662907657428,1.0,0.02126115370373489
-0.0360272881552004,-1.0,0.007211142716000919,0.07522342123758752,1.0,0.020174465297180096
-0.0195628036576434,-1.0,0.01671649388807628,0.08697293836649655,1.0,0.019931216381083954
0.01581428306500854,1.0,0.018749063559927587,0.10873035877937687,1.0,0.018537694495348648
0.018877389261772848,1.0,0.017008491112815587,0.11465496799958919,1.0,0.01787461655656327
0.020484887632611803,1.0,0.0173372667139674,0.12911195170813383,1.0,0.018584949752190303
0.05389719248642222,1.0,0.03290565771946529,0.10045695769898111,1.0,0.019244835136328756
0.08895743294960812,1.0,0.020166083904538716,0.08938505750177317,1.0,0.020581839674553168
0.07499632004967371,1.0,0.026167549204236404,0.06899287148695143,1.0,0.02079746126663121
0.012600644670104577,1.0,0.016299243508961673,0.014757212251655938,1.0,0.014714463307969137
0.0034158871814069514,1.0,0.0113927112056163,0.02742209370445514,1.0,0.016668422064250534
0.011054534341854438,1.0,0.011992180766097472,0.03445719035387951,1.0,0.016720785517500163
0.026418238557841534,1.0,0.0037493536476868113,0.044752085420151744,1.0,0.016264839739830728
0.0034042586068012692,1.0,0.00985261596748341,0.013968481089536855,1.0,0.01709832424043384
0.022576209683993875,1.0,0.018774610983979922,0.026289851253355367,1.0,0.017901585322128117
0.0075408819846127795,1.0,0.021414161454408758,-0.009719070800209284,-1.0,0.020173600534961453
-0.006392521236043169,-1.0,0.026450717268086853,-0.025383165325576496,-1.0,0.02130737336924746
-0.039634192588570594,-1.0,0.009576008313118972,-0.034914166661909496,-1.0,0.02026591295539268
-0.03180255296090295,-1.0,0.011865569007156938,-0.013868682048432168,-1.0,0.020547347946017258
0.02699446915229009,1.0,0.022378253703588608,0.01653631066654837,1.0,0.019300728504989765
0.04046063891660179,1.0,0.018953046964668478,0.07616422834496572,1.0,0.02426485164696452
0.04259551783860038,1.0,0.018118175876450423,0.040528974429045794,1.0,0.027329203137610253
-0.010037725433511335,-1.0,0.013099004414939613,-0.005424590810912733,-1.0,0.025709743487977856
0.002887195241330298,1.0,0.019156438152483288,-0.04304461968252671,-1.0,0.026921974665947975
-0.028052917662519494,-1.0,0.026515381374192553,-0.037010111266536194,-1.0,0.027059491525211504
-0.03594738780831208,-1.0,0.028132465336623783,-0.013968481089536855,-1.0,0.026727022296264863
-0.03862780823127099,-1.0,0.026590693885735876,-0.03180184316087131,-1.0,0.02590282440913724
0.0033912707363898953,1.0,0.02353533007038965,0.0130775962073435,1.0,0.024725086545040187
0.0355269547560817,1.0,0.005697796506890935,0.0795398160360834,1.0,0.02558123223250493
0.07144420241830463,1.0,0.025944793165071728,0.06344095841947439,1.0,0.025368652700072117
0.02259510351657501,1.0,0.045502763654060134,0.048729706504893056,1.0,0.02539697130043176
0.005033567674828987,1.0,0.046844918255119515,0.038363128737882723,1.0,0.025488992673719915
-0.07874820911089064,-1.0,0.013493042140492626,-0.04191864983179805,-1.0,0.02122994822718614
-0.034943567856981606,-1.0,0.018305905086479984,0.015599659525137977,1.0,0.019294096113568426
-0.018581615712135457,-1.0,0.02076342460933929,-0.03838424300831522,-1.0,0.02716871037768704
0.014129971762985694,1.0,0.001980007060240479,-0.020035513402988592,-1.0,0.02600495359971841
0.0220347898113602,1.0,0.006203518912480075,-0.021655242070600433,-1.0,0.025963162047409526
0.05756090931730817,1.0,0.01950472091765809,-0.03956177727664212,-1.0,0.02604293958016314
0.056614993349074716,1.0,0.01991144187270638,-0.034165485165974285,-1.0,0.026199277327396825
0.03904338103393945,1.0,0.024058234952348448,-0.04106650610957607,-1.0,0.0258609776123203
-0.005649732542118979,-1.0,0.003051454273892028,-0.07302513501488961,-1.0,0.022311189718338526
-0.033915405832967815,-1.0,0.013301684751551664,-0.028526791757564895,-1.0,0.026926663082977073
-0.010534943463180069,-1.0,0.023413677375135247,-0.029034957207100254,-1.0,0.026928507340494064
-0.07171380407136896,-1.0,0.04275590199703763,-0.060902887967153374,-1.0,0.02862091598849592
-0.056865072682081186,-1.0,0.04313569141380791,-0.04636169384552602,-1.0,0.027923422634472127
-0.07219846945272002,-1.0,0.03659610866887497,-0.08497678829184219,-1.0,0.02711646951213562
-0.019759149980462354,-1.0,0.009896811421787133,-0.04218161403629472,-1.0,0.02087024666199358
0.0,0.0,0.011175960059385906,-0.01909895939837858,-1.0,0.021098853837409833
0.0026235257723845606,1.0,0.011826330688387263,-0.023030247274699267,-1.0,0.02102049352336437
0.024097551579060683,1.0,0.0006262510962497098,0.008830079448272077,1.0,0.021530131216833545
0.062253686757484106,1.0,0.02196730204821222,-0.014178350051616162,-1.0,0.02185132599401493
0.05107492993641527,1.0,0.025940204387232237,0.0004365859052100074,1.0,0.022764440520690623
0.006472514505617255,1.0,0.04132220836485127,-0.0787808778531145,-1.0,0.030272900863003775
-0.05175030792092894,-1.0,0.016692632776352283,-0.16453930431936703,-1.0,0.02660906864235536
-0.066476774547922,-1.0,0.012320438513881721,-0.4648715924873066,-1.0,0.0876326099675449
-0.05299253014051031,-1.0,0.005198366404626113,-0.4067562638717843,-1.0,0.08939157661418264
-0.029602338234933745,-1.0,0.018416304175346374,-0.40764423296263264,-1.0,0.08937227355644968
-0.010251928435577096,-1.0,0.01725748132725071,-0.3678233314213466,-1.0,0.09072974479802873
0.031252543504104446,1.0,0.009122983095523608,-0.33837881489179433,-1.0,0.09136843989289227
0.004920609346762417,1.0,0.017082080376009307,-0.41131176294601746,-1.0,0.09092873976043093
0.026090358952293835,1.0,0.02062616526948874,-0.4054651081081646,-1.0,0.09114973188097658
-0.06351340572232589,-1.0,0.04659572897825198,-0.4387605532420691,-1.0,0.0898921084864913
-0.08810726751026676,-1.0,0.047142679168001946,-0.4014570867106255,-1.0,0.09133681429921574
-0.4142332484561013,-1.0,0.14457096431894437,-0.4322277359933404,-1.0,0.09005939852575574
-0.32150287151305257,-1.0,0.17329617420505253,-0.2540615907175199,-1.0,0.09817475346921904
-0.29485523656419454,-1.0,0.17907373337726626,-0.18407748349621955,-1.0,0.0990519286697967
0.030571486518037982,1.0,0.020091503313564903,0.08723152008352941,1.0,0.04126851817476471
0.015384918839479678,1.0,0.017263595262119426,0.04546237407675746,1.0,0.041653619034082795
-0.033269868218318566,-1.0,0.04437742028433362,0.06339257683601995,1.0,0.041316709053075995
-0.0478937051223951,-1.0,0.039572673071213975,0.030286226476951006,1.0,0.04125033198026013
-0.0691291948461703,-1.0,0.0350453940550229,0.06584968408838887,1.0,0.04284941367288171
0.014775285582154352,1.0,0.018297387965929945,0.16146966473295787,1.0,0.03782372908235129
-0.0006722689328819698,-1.0,0.019653314657787767,0.16218285152452272,1.0,0.0378127813190697
0.12118555680222332,1.0,0.06026041701351812,0.14091713866481825,1.0,0.03968255339402574
0.1292723357041392,1.0,0.05921439782197965,0.04815504188704711,1.0,0.04598519960872776
0.1052260076207685,1.0,0.07031764862517717,0.06256111342085702,1.0,0.04581072752238767
-0.021978906718775226,-1.0,0.033273538000560786,0.0042181442477227105,1.0,0.0359960110234211
-0.04738517623195504,-1.0,0.019118603802495908,-0.025513101413286776,-1.0,0.03474633801237489
-0.026373807088540424,-1.0,0.012506699852155578,0.019778888705538566,1.0,0.033556872032179136
0.03577222885111109,1.0,0.02783033441841532,0.02378886196401475,1.0,0.03334577387402718
0.06480721967861935,1.0,0.02919506978590879,0.037376261354633566,1.0,0.03368378951632568
0.08400291992517661,1.0,0.01830731419349121,0.02394956347703392,1.0,0.034436648474832854
0.005938259730259077,1.0,0.035042610764373296,-0.05761397076615982,-1.0,0.033739180579985206
-0.09853933726375641,-1.0,0.03905300610775044,-0.09346961791350572,-1.0,0.03150823036257991
-0.10029400703654767,-1.0,0.03815030227664641,-0.10092591858996047,-1.0,0.03125273612616717
-0.015513437614872227,-1.0,0.06064441997495028,-0.0654467684802007,-1.0,0.03011673556418451
0.05560419240380532,1.0,0.026766501222936667,0.012626430372811637,1.0,0.022167499948678487
0.06244378290545005,1.0,0.02538239098852883,0.028030486681473565,1.0,0.02289527524004999
-0.0024081890024831853,-1.0,0.014098407136121935,-0.08400927326386531,-1.0,0.02476974914518013
0.015504186535965303,1.0,0.018189635221012954,-0.10109611687136866,-1.0,0.024784140716380552
-0.02220313231704507,-1.0,0.022951864018439856,-0.10701040878906798,-1.0,0.024384900332362576
-0.04563060387906348,-1.0,0.03001098545953552,-0.0783363082632429,-1.0,0.02507108505413866
-0.06603865958951993,-1.0,0.018741752613574292,-0.19975067173950434,-1.0,0.03611388544599252
-0.04087256214181778,-1.0,0.02197749071312331,-0.13491931789937084,-1.0,0.03942130529467425
-0.0018945379837818077,-1.0,0.0010938120149263976,-0.10360950838151362,-1.0,0.03844276175785063
0.007556711022560947,1.0,0.004362869143064154,-0.09752502013387776,-1.0,0.038579616669357074
0.028662398234886366,1.0,0.010693679363482525,-0.0885065753819374,-1.0,0.038839292464414886
-0.03407594239853684,-1.0,0.04500886958609192,-0.07683462687643172,-1.0,0.03918540147806082
-0.058118354840374975,-1.0,0.0419965080669906,-0.0830270812071785,-1.0,0.03902530088397084
-0.07259711256509149,-1.0,0.03532006285544541,-0.08388916214285724,-1.0,0.03896977556840583
0.0032647759981392355,1.0,0.015562280282988492,-0.029872782201736614,-1.0,0.034846592024968086
-0.08315036833217038,-1.0,0.0651922791035159,-0.008681189745046725,-1.0,0.03460896730559995
-0.05011204142734793,-1.0,0.0758191001625518,-0.01799448753723909,-1.0,0.034533493580036816
-0.0709038039973342,-1.0,0.07261175867583239,-0.02709118438801128,-1.0,0.03428224352095262
0.036186992016106645,1.0,0.024629152441102784,0.06503514635376484,1.0,0.014026589623066112
0.005540180375615655,1.0,0.00858656931474326,0.05472489968924665,1.0,0.011891470257415545
0.024880343521300086,1.0,0.0037933217387001745,0.0864280485008262,1.0,0.012436888611792407
0.022054649949260208,1.0,0.005352198731300928,0.08031069641961297,1.0,0.01269429844697741
0.033279811473966525,1.0,0.009452968389329243,0.059649170592934064,1.0,0.01371067390676547
0.012885902276158268,1.0,0.014703546577264323,0.07556960456984507,1.0,0.015116271864892976
0.0162275366217568,1.0,0.01449558476895324,0.07610228173803035,1.0,0.015101242900485118
-0.00670243795947334,-1.0,0.006725338600215273,0.06654052380824416,1.0,0.014542979756914678
0.006046373811864569,1.0,0.004086031243497558,0.060783163235712534,1.0,0.015139191682899254
-0.009434032233358813,-1.0,0.007411318704324141,0.052901658224413506,1.0,0.015326011096467767
0.022607345799137812,1.0,0.020293573753344764,0.05240229589586587,1.0,0.015347689051380405
0.04261542889150327,1.0,0.021795946532945847,0.02120689150232158,1.0,0.01784870152730144
0.051462542081954776,1.0,0.01673785811669698,0.027380675424195422,1.0,0.01754064561084556
0.010464451279303066,1.0,0.01844522560325261,-0.005273578470937013,-1.0,0.01535561109145868
0.014021899590318965,1.0,0.020433769798556718,0.02409755157906046,1.0,0.020937567150630124
0.01784623526767759,1.0,0.019929081283746698,0.0006428801250024652,1.0,0.022383212507983072
0.04017116468927662,1.0,0.01306009805475303,-0.046612965395614214,-1.0,0.028064184287766844
-0.001900539057974271,-1.0,0.0127700229096871,-0.06876685724709253,-1.0,0.02648981125516945
-0.0069730868918600475,-1.0,0.012602165929704607,-0.08088534517863,-1.0,0.026403448545130697
-0.020840665871851627,-1.0,0.006523279980484614,-0.08338160893905089,-1.0,0.02626316781366418
-0.033529897921526386,-1.0,0.013849410482736794,-0.06483448545489123,-1.0,0.026325362711345404
-0.0349550150335769,-1.0,0.0134566254449145,-0.08423937244261959,-1.0,0.02676837175945912
-0.03506852856766507,-1.0,0.01342103068265716,-0.09499114965327005,-1.0,0.026808277246476872
0.04550608896824215,1.0,0.0331209253329747,-0.06362090948506105,-1.0,0.026284607375579774
0.02472474678276182,1.0,0.04064216601486738,-0.03553843650440758,-1.0,0.02757133757793546
-0.030874935645374135,-1.0,0.057653217644632646,-0.03634316526557013,-1.0,0.027573212236167273
-0.07884250923583402,-1.0,0.03217812370578232,-0.06738299724604802,-1.0,0.022848989350173196
-0.06368199003595487,-1.0,0.03355102296318314,-0.035320872414256854,-1.0,0.022192590068993615
0.003402521145839943,1.0,0.00992980596367956,0.02623763021685721,1.0,0.013491435948031656
0.0020318327342270237,1.0,0.009660612371930694,0.02543644501443576,1.0,0.013475852972389813
-0.010327114155849637,-1.0,0.016701498006648226,0.05139602883621386,1.0,0.013398027576521374
-0.032450206586070784,-1.0,0.013595493021138005,0.04386085077676749,1.0,0.01337505344680803
-0.0323163219516962,-1.0,0.013668804498339049,0.021419828300822896,1.0,0.014804548569026988
0.013745920904635112,1.0,0.018712523247146118,0.059117278325281575,1.0,0.013061256857260239
0.023579455820034845,1.0,0.01415200909824978,0.08923113372794278,1.0,0.011953326963929726
0.04174400120725519,1.0,0.015614564706250009,0.07470677456682395,1.0,0.013000105221271646
0.024942310872912543,1.0,0.013310542251800618,0.04406587420651631,1.0,0.012292519956339206
0.03170585983705321,1.0,0.010412914950317221,0.051430365184831794,1.0,0.012050455041133987
0.013976933024649751,1.0,0.002010325378069349,0.04392708829407055,1.0,0.011191034068947791
0.02303491121451584,1.0,0.007049627006441961,0.04364092040895251,1.0,0.0111843177591493
0.021025741705750223,1.0,0.007818331214146199,0.03201841625349555,1.0,0.011764811102809192
-0.00198478397938584,-1.0,0.017093430158783802,0.008555498056046495,1.0,0.013262214085641589
-0.0026058646667819207,-1.0,0.01679667958253504,0.02060600919443667,1.0,0.01486295796947365
0.012920076365104505,1.0,0.01964852158330449,0.05008970951151781,1.0,0.016959648546234923
0.020970624314304853,1.0,0.015002748162199289,0.07708367281204387,1.0,0.015417205030145233
-0.0013054832141301542,-1.0,0.014472685279058472,0.05766564184980916,1.0,0.01544084510732919
-0.01422131272307614,-1.0,0.007107279587386901,0.05068335231313603,1.0,0.01510122459565216
0.010964314934501784,1.0,0.011016349266035804,0.06100602462055482,1.0,0.014478452727100598
0.024517357075348745,1.0,0.006002217735724766,0.07242698557933136,1.0,0.013966832478453945
0.012293910905716965,1.0,0.012077731345052191,0.051390945869489446,1.0,0.015574419411864859
-0.021394657213374302,-1.0,0.012709099219944259,0.02094649734655185,1.0,0.01616276929783447
0.0,0.0,0.02456563434275352,0.02018996026368214,1.0,0.016144454694598034
0.03909703496377248,1.0,0.0276147157189979,0.005131505808142034,1.0,0.017569460876048017
0.06654339077661153,1.0,0.011802054735411556,0.010430342278872518,1.0,0.01710195058103463
0.03445376798859057,1.0,0.017395308781688226,-0.009606221805439796,-1.0,0.015095182962294253
0.013513719166722726,1.0,0.007631306697120424,-0.03140961722108604,-1.0,0.012035261374508853
0.004892976122815806,1.0,0.006893823442334517,-0.04130749964676017,-1.0,0.011523327190084916
0.013455860515392049,1.0,0.0046011014625161935,-0.06684001812585016,-1.0,0.013823877990083274
-0.013513719166722726,-1.0,0.011688853569400734,-0.09196009291904295,-1.0,0.013276022067330046
-0.029095212339501186,-1.0,0.012139562043979504,-0.10610650599454763,-1.0,0.01316126222566446
-0.027719668240300477,-1.0,0.012930682643628455,-0.09555322270259259,-1.0,0.014409840547211035
-0.03396552915563045,-1.0,0.01528131271599411,-0.05792264773270461,-1.0,0.016078259251822987
-0.031910812281053635,-1.0,0.015039063484329193,-0.05885953477086647,-1.0,0.016137395697291734
-0.029796182069121935,-1.0,0.016188825676838877,0.0018720754297449904,1.0,0.026156941315094825
0.002555911934544408,1.0,0.01245572182494812,0.0019175461292717522,1.0,0.02615312346771289
0.014805548850978845,1.0,0.005387805212668869,0.012886776276356482,1.0,0.02582084998826624
-0.0227800283318198,-1.0,0.019850679910869484,-0.01883784188608084,-1.0,0.02668458984004942
-0.04703675653123418,-1.0,0.014279834004758104,-0.05374819111922102,-1.0,0.02740048124500351
-0.05990603022497165,-1.0,0.00858948695199649,-0.11355874371729202,-1.0,0.031844553938963384
-0.015257344061350375,-1.0,0.017257610842439285,-0.1201723261854093,-1.0,0.03228335984967158
0.020523726019615607,1.0,0.01834970211052414,-0.07426234475803684,-1.0,0.034183519455039696
0.01815175888417997,1.0,0.01970708007324529,-0.05795688082583905,-1.0,0.03416250138256935
0.0697056298920371,1.0,0.04154692230665773,-0.06204608616381235,-1.0,0.0339685766393913
0.025874664706345918,1.0,0.0501466527777973,-0.06497548859044944,-1.0,0.03378239535446724
0.03983549876616932,1.0,0.0472084111382422,-0.052661739661540974,-1.0,0.03360098425950311
-0.05050609938494777,-1.0,0.012364955207721708,-0.1282018365736457,-1.0,0.02515410916642069
-0.05310982531394837,-1.0,0.013181196332979327,-0.10991179644828719,-1.0,0.02482746231190261
-0.11163997114266966,-1.0,0.02071685793453718,-0.08480220220590984,-1.0,0.02644018639465821
-0.12411451263114825,-1.0,0.017773242709442104,-0.04355797433912989,-1.0,0.026721993926474154
-0.06755091017005,-1.0,0.047106791250262646,-0.001347709098867833,-1.0,0.02619942861231633
-0.0043041673335186825,-1.0,0.03336106629809853,0.06779912656782505,1.0,0.01783980628455987
0.04286889596024657,1.0,0.014250673695197558,0.12345855983622789,1.0,0.012263957281908882
0.029810582187203005,1.0,0.00741485220172521,0.09609582865971578,1.0,0.010714976073013518
0.023446900048478048,1.0,0.01086160023772895,0.0700945888402631,1.0,0.014099654144881173
0.003549879482203755,1.0,0.013857594398275254,0.07532649383170686,1.0,0.014343217215828031
-0.019061643151491836,-1.0,0.002549750934111255,0.06563058196467964,1.0,0.01395672021748344
0.007695036221800455,1.0,0.017396780750156285,0.027702602549335875,1.0,0.019528914033401065
0.03413776284956804,1.0,0.015012818307594548,0.04096372791996794,1.0,0.01919256188801742
0.05545426203547099,1.0,0.003616676307934864,0.07943942249331193,1.0,0.020689682372007284
0.04096135763106523,1.0,0.0049140820706322485,-0.04416672242575048,-1.0,0.036649885289157066
0.04290202154420952,1.0,0.0056942541099727515,-0.0768514580994728,-1.0,0.03616250176373718
0.029892627588533616,1.0,0.00845797947136155,-0.10513577130358187,-1.0,0.035511640181013764
-0.00200870506108064,-1.0,0.02171504594079063,-0.18943711343229874,-1.0,0.03994354884377991
-0.005263170044274457,-1.0,0.02025756775411421,-0.21676629153568028,-1.0,0.03852039784549423
-0.0006546645078331359,-1.0,0.020919215508858353,-0.2088483111273831,-1.0,0.0389720992546598
-0.01894508624244917,-1.0,0.031324416692739776,-0.16662765841321492,-1.0,0.04022375792929409
-0.03081288642953517,-1.0,0.027637619287291512,-0.24971375000495488,-1.0,0.04174199388989415
-0.005252802622859543,-1.0,0.037801190672379734,-0.25019240852785085,-1.0,0.04171298271039591
-0.0641742887532859,-1.0,0.07046648553321969,-0.2310297571094002,-1.0,0.0411876217676071
-0.0836774231698727,-1.0,0.06778900261416693,-0.26127642100965387,-1.0,0.04054983573037286
-0.1291209317614228,-1.0,0.05026035420728748,-0.2118513930297381,-1.0,0.048354736963019944
-0.10430903337548303,-1.0,0.03594274803572788,-0.08350828341747984,-1.0,0.04200832651759861
-0.09701281189199795,-1.0,0.03809009852552429,-0.05238389198727278,-1.0,0.04239793720274887
-0.07381991223526763,-1.0,0.045680261347085145,-0.042852769255507184,-1.0,0.04231775169977183
0.020800749958003184,1.0,0.01361072630853992,0.024751762604683147,1.0,0.03575475238463951
-0.03821062851354906,-1.0,0.0472671577442019,0.03837401288161546,1.0,0.03561816437530674
-0.041998761908300875,-1.0,0.04637665992034844,0.0410800257434647,1.0,0.035677385248079216
-0.08334718493863447,-1.0,0.037174058103023995,0.012588679228351829,1.0,0.0355394287312759
-0.04237555743423416,-1.0,0.018149453606324834,0.06554351976755735,1.0,0.028988161746133865
0.03308821287525321,1.0,0.06166899254349738,0.07140095934175772,1.0,0.029061065943979465
0.08334718493863447,1.0,0.05418744936250919,0.0904478064882106,1.0,0.027832094749121614
0.1252151058525084,1.0,0.03552844494385387,0.11974420514160711,1.0,0.0258200252375312
0.03987769201280811,1.0,0.015349380749076975,0.04300025504960159,1.0,0.0122283730881042
0.003951012646679963,1.0,0.012767131962535046,0.03117945477435402,1.0,0.01049896762402021
-0.006254907023109713,-1.0,0.007128357927481348,0.053123263555151734,1.0,0.014236352447393942
0.010112882763704256,1.0,0.01109648052125211,0.024711682184856976,1.0,0.017576708234154016
0.008637666581671866,1.0,0.011898429413276554,0.05895315703876847,1.0,0.018440467240507345
-0.011041121627607176,-1.0,0.01479794075813294,0.14503361515675528,1.0,0.031093601949997805
-0.011677828310007854,-1.0,0.0144339024334678,0.12566383710862028,1.0,0.03152769748937805
-0.005488057678775693,-1.0,0.013513199514673467,0.11786990530852481,1.0,0.03206599755397581
0.011825127939815605,1.0,0.008294944601268844,0.12156475600700145,1.0,0.03183151881345461
0.0046875085830970775,1.0,0.00489158254187777,0.12704997938208074,1.0,0.03190962804736117
0.024078833224777885,1.0,0.006549457663453695,0.09373661535689437,1.0,0.03462075180988907
0.05859416426605302,1.0,0.01647230797548967,0.10339934617260282,1.0,0.034614587845876364
0.021589119148063496,1.0,0.03532851097763172,0.11682995322925782,1.0,0.03472059700281602
0.03172471491109441,1.0,0.03696196886939698,0.05596387444875872,1.0,0.038089439373496944
0.08565544457849383,1.0,0.06161288053275878,0.049739982192397836,1.0,0.03763907338868263
0.11106503768746756,1.0,0.049845792985355186,0.07492489892082754,1.0,0.03614109870999758
0.06755441485142821,1.0,0.06010374243752095,0.08409510898418482,1.0,0.0366805942696515
-0.034509980777361005,-1.0,0.005957596658350191,0.015483311670346334,1.0,0.026127883354858467
-0.010291686036547398,-1.0,0.0190070074312143,-0.018601983170175362,-1.0,0.02873039627200952
-0.029621347630406136,-1.0,0.02767006806830437,0.00485269583134218,1.0,0.028311242420790857
-0.006340281894583022,-1.0,0.030532292172255827,0.015331310746788951,1.0,0.028105910919750603
-0.005532517569725837,-1.0,0.03080196408225115,0.015058463874201511,1.0,0.028091176708081474
-0.013693907683357764,-1.0,0.035493860753194675,0.05093532051582028,1.0,0.025402658374481125
0.004934800285848029,1.0,0.041219131375947,0.03881291052409952,1.0,0.025272099282593403
-0.020315935160366783,-1.0,0.038416257126013306,0.040100513788567715,1.0,0.025347287464919613
0.05985594944652051,1.0,0.022838759723997737,0.09015109699429735,1.0,0.020191699966129257
0.05139877405644233,1.0,0.02117472115194786,0.0028089906110553287,1.0,0.025760221911912826
0.017538155596464655,1.0,0.040319592158750715,0.03203616583825819,1.0,0.02645355855640017
-0.011687998301414426,-1.0,0.03263340316905488,-0.009615458699441914,-1.0,0.024520101312449326
-0.03466198170091839,-1.0,0.024971245475217764,0.0026684472138336357,1.0,0.02582460994561443
0.023368761007829475,1.0,0.009119488948626376,0.041544959821605554,1.0,0.022518119430231076
0.016461277054071966,1.0,0.010702998934271901,0.05056688954058286,1.0,0.022743571743353216
0.017141317882727547,1.0,0.010534557000670613,0.10619004702020174,1.0,0.027064395619498725
0.019509532344640368,1.0,0.01189616060440511,0.12079781032447312,1.0,0.027822513499402974
0.025521868795119307,1.0,0.010309910419890095,0.11914265517242306,1.0,0.02788833256238345
-0.031069119627196162,-1.0,0.040208945782127144,-0.10604055648648192,-1.0,0.07336237930486697
-0.028380283110676308,-1.0,0.04124683117068657,-0.1655410877333947,-1.0,0.07323288436879004
-0.03991060624721876,-1.0,0.039785574321936294,-0.15691754562871418,-1.0,0.07347228799085227
0.05125823065922064,1.0,0.02165662300305327,-0.1568424714929697,-1.0,0.07346831213722205
0.02704694957981202,1.0,0.022894892192113412,-0.16830104535844148,-1.0,0.0730317801094059
0.04849434993861035,1.0,0.01834768078271859,-0.17860177569142288,-1.0,0.07300066274721619
0.06885961810544972,1.0,0.029389141925202228,-0.2559888942216053,-1.0,0.07157270573306121
0.10262161151069704,1.0,0.020584389084958316,-0.20349136241542531,-1.0,0.0744527325879308
0.08503704268591217,1.0,0.029531420718406438,-0.2555499280477609,-1.0,0.07396375839226288
-0.1950892856239561,-1.0,0.1392403870505287,-0.33089082678301796,-1.0,0.06992850395712197
-0.26682936571322746,-1.0,0.11879291547928958,-0.40576617690465766,-1.0,0.06738195172319864
-0.25053833200601794,-1.0,0.12490029742045373,-0.40094634759483805,-1.0,0.06759625393743146
-0.08187103463368395,-1.0,0.03609018431326162,-0.16034265007517945,-1.0,0.03215496513098988
-0.03114024073572308,-1.0,0.03937681879293243,-0.1785550739984778,-1.0,0.0338749287043784
-0.06159483630992746,-1.0,0.033752783733733444,-0.17320882093959566,-1.0,0.034311243688591155
-0.04788819206941497,-1.0,0.026794990041545286,-0.1100199731764211,-1.0,0.03216110832246733
-0.008143367477171815,-1.0,0.04829926280199055,-0.12327252794115484,-1.0,0.031612743058893146
-0.02845380241772766,-1.0,0.05257462395975232,-0.09787121222563844,-1.0,0.03195686685558292
-0.006042314455962927,-1.0,0.04690310564062537,-0.05574198300823552,-1.0,0.03014824468948799
-0.0996532029785353,-1.0,0.011951259319208273,-0.10508799896449261,-1.0,0.0247207199319566
-0.06035937686116499,-1.0,0.022128611913174397,-0.05765788940100425,-1.0,0.02346938190959486
-0.024541108916117604,-1.0,0.030524181828551763,-0.03434948001463756,-1.0,0.02308432458344421
-0.03961826280704761,-1.0,0.03904020733223402,-0.011812949726710542,-1.0,0.020322702253825153
-0.022800805350775555,-1.0,0.043253469915158334,-0.05276559405271186,-1.0,0.023065167639252232
-0.03154835773492559,-1.0,0.04109799593949083,-0.0755423496408647,-1.0,0.022143806967185445
0.02414230532159989,1.0,0.010245513785028167,0.010285270660173484,1.0,0.01745820847320969
0.013742772404029768,1.0,0.005571784850063204,-0.002771364360383277,-1.0,0.01663795232296406
0.006389798098770605,1.0,0.005355749227028042,-0.0018331810816611949,-1.0,0.016678982658524775
0.010041161499490414,1.0,0.004319425046280329,0.009132483563272675,1.0,0.01687775472191065
0.011759520406906532,1.0,0.005293418076036233,-0.04275744226964573,-1.0,0.020948486112687324
0.015350188537635034,1.0,0.004271189812781283,-0.06581321856957167,-1.0,0.02163793005892985
-0.006378153740753234,-1.0,0.015725413961076764,-0.036064934920795544,-1.0,0.024113169783292424
-0.05546708151287261,-1.0,0.02140454120197373,-0.053567745709220294,-1.0,0.02378598684597825
-0.06573397854234475,-1.0,0.016327915283354102,-0.0860343373418031,-1.0,0.02461841626730093
-0.017520042420163584,-1.0,0.03373345713090482,-0.04869876066861423,-1.0,0.02521391412149747
0.02719342434155303,1.0,0.017750502188480833,0.01509462622248492,1.0,0.0238302350405173
0.04216081082427792,1.0,0.012416011913659208,0.031090587070031095,1.0,0.023793432546146336
0.02298951822469908,1.0,0.0018643884192712503,-0.00746968926000946,-1.0,0.022577938082113832
-0.026243305505232684,-1.0,0.03024382101179214,-0.02719342434155303,-1.0,0.022803285817682636
-0.057590239389139875,-1.0,0.02661041227111395,-0.02602377342130513,-1.0,0.02285495573289436
-0.035156256984577805,-1.0,0.038876891311248434,-0.031396854060672386,-1.0,0.02266527058894359
0.0009492169673319673,1.0,0.028150365239861804,-0.024028066118864988,-1.0,0.02152302791239718
-0.004870930234596393,-1.0,0.030655570027333885,-0.02559194787211405,-1.0,0.021666354571685795
-0.019011979488571917,-1.0,0.023174931000762372,0.004697049499869266,1.0,0.02704564686217507
0.013195290418832606,1.0,0.029041701591139144,0.018797545967502494,1.0,0.026974926062504054
0.051390945869489446,1.0,0.007667293049776945,0.0824436692110746,1.0,0.026700856740252653
0.023709028988441183,1.0,0.017494225247857806,0.06591712896223267,1.0,0.026532621968476604
-0.01509462622248492,-1.0,0.012580717300875875,0.017633867601069664,1.0,0.027020650221694358
-0.014953549667058308,-1.0,0.012661189134827125,-0.03492568285397368,-1.0,0.02975407981233898
-0.0009376465759638464,-1.0,0.012324607312101995,-0.03044954560228419,-1.0,0.029681583558553482
-0.023077947282544642,-1.0,0.024936577385689704,-0.016291687598185778,-1.0,0.02945823205920776
-0.057158413839948796,-1.0,0.020600836243773863,-0.0906131303044555,-1.0,0.03437883432266107
0.0009376465759638464,1.0,0.05361664467801653,-0.14079437007961015,-1.0,0.03589645162381441
0.04377482905369945,1.0,0.043796344139121715,-0.10126170720127181,-1.0,0.03524516742822636
0.10316468684859226,1.0,0.027660197902696006,-0.07234558711459149,-1.0,0.03502610658606335
0.04220809997379149,1.0,0.018147897486190792,-0.14714621504644665,-1.0,0.027746271588019164
0.012031612052399776,1.0,0.029327898416859968,-0.17231591467663332,-1.0,0.027140528044692944
-0.06597840619555884,-1.0,0.02211526132520378,-0.23969158845291316,-1.0,0.02265064205641385
-0.07265764557607568,-1.0,0.018736502581620428,-0.22134821869553578,-1.0,0.02471248391421255
-0.04902018142174036,-1.0,0.02347447306132856,-0.19771075454120046,-1.0,0.02519831051912589
-0.07064099711754013,-1.0,0.03589520144303665,-0.14554230529065837,-1.0,0.024655425818199763
-0.11128247105328981,-1.0,0.03342124587114827,-0.13976194237515882,-1.0,0.024846451775240523
-0.10804796688563068,-1.0,0.03521999744633302,-0.1386514480911316,-1.0,0.024895793233773562
-0.038890870650084786,-1.0,0.028980527369420105,-0.07268155143480515,-1.0,0.018522555456740326
-0.005414198390872649,-1.0,0.009662497299498819,-0.03070416634397999,-1.0,0.013485200830885906
-0.02727937842166206,-1.0,0.011939098090166345,-0.02506943277085938,-1.0,0.013799695421935177
-0.06418131448972941,-1.0,0.010117211322970188,-0.019481135571822517,-1.0,0.014125229614300025
-0.03199390367529764,-1.0,0.0268261045348001,-0.01973748283832144,-1.0,0.014144089862610815
-0.013363227812167366,-1.0,0.026209308373633843,0.041175914184186535,1.0,0.0179203046611679
0.028170876966695957,1.0,0.009629426695303181,0.08013061589740733,1.0,0.013869252971309401
0.00892863074430128,1.0,0.005154947363717033,0.03848743298584578,1.0,0.01554784982170401
0.010039125028328488,1.0,0.004866156975040312,0.1022165651678586,1.0,0.023302846013192956
0.0022197567383130945,1.0,0.0006407888712029928,0.13005312824819804,1.0,0.024691567977544664
-0.0022246950221109785,-1.0,0.0032067940546293525,0.14169244490521704,1.0,0.024454605035730846
0.005534048434641559,1.0,0.006687242657480075,0.12208993950213021,1.0,0.025849082442470667
0.014309545212897845,1.0,0.007995956266718358,0.11881723830452096,1.0,0.02597039771531454
0.005552485114785899,1.0,0.013045594305273309,0.13675558797971732,1.0,0.025582954258962037
0.038965968533383855,1.0,0.027872040839909733,0.13899381943772804,1.0,0.025571011544490378
0.035430436979500435,1.0,0.028142339051585134,0.1312199801984022,1.0,0.025716002004724698
0.02623101214886958,1.0,0.032408238401095475,0.14202237378131022,1.0,0.02497260969067791
0.047677423171504696,1.0,0.0438509105867924,0.0801406940535081,1.0,0.02449839741507376
0.07809338931748666,1.0,0.04405692101412902,0.0893469035005845,1.0,0.024630943165702395
0.11213364266367254,1.0,0.02605031207941807,0.08832299396995369,1.0,0.024745244271342153
0.029912499362600098,1.0,0.027666361389426207,0.034812068203758706,1.0,0.01739304190155628
-0.009016133205363985,-1.0,0.015083297860110182,0.03940831281615198,1.0,0.01823672161086308
-0.0071615519476107,-1.0,0.0159941283172668,0.05779573347730782,1.0,0.01971511907264731
0.02243792837023939,1.0,0.00843568047886936,0.06971297887953076,1.0,0.01870874565754546
0.026712287106779087,1.0,0.006002848295981477,0.06829695439117112,1.0,0.018767976469748083
0.010819270916378798,1.0,0.0068763634769025165,0.03427379525675489,1.0,0.020010875933533383
-0.019887156850836085,-1.0,0.011456393982149113,0.04534923946886682,1.0,0.020670585412026873
-0.006442639718317267,-1.0,0.01757854801730349,0.06547860437722042,1.0,0.02132917455836828
-0.027468367662486948,-1.0,0.021486163930308354,0.046738355293665546,1.0,0.0226045760838512
0.0023487973217553026,1.0,0.021133715212079584,0.06174213989078803,1.0,0.021578602773458425
0.028154798633054146,1.0,0.032401179430709304,0.042032914543119304,1.0,0.02146397242399274
0.08160638217102667,1.0,0.01576258357995707,0.09201889872025237,1.0,0.020595898118034417
0.06481341003837215,1.0,0.025053360195648355,0.08987465739964495,1.0,0.02058106003857146
0.01987250836965515,1.0,0.020322477608126378,0.01711033001829998,1.0,0.02041273537563563
-0.03068349016816363,-1.0,0.009046135763850771,-0.015316482300408385,-1.0,0.018321572539808723
-0.001925811040424552,-1.0,0.02150707466462062,-0.019894248534046977,-1.0,0.018488815883298555
0.023893937092828388,1.0,0.024676463916631378,-0.025044366246891325,-1.0,0.018596934914951978
0.023283830953289453,1.0,0.025028708625875577,-0.0024431509991358347,-1.0,0.017681318438524177
-0.003494256428914877,-1.0,0.021892336627371965,-0.02603829455577955,-1.0,0.01621679825621618
-0.02988832955241838,-1.0,0.009681727246580767,-0.05793500212079783,-1.0,0.01435979315727264
0.01781217576409988,1.0,0.017862051415278104,-0.027421897612416757,-1.0,0.013903159715051534
0.030481314830612227,1.0,0.015463398730642154,-0.024618923337915266,-1.0,0.01388435503944029
0.003232214108234821,1.0,0.029608630442115317,-0.01472259168157386,-1.0,0.014041160387658907
-0.025728998849634088,-1.0,0.020450308626205376,-0.04053304929963186,-1.0,0.011057361698692165
-0.044955495895319775,-1.0,0.014876411292690565,-0.041410385362802504,-1.0,0.01097737047484265
-0.022282187895536154,-1.0,0.004519196826370454,-0.011405381180860541,-1.0,0.006560234038619937
-0.01781015886689108,-1.0,0.007040725326510573,-0.040841249172661076,-1.0,0.011090576973885805
-0.008069857062157126,-1.0,0.005512959275424913,-0.13358479858998162,-1.0,0.03115204997885023
-0.008996698781078116,-1.0,0.006023026225044843,-0.14003066896632888,-1.0,0.03116242927715198
-0.0016949156599914694,-1.0,0.009543329112102227,-0.13583233218040247,-1.0,0.03135370697505299
-0.002074885211050592,-1.0,0.009562697762772876,-0.1183838379221629,-1.0,0.032246793366424685
0.01332408088680559,1.0,0.0056955548090367545,-0.11116967821939872,-1.0,0.03231820994346376
0.004701024076884774,1.0,0.003833129489327141,-0.108286288119126,-1.0,0.032479693353597225
0.013689852805724989,1.0,0.0033809100509450494,-0.09802344953881681,-1.0,0.03282075099557628
0.00654942460894814,1.0,0.004472736930709912,-0.10522493445751646,-1.0,0.03260841522619033
-0.0260371987226633,-1.0,0.02050968362754106,-0.09580744252409001,-1.0,0.03296967309602203
-0.1371299091224989,-1.0,0.052638736115250995,0.006590268433688262,1.0,0.047364566291791615
-0.1509074756810045,-1.0,0.04715503812133641,-0.018827629479333474,-1.0,0.04802332292527823
-0.11280124187463247,-1.0,0.05840647739669827,-0.0009632056225332697,-1.0,0.04727076141178237
0.007131103605661604,1.0,0.015965928673674933,0.11566824201098092,1.0,0.034155681486058534
0.019864291965852043,1.0,0.009244266606371053,0.12530985610136192,1.0,0.03362821763592859
0.025851128401285006,1.0,0.009762256490981244,0.11251237759069221,1.0,0.03397370901217553
0.018285503172295492,1.0,0.007632179607392213,0.09193964510280761,1.0,0.03412579818656996
0.019268824648687843,1.0,0.007083603154886207,0.0977620841535618,1.0,0.034010276743999965
0.017179869671920756,1.0,0.006280498390602481,0.11701259261354569,1.0,0.03466939786056217
0.11830357077823006,1.0,0.06103767132872085,0.11366706395593651,1.0,0.03469407308133263
0.09294672958713113,1.0,0.07054678981126843,0.10719426974020907,1.0,0.03492899576230878
0.06880703817889344,1.0,0.07532288077869047,0.09496288750743798,1.0,0.0350678594420892
-0.02805193554520624,-1.0,0.020176414515793387,-0.0026865549532146815,-1.0,0.01480159086161965
-0.006769990100309098,-1.0,0.01365171539985764,0.01798795970009337,1.0,0.012439762342146372
0.0006743413385930097,1.0,0.010845863471749848,0.012735366265718362,1.0,0.013108067642717738
-0.0165974933025117,-1.0,0.0009953603365691912,-0.0027630907008191485,-1.0,0.012607214747290936
-0.0076834799819480715,-1.0,0.005240739136967642,0.02307649214127583,1.0,0.013771906953847498
0.030351343424138477,1.0,0.018942917249425182,-0.008316458337784827,-1.0,0.017889219074774823
0.04001292202542439,1.0,0.015759845762088647,-0.02477968226067473,-1.0,0.01881794964434523
0.02870101023533511,1.0,0.020091386602215305,-0.05866813936806192,-1.0,0.020402623071606226
-0.004869835434186953,-1.0,0.006539530653260932,-0.08997131791058077,-1.0,0.01705207900543736
0.0019499518690788697,1.0,0.010212306451188341,-0.0867494741371937,-1.0,0.017292561460929598
0.0037404195470154278,1.0,0.009486543252894367,-0.09085133255668021,-1.0,0.017348163844533592
-0.013420483062826172,-1.0,0.01565129066225278,-0.07442576723635108,-1.0,0.01843612537988231
-0.02812847129281071,-1.0,0.008694233188835864,-0.07141430064918808,-1.0,0.018723853367345285
-0.0016814576591266395,-1.0,0.019856762650015097,-0.07468251146083205,-1.0,0.0187506195163994
-0.02037748326491018,-1.0,0.029321331082709446,-0.0365297604226793,-1.0,0.01956285382685712
-0.03861408486236728,-1.0,0.029951889846966142,-0.004015301761879364,-1.0,0.021736281712050005
-0.08942811149128582,-1.0,0.00848184703405454,-0.042299494111687874,-1.0,0.02123518998803693
-0.05130351614865747,-1.0,0.015723133173477278,-0.029364608629903532,-1.0,0.019595545532470126
-0.021956869851094574,-1.0,0.020491062399799392,0.007803664829955981,1.0,0.01933216188185814
-0.003482182953283175,-1.0,0.010258629664635437,0.052672569720512374,1.0,0.016950206272111606
0.010675715240042738,1.0,0.013834124138607871,0.013805924288564864,1.0,0.021042043963980395
0.017285125357084485,1.0,0.01541404576413343,0.04052595475954801,1.0,0.023178137019807952
0.01990924064286359,1.0,0.013899324024423575,0.07088567904383725,1.0,0.02299932247715152
0.024475523750845607,1.0,0.015343414213780628,0.07245236059113358,1.0,0.02305605893282424
0.039270527594498006,1.0,0.020222727674046093,0.035527541315663935,1.0,0.024193504224792915
0.030701559690017532,1.0,0.02502465325504332,0.009110540064124706,1.0,0.0265121713348561
-0.013212331472134409,-1.0,0.029786261322495452,0.013040039671931236,1.0,0.026779902994969823
-0.026795118270531937,-1.0,0.022017995992276,-0.023259116157780202,-1.0,0.02525436576413128
0.0055439523409144265,1.0,0.02325584067640875,-0.00980111736886835,-1.0,0.024771500932139902
-0.008132983230189073,-1.0,0.03114776769025648,0.019900661706335754,1.0,0.023592920244144385
0.010765420078497456,1.0,0.03802666364638424,0.0509291623709105,1.0,0.026808887583226394
0.014730926370041697,1.0,0.03865211411329309,0.04439272148243667,1.0,0.026650590074029118
0.06932215154261145,1.0,0.01042643512004024,0.06243175663756739,1.0,0.02446288263936621
0.01228671191320041,1.0,0.022603906621999483,0.008143525372615201,1.0,0.02343619144080737
-0.04186589833684895,-1.0,0.02679209553516717,-0.013470808915457155,-1.0,0.022777930960683954
-0.03493679716835674,-1.0,0.03067396486888602,-0.03581386198119452,-1.0,0.022162246246763388
-0.01951612987894613,-1.0,0.029342332068532834,-0.011605546120307952,-1.0,0.021364547312140172
0.011789902257024476,1.0,0.016423588527019126,0.06622510881204136,1.0,0.021632131757885757
-0.006351709437729891,-1.0,0.006004395299596195,-0.013040039671931236,-1.0,0.027233012912742466
0.04739316025815876,1.0,0.027582065948011974,-0.05398551725120937,-1.0,0.03036451906599115
0.05973779119221945,1.0,0.023680091088097644,-0.02826937487369552,-1.0,0.031257203419359475
0.034398111701042566,1.0,0.034056473591266505,-0.03065831835929611,-1.0,0.031215644676915292
-0.03202021691979784,-1.0,0.016034709976347133,-0.08099384872460513,-1.0,0.027022763587548463
-0.04313260402785213,-1.0,0.009629188668252254,-0.08023602134102825,-1.0,0.02706077733176436
-0.028923467076150455,-1.0,0.00844252831623421,-0.04791916644333938,-1.0,0.027155614915400996
-0.007462359579722744,-1.0,0.004382156742480058,-0.031185111897352513,-1.0,0.02672884500518533
0.03783001939064956,1.0,0.02582121700068233,-0.0170977737464173,-1.0,0.02700375927122557
-0.012162974859093456,-1.0,0.04950659476894318,0.0023371322353078483,1.0,0.02725893198803925
-0.06189610100984755,-1.0,0.05442733389887868,-0.04730780037870952,-1.0,0.030495483752555733
-0.0827045814287124,-1.0,0.04246529535219139,-0.09894517126188562,-1.0,0.02684775991783717
-0.023969988125094766,-1.0,0.035487781398684956,-0.02134531470232348,-1.0,0.023304481195171117
0.020384828784763,1.0,0.01276736494874622,0.0261479507466853,1.0,0.018338903703439817
0.007771144724886714,1.0,0.005864647185460329,0.015282823092142905,1.0,0.017566613428830126
0.0171372636169993,1.0,0.00782138589396327,0.011956937228442044,1.0,0.017574707141226966
0.01778851990745478,1.0,0.007453272499843658,0.014096085194777341,1.0,0.017539768092191127
0.020005643566758824,1.0,0.00794170923115708,0.004413689580604618,1.0,0.01739010421643172
0.02133283160249677,1.0,0.008386132146758747,-0.020681391674898908,-1.0,0.017413180324682094
-0.02358504806107975,-1.0,0.0342635925330167,-0.026854026352690852,-1.0,0.017528579914965266
-0.04401737812481876,-1.0,0.03052654327259019,-0.04494459191401079,-1.0,0.017077540086158655
-0.035845421796724786,-1.0,0.03435751700105951,-0.05724424117257376,-1.0,0.016332628186884992
0.01155965011554727,1.0,0.01577011979893592,-0.011901238245442425,-1.0,0.00930584096568033
0.03152341292531613,1.0,0.010597534706693163,-0.011496165138426218,-1.0,0.009272319650420422
0.00933226380567076,1.0,0.006272433184250166,-0.034252733266249,-1.0,0.006122137180042007
0.00833296323285504,1.0,0.006541013997695671,-0.016364648370211565,-1.0,0.008569097666893203
-0.003097988786651573,-1.0,5.86513679551218e-05,-0.02229825525049023,-1.0,0.007984182603272844
-0.015501065286341653,-1.0,0.0071313420648138,-0.020484041987348878,-1.0,0.00801904556013055
-0.023161591640013413,-1.0,0.006204056977369019,-0.07664915216607238,-1.0,0.01788727976409566
-0.029352637927856584,-1.0,0.003206407392720812,-0.1034606100815787,-1.0,0.018817171999629907
-0.015230017895178083,-1.0,0.005067541274148445,-0.09573632049807745,-1.0,0.018770865219426794
-0.008632259953831323,-1.0,0.004068086341192825,-0.10384955522903994,-1.0,0.018942980466947625
-0.01056895134923419,-1.0,0.005133046124802993,-0.10923893564757803,-1.0,0.018971601675872536
-0.012853913890400026,-1.0,0.004288428632872631,-0.07194736634381593,-1.0,0.023289974483623476
0.00709623999077813,1.0,0.013978582184754649,-0.056145042716828186,-1.0,0.02396943945102687
0.02072132281325212,1.0,0.00996588324218642,-0.04975938371098332,-1.0,0.02393010931122649
0.023100955084570884,1.0,0.00900271732743073,-0.039149771486080454,-1.0,0.02422834926732908
-0.05195154056300577,-1.0,0.034555134448646004,-0.07997438999631079,-1.0,0.023851770367076478
-0.08426034361774004,-1.0,0.02899055638752836,-0.08237511988223334,-1.0,0.023760449083844486
-0.09075334379707023,-1.0,0.025823249130746836,-0.08540930970279881,-1.0,0.023687317763419893
-0.05036199470298097,-1.0,0.011117383507219821,-0.03929843638090702,-1.0,0.01785188728086497
-0.035130963493855916,-1.0,0.00561128654363901,-0.06429435070539702,-1.0,0.021970983865098815
0.008558936259083438,1.0,0.030517976996793664,-0.05897243752534509,-1.0,0.022017617288493725
0.03907225255838043,1.0,0.025354398009473266,-0.05231549903104815,-1.0,0.021774186018763582
0.04891060058736052,1.0,0.02054789887421096,-0.048525770520236655,-1.0,0.02166975703691579
0.019943680967335453,1.0,0.008547480886025442,-0.07204123189103218,-1.0,0.018326076170308184
-0.016733107288704474,-1.0,0.016165704633626873,-0.06366553985122625,-1.0,0.01928102244032626
-0.011894413357997902,-1.0,0.01680384800910185,-0.18860356396659617,-1.0,0.040206975119265416
-0.02315858313214747,-1.0,0.013345728685634878,-0.1813889333435359,-1.0,0.040662281315287735
-0.011275586947602001,-1.0,0.006659833619042425,-0.12519274670776426,-1.0,0.042856503760402856
-0.06617957444090372,-1.0,0.02707785286491135,-0.10565600210453541,-1.0,0.043733697439321775
-0.06431647161961651,-1.0,0.02777290167753328,-0.09205100634501306,-1.0,0.044094821384626934
-0.0633790573531221,-1.0,0.02795285850199872,-0.06937787558237574,-1.0,0.04442125662434626
-0.019362383308695552,-1.0,0.005317243990431972,-0.0018957351648989373,-1.0,0.04212505005192382
-0.004509858106603648,-1.0,0.013870487002465405,-0.006414847371830845,-1.0,0.04214716759378331
0.02772221173820233,1.0,0.016158061475716752,-0.009736238939941355,-1.0,0.04222664132350812
-0.09116719285899899,-1.0,0.08442942511317743,-0.0006036096036470262,-1.0,0.042150011063058476
-0.08940402048516827,-1.0,0.08490292437167986,-0.011484753582270635,-1.0,0.04192504167295854
-0.07826031414524248,-1.0,0.08847853767482237,-0.049855303654972705,-1.0,0.04146604273492402
0.07105314850406286,1.0,0.008701381584050044,0.08195277266812573,1.0,0.014300569731999429
0.06617934386637536,1.0,0.010945980307144538,0.060930628734578995,1.0,0.014327809499473295
0.04453928417778652,1.0,0.005791889719620312,0.018943736988823012,1.0,0.01170695434783642
0.03758069249873275,1.0,0.00177699335443557,0.006382739233718571,1.0,0.010228829305118614
0.02131968735356571,1.0,0.010480376659097802,-0.018430304205354187,-1.0,0.010342392891852554
-0.003737420710687722,-1.0,0.01435412881119963,-0.04391039289235854,-1.0,0.010006106496232953
-0.01807025774744364,-1.0,0.006911551946121359,-0.04847593460733135,-1.0,0.009312545959250653
-0.009579764317043438,-1.0,0.009030820936506543,-0.030738141173412448,-1.0,0.010500043002798547
-0.01239685297682902,-1.0,0.010632969709874068,-0.02457787101544806,-1.0,0.010061394347412317
-0.008610810587226236,-1.0,0.011592997475321422,-0.014719565075547614,-1.0,0.010650568600517272
-0.016988638168318637,-1.0,0.010171087553306384,-0.011983439414202213,-1.0,0.010792019167834005
-0.009461273501446765,-1.0,0.006527658534937298,0.010220310400528287,1.0,0.009796042829557854
-0.0045168849303443,-1.0,0.00928798602507228,-0.021048226118513202,-1.0,0.012624724574711236
-0.01318158907355782,-1.0,0.011811207174261627,-0.022650884849001685,-1.0,0.012667837495251704
-0.018314845703395033,-1.0,0.013058804909425287,-0.02070673958625502,-1.0,0.01258456954165897
-0.017277981342317172,-1.0,0.013657359732991498,-0.042107538451698456,-1.0,0.012446399867863608
0.009011850385507447,1.0,0.014674618111640354,-0.006843801987467479,-1.0,0.013962607026433179
0.015595101166222758,1.0,0.010898070461353953,-0.0008805585825908402,-1.0,0.01354651958587566
0.015686111784340095,1.0,0.010918264742395052,-0.003491710742997256,-1.0,0.01338991355221479
0.009174937442166797,1.0,0.00914487749233024,-0.0255163510569707,-1.0,0.012924266408073435
0.022401328439147328,1.0,0.0022889164503413655,-0.018617392850959202,-1.0,0.012827389613550687
-0.014939471630191825,-1.0,0.01927975317635105,-0.039240321188654725,-1.0,0.01250184110711138
-0.02765608360311811,-1.0,0.016778150968812754,-0.0467403910859594,-1.0,0.012159856097701744
-0.04038832348823007,-1.0,0.011934085825027122,-0.03950643366729434,-1.0,0.012851873376162247
-0.025576197263529554,-1.0,0.0033869431179988536,-0.027492273726349215,-1.0,0.011175219048516552
0.002625493787976385,1.0,0.01837199876720921,-0.010571455108002059,-1.0,0.011671058103976487
0.0015113353002691454,1.0,0.018613882855635196,0.019100512021546834,1.0,0.013331951570478853
0.021337846366384028,1.0,0.01486938026660237,0.04942196823399492,1.0,0.013306455096395465
-0.009660698683995772,-1.0,0.009217079282974503,0.007711481000689968,1.0,0.013699152832592222
-0.0021417331021456043,-1.0,0.008284512841405762,0.023630001353851515,1.0,0.013567115975108736
-0.020062498661317374,-1.0,0.005506210030500098,0.017706151915881208,1.0,0.013458978608110458
-0.012049102586821903,-1.0,0.005648093560491506,-0.012559632272448162,-1.0,0.017776698371054188
0.0015122876228121918,1.0,0.011939102447624797,0.02700008493595929,1.0,0.021242233785695265
-0.0031914241678863142,-1.0,0.01420513203693533,0.024922624123044912,1.0,0.021363913518906236
0.00851285237483923,1.0,0.015699260490517144,0.027436908558210238,1.0,0.021341731173104953
0.0182186222006111,1.0,0.019449379051754038,-0.00441724703857993,-1.0,0.021838423854217224
0.05133804469681458,1.0,0.006203053891694687,0.01522678829359947,1.0,0.021354254546494107
0.020908429896668412,1.0,0.023380176550710646,0.006683083949830859,1.0,0.021157969428399207
0.006040824632573827,1.0,0.01958650657467922,-0.00694878090735962,-1.0,0.020193937477378174
-0.010377969951729682,-1.0,0.014586833528100224,-0.03347024373816376,-1.0,0.01942520755096801
-0.029931811957133903,-1.0,0.025713393203582114,-0.005840339682600781,-1.0,0.018844982450363628
0.0012283504799621703,1.0,0.03931498312821702,-0.012865095796885662,-1.0,0.018664914084288577
-0.01284602645415367,-1.0,0.03995893694730689,-0.01695690113157955,-1.0,0.01865154616941357
0.027947438243836498,1.0,0.026790599157242658,0.03561504939393734,1.0,0.014657453759979929
-0.029905044351727028,-1.0,0.010274854407059233,-0.006033386522243944,-1.0,0.009228519112637749
-0.012887259997331757,-1.0,0.012542471833835129,0.004960327630968653,1.0,0.00842945393675615
-0.012240972233540148,-1.0,0.012693002124755328,-0.0017395630629257752,-1.0,0.008581099718121104
0.01568708833183141,1.0,0.003689683682271373,0.014067049345821037,1.0,0.006419762471579154
0.0026410126650513455,1.0,0.0089965384340316,-0.015354657355854062,-1.0,0.009797498822667155
0.008385006264236772,1.0,0.009921722039598813,0.012116818033864885,1.0,0.013241072749080256
0.00012450974304778484,1.0,0.008234467303308658,0.043135342068846505,1.0,0.01737865037885761
0.006135372654854532,1.0,0.005266285830162595,0.03383456458741785,1.0,0.018163057249652902
0.011523577119404216,1.0,0.0082575520812872,-0.00112226459811815,-1.0,0.020008698434443417
0.008060059754603888,1.0,0.00905750606330122,-0.011520287690328868,-1.0,0.020181604396498024
0.009071202308394533,1.0,0.008775845229942144,-0.009406227250408072,-1.0,0.02017504207949082
-0.009407174213026614,-1.0,0.0019511874740470556,-0.03153809126879725,-1.0,0.019793966923652952
-0.009804608483662047,-1.0,0.0018957879049793635,-0.03098009090966025,-1.0,0.01979503536158115
-0.03320224498415447,-1.0,0.012132797927632036,-0.036276017896060164,-1.0,0.01983032984666693
0.0016154088632505115,1.0,0.027403307992863113,-0.0237851771517974,-1.0,0.02002490461680162
0.04475538105485688,1.0,0.03499274626240554,-0.009146214231635863,-1.0,0.020408493548520642
0.051830234608323256,1.0,0.03096333309020916,0.0033192932301409073,1.0,0.01935230307643848
-0.004854076367746263,-1.0,0.03657578072303768,-0.026165014641901685,-1.0,0.01704051600705489
-0.05453112001612759,-1.0,0.008901825638693461,-0.0720642841907071,-1.0,0.010565629626333978
-0.03710541918297139,-1.0,0.013593107024782499,-0.057601331100245456,-1.0,0.009884715967171923
-0.018892249551274887,-1.0,0.005021610169399447,-0.02731926571315535,-1.0,0.007127030716099065
-0.011399743464727496,-1.0,0.004546611102712009,-0.030822824963131712,-1.0,0.007507071259414465
-0.01779858833725756,-1.0,0.0036372278054849867,-0.07033485737684142,-1.0,0.013100519956963165
-0.0016542600960267606,-1.0,0.0071277555316070175,-0.06243012870373077,-1.0,0.013127776112280568
0.012029268194362341,1.0,0.00972837769863797,-0.06458947784985503,-1.0,0.013093281158408628
0.0063930661420465995,1.0,0.012912604194749848,-0.056600213944637545,-1.0,0.013211535529348416
-0.0007644286268537748,-1.0,0.012158740559861648,-0.05712844815066065,-1.0,0.013169187401332666
-0.018162688904214352,-1.0,0.006280551225808899,-0.05684009927584999,-1.0,0.01320232248777048
-0.009090389722063108,-1.0,0.0028371672397363313,0.039607900681858155,1.0,0.02850728520438323
-0.0060083274389999275,-1.0,0.004533755215274852,0.060219687612709016,1.0,0.028908469062849433
-0.013289660788552204,-1.0,0.008036974850826856,0.07325617944503948,1.0,0.028716503314952478
-0.04983894545956735,-1.0,0.021786942366464015,0.08159480455123047,1.0,0.028564326012401105
-0.05400311254185031,-1.0,0.019960899257595123,0.1375462738523603,1.0,0.032233261419729806
-0.04516639635145081,-1.0,0.021667909490485856,0.21408852030086267,1.0,0.03446876608509763
-0.004063944905053685,-1.0,0.0025882185014032243,0.2317316857803986,1.0,0.03206930924653874
0.00364742045704336,1.0,0.005349979076422724,0.23933334554834396,1.0,0.031702844517990124
0.01977864676836738,1.0,0.005488269770663747,0.24372123927570977,1.0,0.031424790122298166
0.1026011807685423,1.0,0.04313460048319137,0.208512812450238,1.0,0.03484078984737768
0.11658370713651589,1.0,0.039246019061577465,0.21186115782337867,1.0,0.03476021249170705
0.11193358981667512,1.0,0.04089099422892499,0.2029571573434552,1.0,0.03498474587586845
0.03289651414730921,1.0,0.008449968345910667,0.12878844633545006,1.0,0.0279086682513412
0.07131825880065135,1.0,0.030563144110257318,0.1637901720085404,1.0,0.030722292831062172
0.12754268006727099,1.0,0.03268031341700291,0.14273548009988968,1.0,0.031696605031648374
0.10029793576960078,1.0,0.048383694054951194,0.14895533375540593,1.0,0.031622094473171124
0.04778395915413336,1.0,0.04377004399259605,0.11801891252974972,1.0,0.02859161381349372
-0.015533677376603716,-1.0,0.015210455748570275,0.09094442441175365,1.0,0.024773315473005347
-0.02728281823521428,-1.0,0.021895139459894318,0.15154319641055647,1.0,0.024284370595898306
-0.02382476726792193,-1.0,0.02318138440274545,0.16752926081498787,1.0,0.02435714588028209
-0.02098543516388718,-1.0,0.023738574944941835,0.1352604613535,1.0,0.027569500486933518
0.02287681465375435,1.0,0.0038701229139226144,0.16807920007841126,1.0,0.02406174283122369
0.06851272132167763,1.0,0.028574911098772124,0.14015082784380528,1.0,0.0257764570504348
0.051711912573109586,1.0,0.03523113265200122,0.1468061329769621,1.0,0.025647742899724164
0.05306340156726508,1.0,0.035095718824215506,0.1445501608499402,1.0,0.025675934495978554
0.025546999321860664,1.0,0.020988436377051594,0.09627289324928734,1.0,0.021703799472265393
0.07575162437913496,1.0,0.012971832000439712,0.12324162071221556,1.0,0.02062604123196366
0.10288579842475132,1.0,0.005431804730298616,0.06924477180383981,1.0,0.025697046136616407
0.09729430743937151,1.0,0.008636146437783616,0.07552560777531836,1.0,0.026251133853178007
0.028782359565142634,1.0,0.03682623891017119,0.03481066439649316,1.0,0.024559972273509388
-0.010746814567359486,-1.0,0.027298885945244683,-0.05152611874202995,-1.0,0.025881323242373508
-0.05120320023910452,-1.0,0.015342113466640134,-0.04016899576927324,-1.0,0.027128041447662316
-0.009439763540425083,-1.0,0.013973963307606137,-0.025246254193697304,-1.0,0.02601700841174921
-0.0006522245747166977,-1.0,0.015401655718236077,-0.0016780091566674926,-1.0,0.02695559801237565
0.024634786727159685,1.0,0.0013898508976930679,-0.005229391522532101,-1.0,0.027187421987606163
0.028147400308363046,1.0,0.0034166874616729888,-0.04631880974022273,-1.0,0.028342115400181608
-0.022241987478835323,-1.0,0.03088173287884296,-0.021384640438941727,-1.0,0.030108370366804575
0.0047997138478916845,1.0,0.03995377624403754,-0.017076885847417067,-1.0,0.03025230684634358
-0.012679331936587435,-1.0,0.03864153816188461,-0.059142109485242234,-1.0,0.0308196162245283
-0.01788509212111844,-1.0,0.041274122547609766,-0.03481226112205604,-1.0,0.028830261235136816
-0.018400296105220093,-1.0,0.04102265868155616,-0.08962654645433199,-1.0,0.026646517182652655
-0.03127455902504783,-1.0,0.04138358629299925,-0.06810164995942714,-1.0,0.027597589973914573
0.03910129501800297,1.0,0.026670994707234212,-0.047689576674365686,-1.0,0.025275624881042062
-0.016263595992363378,-1.0,0.024081215720728064,-0.0682093534510666,-1.0,0.023082054699828804
-0.030512319086950512,-1.0,0.028512125533971693,-0.04208686587488941,-1.0,0.023146821999277662
-0.02035885585699093,-1.0,0.0343022116033307,-0.06714189453512542,-1.0,0.021695241911582456
0.01278729240227472,1.0,0.03248214760508162,-0.04275029036560296,-1.0,0.021206550981489596
0.015324100563343546,1.0,0.0310979547362618,0.0007865500356349919,1.0,0.01970544306174588
-0.03566960816194964,-1.0,0.021004885051205423,-0.029766403297817323,-1.0,0.016922506233372433
-0.06774994675902324,-1.0,0.005411107594824431,-0.034761962290707604,-1.0,0.01660186048498714
-0.021638872410772336,-1.0,0.021312079595506198,-0.019760009064480943,-1.0,0.014962966929061334
-0.030762407673428083,-1.0,0.024199475732796422,-0.007428350901516723,-1.0,0.014092803935350118
0.003016896898045296,1.0,0.02494020899579501,0.025259895138071364,1.0,0.013033419046619267
-0.005259774940510109,-1.0,0.022569539067928635,0.0031623704583685353,1.0,0.012215580445534823
0.01964897715724323,1.0,0.008362450498788115,0.028193490145658195,1.0,0.008612443091273061
0.009195467093100262,1.0,0.005944911369361874,-0.00928080907447315,-1.0,0.010784096422110128
0.012361096823573892,1.0,0.007600901176868349,-0.006989544181712493,-1.0,0.01099298610705065
0.01701663538031717,1.0,0.005729493922392605,0.015052769863040272,1.0,0.012348579290336715
0.020775620477170076,1.0,0.005203532535054188,0.01019558448260005,1.0,0.012369699726645186
-0.00522245853677239,-1.0,0.01066024556386791,-0.013057856917456867,-1.0,0.012240140696286443
-0.013331555765649039,-1.0,0.010310932985697482,-0.015421420685108433,-1.0,0.012207261999749584
-0.00772808933024427,-1.0,0.013376730040706894,-0.02856631110004182,-1.0,0.012018952101293508
0.0012835071120771424,1.0,0.010268060137500095,-0.00425722141914564,-1.0,0.011979486360036484
0.004859433373746835,1.0,0.009264945285873186,-0.02353759839687619,-1.0,0.013968857536557452
-0.03152380731449922,-1.0,0.011842965881170953,-0.04530023826825236,-1.0,0.013355021238969884
-0.015411689580591137,-1.0,0.017887607702944328,-0.0333063186243745,-1.0,0.013721262895695325
0.006508256874625307,1.0,0.023114113121944748,-0.047509820724116913,-1.0,0.014311042512915968
0.028671860650173464,1.0,0.010727746409497366,-0.037377879934636926,-1.0,0.013274035315028217
0.006292784087829517,1.0,0.015526526622518284,-0.04750341723316609,-1.0,0.012571614943890959
-0.013457555167831536,-1.0,0.005682074627098694,-0.04740033035741087,-1.0,0.012588940890623028
-0.017986275105471794,-1.0,0.005264839808652793,-0.042242805113940296,-1.0,0.01274978308202754
0.003578176961538837,1.0,0.008659218936527907,0.026335412124604662,1.0,0.021478117933521185
-0.021447733477416797,-1.0,0.01805710381463721,0.0324426943433993,1.0,0.021480872586247694
-0.02446201649845481,-1.0,0.01808645693046872,0.07129644303992633,1.0,0.02285251095037362
-0.027765590093151715,-1.0,0.016397958352672704,0.06193691586526784,1.0,0.022839793986862273
-0.019112788953493887,-1.0,0.012372559479588726,0.07242717108570007,1.0,0.021732463687741104
-0.023601448980883788,-1.0,0.013186726662216321,0.07890386347718392,1.0,0.02138898202562211
-0.02960878818938273,-1.0,0.00974632910976997,0.08165002798993903,1.0,0.02141175791828709
0.006617747241331351,1.0,0.016697452788402116,0.08202785559707904,1.0,0.021374023468260256
0.023806935470870094,1.0,0.00993671107363873,0.06949073105175563,1.0,0.022747311615398762
0.08013161344560027,1.0,0.02793420909251316,0.005135472167898669,1.0,0.030258377374290837
0.06638546953297864,1.0,0.03073124990809523,0.007086037352331598,1.0,0.030374315786541553
0.09555297304839483,1.0,0.025992236731538863,-0.007527748875889806,-1.0,0.030553060409183656
0.03917968070220201,1.0,0.016855980194173486,-0.09271438585518288,-1.0,0.02523050251735061
0.01853674326488397,1.0,0.02408256313213144,-0.11462956001010749,-1.0,0.02496927797275267
-0.016854596061197213,-1.0,0.00842599505172741,-0.1368716322189063,-1.0,0.02225324759496402
-0.00805247796848052,-1.0,0.012528084441271597,-0.13359800733174243,-1.0,0.022441278865283774
-0.009512104442114921,-1.0,0.013254761264317167,-0.11856436893475886,-1.0,0.022622636524659397
-0.03301458140631208,-1.0,0.01888382811889909,-0.11255033480117183,-1.0,0.02285353189468178
-0.10612334401142309,-1.0,0.02452506228062402,-0.15793395474945182,-1.0,0.023106041956061932
-0.06832407100341609,-1.0,0.0423253512190041,-0.11632657983872452,-1.0,0.02555281530085344
-0.05321154445677534,-1.0,0.042552486772524094,-0.07180798509055775,-1.0,0.026110840002060372
-0.01771824457748128,-1.0,0.024915683889913515,-0.018463361435628656,-1.0,0.01910514162208691
-0.05533012782946045,-1.0,0.008297265704254164,-0.03753568253037809,-1.0,0.017779230809180858
-0.03379091029462167,-1.0,0.019356720911238943,-0.04379798793987133,-1.0,0.01813325510569875
-0.0017039407743575374,-1.0,0.013916934197022019,-0.008226981601603622,-1.0,0.016714005299380757
0.014601934340232603,1.0,0.005068342638273861,-0.002815987997530911,-1.0,0.016322694846736662
0.007466701356537264,1.0,0.002283312472237891,-0.028121933533059806,-1.0,0.016497744712850298
-0.03238842538618991,-1.0,0.021332315830927803,-0.03835134058092393,-1.0,0.016376574887971528
-0.007274315346080584,-1.0,0.03060135126870883,-0.038019133058905474,-1.0,0.016382748283879974
0.007727768304301996,1.0,0.0330536878601967,-0.03867675910398516,-1.0,0.01636139797981824
0.03334724930240007,1.0,0.01841786827527249,-0.002977013059249245,-1.0,0.012854969264138883
0.010466826304930343,1.0,0.013908057125660298,-0.020939197362164208,-1.0,0.010455034250456505
-0.025201547306088923,-1.0,0.010028215984687693,-0.09936775209922155,-1.0,0.018455142166068722
-0.007481864743456246,-1.0,0.013466027027600285,-0.1433302221079562,-1.0,0.022658040970484294
-0.020610433296613273,-1.0,0.013293600583143207,-0.1539559119987466,-1.0,0.02225768956331591
-0.018114855887810144,-1.0,0.012320845797115414,-0.12677216536928038,-1.0,0.023086370286737858
-0.03182829975367785,-1.0,0.004730473395750303,-0.14399252873678492,-1.0,0.022353060742406932
-0.02060121072114196,-1.0,0.00782230581360015,-0.10331392492361147,-1.0,0.025411100554390758
-0.0030881242143880883,-1.0,0.00420139931821197,-0.09973577154132851,-1.0,0.02534776900571624
0.002985902135484775,1.0,0.0011492737617990333,-0.10993650528952648,-1.0,0.025424725862775242
0.009805620350660682,1.0,0.0035073599263247416,-0.12911247248648694,-1.0,0.02537636846465678
-0.052963224690934396,-1.0,0.03721560196319161,-0.1469232797528215,-1.0,0.025060576753816562
-0.10700595974630689,-1.0,0.03723629651516213,-0.1525140633955293,-1.0,0.02485668418705428
-0.12254988833165203,-1.0,0.02831041613457669,-0.17000867990717872,-1.0,0.02408700606205141
-0.05260596057614775,-1.0,0.03258128505144915,-0.12001298345524392,-1.0,0.019178075198042488
-0.008144171372284958,-1.0,0.01058474253016637,-0.039609138095045626,-1.0,0.01635646790290049
0.030031553778521847,1.0,0.019521727889557004,-0.023828566602818402,-1.0,0.016543230701591565
0.008921537940141722,1.0,0.02324807476926529,-0.05643655893030841,-1.0,0.017152396703485794
0.0022277236935805966,1.0,0.02524342092735667,-0.015357065652664925,-1.0,0.0200218239346343
-0.046399758284017434,-1.0,0.003639104243942321,-0.031519833849832146,-1.0,0.01820322068206983
-0.05027563242588107,-1.0,0.0018201229732665361,-0.031140536768133664,-1.0,0.018186520712095804
-0.03959165597051806,-1.0,0.007076057668304906,-0.007196060829490314,-1.0,0.017900137961167933
-0.031090587070031095,-1.0,0.005114523310906138,0.005277057100843585,1.0,0.017088158553344068
-0.026052928393356822,-1.0,0.0029665018695919036,0.027758532212206255,1.0,0.016401709561983824
0.005898965554176794,1.0,0.021413512293153848,0.007304447162911565,1.0,0.018222030329103512
0.02363022497270828,1.0,0.018576420525223004,0.02261435186947036,1.0,0.01791900230771716
0.010970463948787756,1.0,0.025110329326467434,0.021564878287668066,1.0,0.017987111186367113
0.016107901070095743,1.0,0.027525813717317132,0.01874659079613661,1.0,0.017647699102613816
0.022340286531508102,1.0,0.02798576105743652,0.010228007592740784,1.0,0.01756315526116705
0.03421756010231647,1.0,0.021616858472226275,0.026910901241367302,1.0,0.01609261299767577
0.010388728516755208,1.0,0.01303376708600445,0.005145270810334779,1.0,0.013467083752634033
-0.009602867333341703,-1.0,0.010001243109144771,-0.026027747000742174,-1.0,0.01369566241508492
0.008623436554458852,1.0,0.00802235693640537,-0.009965393097894903,-1.0,0.013512938198580217
-0.02509114797811618,-1.0,0.016444126824077938,-0.005869514197162751,-1.0,0.013804867840558252
-0.013753292301404318,-1.0,0.018326360403334494,-0.014515874951475993,-1.0,0.01435445809476452
-0.03224658231789501,-1.0,0.015354173254970117,-0.02138177294307031,-1.0,0.014132906878892083
0.017341109187401837,1.0,0.01770121568621072,-0.011170431359377453,-1.0,0.012806112696309824
0.011243880695978703,1.0,0.018184694073741747,-0.01575037361556353,-1.0,0.012681998218820658
0.016316486902486993,1.0,0.016183696147065687,-0.0009000322047616471,-1.0,0.012316789893005078
0.002506581084293913,1.0,0.008419806592563665,-0.03407897902289392,-1.0,0.00994816917827469
-0.013915468061974856,-1.0,0.013894816647150738,-0.03620015401053012,-1.0,0.009933859494247703
-0.0026587342369457367,-1.0,0.014668464889706726,-0.028340679869288454,-1.0,0.009947608616918797
-0.0006260564907423216,-1.0,0.015453152964186803,-0.05083882526880856,-1.0,0.009502954816143465
0.0019090047159244783,1.0,0.01403479923923784,-0.09564144485761705,-1.0,0.019132332437261503
-0.002792943290716554,-1.0,0.013587896552032944,-0.0868269942104587,-1.0,0.019825061096386026
-0.03039206514033088,-1.0,0.008886849724076426,-0.08478212741421753,-1.0,0.020014225257152126
-0.014987790965491854,-1.0,0.00909962617797944,-0.0555516876652411,-1.0,0.02072461799339779
-0.01176484157958635,-1.0,0.010137901777421666,-0.0629633575792461,-1.0,0.02068037369171336
-0.005567438476114628,-1.0,0.006618919310094168,-0.047461157438460244,-1.0,0.020464581638737718
-0.009205899698987885,-1.0,0.0063294167882530445,-0.05164658886216689,-1.0,0.02041946212142477
-0.011124160762039814,-1.0,0.005382872018780761,-0.05853650245257258,-1.0,0.020281078043602883
-0.014253265161620732,-1.0,0.0070535005851244436,-0.045963728650642466,-1.0,0.02035621853674321
-0.07335675890906179,-1.0,0.03354862540396697,-0.044617560771119,-1.0,0.020363408151255324
-0.06114504857811598,-1.0,0.038617454110219954,-0.05398050980263003,-1.0,0.020327487371613218
-0.03456935863615129,-1.0,0.04402213044286944,-0.04347047868566856,-1.0,0.020180378904727552
0.04199876190830043,1.0,0.0003104234229366798,0.021082611649672067,1.0,0.008072877815671984
0.02107069334049605,1.0,0.012391227148001532,0.02862400683455535,1.0,0.009284895119046215
0.006928904835426408,1.0,0.010933502874686687,0.016227536621756578,1.0,0.008515714921031004
-0.01108269216241764,-1.0,0.0036433781106181514,0.004158010148664015,1.0,0.007512230148060971
-0.007337986452912837,-1.0,0.0021222286451183965,0.02645444852234924,1.0,0.008180817147876048
-0.0040700096882968495,-1.0,0.004007143813563431,-0.0005417118225645723,-1.0,0.011767719717664792
-0.002176871607940001,-1.0,0.003553840372794792,0.0016295495186624542,1.0,0.011721369180739074
-0.006568168112097261,-1.0,0.0056049628722527525,0.005983156276834212,1.0,0.011664497109938776
-0.011760015196646822,-1.0,0.00347374299425832,-0.025052927631983746,-1.0,0.01416696735586925
-0.007656586488270722,-1.0,0.005093912069107679,-0.017449092848808245,-1.0,0.01434481691804212
0.021459468059069398,1.0,0.012325434337129734,-0.021509189729870037,-1.0,0.01455777499325121
0.02512865667127384,1.0,0.01109498347354249,-0.06830534997482296,-1.0,0.019888116770624676
0.02507416040729238,1.0,0.01111018973245525,-0.07923097755779596,-1.0,0.019743613956988475
0.01890113502828994,1.0,0.007547036110241735,-0.09685665851226855,-1.0,0.018073439710399975
-0.009840343608894742,-1.0,0.021522881930607318,-0.1139673868860207,-1.0,0.017902712835807785
-0.013611152792419201,-1.0,0.021154695682884868,-0.12153790127227415,-1.0,0.017585777797063818
-0.027809278698427864,-1.0,0.015399941274661287,-0.1365498072313307,-1.0,0.0161065553190754
-0.028581225497716023,-1.0,0.015844262796379377,-0.11790157424506642,-1.0,0.015344379994727448
-0.0212555139754107,-1.0,0.01807771452860071,-0.10430574271290238,-1.0,0.016465711767008617
-0.03406051411880151,-1.0,0.016742571445411275,-0.11663131302644825,-1.0,0.01620113383522228
-0.05501243753948604,-1.0,0.027758942526821317,-0.08749302982865181,-1.0,0.015414593037218127
-0.06943847119725843,-1.0,0.022207671592832934,-0.10543751869948448,-1.0,0.014901748607671505
-0.05388800072332911,-1.0,0.027335890442846168,-0.11808115836238908,-1.0,0.015580473547119741
-0.020533380239923904,-1.0,0.009601785440616293,-0.15397887328100657,-1.0,0.02457441956505821
-0.017232763307185817,-1.0,0.009466328219810307,-0.2182898023679778,-1.0,0.030009470155744133
-0.020792013690772215,-1.0,0.0077923437616260315,-0.18769496104540595,-1.0,0.03315962992486535
-0.013774530967940457,-1.0,0.004236154906795945,-0.15603158170969422,-1.0,0.03441942051136246
0.0036210057669525675,1.0,0.010212068606041347,-0.15113226522045053,-1.0,0.03454627902390561
-0.00789078449354541,-1.0,0.012741855039807376,-0.160138948621952,-1.0,0.034345031281956845
0.0018273189186985839,1.0,0.011758848287732044,-0.1733087960724471,-1.0,0.0343812382663924
-0.022387289961992796,-1.0,0.0076580574616176246,-0.17733401528291592,-1.0,0.03411876899393772
-0.035510359454742346,-1.0,0.01300733887677386,-0.19039795899110468,-1.0,0.03421337317182722
-0.12149828099184079,-1.0,0.03870649156890817,-0.18277807357887443,-1.0,0.03463053169690583
-0.18229075486575175,-1.0,0.03181957492770451,-0.1725435512578608,-1.0,0.034836168165313305
-0.12350180340634598,-1.0,0.065486656340581,-0.13789312931573816,-1.0,0.035341164175969574
-0.02258608866861156,-1.0,0.05743105990169405,-0.031056229302595106,-1.0,0.02792306561528084
0.04992477384034144,1.0,0.0173432426724127,0.034332679080505635,1.0,0.017275204233644315
0.006763998732681742,1.0,0.012879666528973415,0.012248311461677819,1.0,0.014609031236394721
-0.031051745330693326,-1.0,0.010559578139730864,-0.012020650310922143,-1.0,0.013967608877236403
-0.022580744295512822,-1.0,0.01478638278537009,-0.00882929980901892,-1.0,0.01400778755955293
-0.038149794862698094,-1.0,0.017957565363659715,-0.0037323423759278995,-1.0,0.013810076557161481
-0.007641958587728759,-1.0,0.019084338941554455,0.053637833999304885,1.0,0.015613775542487825
-0.017596825936937677,-1.0,0.017111641491141867,0.01250909806705458,1.0,0.018941403881255647
0.01699447022062417,1.0,0.00666733667069159,0.03299193549554902,1.0,0.017272321096858355
0.030223563284438537,1.0,0.012115261578627013,0.04360168923061458,1.0,0.017881619383527433
0.024585475472614693,1.0,0.015017179121553786,0.05587647977555443,1.0,0.017880453516374434
0.026639637371070002,1.0,0.015187547521574996,0.035072575610256784,1.0,0.018316828460715556
-0.0035505096769385958,-1.0,0.011478758932367474,0.005830920310792909,1.0,0.017440461758528935
0.006762794950816886,1.0,0.01002664109075919,0.021202207650602656,1.0,0.017352909220674347
-0.009216655104923976,-1.0,0.005366765109020731,-0.017800398796315786,-1.0,0.01883689940936611
0.0346067389795337,1.0,0.02131395194046366,-0.030516044886667704,-1.0,0.019578092971233425
-0.001242346419439322,-1.0,0.03465120392284623,-0.05730449215905553,-1.0,0.020438732497573896
-0.0014255169912211763,-1.0,0.03466060314096213,-0.08352097204986153,-1.0,0.021700020193314507
-0.01767810335641906,-1.0,0.0264384044984523,-0.17509809545404975,-1.0,0.02137546819167612
0.025770555771562176,1.0,0.011934675456058228,-0.16573111973851118,-1.0,0.020797979803662516
0.019075110335331935,1.0,0.015565935786482124,-0.19987849071502373,-1.0,0.021665426886635437
-0.007547205635383136,-1.0,0.01122629314240354,-0.21730297332000514,-1.0,0.019489188136398872
-0.010088796652337084,-1.0,0.009782788361236866,-0.1808688222850643,-1.0,0.026046069520708117
-0.02623333703550257,-1.0,0.0173915162430036,-0.14570152020400773,-1.0,0.028440320783877718
-0.03989747487439921,-1.0,0.018470846369553415,-0.11409007445592101,-1.0,0.03035702205067539
-0.0717439048588413,-1.0,0.003128399944288503,-0.10419569316153288,-1.0,0.03099520305263762
-0.07493722835846972,-1.0,0.0047774712530622675,-0.06914682422376517,-1.0,0.030769681189281195
-0.10997531158784835,-1.0,0.01678236795799624,-0.035268138837458274,-1.0,0.030830011903361283
-0.10966897399889497,-1.0,0.01689730176250365,-0.05501725083440423,-1.0,0.03254325191072369
-0.11778303565638337,-1.0,0.015977810402178973,-0.01580366517312548,-1.0,0.03170333563046071
-0.059882981222374454,-1.0,0.02048201220481476,0.05958871428092394,1.0,0.027073301625865784
0.010632853225009065,1.0,0.042485572218465745,0.10816521431702864,1.0,0.0259881215499775
0.07325208084634793,1.0,0.022261252614764134,0.14847256891759697,1.0,0.021551480347513273
0.095665693228701,1.0,0.012825593715857937,0.12197530778840449,1.0,0.023918670582508197
0.06658433247119433,1.0,0.00396635735339554,0.07470031904937402,1.0,0.02107907279010094
0.05032135894473999,1.0,0.008268743713323446,0.06768323738970006,1.0,0.02062205634639397
0.03892446074406353,1.0,0.0047539440910155505,0.030532269586540206,1.0,0.020304984276717886
-0.022565462531712654,-1.0,0.03158361609509234,0.004259444968425896,1.0,0.019945343502023264
-0.021594069307830033,-1.0,0.03182812908011043,-0.009475078137735515,-1.0,0.01985335601720936
-0.015118458469466134,-1.0,0.03404476176293019,0.0007594456412101103,1.0,0.020709946378054914
0.053513491152537895,1.0,0.00799417539980091,0.018872193682060612,1.0,0.017650704970827272
0.04649319843433908,1.0,0.011906541679896325,-0.018458398433396805,-1.0,0.01940807489919931
0.002503612285106094,1.0,0.02456339481583381,-0.009298788428780735,-1.0,0.020469020428809638
-0.02283204204264555,-1.0,0.014532632862564976,-0.024951299169508,-1.0,0.019150245543832895
-0.007537250681548979,-1.0,0.020909178311151317,-0.041980289764569356,-1.0,0.01944375386052047
0.004222655026836719,1.0,0.015060358494356772,-0.022761414503606137,-1.0,0.018332357664022827
-0.003856541609753794,-1.0,0.01626675775718591,-0.034857650864122736,-1.0,0.01858403616899877
-0.02683695658269558,-1.0,0.003480768853959618,-0.05661338498998214,-1.0,0.017454008622374863
0.009151636798733431,1.0,0.01771140717717606,-0.03528287234513794,-1.0,0.017667376474520716
-0.007952713818077939,-1.0,0.024727579791430834,-0.03599562568012704,-1.0,0.017689524918139275
-0.030577389603491323,-1.0,0.029141383470212272,-0.029576288308549525,-1.0,0.017700187191010994
-0.02517669253945698,-1.0,0.03225692107224905,-0.05440468146372135,-1.0,0.01574127294494985
0.009689998300969282,1.0,0.028985426588453597,-0.06455150401964138,-1.0,0.01719094975154649
0.022971307103166527,1.0,0.021930509147567463,-0.03817958864487059,-1.0,0.015615863062120823
-0.010959013789719307,-1.0,0.012099268148055453,-0.0651355593268117,-1.0,0.012146145502992024
-0.032738393737260285,-1.0,0.005159856527416611,-0.06431996578755905,-1.0,0.012236809731945021
-0.022170345906961764,-1.0,0.004589210831962633,-0.06553092152196216,-1.0,0.012327846587582363
-0.008298802814695083,-1.0,0.010813225150292018,-0.033616610798985036,-1.0,0.015457336061307421
-0.0049945164257581,-1.0,0.009371720733070748,-0.020332859514428314,-1.0,0.015158852931120704
0.00020014009873703387,1.0,0.00909107600891895,0.0019996007462514953,1.0,0.01613664803631422
-0.00997017231984998,-1.0,0.005350354763906571,-0.029804864258351493,-1.0,0.017173925672683617
-0.03650859215759228,-1.0,0.020587223793248417,-0.021253709649178276,-1.0,0.01703913472736659
-0.039180689939812385,-1.0,0.019787769576911467,0.0010001000933592685,1.0,0.018493455893965623
-0.03590757040254733,-1.0,0.020815530010959024,-0.007846333384141424,-1.0,0.018732814193390818
0.009921536533051611,1.0,0.006026113835471715,0.019745602445548904,1.0,0.015411145457448538
-0.004380025773925045,-1.0,0.013362356459979659,0.02710081685447019,1.0,0.015404825860804154
0.020559934738107355,1.0,0.021655693831280815,0.05437329910388522,1.0,0.017244463114486245
0.011248712535870453,1.0,0.02166332778307921,0.0627758620258323,1.0,0.017649086738408416
0.04536017636125189,1.0,0.013325933565099429,0.06768209082711563,1.0,0.01715816907998885
-0.0044870562740615405,-1.0,0.020568312350450313,0.05097781931509715,1.0,0.015917158684171463
-0.005915366560508062,-1.0,0.020511642431956523,0.045326780856211,1.0,0.01611691238320116
-0.0007993605541551929,-1.0,0.02305024237332392,0.04873308817272681,1.0,0.016416221210163454
0.01198835855436009,1.0,0.01716543074983193,0.11386878005566814,1.0,0.017382192388892815
0.004490719937134902,1.0,0.018694510045890327,0.20597574769184446,1.0,0.028922406387964797
-0.013079973178701465,-1.0,0.008579665368007562,0.20057981859116092,1.0,0.02886439699189893
0.026312062085479315,1.0,0.01894476344712189,0.18380164317825232,1.0,0.030640917033386044
0.052951796113335,1.0,0.01184430101658259,0.16434008078527285,1.0,0.03246615274253983
0.03620124819872039,1.0,0.020919201594686285,0.12493673550304196,1.0,0.03524574623126397
0.017164454949319286,1.0,0.015275054434168177,0.05250247843405775,1.0,0.037852165761128966
-0.006200368633750841,-1.0,0.010992774194969558,0.014002338683768212,1.0,0.03819248064754051
0.026411173706863078,1.0,0.013241008826780733,0.03964137991629402,1.0,0.03815082047135769
0.05840390446650945,1.0,0.023626203221854547,0.029158807118780494,1.0,0.03810085453248724
0.1547336002751254,1.0,0.0359224076475508,0.048373584284215454,1.0,0.03816206333155922
0.1510473698642789,1.0,0.037501925822102045,0.04882640327505472,1.0,0.038180958878325594
0.08192122167694427,1.0,0.05974489320288021,-0.026993689267271304,-1.0,0.037584167318872735
-0.03714494696943671,-1.0,0.026018397404480965,-0.09329755447944965,-1.0,0.02552039699515814
-0.08872305626682042,-1.0,0.0037816232598180412,-0.11223652877809931,-1.0,0.024363951914635917
-0.10498710265871525,-1.0,0.00781244161486166,-0.0927420516986146,-1.0,0.023719807360328006
-0.09738594598816963,-1.0,0.011625937272105785,-0.08545737512289575,-1.0,0.023248596620754344
-0.04909410738802755,-1.0,0.029019767477936945,-0.060803400756751724,-1.0,0.021703127527567114
-0.0061792163659579735,-1.0,0.01733568988702675,-0.01713305582470559,-1.0,0.018068023004527114
0.0281708769666964,1.0,0.008458080963452708,0.006644542718668767,1.0,0.017103081237175913
0.03559619706562378,1.0,0.011265496770618468,-0.0141819527360183,-1.0,0.016623304552202473
0.002251408080457651,1.0,0.030095007772185458,-0.012284005925657926,-1.0,0.016640692801556303
0.013062461511460288,1.0,0.033012000827079495,-0.016054106232606724,-1.0,0.016360913932773852
-0.010015562188875116,-1.0,0.02940681281608165,-0.054359184726579635,-1.0,0.015126918967540983
0.016172859245600968,1.0,0.017254534284619528,-0.024664502040949277,-1.0,0.012029325980132495
-0.02930476761288281,-1.0,0.009799398210425995,-0.07769975295875664,-1.0,0.010879075334848795
-0.037289928245472836,-1.0,0.007035959086687695,-0.08315883154048809,-1.0,0.010755542986258512
-0.029378106784806235,-1.0,0.01044617790674751,-0.06671680927437063,-1.0,0.011679479329490436
-0.005284028146605113,-1.0,0.00669541499319668,-0.04425500900404078,-1.0,0.010838341806580226
-0.0024726593672941277,-1.0,0.005134818151147454,-0.052854262504543836,-1.0,0.011504451210044012
-0.0013301664669103097,-1.0,0.005308212014184795,-0.06918278697513003,-1.0,0.011847649055374367
0.00547222801542091,1.0,0.00843306768925408,-0.06912803402010326,-1.0,0.011851594202362646
-0.004581034924937555,-1.0,0.013712349244210189,-0.056408138050418444,-1.0,0.012342592821073615
-0.0101290880348337,-1.0,0.013467395591381758,-0.04412337520906773,-1.0,0.013372195654628997
-0.04858318521468963,-1.0,0.012015282744312399,-0.04523045551851412,-1.0,0.01326964375214248
-0.03881520900278357,-1.0,0.01315730061972738,-0.027345832730856667,-1.0,0.012701069706308616
-0.02587944798782038,-1.0,0.018552229384321075,-0.0026928271705846107,-1.0,0.014287568141927227
0.0041399763418330515,1.0,0.007841344417577409,0.023043394148459573,1.0,0.011363333042391361
-0.0069853592095285855,-1.0,0.013895143857415037,0.03286680808035225,1.0,0.011031779793083136
-0.03184408448556564,-1.0,0.010940069746114067,0.01700422090891829,1.0,0.011174539501481647
-0.03015705316266759,-1.0,0.011910641339218948,0.016003464106836507,1.0,0.011173777580431735
-0.006026534913168735,-1.0,0.012142534785460794,0.04522646045565759,1.0,0.009696012246375531
0.02372924529915199,1.0,0.005271303534012088,0.058491581666288095,1.0,0.007817975681727497
0.029369806517010044,1.0,0.003794756665456659,0.049253502530553384,1.0,0.008383220095462673
0.02448127039462422,1.0,0.006292369592358508,0.031729808351761424,1.0,0.009433028390949253
0.03130146000364942,1.0,0.009675250415521001,-0.00019874788895801743,-1.0,0.010446604861120756
0.019690664452284068,1.0,0.012318611702966175,-0.012082943874877294,-1.0,0.01003877175326785
0.02139743180842535,1.0,0.011994475385534891,-0.01465662996610595,-1.0,0.010010657477692437
-0.006182399908317482,-1.0,0.005023066488951628,-0.05238869583996264,-1.0,0.008304540095007857
-0.0028999536997900144,-1.0,0.005290729454723389,-0.05679509125091187,-1.0,0.00830298656160263
0.005374293165776756,1.0,0.0091830992657986,-0.06049231725113291,-1.0,0.00805133312038313
0.009643276271804169,1.0,0.0072853465693326425,-0.11075834804500317,-1.0,0.01711285437189161
0.003092985261049286,1.0,0.009060336234962111,-0.08861435076050261,-1.0,0.01935906467170421
-0.019523187017064902,-1.0,0.004361525893760744,-0.09049788773846013,-1.0,0.019200269220609384
-0.03496108425609412,-1.0,0.006279196054416281,-0.10642741002980483,-1.0,0.019383657142394334
-0.031966639888420634,-1.0,0.007784551957485597,-0.1137379564625749,-1.0,0.019385833663011533
-0.021905167923243152,-1.0,0.009395917515616685,-0.09493937212240544,-1.0,0.019979401809729513
-0.020888487947355205,-1.0,0.008810654271726268,-0.09326496598219425,-1.0,0.019907332352721487
-0.025021482923750504,-1.0,0.008076977646381005,-0.09922376652538034,-1.0,0.01984045269020635
-0.02443825547660161,-1.0,0.008337720202428754,-0.0936356050339926,-1.0,0.020085603262697305
-0.06455205211335802,-1.0,0.031068569389250317,-0.05721811069931482,-1.0,0.021268766983870917
-0.03471921320938076,-1.0,0.04127177695508726,-0.044498202702546674,-1.0,0.021478564036660385
-0.02463127732155046,-1.0,0.04298656030321574,-0.04452611339523305,-1.0,0.021478199921913674
0.013974214287002518,1.0,0.021275720780255043,0.03760400571679945,1.0,0.014980119285071607
-0.022030620441022997,-1.0,0.014843279695922319,0.01865295619542051,1.0,0.013619561443527878
-0.023964671401010218,-1.0,0.01374926791784137,0.019301211402298346,1.0,0.013655072353668496
-0.021798640208483544,-1.0,0.012945753819054846,0.08743827133976279,1.0,0.01796758589374989
-0.01745244995122608,-1.0,0.012224438364923446,0.1379549850998849,1.0,0.018712454157449838
-0.020601400834830308,-1.0,0.010520357540916086,0.09903015410065841,1.0,0.022459122386999292
0.015158367335524225,1.0,0.013941191423979747,0.09544902323874105,1.0,0.02283775646401715
0.029704080899083163,1.0,0.008190045759187123,0.093828609068622,1.0,0.02294870881656429
0.02467123616215794,1.0,0.01016115324138582,0.08381096460547433,1.0,0.02326474700043014
0.03027006430275625,1.0,0.013258332246640194,0.04763304700254434,1.0,0.023858419697147762
0.028431945688586424,1.0,0.013580438129990569,0.039582174776565004,1.0,0.02390928309539708
0.03919604747598093,1.0,0.010683383063455086,0.036726402261091806,1.0,0.023966205504351818
0.06380847990996585,1.0,0.02465000816721,0.027759570076721474,1.0,0.023354975471622075
0.0972714084634414,1.0,0.020208766210789725,0.04048971340737895,1.0,0.02373262145381373
0.05576427129734984,1.0,0.04368429017990724,-0.008670574551133292,-1.0,0.026538818348465526
-0.01378788830950528,-1.0,0.0370021453079562,-0.06610469217031589,-1.0,0.021318905972109423
-0.06157882598248898,-1.0,0.010617562583193345,-0.11910267012067566,-1.0,0.016520611871981165
-0.03582059033001439,-1.0,0.007363131297412308,-0.08517508860020229,-1.0,0.015377955109595007
-0.032657608900672486,-1.0,0.005654064731679169,-0.06790262904782418,-1.0,0.014857196040221165
-0.024542353392973837,-1.0,0.007730359826773872,-0.10200454677896076,-1.0,0.01859029561564456
-0.02241332618222458,-1.0,0.00816754636203556,-0.1111308202953385,-1.0,0.018648595994355862
0.010396587376933386,1.0,0.010831454043310672,-0.06782259633876109,-1.0,0.021075876425692534
0.029339484319400366,1.0,0.011507697960463864,-0.03894149135902758,-1.0,0.023078335450974964
-0.006200929336244165,-1.0,0.03202072252474186,-0.012231934410886325,-1.0,0.024307140327514746
-0.030055782337071513,-1.0,0.028023999881470966,-0.021109504006703972,-1.0,0.023875152714574015
-0.062320975064613204,-1.0,0.01625102253116196,-0.04048971340737895,-1.0,0.023143101769078106
-0.02074024275171915,-1.0,0.009000003161715129,-0.02349594136893085,-1.0,0.021200889545415724
-0.015585825187013569,-1.0,0.009204273234733641,-0.014949220390978013,-1.0,0.021126183437284757
-0.044480702640774084,-1.0,0.025634432421936606,-0.025796787332020177,-1.0,0.02199967050560242
-0.0617763220251506,-1.0,0.021363659107943047,-0.022910754810264056,-1.0,0.022071299701833035
-0.03257757619160939,-1.0,0.035516131754846664,-0.002124947675910427,-1.0,0.022802355382775676
0.03852070202695934,1.0,0.023896503097724987,0.024546487739956824,1.0,0.019115785724530817
0.07648555970222759,1.0,0.001986137133110826,0.05263218600796815,1.0,0.018584127537716873
0.0571096797089905,1.0,0.010522389543183863,0.07191258159028635,1.0,0.021299509603286398
0.027791262271049,1.0,0.01299067991129404,0.03482625921392124,1.0,0.020682878060808405
-0.01746493629428869,-1.0,0.014838792906671977,-0.01027370395030136,-1.0,0.020754180804945226
-0.023895498721345554,-1.0,0.01229192844583983,-0.01313476612911968,-1.0,0.02067115162845324
-0.047628048989254435,-1.0,0.014452098653599726,-0.008549734073826087,-1.0,0.020685411836520323
-0.020155056193052356,-1.0,0.017059077868696742,-0.006174830649185115,-1.0,0.020473043849727448
-0.0027615524719459827,-1.0,0.022798799628094737,-0.0012736151159091769,-1.0,0.020546853686830995
0.005862572431202917,1.0,0.018066027008678785,0.03677199247578855,1.0,0.01903018690203285
0.013766618793081609,1.0,0.019356519935470124,0.034067590882973064,1.0,0.01901563905133224
0.041459953074587386,1.0,0.03166303442182076,0.015618721890700016,1.0,0.018411998024890373
0.04880047350092376,1.0,0.028105011337093245,0.04425407178681695,1.0,0.017576675568111835
0.013579669743958078,1.0,0.03614839268930928,0.05446067200688898,1.0,0.018317224043890218
-0.02793766801041553,-1.0,0.01307227470300283,0.08767442243253187,1.0,0.026003097053415625
-0.015584731016698328,-1.0,0.01449444378331565,0.08437904947413877,1.0,0.026221915630774084
-0.013366062993172445,-1.0,0.013217220541029822,0.08054513473088765,1.0,0.026626535528265872
-0.012034347708135051,-1.0,0.01366823587267992,0.056901880996507614,1.0,0.027682642502552764
-0.0023063224396397963,-1.0,0.01666682834354445,0.054607169161894564,1.0,0.027710489233018377
0.020087365339105823,1.0,0.004658899332094738,0.10972942878215575,1.0,0.027898855058075277
0.01413078453466321,1.0,0.006358445192924908,0.07624490321356436,1.0,0.02989541869995059
0.013344651742231317,1.0,0.005919723007872838,0.06166127500071905,1.0,0.029949183397789843
0.03415969991699752,1.0,0.011983241347136962,0.07693002785468783,1.0,0.030160929675308916
0.11351565361641924,1.0,0.036137204427337796,0.11743393458807949,1.0,0.03156105253355784
0.08892545118824557,1.0,0.0465454592560279,0.0942174688306614,1.0,0.03218278171914617
0.03966413246795675,1.0,0.057235909900743225,0.04277032793769031,1.0,0.03330985630211163
-0.05871020944643979,-1.0,0.006085746043059254,-0.06987459973132282,-1.0,0.02496490771274498
-0.04535661132894253,-1.0,0.01329813567575422,-0.04199127112415679,-1.0,0.025472592892949227
0.015818231058095655,1.0,0.02785137536839343,-0.011538213465571268,-1.0,0.024557980897040792
0.0073086745089216976,1.0,0.03178217824448837,0.022349489356479957,1.0,0.024185878060772447
0.004747783399184691,1.0,0.03192239927730757,0.007900495370177119,1.0,0.024652955449922777
-0.012712035588362092,-1.0,0.023005914175881447,-0.029325336673784452,-1.0,0.022084890319513314
0.05531981590917834,1.0,0.021425639583714372,-0.025918516232308786,-1.0,0.02174655170319716
0.045900845572173665,1.0,0.02623555039430319,-0.025991067217046915,-1.0,0.02174674354704751
0.0,0.0,0.035594431827376274,-0.052732797242032614,-1.0,0.020844538354498263
-0.07379288070298307,-1.0,0.0111397894413608,-0.10784653309728798,-1.0,0.015553343866477453
-0.04728328876657262,-1.0,0.02622181065694947,-0.06926219548534762,-1.0,0.018536010635876395
-0.014644408935304831,-1.0,0.025421509926524043,-0.038933876992903294,-1.0,0.017267764357509072
0.03351387964136299,1.0,0.005577021996368599,-0.015150274631278826,-1.0,0.014614446705341249
0.00453515516539138,1.0,0.01481377264940445,0.004928546201149242,1.0,0.01743867809783952
-0.0019688921501175294,-1.0,0.014580971114554066,-0.019664949913406282,-1.0,0.018308156125888972
-0.040959331079867045,-1.0,0.011416365002027128,-0.017997355879669552,-1.0,0.018447183475507875
-0.029143779188039343,-1.0,0.012850004374648819,0.01928944367515273,1.0,0.01915789748559128
-0.036119496156610253,-1.0,0.011222244740271487,0.012729046833002133,1.0,0.019355692318417647
-0.026608200955800854,-1.0,0.006099344018315983,0.056159238918064514,1.0,0.01815686584308173
0.002629717303872958,1.0,0.02233121672730676,0.0574621959292676,1.0,0.018111701511985667
0.01379892024912932,1.0,0.020803108348414246,0.046120560003991784,1.0,0.01914854478862565
0.018903377763026086,1.0,0.018473305460893936,0.07336689103071237,1.0,0.018304121715187076
0.026907452919924246,1.0,0.022881010050158673,0.04618938246937443,1.0,0.017213966798101606
0.00462451814419218,1.0,0.0288955963922664,0.04819498891115259,1.0,0.017208579252340667
0.03066679839297226,1.0,0.027612151605297553,0.06919639239942743,1.0,0.016723027389656017
0.018896052639394867,1.0,0.02288893801212949,0.0021608887693389534,1.0,0.017464814092082993
0.030425104596290886,1.0,0.016328081730845715,0.015130688818139504,1.0,0.01648564415150242
0.03319726371786702,1.0,0.016903713678484856,0.001183665555441138,1.0,0.015821221556792064
0.00902897306607553,1.0,0.014167541957652689,-0.02185026453682637,-1.0,0.014146504090106721
-0.002727982985620603,-1.0,0.019497299932917576,-0.01766830413331366,-1.0,0.01402247303808919
-0.009400548843153,-1.0,0.016213308778963105,-0.023962499199488452,-1.0,0.013290152033278503
-0.008643096156020214,-1.0,0.016256634132188218,-0.01405897012905255,-1.0,0.013625137509497587
0.01587334915629013,1.0,0.0065375056603476,-0.0019531256208820125,-1.0,0.012498696063431375
0.01473287913174115,1.0,0.00593910172644531,-0.03172382733279733,-1.0,0.012769551029428708
-0.01712104078011123,-1.0,0.023547812683135497,-0.026386755173194665,-1.0,0.012932594804392456
-0.028439781948820908,-1.0,0.021965900841771642,-0.026071515596208794,-1.0,0.012947588833944564
-0.03734592845101403,-1.0,0.018051459538648167,-0.03301776902867326,-1.0,0.012446963466631978
-0.005115100666770456,-1.0,0.004671465626276658,0.020202707317519497,1.0,0.010094057781742294
-0.002373888355162279,-1.0,0.003179503105769721,0.0359017892127409,1.0,0.009897021712869415
0.00805109896293743,1.0,0.008787447208325716,0.05913901337235794,1.0,0.011810209281031468
0.01682026747384935,1.0,0.00870974340074136,0.054689886296620305,1.0,0.01205969600418459
0.012987195526811046,1.0,0.0108700418487251,0.10035693123735179,1.0,0.015713749757833243
-0.017161876976461876,-1.0,0.013111173350750707,0.06639480617062699,1.0,0.01780174315915342
-0.020970881200162328,-1.0,0.011092773322378579,0.035626207898693085,1.0,0.019490922026622264
-0.008245040819036653,-1.0,0.012821474584452456,0.02871379461942647,1.0,0.019940988031320772
0.013438937435865217,1.0,0.00031453836260137785,0.06583096054798032,1.0,0.01943822067814423
0.029468421710602932,1.0,0.009334211196932082,0.03464729585400583,1.0,0.021542899551297963
0.033533522860128784,1.0,0.0084842490151574,0.03334288326370727,1.0,0.021535979145372412
0.05481085395001717,1.0,0.008541262695255038,0.03434642064294069,1.0,0.021543655458232502
0.029372078312330352,1.0,0.015149896254198138,0.0028804628653542608,1.0,0.021099424773823112
0.06208125366944861,1.0,0.0235368221496652,0.006649592280114192,1.0,0.021265950933485083
0.015306891761206476,1.0,0.032599693280025446,-0.00037174721617727613,-1.0,0.02060630644639215
-0.002243410924077871,-1.0,0.03660550863764288,0.002424695769668528,1.0,0.020562699918998038
-0.05865594109111427,-1.0,0.004064729443378536,-0.026135788903851598,-1.0,0.01662112576374868
-0.01772572259910854,-1.0,0.022376346325492482,0.028150541637110837,1.0,0.01823335203154556
-0.02194979324484958,-1.0,0.02400590235639952,0.0387310959089735,1.0,0.01715200986377943
-0.0036159521747558543,-1.0,0.023438541342596743,0.04857303247820832,1.0,0.016426567131397958
-0.018045602469174415,-1.0,0.017862620242344224,0.04623207281495967,1.0,0.01623836596640345
-0.00229841127804864,-1.0,0.008791846793092814,0.11123570423476448,1.0,0.015990006806527308
0.006840231876535707,1.0,0.011981343340186993,0.08896371207798515,1.0,0.017906231479833553
0.020092686090899203,1.0,0.015489478437410767,0.06729694762483884,1.0,0.019202398615789346
0.02891631121664462,1.0,0.010529018327093869,0.0957458906734896,1.0,0.018733398022025546
0.02929587248548282,1.0,0.010584103835972,0.10198424872268141,1.0,0.01895779690518041
0.04382918061449459,1.0,0.017542264128476773,0.06338755227849502,1.0,0.020350627542319345
0.0340629892152271,1.0,0.02240976264072784,0.03962903285178365,1.0,0.022200178501790548
0.016052880290945648,1.0,0.02411376183221515,0.020746876994224284,1.0,0.022122783124750325
0.0003558085787402909,1.0,0.015193683332214271,-0.016324696549804063,-1.0,0.019841966327802663
0.050554815080941395,1.0,0.0217223314239508,-0.0005402971765833264,-1.0,0.019607836830507357
0.03677472742502097,1.0,0.028931298211082607,0.009545322362166875,1.0,0.019589752614418494
0.0030192723407047595,1.0,0.032391886523998374,0.01902805824230791,1.0,0.020483546085041146
-0.01778822483932352,-1.0,0.020390728111218188,-0.027242076763049905,-1.0,0.016982235962531084
0.019860768521231975,1.0,0.020060152663173195,-0.039130014318699224,-1.0,0.018329636420495038
0.01618329074455538,1.0,0.02218243334246756,-0.039426444546843964,-1.0,0.01834933713411528
-0.027200546605061326,-1.0,0.024307734504013214,-0.054425458553052586,-1.0,0.017278548956945132
-0.05194149924297431,-1.0,0.010251197524944975,-0.062443134774395226,-1.0,0.01642760520698765
-0.03588306821380449,-1.0,0.012022558709933188,-0.05082503716806297,-1.0,0.0157929089193644
-0.006106340813139877,-1.0,0.005277005680233276,-0.056916197666096124,-1.0,0.016625175251020863
0.004851325658888239,1.0,0.005023604016659137,-0.051558762656170654,-1.0,0.01666240592487047
0.035708563370852264,1.0,0.012830842223675228,-0.06500887952314471,-1.0,0.01709841791040303
0.023853035494474817,1.0,0.017479031436051368,-0.0616722790467481,-1.0,0.017291015954552045
-0.01190060925584513,-1.0,0.02891381961921419,-0.06211569527299554,-1.0,0.017267762884982184
-0.055435230448447115,-1.0,0.011507927838468426,-0.07499438987564933,-1.0,0.01540592118107913
-0.0449716066293262,-1.0,0.016726622821404146,-0.06842763360096482,-1.0,0.015459106308813019
-0.0034523519344640263,-1.0,0.014185542387832664,-0.041668837058161046,-1.0,0.013301344404901385
0.004784698123336373,1.0,0.009731734929010482,-0.04528221244554986,-1.0,0.013667060683227017
-0.029691285718104865,-1.0,0.021376834498808093,-0.06166011635755986,-1.0,0.013792183947209291
-0.04105712712474974,-1.0,0.016273391460443643,-0.06446571708963411,-1.0,0.013518560868686224
-0.050066910568886236,-1.0,0.015683911700477626,-0.050646117072191466,-1.0,0.013804971710358008
-0.010862422193791854,-1.0,0.01273192697945821,-0.013164360674306153,-1.0,0.01091058300021285
-0.005705606957936649,-1.0,0.013664003188945563,-0.015287895686150854,-1.0,0.010918454410375086
0.025723053018347652,1.0,0.004748070618533924,0.018738598008828156,1.0,0.010709090374460155
0.017097680940258098,1.0,0.007633368270852253,0.007825214088342136,1.0,0.010639921145320674
0.008546248958989366,1.0,0.009599281539187316,-0.03296149500584278,-1.0,0.014921446080089825
-0.025723053018347652,-1.0,0.010362483849377251,-0.03444657446333865,-1.0,0.01477694491079275
-0.038204089385921236,-1.0,0.008290676146694055,-0.046457231142641664,-1.0,0.01506612982952463
-0.026249231965937092,-1.0,0.014873955599469888,-0.05280729921876581,-1.0,0.015180735025985556
-0.0005792065033052296,-1.0,0.011863546558809583,-0.024224665734805306,-1.0,0.01466869564709025
0.01880446996514884,1.0,0.0015030656441255058,-0.02456541911424681,-1.0,0.01469388095282259
0.00812069427873352,1.0,0.00467925630417297,-0.029353038128020703,-1.0,0.014459664470463712
0.019317804512133385,1.0,0.009587302803156976,-0.02443675501957454,-1.0,0.014763322545214877
0.010127152568856435,1.0,0.011310338185790391,-0.03657394047712392,-1.0,0.014608663444352353
-0.023379206277628573,-1.0,0.02656062114803121,-0.03348330412678857,-1.0,0.014642705644344195
-0.027462119453819156,-1.0,0.02474151483742481,-0.04613221074098561,-1.0,0.013548067767248914
-0.0371847642907257,-1.0,0.024283895118077443,-0.028344710651756255,-1.0,0.014515107802082448
-0.011299555253933669,-1.0,0.014031771721424488,0.0047197727733516714,1.0,0.009918517884155662
-0.015501144289814306,-1.0,0.011622943702513523,-0.01807514828498702,-1.0,0.009599746811377813
-0.016312277357526384,-1.0,0.011913521606806109,0.013522989026238275,1.0,0.010365310588616575
-0.002794970875191982,-1.0,0.011701581865168223,-0.0005982650492528663,-1.0,0.012386699290102046
-0.0007912957880744642,-1.0,0.01250772357200564,-0.008738883816479248,-1.0,0.012117341658849472
0.006795948602271729,1.0,0.008387716946554444,0.010772096981911172,1.0,0.011444544670911834
0.003990428279965652,1.0,0.008387155384560514,0.02915888222021712,1.0,0.012917433180130583
-0.002377651209277687,-1.0,0.005266178827145947,0.035766688987579176,1.0,0.013407717433799973
0.018356382394224102,1.0,0.007184154388736282,0.058231321910594325,1.0,0.013523518400878511
0.01482387062251167,1.0,0.00871660703042447,0.05971057710523109,1.0,0.013485914714951811
0.0005949430021794377,1.0,0.012650868680245545,0.04670033877444668,1.0,0.014100114563489327
0.004682935387268827,1.0,0.014925802807933,0.03837033137094403,1.0,0.013748117742524286
-0.016617593076538206,-1.0,0.021772150816466697,0.04619891962442768,1.0,0.013605349814653545
-0.006164879821306535,-1.0,0.021426309062722398,0.0348725313514886,1.0,0.015008335833236387
-0.019063169401853486,-1.0,0.015886690702463395,-0.0019485586835674695,-1.0,0.015341976328705584
0.026962176394278003,1.0,0.011240312419643397,0.005966604813221643,1.0,0.014341068289555729
0.04371427701598396,1.0,0.008326536958748212,0.006363115524205654,1.0,0.014340275297762736
0.05425517353095488,1.0,0.0030648080031215907,-0.020040750883446368,-1.0,0.015508028297435979
0.03454212316497962,1.0,0.008355971602594773,-0.029758822244211114,-1.0,0.014396846253213061
0.008555998577589818,1.0,0.012601519086352982,-0.04931541188354904,-1.0,0.013067394387438092
-0.0015046081454261895,-1.0,0.007819266423463919,-0.05266913037532017,-1.0,0.012628748612818754
0.0013122131417082628,1.0,0.008395671848652234,-0.10055746241713903,-1.0,0.017205499898255622
-0.011232864420778643,-1.0,0.0156293244111927,-0.10342709205621725,-1.0,0.017238362915145643
-0.035635954667242675,-1.0,0.014443142365222272,-0.11074966864027092,-1.0,0.016803673931098478
-0.056849907887744244,-1.0,0.0026523480482234844,-0.12050310486619198,-1.0,0.016297225984926823
-0.03467429564858948,-1.0,0.010402714559522193,-0.10849260936855787,-1.0,0.015874186372315694
-0.037155361601732384,-1.0,0.011296851453803923,-0.07658662323457888,-1.0,0.016782518009245188
-0.008763250663154754,-1.0,0.01670142715068011,-0.061964007387603104,-1.0,0.016508168522106785
-0.011964250391770737,-1.0,0.016484341568507897,-0.04811645657266572,-1.0,0.01739247671833437
0.021626794039081076,1.0,0.008678660301540362,-0.038168635202477486,-1.0,0.016731889369166482
-0.0362565170079483,-1.0,0.03036772471933916,-0.06529896223002885,-1.0,0.01634133975380805
-0.04555568159507839,-1.0,0.02940608481118324,-0.053354224649085236,-1.0,0.016871759580130118
-0.05958514641037693,-1.0,0.023261420741824676,-0.07164240511823339,-1.0,0.01599950977515588
-0.018633429307344684,-1.0,0.005409271281562087,-0.03675952532064386,-1.0,0.01017028706351945
-0.01629838173311926,-1.0,0.0041615388781441505,-0.031565853863907645,-1.0,0.009856254046729516
-0.0014729092615506367,-1.0,0.012219761073527336,-0.02857946697634617,-1.0,0.00992565717285248
0.0016891895908446308,1.0,0.011756311089764406,-0.02416971466767226,-1.0,0.009899115488318932
0.025701857147302665,1.0,0.009073182813586442,0.02027952895052909,1.0,0.014141004119947361
0.0012626264303690071,1.0,0.012822371191857052,0.02331010849633408,1.0,0.01439308241824272
-0.012098205505580495,-1.0,0.0159651184565104,0.015698909543103934,1.0,0.014741152614505084
-0.01720201846819025,-1.0,0.013049391723961776,-0.005840650729541874,-1.0,0.014328432036845461
-0.011846975876674826,-1.0,0.012296069387465117,-0.013764113539165734,-1.0,0.015026749901930063
-0.0077170800985633115,-1.0,0.010496409454448229,0.0012804099060446106,1.0,0.014355019209793004
-0.0237673108099008,-1.0,0.0028380468397162842,0.004854890802268308,1.0,0.014594597381931935
-0.016522208268489713,-1.0,0.0064373933190299435,0.01583480779595936,1.0,0.014519061720161965
-0.006043618654373084,-1.0,0.004375584871715693,0.012403922934501654,1.0,0.01481717735016378
0.035547001081317475,1.0,0.0198023854160071,0.015907472152633773,1.0,0.014680309196225524
0.05041666621112961,1.0,0.01766870769417624,0.03214752617157046,1.0,0.015428896277462006
0.041557813801620824,1.0,0.022202990815885594,0.036978288729025977,1.0,0.015397151266944527
-0.00041832253276830045,-1.0,0.014353552038201252,-0.008189022140688174,-1.0,0.012148250071095556
-0.03581159560513081,-1.0,0.006222598416460016,-0.003296932720588952,-1.0,0.01283571592711715
-0.026516705142639818,-1.0,0.009491941868389501,0.0,0.0,0.012654111325268896
-0.006506476936380068,-1.0,0.01595150620836229,0.022751756983415916,1.0,0.013156148282647462
0.01775194545845027,1.0,0.006489733220923089,0.033546122491204144,1.0,0.011906627109655458
0.0034064329298937324,1.0,0.014094698884877483,0.021102281253023047,1.0,0.012707447439717658
-0.012714729459535334,-1.0,0.009930768518758197,-0.02106684996771957,-1.0,0.015022084867781406
-0.00020948989287861153,-1.0,0.016413581400242735,-0.009047931267627263,-1.0,0.015906315787569847
0.018530747140151238,1.0,0.010721252809545834,-0.017149402072954345,-1.0,0.01669774556034736
0.011450506787995529,1.0,0.014124716211681406,-0.005131505808142034,-1.0,0.016927195511890127
0.014972207318970199,1.0,0.015897491367249824,-0.025033127294729063,-1.0,0.015929225609851102
0.004579525072594848,1.0,0.017237840997395077,-0.028999809748357475,-1.0,0.01582817654784377
0.03052245659133579,1.0,0.014485552995392392,-0.004649205331295203,-1.0,0.016254684152075618
0.0010314596066622883,1.0,0.013125995007937073,-0.010582109330536937,-1.0,0.015613390689143178
-0.005414423889616771,-1.0,0.015112724592829604,0.017295057406348846,1.0,0.01677876886236037
-0.050325083887515554,-1.0,0.011203170524284807,-0.014833399294100769,-1.0,0.01690200360861825
-0.024842108300381138,-1.0,0.0236673278681587,-0.006412267291196372,-1.0,0.01676019156779977
-0.03484525039608366,-1.0,0.025244291465131154,0.0016691011594547334,1.0,0.016387006804432246
0.0032206147000422014,1.0,0.021004964407462957,0.018325677982439448,1.0,0.014213766494502771
-0.01619468591998041,-1.0,0.015887502942048354,0.008838441374748651,1.0,0.013504709950667017
0.0066803394647481085,1.0,0.005653882848443942,0.03380064568394214,1.0,0.011318790665077703
0.01193280726484236,1.0,0.008642793249977711,0.04403227015050337,1.0,0.012149847747946257
0.029423225283162324,1.0,0.008340648654001604,0.04144908035277339,1.0,0.012284386029237943
0.05087439222730117,1.0,0.0041437671374923,0.03523943065769819,1.0,0.012560919532678651
0.020338262628530224,1.0,0.0205541745134837,0.013047323134010025,1.0,0.012438913888661298
0.005201301646002854,1.0,0.019214597785445382,-0.026634421587883317,-1.0,0.013530808703981012
-0.021040380136510883,-1.0,0.008699901589995113,-0.040617892060112126,-1.0,0.011774969089520117
-0.017166006610975337,-1.0,0.006578017735582012,-0.022458704474775715,-1.0,0.01105708102369555
-0.009591399634436115,-1.0,0.01035901104642762,-0.018218491542055126,-1.0,0.011196436760072842
-0.0027137058715962503,-1.0,0.010658105024144694,0.017359394385083604,1.0,0.014528050152790723
0.028927206868106126,1.0,0.00842600165001348,0.03159032428758968,1.0,0.01382332060845808
0.01641595305804433,1.0,0.012101606059977076,0.015591210743254091,1.0,0.014051167160201094
0.008119124438504155,1.0,0.01398912620075458,0.034716436957769936,1.0,0.015211943644708749
-0.019052139751650987,-1.0,0.0018257307165050502,0.004298440760214461,1.0,0.014842348106941171
-0.038660276657494386,-1.0,0.009984809351470274,0.0061639808889646375,1.0,0.014793909383851622
-0.024982930490509148,-1.0,0.016009873229584737,-0.019893860983037914,-1.0,0.017500856808088796
-0.015167764980255516,-1.0,0.016983029816172376,0.0031311997193435026,1.0,0.017959254911790155
0.013617231691831044,1.0,0.0030987631232014304,0.03017424829300719,1.0,0.016202822602129036
0.03693690630868485,1.0,0.016253458540786567,0.011204006853818615,1.0,0.016573943038723032
0.036883022151390055,1.0,0.016271422655645514,0.014958669318228868,1.0,0.01662071336272473
0.024218302650873103,1.0,0.020435242874277667,0.036722308959774796,1.0,0.018121441428764266
0.014643336701090082,1.0,0.015119883830648679,0.049560591502120666,1.0,0.020182786171575994
0.0016353233407309098,1.0,0.018162197431493464,0.03537346297258104,1.0,0.020762332495086046
0.006988723203754876,1.0,0.017102966301455226,0.045168968367911067,1.0,0.020474032161627874
-0.046491173502303695,-1.0,0.014984612231431134,0.014033911161806856,1.0,0.019999477946860047
-0.020219380792521946,-1.0,0.023614604198832784,0.03176146375597755,1.0,0.019623718254414616
-0.014650009253451834,-1.0,0.024281205542353225,0.03422923251747623,1.0,0.019573589102763467
0.006114937346347382,1.0,0.013005168074071902,0.06885185759684953,1.0,0.01622623380978834
-0.003340295381370151,-1.0,0.008901973318497182,0.032399799349392744,1.0,0.01773813498249083
0.020165292358598652,1.0,0.018793330253790087,0.035528440696484864,1.0,0.017761206046303168
0.0752934909569869,1.0,0.019323479986775586,0.05241732083122219,1.0,0.017189449483312948
0.057297815805742225,1.0,0.02895980540461681,0.06045239255425772,1.0,0.017381989178651403
0.03266496205900937,1.0,0.029423423045970783,0.03993343527274584,1.0,0.01606941492302977
-0.020883343639223728,-1.0,0.007550759289583769,-0.017107879641403034,-1.0,0.010450160631519344
-0.00197667587587258,-1.0,0.008163540180856955,0.006495446516029624,1.0,0.01034487461647057
-0.003951012646679963,-1.0,0.007970275687871644,-0.0009862906411517436,-1.0,0.010500959439373292
0.00832677293273898,1.0,0.0032790648594306524,0.014624766589997229,1.0,0.010161578639856415
-0.01958104519910675,-1.0,0.01327107821088293,0.020562753296510028,1.0,0.010560435989881305
-0.013350801074443197,-1.0,0.015075115353138832,0.04641204176446445,1.0,0.012541578766478604
-0.010319599419279957,-1.0,0.015861950488947577,0.03052633257629056,1.0,0.01349329877669947
0.024712297823494822,1.0,0.004365712525849492,0.03994994369225724,1.0,0.012158779073923433
0.02457028693485963,1.0,0.004405385271266068,0.03372768166313955,1.0,0.012174892838855356
0.005768290484361671,1.0,0.013635373393373958,0.02987056429023527,1.0,0.01214540397737564
0.003340869767514132,1.0,0.01266201777301934,0.019879820549527416,1.0,0.011671900111094919
-0.008254763854888214,-1.0,0.012330941411133504,0.046466632477266234,1.0,0.01465083414506996
0.010849302592176535,1.0,0.008607184009890379,0.0306634706358504,1.0,0.016867564191792684
0.012090630904607824,1.0,0.009141969858390974,-0.0152221976542668,-1.0,0.01976807785177171
0.04344731975893623,1.0,0.009992192764857527,-0.008522497327875467,-1.0,0.019719831643599747
0.02422833891903231,1.0,0.01969393676349523,-0.016218709944006093,-1.0,0.019610035951954822
-0.00019385480335953886,-1.0,0.022104803234178502,-0.035513694602467005,-1.0,0.019194285698913436
-0.026035161175768096,-1.0,0.007196684366775121,-0.04938557948919575,-1.0,0.01768599210091618
-0.010975367705335248,-1.0,0.007586387348237898,-0.0549080359521148,-1.0,0.018015927754867482
0.004642174680764999,1.0,0.0018447768188826067,-0.03251197594068067,-1.0,0.018297272929358933
0.03730923774898631,1.0,0.017201679630299626,-0.03996575400977331,-1.0,0.01833777285253664
0.006561196829976801,1.0,0.030656407550801224,-0.04191164896550115,-1.0,0.018297379677788585
-0.031761148436280084,-1.0,0.037245622731994825,-0.03835655557593265,-1.0,0.01844529462436567
-0.06324389366002992,-1.0,0.019185298269521502,-0.04041724335885366,-1.0,0.01809118831577292
-0.03603287798767996,-1.0,0.019982577049957158,0.02937764569658219,1.0,0.02019692223045943
-0.00820086604359238,-1.0,0.0040825192513815126,0.051064184478540664,1.0,0.017300467400325453
0.002584237597615946,1.0,0.009670184407476046,0.020294263635666,1.0,0.019938802285360296
-0.014460987089076394,-1.0,0.015349404489340574,0.02889067988252325,1.0,0.01995666025083702
0.0028078638584267956,1.0,0.017141740136570674,0.02361923829387802,1.0,0.020243429556575217
-0.016615335696345657,-1.0,0.014588363102925992,-0.002385212818373894,-1.0,0.020510886236018003
0.0020210192812784022,1.0,0.008985100155157195,0.011865398130605165,1.0,0.01973130890662883
-0.0012024049544869797,-1.0,0.007343357728953559,0.029210681554895146,1.0,0.021047994964490835
0.036857748399905965,1.0,0.015924364470482687,0.034130296874711696,1.0,0.020876865275605797
0.07785049149206014,1.0,0.01737272185333677,0.05039444515695379,1.0,0.021186775647452732
0.05765959161819323,1.0,0.028697247562422198,0.04143940965531323,1.0,0.021242910967176197
-0.0025323866655102556,-1.0,0.037002575355819335,0.03704834629274867,1.0,0.020772561882587123
-0.036519843801738894,-1.0,0.018416624886871007,-0.014486190674630084,-1.0,0.01730716756557293
-0.035645812228255025,-1.0,0.018395607571090402,0.04297753452328701,1.0,0.021162363219540462
-0.020095238856423947,-1.0,0.011733377357156368,0.08967345693072559,1.0,0.01856523901895681
-0.03148626884099448,-1.0,0.005208103873720801,0.08909173769058132,1.0,0.01856790505049674
0.008399307119443922,1.0,0.02187287000481242,0.12087315192723258,1.0,0.017718551572388285
0.019900173996739934,1.0,0.01801214451231355,0.19468265361752835,1.0,0.02095721877111247
0.04055006630762703,1.0,0.015325273059786414,0.19598889398406305,1.0,0.0208423748512448
0.011026323145931105,1.0,0.010734914484327448,0.1466476810978854,1.0,0.023192836174115453
0.03977579781794294,1.0,0.014180148686051896,0.12387705775733293,1.0,0.025373377288337738
0.01296985566047626,1.0,0.019116513046316647,0.14967037327969557,1.0,0.02694744040718347
0.05919771648616701,1.0,0.027932046997891265,0.19970832410503458,1.0,0.028321530996858458
0.05009272397246667,1.0,0.027428793300982315,0.16961778239894398,1.0,0.02876300746082909
0.06705808456347251,1.0,0.01956346651093946,0.17066267351903397,1.0,0.02868231443545065
0.04224980517569055,1.0,0.006929751044807298,0.16770942466166172,1.0,0.028413928347593712
0.0849139578303788,1.0,0.02770135755087921,0.15343715856972961,1.0,0.028586684357198446
0.07541088745248725,1.0,0.031738367117464,0.0999231122085269,1.0,0.033462193697855296
0.03417383629009674,1.0,0.04259838992387102,0.09983511007311563,1.0,0.03345957843561184
-0.05090542186345548,-1.0,0.012001624649964774,0.01850101455908426,1.0,0.030259419224914805
-0.005768454396740452,-1.0,0.03795982264767653,0.007368023508629751,1.0,0.030589605504275644
0.0640869661530803,1.0,0.04086356862069734,0.02078040032334849,1.0,0.02992883796233373
0.08551652245955399,1.0,0.02854015157238312,0.04251652490031432,1.0,0.028752833704744536
0.03396215589981466,1.0,0.03181566118392595,0.013625754601096496,1.0,0.026363443000494972
0.027198817042794143,1.0,0.02792711164493937,-0.012684489081794759,-1.0,0.022997730010062938
0.0339121001432523,1.0,0.026560548924356234,-0.044818630779345,-1.0,0.025172945612623558
-0.003681476747034562,-1.0,0.04434101925058047,-0.06399545086051583,-1.0,0.02617474618267685
-0.025624509412855545,-1.0,0.034590574139915335,-0.10651965938504926,-1.0,0.021825129952714503
-0.05002218618026655,-1.0,0.033567105746502825,-0.10794704672582123,-1.0,0.021761582623183486
-0.017144201247409896,-1.0,0.021918106124237384,-0.059632891165307456,-1.0,0.018211922230571366
-0.0448808734596704,-1.0,0.006730819986592994,-0.051649368139982776,-1.0,0.019289742468736912
-0.026889911522225418,-1.0,0.005243078702809838,-0.017355070257532912,-1.0,0.01897604969840146
0.0004892766957262928,1.0,0.01131889412590386,-0.021768669621303083,-1.0,0.019290420989134253
0.030622076747937044,1.0,0.013006222497975251,-0.028876244845275956,-1.0,0.019621287520435012
-0.0018186332201053368,-1.0,0.031296115223406286,-0.013637330922582791,-1.0,0.020001300002168442
-0.04365904956179767,-1.0,0.03154630802228631,-0.0053952554645810835,-1.0,0.02066021681242983
-0.06663635326046036,-1.0,0.01844289540416272,-0.03193916617113146,-1.0,0.019469928480813754
-0.029216315803223925,-1.0,0.016615877325611244,-0.02717376190160259,-1.0,0.01875475311220384
0.0006810829481738168,1.0,0.0013774886309927243,0.02389881497538271,1.0,0.017944338726370607
0.029245781832210938,1.0,0.015114348067182782,0.03897140040226699,1.0,0.01821363691736348
0.04056979028802177,1.0,0.013129258772638463,0.047255506182156015,1.0,0.018278525146964864
0.020720020296594477,1.0,0.02349183751445708,0.0701609833048602,1.0,0.019122800167387474
-0.02210775016496358,-1.0,0.017149508957518197,0.03723099271571062,1.0,0.018116078923775425
-0.023172172187275297,-1.0,0.016537746792007965,0.002614380574070818,1.0,0.019231970501392564
0.016862690852448292,1.0,0.0190582477323466,-0.00736281773323233,-1.0,0.020315361121204235
0.027559155422081538,1.0,0.013193994780030405,-0.014671023974792696,-1.0,0.020907260683607994
-0.015355064199125135,-1.0,0.026419843228297196,-0.004699572261485763,-1.0,0.021634945184215035
-0.014364979121833876,-1.0,0.026914663397762887,-0.03418423718993102,-1.0,0.02060897641070182
0.004274213312938091,1.0,0.028940660426575976,-0.00412712100465118,-1.0,0.022105217038230818
0.04521295228053468,1.0,0.006552052888889357,-0.00017005356728327925,-1.0,0.021620242985716
0.04694325127765131,1.0,0.007500498177950535,-0.002831211817080348,-1.0,0.021384065504986283
0.02750537414565457,1.0,0.014828548239087054,-0.020216098590426945,-1.0,0.020937668982086953
-0.0040713353200634295,-1.0,0.023406742677248262,-0.019363913208858552,-1.0,0.02097974198441235
-0.056803780741498056,-1.0,0.011894184581034936,-0.02718301669123635,-1.0,0.02022211749908433
-0.0740097668554669,-1.0,0.0035966353833323268,-0.021617231520432156,-1.0,0.020199269934199057
-0.030486125022831878,-1.0,0.027364856754364904,-0.004907583872226784,-1.0,0.019211793790317597
-0.0099587286042504,-1.0,0.022507743200773766,0.012517896913683657,1.0,0.01744792675027139
0.038103058392223055,1.0,0.018271083107800686,0.042065421179185325,1.0,0.015759707993649754
-0.010825545504922651,-1.0,0.026708718186687127,0.014032973348790723,1.0,0.01494633359977314
0.016988046251016797,1.0,0.02900606970351686,0.014650426218421941,1.0,0.0149118770834942
-0.011814764272837674,-1.0,0.023606364000557534,-0.02089503517084168,-1.0,0.013158783189277797
0.026019092638959407,1.0,0.011676981050360002,-0.0059701669865037665,-1.0,0.011015572263455932
0.022591446403495308,1.0,0.01015058357166886,-0.014446748822344535,-1.0,0.00982116235982721
0.02610424121564936,1.0,0.008232982887630412,-0.0038574471312031733,-1.0,0.01005188195253714
0.010384994016568339,1.0,0.011279744724476046,0.01708600789586434,1.0,0.013322977634636768
-0.017102867136578048,-1.0,0.005609637945678822,0.009574109643579298,1.0,0.012733744671180816
-0.010327114155849415,-1.0,0.009181232083400076,0.0047181410228662735,1.0,0.01284374082215555
-0.011545567801814371,-1.0,0.009347206444279272,0.010115928979365307,1.0,0.012710115381762116
-0.007826199299512115,-1.0,0.007998144723648633,0.03151023896817673,1.0,0.012334722156402711
-0.02485739795780395,-1.0,0.0018988728413144344,0.040999932222757884,1.0,0.012904602764626271
-0.03082868584021714,-1.0,0.0025477481962114666,-0.007158941754312309,-1.0,0.021191340126824828
-0.012109128789749679,-1.0,0.0131250498298749,0.020516934104929607,1.0,0.021848519729954604
0.005222823766800833,1.0,0.012719444339507825,0.013423020332140823,1.0,0.022297858720136038
0.049075267521327515,1.0,0.012935986860264273,0.045321693142784,1.0,0.02239541652026078
0.04661230486941914,1.0,0.013506054751839754,0.07007519588402245,1.0,0.024194866669250265
0.034679829369718806,1.0,0.018242270486022633,0.027675973065996562,1.0,0.026961476661321475
0.0034149151000693045,1.0,0.0069002088016512425,-0.004080638976716511,-1.0,0.025390822318015992
0.004833262188019383,1.0,0.007672120915075616,-0.030166221825592032,-1.0,0.025671290413326997
0.025954677044042196,1.0,0.00821757940265719,-0.01768508512288358,-1.0,0.025813014382070596
-0.028820438535491988,-1.0,0.03937530352474105,-0.011100342512512906,-1.0,0.025913221121279254
-0.018819504162759237,-1.0,0.042189889332941974,-0.02308670249736977,-1.0,0.02568319623007806
-0.05243430984842101,-1.0,0.0374765094718908,-0.03312199881604805,-1.0,0.02520174811891396
0.02165194905687917,1.0,0.021420968504653134,0.0267078189149359,1.0,0.019126854428024868
0.03744913298934316,1.0,0.027280353732824388,0.010426943604610273,1.0,0.01831022999502057
0.019475776500656572,1.0,0.037296346726034074,-0.01833370668850476,-1.0,0.02236773633392786
-0.00032706459817299915,-1.0,0.03565238472691186,-0.04020222803659301,-1.0,0.021399908467060698
-0.05362911284019534,-1.0,0.017419105227394024,-0.07482418717022599,-1.0,0.017644243420989292
-0.010681228819161337,-1.0,0.012727079356568137,-0.05354975683440788,-1.0,0.015358813299738502
-0.003604788435727091,-1.0,0.014115148903543482,-0.05686982187811784,-1.0,0.015313809024520886
0.011912781516241644,1.0,0.005172687627047747,-0.0404198339418258,-1.0,0.014796228878783403
0.010517763350877729,1.0,0.004747118731707679,-0.05292060572405033,-1.0,0.014399122028883462
0.008987722891956818,1.0,0.004342017860793727,-0.06756344617706977,-1.0,0.014012950807051195
0.014694141939220806,1.0,0.0011662124813281729,-0.08922674777264872,-1.0,0.014868113064069861
-0.03764601772087772,-1.0,0.02921192520779588,-0.061002738086581854,-1.0,0.018887413155589745
-0.04525809789464974,-1.0,0.02720089134218817,-0.08130428073739049,-1.0,0.018821725369727305
-0.0478019977854931,-1.0,0.02634706099810788,-0.07765496093517399,-1.0,0.01903524844147233
-0.01574027364524655,-1.0,0.008005992698474684,0.010301534991240757,1.0,0.019248939767243296
-0.01699465843969783,-1.0,0.007839037759294511,-0.002044642048144585,-1.0,0.019780195644623803
-0.01922475961179515,-1.0,0.006915162138523992,-0.010596578388456734,-1.0,0.01988050047770984
-0.010052077708803786,-1.0,0.0020712707162808754,0.005159970169108963,1.0,0.01943553665925379
-0.014298412734679022,-1.0,0.003598299458373621,0.0027662534928905025,1.0,0.01949703378296467
-0.036894132314581274,-1.0,0.009946180474736875,-0.000866926798985812,-1.0,0.01954669169883265
0.0024356309883462046,1.0,0.030000768178542858,0.036933587461050355,1.0,0.021610484592607997
-0.004753111668363896,-1.0,0.03134011764095348,0.05001042057466121,1.0,0.021316674750098154
0.026265928776695535,1.0,0.024878490769414886,0.08411502091935041,1.0,0.019466082776344432
0.03365825535694489,1.0,0.028738887556384103,0.04235687159736967,1.0,0.017807538333206575
0.03400154079459616,1.0,0.028580093328911236,0.07559417467673724,1.0,0.0171673445005317
0.019256384761224155,1.0,0.030782073611874735,0.06114996987159582,1.0,0.017585672457228956
-0.020881838467378344,-1.0,0.008312779015248826,0.01963130754061604,1.0,0.013293294430916442
-0.012183762898662742,-1.0,0.004880667167492784,0.03139685406067194,1.0,0.0123498573143212
-0.009495108022324228,-1.0,0.004166321667968841,0.031791652718487384,1.0,0.01232135380140625
0.021721539583137606,1.0,0.02211837002900128,0.053606622755014044,1.0,0.013678238867272062
0.03294575434709168,1.0,0.019454406970000504,0.03827732312443821,1.0,0.015390753302219031
0.04808781540375495,1.0,0.014760118993144335,0.037116960686872424,1.0,0.015448179009131504
0.007858915124665522,1.0,0.00917512413817934,0.00016785564454036006,1.0,0.012373382829016611
0.020830642433712132,1.0,0.013011005898363756,0.0028359348391990835,1.0,0.012491713581150952
0.003300877728940943,1.0,0.014488167362475188,-0.006634623772986181,-1.0,0.012078757979430955
0.010932691300191255,1.0,0.01280380610538735,0.02109504723835176,1.0,0.01323309138317142
-0.01019577982146913,-1.0,0.003613483737200126,0.004244904333325028,1.0,0.01222872016990639
-0.010101932391884283,-1.0,0.0035660296758998054,0.028907501657714718,1.0,0.012922214549067305
0.013093476747019661,1.0,0.016552543266796574,0.022641247311348867,1.0,0.013145822558497264
-0.005303293834896472,-1.0,0.022974081992483866,0.034441350861463604,1.0,0.013163867022474995
-0.004169800053939188,-1.0,0.022854849375587283,0.031457377589211966,1.0,0.01339276250051129
-0.03171722752733608,-1.0,0.009669339303756097,0.03326178067018404,1.0,0.013654348381682216
-0.0024956339381474457,-1.0,0.007283451582704141,0.09352605801082348,1.0,0.014865410294028701
0.0043362309438963464,1.0,0.005868622792152162,0.14433691709385998,1.0,0.017613563744999176
0.028786106718476923,1.0,0.009797352513797188,0.11886409669250009,1.0,0.020962102487480105
0.022239611927838077,1.0,0.011127921896687125,0.10910163487342972,1.0,0.021250361733914945
0.03884300315964184,1.0,0.010451028296325817,0.15635920849184437,1.0,0.02383587059714529
0.012478891373188361,1.0,0.012168018904764212,0.08559702653898693,1.0,0.029872528976112634
0.020000666706669445,1.0,0.011957766225219255,0.13881230833807967,1.0,0.03269255613295785
-0.0075520564603870355,-1.0,0.009733248492142351,0.10245891934829343,1.0,0.03374976101206147
0.023714010105854832,1.0,0.017565012997602922,0.08959835374889824,1.0,0.03445375294508939
0.0537814133144634,1.0,0.025055386375848185,0.07622736538788466,1.0,0.03463304494403103
0.10870973945070883,1.0,0.010110227594779959,0.10086656198968269,1.0,0.034307511115230636
0.05388508849497997,1.0,0.0413660472983764,0.0755561658136168,1.0,0.0339597822688717
0.013079942924458798,1.0,0.037753944507063215,0.027611633990487938,1.0,0.03261153895933315
0.016358522341880732,1.0,0.03952357194378388,-0.013986241974739855,-1.0,0.029747841226126108
-0.004480963435036234,-1.0,0.04938227771515194,0.023710705065348225,1.0,0.028426295338519595
0.05195028539248803,1.0,0.05880562792352334,0.04183119384512857,1.0,0.028662410960548446
-0.015057285983909097,-1.0,0.05368027286254366,-0.010588165880544231,-1.0,0.02497631950033119
0.01648021858309967,1.0,0.04217545730082282,0.04993009019768602,1.0,0.01957210705830431
-0.042584276243525565,-1.0,0.008075112904190551,-0.01947369671457988,-1.0,0.012374234779858726
-0.009144413818997776,-1.0,0.01689937706696924,-0.0084156039332286,-1.0,0.011352291120097112
0.009671822170573385,1.0,0.01020616049259704,-0.006055701247215772,-1.0,0.011022858300762297
0.005165681917066678,1.0,0.012141337042861272,0.011914533823860651,1.0,0.011582193342851365
-0.006143064513713714,-1.0,0.006587952489755522,-0.011733780855868847,-1.0,0.011039122106480522
0.0020396277467114032,1.0,0.009015669168673291,0.010589784899584398,1.0,0.012913852482107639
0.027299502779099427,1.0,0.006318616294730545,0.01967850105096902,1.0,0.01251786696289526
0.019756598436076356,1.0,0.010101153887804162,0.04363493589686973,1.0,0.014563752932684502
0.021738421697301558,1.0,0.010306250753018274,0.046493553607900306,1.0,0.014665302297174049
-0.00935460516722042,-1.0,0.012646995500442492,0.07623393628158492,1.0,0.01880718694370179
-0.012884724036593465,-1.0,0.012953297321270823,0.037132804262743235,1.0,0.023577046138838056
-0.03950557286180212,-1.0,0.004792805632403911,-0.006572391139561873,-1.0,0.02569109986630903
-0.011196045705085034,-1.0,0.015241602515430925,0.017628546804950407,1.0,0.025383476147736384
-0.012462590741638024,-1.0,0.015422639307858893,0.023899784267270796,1.0,0.025241860982429986
0.026317308317373556,1.0,0.016013138732765834,0.05617027146705489,1.0,0.024795906647337322
0.012929649144175048,1.0,0.01606987734731003,0.04503011872086704,1.0,0.02466025276811514
0.049225652239024864,1.0,0.014688448644970643,0.041612475752093925,1.0,0.02483949482058265
0.03794339645502731,1.0,0.013895712280069165,0.001874144569324443,1.0,0.02476716096615066
0.08385493800971533,1.0,0.0173718766465509,0.0005772005932258573,1.0,0.024772107834489552
0.01325446680194986,1.0,0.04479601972846534,-0.0399738056450234,-1.0,0.023441288640072583
-0.03132752305016062,-1.0,0.04878964156338332,-0.07858503206055412,-1.0,0.023955279841357542
-0.06795999464385494,-1.0,0.027819549638042833,-0.11092117951740432,-1.0,0.01882174798346685
-0.026117744032065904,-1.0,0.022251412776903155,-0.07884222733728663,-1.0,0.015543081948011806
0.023237089744814643,1.0,0.008612722916427524,-0.020858230120409882,-1.0,0.015358744578468503
0.0162055262108316,1.0,0.009050278987907426,-0.04251637798653585,-1.0,0.015255590120966566
0.005250100743185104,1.0,0.014023876222774621,-0.04868346905063259,-1.0,0.015281484996693665
-0.02797881858035689,-1.0,0.010111029118704705,-0.12882061701609837,-1.0,0.021938145636028798
-0.031523268983466135,-1.0,0.008149908574912476,-0.11984694767582216,-1.0,0.022554464909648683
-0.03236062915809246,-1.0,0.008259542418388725,-0.10952049140266018,-1.0,0.02265178071678187
-0.04251578017485125,-1.0,0.013091364897725655,-0.11415287622012515,-1.0,0.0228472070985954
-0.02764344210091485,-1.0,0.02079184849274579,-0.10709311788160791,-1.0,0.02315865833156564
-0.025613954890313373,-1.0,0.020629009002969465,-0.09387866580710913,-1.0,0.0232501168513082
0.026399278889983613,1.0,0.018161800725287607,-0.030053363951954903,-1.0,0.025479317468652153
0.000444806887013538,1.0,0.02092697675262278,-0.04395979079874213,-1.0,0.025007683320595202
0.004041014254588138,1.0,0.02003728024202206,-0.04572049530447542,-1.0,0.025060934863329814
-0.08472529715087385,-1.0,0.03147615844908345,-0.05939952360965206,-1.0,0.023952814170790277
-0.06112504347845471,-1.0,0.03929322216897844,-0.05750726525022998,-1.0,0.023903565041377892
-0.05558692160884249,-1.0,0.040311198889031216,-0.06781997590012567,-1.0,0.024196830487662708
-0.013311077784383674,-1.0,0.016691195104837776,,,
-0.01876943918925189,-1.0,0.014305055703032603,,,
-0.016718803562541407,-1.0,0.014651313066848129,,,
0.041583732093319004,1.0,0.019461045773157257,,,
0.03548988498195094,1.0,0.021029031335184262,,,
0.02254421561232034,1.0,0.02551921595620858,,,
-0.0029468807677135445,-1.0,0.011786250734621556,,,
-0.013102667564474313,-1.0,0.013023556656191206,,,
-0.018058466341062118,-1.0,0.014842879761369467,,,
,,,,,
,,,,,
,,,,,
