future_lr_3,future_direction_3,future_rv_3,future_lr_12,future_direction_12,future_rv_12
0.039917096529643675,1.0,0.06400334974677384,0.042615862133747295,1.0,0.037003863205886244
-0.07257845333687339,-1.0,0.0010673000062964267,-0.042653756748619126,-1.0,0.026042549710353326
-0.05654411175154947,-1.0,0.010172524798942876,-0.06890243104192274,-1.0,0.028795374171170007
0.018846258624831684,1.0,0.039992202891830704,-0.03856802381238712,-1.0,0.028362017822989232
-0.0019975592037913686,-1.0,0.04901249655663643,-0.010027939186124615,-1.0,0.027527101170729196
-0.001899972630792765,-1.0,0.04900610260990819,-0.006272421998414171,-1.0,0.027470440671025786
-0.04679787831694406,-1.0,0.027274474433837227,-0.07635445735064408,-1.0,0.022453616182971727
0.029875833622757877,1.0,0.019040127421406407,-0.031368926531358365,-1.0,0.018642271225287912
0.033659138733372576,1.0,0.017408353850444654,-0.04215599349602718,-1.0,0.01912794448594835
0.030650385296216,1.0,0.017908129507744133,-0.020325218247235696,-1.0,0.021089501152286593
0.0020464221692877566,1.0,0.003468740851922675,-0.0007550019233690947,-1.0,0.024318454077905463
-0.044117485392953085,-1.0,0.030057452621757345,-0.23401913431046886,-1.0,0.07252908380501885
-0.04126678941649074,-1.0,0.030945500269963972,-0.28352227300864496,-1.0,0.07251914238031971
-0.03995263577437888,-1.0,0.03128616713214433,-0.24630073364054028,-1.0,0.07448150938116588
0.0060858972919591026,1.0,0.0048977934195192745,-0.15788815515587,-1.0,0.07572760501687337
-0.018940174913425284,-1.0,0.0113316950813647,-0.0996223511817356,-1.0,0.0788836345788275
-0.02333854654902512,-1.0,0.009632256198313984,-0.14975572322041628,-1.0,0.07954088126194797
-0.037783544128405774,-1.0,0.00992809407150722,-0.2915848093177762,-1.0,0.08813628854284404
0.009231360786464332,1.0,0.02328753197888061,-0.3455816113534447,-1.0,0.08920350523008098
0.06048975823074715,1.0,0.0346650645034988,-0.32663994379458605,-1.0,0.08990216362402761
-0.1582040020810691,-1.0,0.15952594054447541,-0.28604979973307193,-1.0,0.09104471885661922
-0.23254666946519328,-1.0,0.14585905633691115,-0.3234434705900152,-1.0,0.0897327004585637
-0.24349930954788343,-1.0,0.14112754422541254,-0.38887920545367494,-1.0,0.08655568562648502
0.03201349376164575,1.0,0.0492134661007088,-0.23358607544520393,-1.0,0.06114605284339299
0.14263313241041864,1.0,0.01465306522010422,-0.1810626873212275,-1.0,0.060941361557482955
0.056592374645745125,1.0,0.05834182218494556,-0.2576267088318398,-1.0,0.05871262201913083
-0.12761075686994705,-1.0,0.10489660187999679,-0.21641484989321852,-1.0,0.06357571085298523
-0.26489943508513436,-1.0,0.0509509757224383,-0.2660323962810179,-1.0,0.05918427684098777
-0.20022276712319492,-1.0,0.08166526308277501,-0.21124788479190104,-1.0,0.059217786929284484
-0.032248534543701524,-1.0,0.053816351126734746,-0.02620902721953794,-1.0,0.04546928194351213
0.03136950154989382,1.0,0.017210106310244947,0.0011316790472999938,1.0,0.04217335281763763
-0.0017495034283417366,-1.0,0.020462933678764828,-0.008137260696208848,-1.0,0.04190368760807989
-0.10574027779320111,-1.0,0.039923282856508334,-0.10539503352945773,-1.0,0.04614498490283625
-0.09016588619640559,-1.0,0.04561011111290723,-0.11852794385149351,-1.0,0.04631138137752862
-0.11224681292604827,-1.0,0.0437892761855191,-0.12047289650892329,-1.0,0.04633556951863672
0.049184719313631164,1.0,0.05944995438225094,-0.050094536592836025,-1.0,0.04060826721649743
0.05766342345062825,1.0,0.05893422646397911,-0.06814770267848902,-1.0,0.04051650231427775
0.10297119868568388,1.0,0.039899305303820735,-0.05773476763233032,-1.0,0.03988181569037236
0.06259506580373353,1.0,0.016799397087483292,-0.1495317339709638,-1.0,0.029556184582729877
0.0022646402431835133,1.0,0.04311116628514588,-0.17647632531544166,-1.0,0.028289382050478016
0.0028878569724972714,1.0,0.04316430836188134,-0.23510425637187365,-1.0,0.0290810661939733
-0.11143454085362131,-1.0,0.042126084562022596,-0.2435369042355227,-1.0,0.027577262009329064
-0.08829012134889969,-1.0,0.041954246183699875,-0.257287497852307,-1.0,0.02896959795891853
-0.11408513924105618,-1.0,0.03166776638438391,-0.20304097717389963,-1.0,0.037148800074583654
-0.05043978085657941,-1.0,0.005767011911823488,-0.09384421998502857,-1.0,0.035084854668698144
-0.039785645023401095,-1.0,0.0034954269987543937,-0.07549371014497674,-1.0,0.03479319325936074
-0.0495086840494553,-1.0,0.009092917424196037,-0.08464717478457662,-1.0,0.03515418465822033
-0.05025247806449662,-1.0,0.008868363253446036,-0.022394474792182706,-1.0,0.03893583815408458
-0.050665199186324394,-1.0,0.008752943643137891,-0.020596330625101245,-1.0,0.03889805531895688
-0.07439829005385945,-1.0,0.022452875769864253,0.02183533611768551,1.0,0.03831587642569396
-0.03141010446082537,-1.0,0.04109221155853461,-0.029638973426154736,-1.0,0.04259433663522289
-0.0785465322936818,-1.0,0.050059210074738875,-0.05235136635375792,-1.0,0.04355485069732317
0.0349511361704713,1.0,0.0633592042069627,-0.0008133388004283315,-1.0,0.0410358430855473
0.038258143396872835,1.0,0.06390137739072049,-0.004342683492822741,-1.0,0.04080168983943391
0.09350366635843055,1.0,0.033522679598491596,0.08278791131438112,1.0,0.036942755970700854
0.004308663148266834,1.0,0.030929128792277032,-0.012640895165506594,-1.0,0.03397339367548555
0.02100996433626645,1.0,0.04006812643274811,0.0417694128762951,1.0,0.041890178851159345
0.015111734496474405,1.0,0.04101080706033736,0.03845909849346574,1.0,0.041954691487864536
0.05697382685280683,1.0,0.0308075987386316,0.01973748283832133,1.0,0.04347700756961286
-0.05749697669846865,-1.0,0.04005976819073614,0.025294603705419916,1.0,0.04408079089762649
-0.08242023491498107,-1.0,0.03975666377211428,-0.07088281313963896,-1.0,0.05407137318213518
-0.09704696497197329,-1.0,0.03200331982113395,-0.07372463727762235,-1.0,0.053975514576131076
-0.0061138145274933775,-1.0,0.031443719906017284,-0.06792608493958419,-1.0,0.05344307542449943
0.05659274537445724,1.0,0.015631974406279024,-0.0750166785630959,-1.0,0.0538324449286394
0.023123579805393035,1.0,0.034955405360670454,-0.08952952378020473,-1.0,0.05382230556457933
0.08437023976599067,1.0,0.06089256097801731,-0.07515851236498539,-1.0,0.05483065183286707
0.04917485353751516,1.0,0.06425581687990342,-0.10177582355907244,-1.0,0.05385281985138263
0.03668704115209476,1.0,0.06923350952365566,-0.16049821945943832,-1.0,0.058699109784097564
0.004535155165391269,1.0,0.051627223391098216,-0.1922617058807753,-1.0,0.05420038836761962
-0.09423017713663029,-1.0,0.08238400261865357,-0.1971563245835114,-1.0,0.0541471708797447
-0.03648829326313685,-1.0,0.08429433183358184,-0.1500077757850795,-1.0,0.053581912502061714
-0.15071766534347275,-1.0,0.05964178617876492,-0.2504356936022173,-1.0,0.049425281144097236
-0.08655410033843802,-1.0,0.036708393688565245,-0.1312053760977553,-1.0,0.04219759061093222
-0.11285185147455568,-1.0,0.022090294103889442,-0.1812092979996981,-1.0,0.04213137027933248
-0.013346241952894577,-1.0,0.04283314569508831,-0.14077255388108223,-1.0,0.04001764821066242
0.029833600378480707,1.0,0.028965368734331,-0.07304508454258551,-1.0,0.040151547477181866
-0.04784511587384055,-1.0,0.06846099236448008,-0.09564393961161755,-1.0,0.041060706158421924
-0.03273295374979923,-1.0,0.07511718856053416,-0.09924197682638491,-1.0,0.04067191223796729
-0.046205647486923795,-1.0,0.07442356914844332,-0.09840335063488881,-1.0,0.040690527778597406
0.047177484826453564,1.0,0.03675355732917357,-0.002336449661019646,-1.0,0.03117621605816551
-0.05363883255605073,-1.0,0.023255290349324664,-0.036122828148891784,-1.0,0.026711232581038524
-0.028279228650874177,-1.0,0.029989418198319878,-0.0008926579481393082,-1.0,0.027533513931894158
-0.06768981547775543,-1.0,0.031089476763660008,-0.00916924684247944,-1.0,0.027580298911385956
-0.04105452562233769,-1.0,0.025430261398295108,0.015228720701824572,1.0,0.02491829509196353
-0.02839380878326825,-1.0,0.03225021447921971,-0.0232136700511405,-1.0,0.025708386419744274
-0.027286493086475128,-1.0,0.03177335665260079,0.006647697795423624,1.0,0.023294805239226193
0.028184335101802738,1.0,0.040087394721335975,0.0021778593000129076,1.0,0.023631097992799926
0.004475334286177413,1.0,0.03748058344233508,-0.009011206340718725,-1.0,0.02273082364980407
0.04546237407675735,1.0,0.020393490625504954,0.08692977431301674,1.0,0.02576189306110825
0.0303861949276939,1.0,0.011719437127986596,-0.008277214101273689,-1.0,0.029585387546485983
0.051305045199825705,1.0,0.01075283367861167,-0.010869672236903827,-1.0,0.029572488081412662
0.04034468764499377,1.0,0.017079528024404694,0.0342601618313102,1.0,0.03301768862438683
-0.0022872837053343753,-1.0,0.021578332702935004,0.014516018101206951,1.0,0.03237678450548051
-0.05060024075387537,-1.0,0.009689543818106458,-0.061699658045372474,-1.0,0.03506944133808837
-0.05187287083985237,-1.0,0.008996814848345447,-0.03056807346037682,-1.0,0.036114231751806905
-0.054105387024149354,-1.0,0.009302513726628015,0.029334233285146505,1.0,0.03772927647380565
-0.014191345072846473,-1.0,0.01812566286520748,0.027106953338290052,1.0,0.037883211179137184
0.05299558343111799,1.0,0.04054903098155245,0.02615749321081784,1.0,0.03790653003611757
0.01772926170051614,1.0,0.058586912116661415,0.05547838495150914,1.0,0.03719482852081977
0.0026168683899923106,1.0,0.05810903366367931,-0.027286493086475128,-1.0,0.04246876950934268
-0.00720723840494919,-1.0,0.053211449130549066,-0.05964328122654161,-1.0,0.039071489921985364
0.05317942713017454,1.0,0.02787652792225804,-0.035040433973635654,-1.0,0.03669180008129713
0.00047505939135705777,1.0,0.0515976549981934,-0.0716437702660846,-1.0,0.03796928829101023
-0.02448354764669325,-1.0,0.04037941429776254,-0.21756465769197808,-1.0,0.041664382668280785
0.012530931478605178,1.0,0.050311347173261294,-0.24298558492610112,-1.0,0.04108828992618429
0.038206370629787156,1.0,0.03575365032160223,-0.10322553678969637,-1.0,0.0497914584161393
0.004852695831342291,1.0,0.03528071795039316,-0.1257192391729801,-1.0,0.04883132896905275
-0.027961235357786718,-1.0,0.017784361767026382,-0.14551562119037775,-1.0,0.04724844435299957
-0.06858479149761165,-1.0,0.04006315210070244,-0.06540746999286973,-1.0,0.05043028849210342
-0.03280519100624146,-1.0,0.05045672981208828,-0.039977107953616864,-1.0,0.050823600778247637
-0.07278955722462865,-1.0,0.04816905372514842,-0.0686172600933449,-1.0,0.05091365616831524
-0.041740408789617156,-1.0,0.03577228865141493,-0.060808237203920035,-1.0,0.05008664297863168
-0.16512861487038566,-1.0,0.03565038965544664,-0.11632507089509447,-1.0,0.04938558792837953
-0.15476572382229092,-1.0,0.03932011163511909,-0.06083984418809385,-1.0,0.04970891545531276
-0.03110670713225472,-1.0,0.09185624514935804,-0.006658155198590365,-1.0,0.0489927798169456
0.06736187087230472,1.0,0.05681198912120332,0.0798914004872372,1.0,0.03899968486448438
0.11000089521432854,1.0,0.04422472747231711,0.11205639439642467,1.0,0.03797393139032777
0.0760244374266138,1.0,0.025391675618242,0.027014629810825252,1.0,0.029160915163100987
0.09059482705070554,1.0,0.019512906735520665,0.06212228682019327,1.0,0.03088380584365199
0.048937125739246135,1.0,0.03660822774618705,0.08972972967330395,1.0,0.03312124113624096
-0.06398555870866196,-1.0,0.038632979501113836,0.03689041066299348,1.0,0.029935663692494417
-0.10915315394771907,-1.0,0.02107537245875258,0.026283032983613897,1.0,0.029644288678095775
-0.0650121413193776,-1.0,0.04231071873790152,0.009021151023996254,1.0,0.031227489886015175
0.012409673215712513,1.0,0.028214523346782528,0.11186894640609846,1.0,0.026732727405714942
0.03108785651194601,1.0,0.017544115199002647,0.14612898988049583,1.0,0.02405268082446624
0.0181305147622276,1.0,0.013894562803819309,0.22929292709437132,1.0,0.0364231470975721
0.0025660778771608994,1.0,0.010083157363273249,0.16473897108893776,1.0,0.041199997782237846
0.049592757205260796,1.0,0.018692475478071995,0.15203616120510233,1.0,0.0420077976550386
0.08767423049120782,1.0,0.024620413325111425,0.1628397199281395,1.0,0.0420746423200551
0.08590021827878203,1.0,0.025618916719123384,0.12170494365893036,1.0,0.044735474706263656
0.05475557321412616,1.0,0.026538747428676655,0.07739979398820462,1.0,0.04409836227576494
-0.03177145291006156,-1.0,0.023848424540398396,0.009594083185092805,1.0,0.04251366091698191
0.010992977034443019,1.0,0.040263952818496415,-0.043009631813425986,-1.0,0.04525376342492245
0.01069280294916286,1.0,0.04025438860523128,-0.0812703831368421,-1.0,0.04583586690616353
0.15525963475099747,1.0,0.05096539075046808,-0.00877626305901591,-1.0,0.04614151044684547
0.06527969789855181,1.0,0.07827027984643746,-0.06809605512471639,-1.0,0.04422320145934749
0.03699502783655251,1.0,0.08269119850447347,-0.06470809235403441,-1.0,0.04431543621429154
-0.04832269240400422,-1.0,0.034826125997118776,-0.2240791509458444,-1.0,0.02885105449492686
-0.040467949552846494,-1.0,0.03142025993420003,-0.17040762837100587,-1.0,0.028135617479642067
-0.025043610011636908,-1.0,0.030517728925782597,-0.15593480162075957,-1.0,0.02806909053795658
-0.06557140625183888,-1.0,0.016550179054251393,-0.1825396830899444,-1.0,0.02608766369505155
-0.07881435719357432,-1.0,0.023817658615669254,-0.1416357185813507,-1.0,0.025271448508594998
-0.10391460391092056,-1.0,0.01700937465509114,-0.14346997381598292,-1.0,0.025244171624126278
-0.050141799154170275,-1.0,0.04567578666364519,-0.15729955408344443,-1.0,0.02590912766893392
-0.014093446276847388,-1.0,0.0348883108282432,-0.10555149332766078,-1.0,0.022817174804429564
0.027255093731970548,1.0,0.025710845807595178,-0.08239020105877282,-1.0,0.02163106072361409
-0.06004325313583103,-1.0,0.0311693302458389,-0.12364617464176764,-1.0,0.017276926724057638
-0.037031875347737664,-1.0,0.03496028260899707,-0.1315413422165127,-1.0,0.01769175478083636
-0.05423168143017265,-1.0,0.030765837474028286,-0.1495158199069091,-1.0,0.01653238884908327
-0.006783224548104205,-1.0,0.007456276817706131,-0.12561392923693138,-1.0,0.012090510335687962
-0.011696039763191335,-1.0,0.004687337957416614,-0.11401108863383513,-1.0,0.013878250753261429
-0.012578782206860262,-1.0,0.005065469109356845,-0.12700511612324705,-1.0,0.014234308091338065
-0.040331277245338915,-1.0,0.01763378618119894,-0.11883070468882717,-1.0,0.014702141945794306
-0.0427301319398844,-1.0,0.016657765437589126,-0.11896019882939812,-1.0,0.014693210281605312
-0.04283483115371045,-1.0,0.016640334713219098,-0.12482916216358564,-1.0,0.014745460424032653
-0.016488419712493485,-1.0,0.003962544938167056,-0.09364898199852534,-1.0,0.013056878003636384
-0.040083295165699306,-1.0,0.009865661086150574,-0.0833222951990058,-1.0,0.013855449078986962
-0.039870525116165734,-1.0,0.009915810414670777,-0.039870525116165734,-1.0,0.01829986486812475
-0.06201100773099477,-1.0,0.010687397233649776,-0.04187316100744409,-1.0,0.018341833196635113
-0.019501621765060095,-1.0,0.023364068846330046,0.0073571356185693215,1.0,0.018672558889812455
-0.031720977646510606,-1.0,0.02491539507789302,0.02041465850079982,1.0,0.01846895956003356
0.0,0.0,0.01946857104047062,0.037325322243258796,1.0,0.01646964158504552
-0.016645149958754324,-1.0,0.013217441638284437,0.01779610685477273,1.0,0.015836296162161277
-0.010402828247198848,-1.0,0.009624598333263812,0.04424604887214745,1.0,0.01421414994149748
-0.015149554555037081,-1.0,0.008346796721981149,0.04665401180280293,1.0,0.014219830783472191
-0.007092228309492077,-1.0,0.011895101994827477,0.050247400163210276,1.0,0.014195405300629153
0.042123805893709454,1.0,0.018706994326186405,0.060853070737128645,1.0,0.01322054694412803
0.03528740127858776,1.0,0.021766683699192938,0.06095909058633131,1.0,0.013215576394089998
0.05059613565187582,1.0,0.02265455219373088,0.08795004267127726,1.0,0.015992368888190243
0.02041465850079982,1.0,0.016707232844142845,0.08691588880621981,1.0,0.015833567284567945
0.017187475519708117,1.0,0.018232293942269977,0.08179699669280915,1.0,0.01636029255562235
-0.009062650528856686,-1.0,0.008258222872348614,0.044660122715968975,1.0,0.016213714417329127
-0.00788958727516298,-1.0,0.008802286260210958,0.014765555906231187,1.0,0.01825168357697586
0.009328689559544134,1.0,0.004172922102992133,0.04090151422130295,1.0,0.01810669579296492
0.01580614334968322,1.0,0.00045785974288568414,0.06017267466981879,1.0,0.018462989524624863
0.00620419361778235,1.0,0.00520122608930344,0.06833258754087612,1.0,0.018638909305869138
-0.0008444757715087015,-1.0,0.004517433032627303,0.06244361591843273,1.0,0.018725824646885755
0.03061041419857491,1.0,0.022564699838074336,0.057671677038581004,1.0,0.018786396024467012
0.06818662396280062,1.0,0.02118511565150634,0.03968556043770055,1.0,0.020210133126749883
0.056125307385065604,1.0,0.02813900227076059,0.06987486296816803,1.0,0.02137708068519747
0.007306215696567531,1.0,0.027037122315578813,0.02202613891224703,1.0,0.019577134523768077
-0.0517356743991888,-1.0,0.007080605495150716,-0.01481508578514068,-1.0,0.01683084585158667
-0.02370800695179809,-1.0,0.020247480732217108,-0.0002662761299183636,-1.0,0.01636494112018372
0.006449901424993132,1.0,0.023910219853238074,-0.02152965023069442,-1.0,0.018817163589363473
0.045677444359481956,1.0,0.0020385005113190387,0.013459892808684648,1.0,0.017492079117042477
0.030870791256673913,1.0,0.009553365102616946,0.035091319811270116,1.0,0.019917585466849273
0.013305145718445432,1.0,0.008143748618863246,0.005343320220436931,1.0,0.01978040269254101
-0.02244283348539322,-1.0,0.012502439140114797,0.0723513821301408,1.0,0.030472159400321424
0.0065867712782266,1.0,0.025279289693205236,0.07238828127419517,1.0,0.030471439348514155
-0.0050351239277590665,-1.0,0.026637984632846144,0.08993686711570303,1.0,0.030576530275606285
0.013685977739959387,1.0,0.02115585270576431,0.1236202396042716,1.0,0.029143840226456295
-0.014015831713020788,-1.0,0.006341235754553607,0.010189506841039142,1.0,0.03932218960496109
-0.03624957344637392,-1.0,0.018960866286911775,0.01476820089535058,1.0,0.03921223831905708
-0.023460695805363474,-1.0,0.022972288602487623,0.03251466288454152,1.0,0.03936458020416826
0.011649588989390391,1.0,0.03523165269457065,-0.006411990977077342,-1.0,0.041101875502781826
0.03332287187612448,1.0,0.024081569841472344,0.004398027979712005,1.0,0.04041794883927738
0.10456893368093811,1.0,0.04652099415672447,-0.010146803085724576,-1.0,0.040334020576741965
0.06816775271959896,1.0,0.050670959722607434,0.004988851098067237,1.0,0.04179798589625136
0.09789869261371154,1.0,0.04271337572499642,0.017956648311879042,1.0,0.04160987535418852
0.02882602398873757,1.0,0.009212109975141975,-0.04859357499103312,-1.0,0.03376947314406146
-0.055612003154929424,-1.0,0.057570020554840715,-0.034520686348764706,-1.0,0.0341465165336979
-0.08020379014811152,-1.0,0.05126865838106944,-0.011909242711884982,-1.0,0.03595223209438054
-0.07741959897977069,-1.0,0.05232839416941619,-0.009114958765683578,-1.0,0.03605131302283319
-0.030617329531137272,-1.0,0.026482346793345508,0.05462799323543166,1.0,0.02574478920525569
-0.04661974636201249,-1.0,0.027130517085814317,0.061917287657696884,1.0,0.02553143402551617
-0.06612216177562957,-1.0,0.016611939330593344,0.05227320627389931,1.0,0.02536007897792533
0.02305043106453497,1.0,0.038627055354539044,0.14402956439468018,1.0,0.025218741125116663
0.04688149220829152,1.0,0.030806638167355373,0.1614898757932718,1.0,0.023454773445281425
0.06612216177562957,1.0,0.02601053887226514,0.16970090526125436,1.0,0.022984022387596118
0.028658215272767018,1.0,0.0076010014960035035,0.1443746958192469,1.0,0.020292485304866655
0.06803280158994751,1.0,0.015144392213692836,0.1262094417677423,1.0,0.02182716808090206
0.06830464021408711,1.0,0.015069757414125856,0.08668882755613316,1.0,0.024072037731162198
0.03353667642926694,1.0,0.030813094966386994,0.07405343116160756,1.0,0.02404501629250765
-0.006377259778529654,-1.0,0.01799267413265115,0.009490276849242751,1.0,0.022946504065045337
-0.0160314339401878,-1.0,0.013917053169284401,-0.0019295712692144473,-1.0,0.022556893381908718
0.058784241628111245,1.0,0.029566564948540708,-0.003451679955565723,-1.0,0.022689763503390907
0.05295284177356241,1.0,0.03159662284762622,-0.02971875597834306,-1.0,0.023869917350527094
0.05130553721172548,1.0,0.031941206420991845,-0.029823283834677583,-1.0,0.023866996001011914
0.023395562489101684,1.0,0.016137702483444052,-0.10075547285341224,-1.0,0.016285665789158278
0.011601058182762025,1.0,0.021555768650656226,-0.029124824078300415,-1.0,0.027007621396888698
-0.016889915929491628,-1.0,0.02743119670263883,-0.054985168494591674,-1.0,0.027538929058939458
-0.04166304938487231,-1.0,0.013432351712949611,-0.1360282728231098,-1.0,0.029312709176620644
-0.04868636332855203,-1.0,0.014879405064099717,-0.06553863661886383,-1.0,0.03458088192271685
-0.020313758611260502,-1.0,0.015309135036775917,-0.051953430299873316,-1.0,0.03409385075533403
-0.043968434687906344,-1.0,0.0154382191350639,-0.02270923453180229,-1.0,0.03552053903289236
-0.045586292606115464,-1.0,0.015968103419465834,-0.00900139881457307,-1.0,0.03494657742645384
-0.043925146505650936,-1.0,0.01692228705376562,-0.03613518375515434,-1.0,0.03554444949924992
-0.038519551269735275,-1.0,0.015890135894727597,-0.009429350262108116,-1.0,0.03503138245678285
0.05354677367360505,1.0,0.04317824378271617,-0.004318563805618236,-1.0,0.03472643126442018
0.02614365255181139,1.0,0.04972046447282465,-0.027882609452448692,-1.0,0.03507235703618557
-0.011877237480595881,-1.0,0.06279495593669292,-0.0056628207954845244,-1.0,0.03479505924052026
-0.024812754357801392,-1.0,0.055618692746671076,-0.08313092477888806,-1.0,0.027819101174853936
-0.01385817773477327,-1.0,0.05455719709908127,-0.025135079596926513,-1.0,0.029815278418987387
0.07165598890643521,1.0,0.03283401816647834,0.007246408520767189,1.0,0.025747615904347557
0.007850874475738734,1.0,0.02388370435779491,-0.0312720917442747,-1.0,0.020466093364553753
-0.004495512066541529,-1.0,0.028236718467451273,-0.010772996585680539,-1.0,0.020498623917887076
-0.030688550418212168,-1.0,0.013999450650928636,-0.05134419662980527,-1.0,0.018111886620872264
-0.04090345759716063,-1.0,0.01534678736216122,-0.015763873233064163,-1.0,0.01979967346873524
-0.035672572202945285,-1.0,0.013801256788416223,0.013673301900209767,1.0,0.018516729358946476
-0.03475302180311168,-1.0,0.014330604982764044,0.01656608536434756,1.0,0.018576048635601063
-0.02526558729966477,-1.0,0.012119884428742508,0.032313393732090745,1.0,0.017375639065162735
0.02889118240733357,1.0,0.02376334895926573,0.03416956590797671,1.0,0.017174403772500322
0.0010319918356558322,1.0,0.030898736440333762,0.03774032798284699,1.0,0.017244303126377605
0.02704607867681197,1.0,0.029567008517864722,0.022205921475709323,1.0,0.01893730752642982
0.0005039052764727048,1.0,0.02021881934590701,-0.006827691209759679,-1.0,0.015867541407310674
0.013065383755862747,1.0,0.013080300155212892,0.0061696853804594776,1.0,0.01459397134455284
0.02335909298694927,1.0,0.01765737350097939,-0.024438515269731065,-1.0,0.014584735270755335
0.019950786419348776,1.0,0.017663863114877557,-0.02861718021556181,-1.0,0.014349024906286839
0.037221731575940664,1.0,0.010830139401936782,-0.028134517957838945,-1.0,0.01432522921352236
0.007173809367994277,1.0,0.006581751532025284,-0.048839817835124144,-1.0,0.011765607179503527
-0.015176308195178345,-1.0,0.011896842880688534,-0.08903362237039758,-1.0,0.014265654702231468
-0.013578779184612255,-1.0,0.01270723188185679,-0.0878588535674828,-1.0,0.014376379501566556
-0.035373059556046194,-1.0,0.018266877525908273,-0.1062647120122252,-1.0,0.015089317869365087
-0.012106074710402814,-1.0,0.01987924532881376,-0.11153535820550653,-1.0,0.015417999504805154
-0.03053865076673168,-1.0,0.016661706445832994,-0.12058337352670268,-1.0,0.014672558658945309
-0.01959835806862842,-1.0,0.011573982789756302,-0.0877545261181184,-1.0,0.014288804282885653
-0.021285583729329427,-1.0,0.010637038193216281,-0.08634264260213864,-1.0,0.014416897216099752
-0.021238819582435675,-1.0,0.01063080569825859,-0.07446288273969781,-1.0,0.014617376393352696
-0.001042209578443809,-1.0,0.008275214621236161,-0.04746292034731647,-1.0,0.015041654844713287
-0.040465655735486994,-1.0,0.01971007562706807,-0.026528147891705434,-1.0,0.017193859887152527
-0.02250260403370319,-1.0,0.02367556949553268,-0.008940369831352712,-1.0,0.017228534325762174
-0.05025108480910678,-1.0,0.022205247454682976,-0.022141125877213508,-1.0,0.01730676009128497
-0.037678044030287294,-1.0,0.017874440128338588,-0.007586056428915189,-1.0,0.015169296657848514
-0.04630329914383213,-1.0,0.012899902527113313,0.008265611650180027,1.0,0.01661662456354184
-0.016862873661939393,-1.0,0.014691586847929742,0.032895929247834466,1.0,0.01476602459743933
0.013086640892965073,1.0,0.004368358627190733,0.04921714965841284,1.0,0.012895670777803764
0.015581840020273185,1.0,0.002978969393401708,0.06434570950517415,1.0,0.01313572388762308
0.02069324770217351,1.0,0.004587728732408667,0.046038362795870924,1.0,0.014098975352527226
0.03852891098110378,1.0,0.011947480271551975,-0.011126679464757094,-1.0,0.020740284358608394
0.04428369332590942,1.0,0.009539685939784201,-0.00943141526467195,-1.0,0.020767305034794303
0.024279584891659156,1.0,0.01731970364992134,-0.010155157945680893,-1.0,0.02073103774394142
-0.02152356427269675,-1.0,0.014031974771409828,-0.02342910452535296,-1.0,0.01950910417994086
-0.005296622552170449,-1.0,0.02293167391418512,-0.012759343753759977,-1.0,0.020218719788550343
0.00478597031594119,1.0,0.022058872045704097,0.0063762171392760525,1.0,0.020288525030816105
0.019125162057040734,1.0,0.015579510755883793,0.03448156655482271,1.0,0.019275719677902845
0.009776798711161994,1.0,0.01038607340180016,-0.019574294364534506,-1.0,0.020204973958562984
-0.003720440113902934,-1.0,0.014080269458992057,-0.024434025337282117,-1.0,0.020194795460200983
-0.04725718823020486,-1.0,0.03210736621674355,0.00532199233794084,1.0,0.021470142360224737
-0.05819528474957292,-1.0,0.027186718811813636,0.02851411428215267,1.0,0.02377706455396015
-0.035500273039378305,-1.0,0.032692896268291985,0.058178482672163634,1.0,0.023638782325240585
0.026226485920507914,1.0,0.004547744553478125,0.11282906001557069,1.0,0.01639366846235173
0.040955764836821396,1.0,0.004206818707098688,0.13825821916488523,1.0,0.017203181147530524
0.0408109599766161,1.0,0.004265627131835142,0.19624713281616446,1.0,0.023724838484825827
0.03638710680747892,1.0,0.005506441862485909,0.2291202058883367,1.0,0.02507816927599433
-0.012111573162944977,-1.0,0.022632150308106027,0.23368172962995004,1.0,0.02510058813378887
-0.02602427216061698,-1.0,0.019489651818767096,0.22123495143464977,1.0,0.025770709455827875
-0.010034412159841133,-1.0,0.02702435897754031,0.19056390083331243,1.0,0.0283055259217241
0.05786520735784917,1.0,0.021159947958324588,0.2417614670924848,1.0,0.024315668899526906
0.07889206789554282,1.0,0.010472906088577514,0.2344412741193227,1.0,0.02505167817660303
0.06024987944742499,1.0,0.01643637527078008,0.2358019481861332,1.0,0.025076306422429227
0.051548820133159645,1.0,0.011898933523203087,0.19320849634090564,1.0,0.025293425957068773
0.10256837710462252,1.0,0.03180541426351923,0.1617650659113753,1.0,0.026752559741598934
0.14251763179327392,1.0,0.019695244555898717,0.09639994969830823,1.0,0.034196948800321425
0.1363792753018862,1.0,0.022664871951914935,0.05570104170927903,1.0,0.03393935005501779
0.06579877859510141,1.0,0.023786725793847247,0.02662051837214008,1.0,0.029766450313536093
-0.0021691982475453564,-1.0,0.022881527468768512,0.005833439897429793,1.0,0.02756016922952993
-0.0040318357004102134,-1.0,0.021924444089996702,0.08792864641361964,1.0,0.04069476359599785
-0.012817949475944057,-1.0,0.02269573619451634,0.0187157181959412,1.0,0.046656452956611534
0.03520363519297964,1.0,0.01990261458205246,0.1521943701064974,1.0,0.05542009941263227
0.009312236606270008,1.0,0.01944667960399451,0.13838351864784315,1.0,0.05537374877533192
0.006215859687595415,1.0,0.02062540197256082,0.13945340572463438,1.0,0.055334811749139866
-0.07915211904039998,-1.0,0.029576595179996102,0.11997025294642294,1.0,0.055183743410337646
-0.08595863449846697,-1.0,0.027267811595931363,0.12666141897893646,1.0,0.05505391444030383
-0.032576170434612695,-1.0,0.04964044034125317,0.16072244499049282,1.0,0.05453636786251772
0.05195112199239549,1.0,0.026138685913080002,0.25375704687321,1.0,0.04952034132935522
0.1686068800062268,1.0,0.04291172613326226,0.21094827822039164,1.0,0.05348055890181961
0.057893978418902536,1.0,0.08839198988981567,0.09370343111561341,1.0,0.05954399927505179
0.14419173196152224,1.0,0.10362377314897016,0.10326871281837224,1.0,0.05984987728422354
0.0464230365338133,1.0,0.09141124620838073,-0.07739558084127107,-1.0,0.05599188232759117
0.10791973805274913,1.0,0.06530863420722745,0.06277916187229726,1.0,0.05579837499995791
0.002979518032905193,1.0,0.009590399027631787,-0.057772947581826606,-1.0,0.04485919297184069
-0.0024098630626366857,-1.0,0.008243352683170028,-0.05753967953773542,-1.0,0.04486494494762558
0.02748489895345385,1.0,0.009458826600022787,0.036000214471073266,1.0,0.05150396544768606
0.05463467488638707,1.0,0.015600857446883965,0.03256186704542452,1.0,0.05149665194889239
-0.0016717752570117872,-1.0,0.047127697407485264,0.02510898885569912,1.0,0.05155282336209663
-0.0995951843094921,-1.0,0.05847534153670165,-0.005473467414171984,-1.0,0.05135089720849858
-0.09853721206244226,-1.0,0.059073694595041255,-0.060602615016332684,-1.0,0.05055226257257963
-0.1197369790554359,-1.0,0.06401164156543933,-0.11014357909842598,-1.0,0.05661282142269329
0.026969709175586387,1.0,0.07531762722280469,-0.04228873129446886,-1.0,0.052332438651202816
-0.01684992843867661,-1.0,0.07223131234400595,-0.09085151195460472,-1.0,0.05102931189835468
0.06627893783734895,1.0,0.041220889061199674,-0.038014399968763324,-1.0,0.04671866289218355
0.08114079065152513,1.0,0.04964279030174923,-0.1402903543139069,-1.0,0.04146338747524655
0.09331433266015632,1.0,0.045440842012166936,-0.10841684011612696,-1.0,0.04259871942777765
0.08023880533079786,1.0,0.04930275629158797,-0.1192058948616731,-1.0,0.04233148292658479
-0.0139887829317914,-1.0,0.0065890067238516745,-0.2013725272719078,-1.0,0.030965324606009263
-0.038529807175370134,-1.0,0.008499838855401495,-0.22467460038169518,-1.0,0.030382206752502368
-0.1369243432111369,-1.0,0.05085505114807697,-0.2049836530930209,-1.0,0.03166052830143601
-0.13641044818978898,-1.0,0.05103196949243757,-0.19358119666848694,-1.0,0.03203716108125146
-0.1287861090007143,-1.0,0.05292513522382739,-0.17427322361112618,-1.0,0.032189264780639236
-0.04760779992577324,-1.0,0.0063937189349597,-0.04088253322829105,-1.0,0.018683588500438466
-0.07103191384385166,-1.0,0.009565563241209381,-0.05473145244713851,-1.0,0.01955045363967827
-0.03441525660019884,-1.0,0.029525486144591488,-0.04637818172216657,-1.0,0.019308734339640324
-0.014912557055560827,-1.0,0.027881635494178367,-0.07337149649108143,-1.0,0.02294633910216739
0.02005861769352424,1.0,0.013499250819464063,-0.06438844985342962,-1.0,0.02209731728356433
-0.022943427605411904,-1.0,0.011758764347677702,-0.06434768564452631,-1.0,0.022101916443790906
-0.005538952900549954,-1.0,0.017741484808765993,-0.03050932012426555,-1.0,0.0244243512999472
-0.006197452328370545,-1.0,0.01768662339835621,-0.0155662471554191,-1.0,0.025013274032305983
0.011871569595198861,1.0,0.008958559979120732,0.009419221916491693,1.0,0.024256223886481812
0.02717677665359297,1.0,0.017706269599246587,-0.03896302585095213,-1.0,0.02581360443143034
0.002439296031559457,1.0,0.026927782372370708,0.007520495520260684,1.0,0.029655939027223275
-0.0008910671117546842,-1.0,0.02722382940300044,0.004000005333346213,1.0,0.029711258219559077
-0.08009676318856362,-1.0,0.021910430164268902,0.029821166141776767,1.0,0.032783919844698334
-0.08068891125014277,-1.0,0.021877564316150937,-0.008228668692385699,-1.0,0.03713697545669436
-0.05238476052255858,-1.0,0.036481095784987136,0.04168634116814096,1.0,0.03919881033427904
0.02794961931125506,1.0,0.029728926363029734,0.05136356598731251,1.0,0.03808683983996768
0.06888082039153476,1.0,0.007171227192453187,0.048504294695486116,1.0,0.038292760509775606
0.0508234799556061,1.0,0.013264676936205361,0.00023482446978873028,1.0,0.03875773915966489
-0.013992658627236532,-1.0,0.026373751872141273,0.027632893757784105,1.0,0.041433101282455205
0.016889290347309238,1.0,0.04074183026362065,0.022602335989488354,1.0,0.0413042079874368
0.00645235301205338,1.0,0.041387745968195555,0.014404681202548342,1.0,0.04133333379503624
0.09596096864632186,1.0,0.03349767207154242,0.04494377244103831,1.0,0.03986378206362949
-0.013309868181086926,-1.0,0.05869648784635696,-0.02793165607023973,-1.0,0.03816512902775313
0.036795268723040064,1.0,0.06467761188207918,-0.005559894229033691,-1.0,0.03849254017755341
-0.05855436334302788,-1.0,0.055837014546929756,-0.048811150748515386,-1.0,0.034636136736483955
-0.023955947862270954,-1.0,0.045197303224976615,0.0595994794553093,1.0,0.032167918294215676
-0.09383627722091081,-1.0,0.007692307519156112,0.007878247923433501,1.0,0.029891646547465588
0.004218947081726654,1.0,0.04895354129724446,0.04991272457197837,1.0,0.027001013786951168
0.042978861685536995,1.0,0.042141947787830286,0.05647199349495535,1.0,0.026360127252884304
0.06499333668836571,1.0,0.032336183807961334,0.07875953245251366,1.0,0.0247197712153986
0.0033182200560176733,1.0,0.008776474003288109,0.06664133858002019,1.0,0.02258612340137033
-0.033644701712418845,-1.0,0.012568434302730266,0.04561330240799577,1.0,0.022918336635036046
-0.013512222419528652,-1.0,0.020853491713434955,0.04179841535600903,1.0,0.023064973522776193
0.0022060454567681687,1.0,0.023002534217236453,0.13336574286295555,1.0,0.03332159093081962
0.0742212673444621,1.0,0.018768470033000924,0.15715674269698576,1.0,0.03159338723586732
0.050233410875507256,1.0,0.027471187537698026,0.12104858702202748,1.0,0.032984648424691856
0.04016951197746588,1.0,0.02892175219913861,0.21313328036586,1.0,0.042733527789894046
-0.027083433822624903,-1.0,0.011467952840184316,0.09084370443505974,1.0,0.049376782300583066
-0.022954992691830656,-1.0,0.01188809228473524,0.08610959192467182,1.0,0.049531401154913
0.020947561089768474,1.0,0.03469083172155637,0.09888319011761981,1.0,0.04954513180625412
0.03212017059857741,1.0,0.03054234354486824,0.06547031774924039,1.0,0.05220315065633099
0.028032219591861085,1.0,0.03159289808296567,0.05221517834969813,1.0,0.05255811146847226
0.07004262433895303,1.0,0.05584202209118291,0.00928511777567953,1.0,0.050914992701555896
0.07789873857657115,1.0,0.05365227178691884,0.005427988274862461,1.0,0.050999853950467224
0.06573794924648979,1.0,0.0577992604248831,-0.03369055895414741,-1.0,0.05280651820875682
0.08197358295967261,1.0,0.0670720985895304,-0.09885336482326823,-1.0,0.04548233551688306
0.007908229082536078,1.0,0.09216460130119199,-0.08863229421967989,-1.0,0.045706261750750536
0.015294415778151604,1.0,0.09134668092765125,-0.07081517614652022,-1.0,0.04554312678308121
-0.0740805782707743,-1.0,0.046502964697853415,-0.17912155406328378,-1.0,0.029772829721966213
-0.052456820508444246,-1.0,0.034769958677069786,-0.11210752920442069,-1.0,0.02272715074579441
-0.05684940626680435,-1.0,0.034563408994614304,-0.09805767517543296,-1.0,0.02289627923782822
-0.06865051125217181,-1.0,0.029054700009940843,-0.1289671090402973,-1.0,0.02180434605855385
-0.027922158875800518,-1.0,0.010698718498884699,-0.06980308015999437,-1.0,0.01725709263536902
-0.05787351771198446,-1.0,0.02546567672145363,-0.07083361124758214,-1.0,0.017321083236467746
-0.03809585825999473,-1.0,0.03489082241135927,-0.09065886567200454,-1.0,0.017352717266072293
-0.0161615439179712,-1.0,0.0368363957167984,-0.07768585090530378,-1.0,0.01734272473069636
0.02861333205411698,1.0,0.012540608287785505,0.0002182214956831796,1.0,0.015198898471449793
0.0017053937196570557,1.0,0.0067526074378120166,0.00574408557337025,1.0,0.016009263673177853
-0.015567005902204722,-1.0,0.0034255907307548933,-0.0038159893666858125,-1.0,0.01582217804221738
-0.011948083250761132,-1.0,0.0051425443058836645,-0.0027609659675429388,-1.0,0.015812908552759863
-0.023926133247787806,-1.0,0.008802371590703822,-0.02240024739314117,-1.0,0.017220539157907215
-0.010152371464017929,-1.0,0.011260610222796204,-0.06320693441990743,-1.0,0.022093732362689467
-0.02962534233895353,-1.0,0.01273606001764234,-0.0815821333780703,-1.0,0.022234374730473332
-0.03034226788387906,-1.0,0.01292028289945307,-0.13727811862613126,-1.0,0.029126753145260958
-0.03580492962110993,-1.0,0.009771207741238946,-0.13931696974448593,-1.0,0.029029270736345744
0.013178315031280863,1.0,0.024272410516720716,-0.1139213880043436,-1.0,0.029429338128608377
0.05830709298538006,1.0,0.017465281702550548,-0.07516369174191506,-1.0,0.03063903361317304
0.057708317620646765,1.0,0.017810032845833948,0.0002249971884843438,1.0,0.03858727086367346
0.02563414459089086,1.0,0.017007252956922188,-0.016500209349457173,-1.0,0.03766546986325473
-0.026438939246854365,-1.0,0.013057156058976931,-0.0641708896698332,-1.0,0.03676779915002404
-0.07495795095542634,-1.0,0.02427725209261175,-0.009818648784464923,-1.0,0.040476058898946884
-0.09076925066128849,-1.0,0.017257452973186614,0.04226714289944855,1.0,0.04312842203428782
-0.1388040044807779,-1.0,0.027588530512837703,0.09509233860969368,1.0,0.04277053257120183
-0.08626240678859642,-1.0,0.03868002153208091,0.18487476588631035,1.0,0.03948268238505994
-0.061964596965226826,-1.0,0.0444571212517166,0.20519109774361677,1.0,0.03838299072230755
0.03177215900033714,1.0,0.009970681391873246,0.2606688263301654,1.0,0.02884028309885576
0.10373703731186035,1.0,0.03551617320987431,0.2525060758051455,1.0,0.02941893321914268
0.11059949368616728,1.0,0.03300433904570798,0.259157175585469,1.0,0.02919648053159732
0.06929989505746192,1.0,0.04774501873964826,0.19277181266878296,1.0,0.03488674408282426
0.0476646716476975,1.0,0.036317165779614885,0.11885732404371463,1.0,0.029735051423219038
0.08440149683979659,1.0,0.04125702919889326,0.07374347424554939,1.0,0.03193089956528603
0.13282428903267252,1.0,0.013332844231198402,0.09281895441897325,1.0,0.031000050554367144
0.11973546371534893,1.0,0.010937929249083078,0.00021447721261835806,1.0,0.030202241921485778
0.07215470418287973,1.0,0.018860309701446212,0.01838249924600488,1.0,0.03327858337678875
0.026772483239693834,1.0,0.02864612695775523,-0.014965858495565754,-1.0,0.03215563895312368
-0.018631096869761277,-1.0,0.009862608142689022,-0.09935259244814842,-1.0,0.03153904715979192
-0.00799851912337457,-1.0,0.015340409436692208,-0.1726567277120855,-1.0,0.03590415400102245
-0.036124854661045314,-1.0,0.029776372141266088,-0.1728027929749999,-1.0,0.035904940262962176
-0.029911714449570526,-1.0,0.030670502636063312,-0.18053950851698186,-1.0,0.0357982091083269
-0.07481420765375235,-1.0,0.023293758317327343,-0.2159989626948342,-1.0,0.03463989434472938
-0.030652963192347782,-1.0,0.018042958642083953,-0.18504417218492675,-1.0,0.03361863387563745
-0.07097817518339877,-1.0,0.020574882757924174,-0.1736497175741738,-1.0,0.034272943965193224
0.029040521840252076,1.0,0.05495174824366797,-0.09799252949886372,-1.0,0.03773208859333535
0.025039476118133508,1.0,0.05536615221931633,-0.11384830080323594,-1.0,0.03771349446320778
0.02016839405458215,1.0,0.057502261451557166,-0.012082131872403812,-1.0,0.04158769847390961
-0.11888452277521067,-1.0,0.033089283226478354,-0.10879135645932525,-1.0,0.0357538513587252
-0.1310644512397403,-1.0,0.02674762769385406,-0.1126694736038294,-1.0,0.035725488489593366
-0.09981801293859471,-1.0,0.03191763267769649,-0.04734102552311592,-1.0,0.03487322434247979
-0.051340754106123265,-1.0,0.004247273614616364,0.04474575628148603,1.0,0.02855872641076108
-0.048366233870972164,-1.0,0.004747268497992922,0.027578601369286804,1.0,0.030059793112551268
-0.023021923506762465,-1.0,0.017662407248776702,0.03222031258638813,1.0,0.029872206432176515
0.04319222554221813,1.0,0.029180329953506876,0.022525588733659063,1.0,0.03070802078748967
0.04054290818934303,1.0,0.03046399066433604,0.03405389353109878,1.0,0.030357497628918425
0.09058941051837122,1.0,0.04119287650790727,0.015328681226479235,1.0,0.030314086992207025
0.01824169487979055,1.0,0.048972304401983024,0.021805966864354875,1.0,0.031200653323400763
0.026218303317540048,1.0,0.04734162890072008,0.05723541095259488,1.0,0.03100943772207673
-0.015090499596129958,-1.0,0.02449445092010439,-0.01663422026877881,-1.0,0.02538566925274055
0.03465258996560061,1.0,0.017192370087768822,0.0013380911898402958,1.0,0.024192221427270354
0.00918362373337589,1.0,0.03189296716401615,0.011633240814006407,1.0,0.024049266307265366
-0.02025667482909066,-1.0,0.027927846031008553,0.0008810573257167498,1.0,0.023430250048014065
-0.07356092165395023,-1.0,0.01392120894562625,-0.04024732314462376,-1.0,0.02293209727737375
-0.04189094170916019,-1.0,0.015345941613839209,0.0035610988000361887,1.0,0.02106230293583993
-0.039913554866671364,-1.0,0.01573491823143828,0.013180130481493357,1.0,0.020878959319893624
0.042472603672913944,1.0,0.03206519979539111,0.006706002700557323,1.0,0.02185293364039375
0.06372442561083913,1.0,0.028869127575738538,0.040328964374963805,1.0,0.023570408841342816
0.05862650902311317,1.0,0.031363565349577745,0.015097255742794746,1.0,0.025573393776671564
-0.002226180794724031,-1.0,0.017262331045726702,-0.056491524852244845,-1.0,0.020794284572936982
-0.019383866821048423,-1.0,0.00739041623291156,-0.08724938722519349,-1.0,0.01943592970294543
0.0024247779983656015,1.0,0.010022456354736921,-0.0739551902495924,-1.0,0.019543495422405854
-0.006932824368863444,-1.0,0.015116742200379726,-0.06991660023122459,-1.0,0.01951069783213004
0.0011114817194056714,1.0,0.016875875286189383,-0.06762751016858126,-1.0,0.019605175163099696
-0.007957601673314052,-1.0,0.014941689845821855,-0.12907508523414923,-1.0,0.022854409611394687
-0.026607595808769147,-1.0,0.025421197906188596,-0.10496163252529378,-1.0,0.02311120636514238
-0.005123076134232574,-1.0,0.03473510798790448,-0.10410232802191355,-1.0,0.023175975808638217
-0.037996429605369975,-1.0,0.038394162583383046,-0.10817554085182779,-1.0,0.023049110616516582
-0.020724923879888224,-1.0,0.033764241070272455,-0.07065691615757996,-1.0,0.021270553247983687
-0.06385392598931816,-1.0,0.010106553595681507,-0.11238228201502143,-1.0,0.017709625860813285
-0.03042593696927398,-1.0,0.01115102103806669,-0.12925942661272705,-1.0,0.020151847555853485
-0.015651256173703776,-1.0,0.0066449115711560095,-0.08389324875578918,-1.0,0.022302620384535166
0.0002380102355638014,1.0,0.005191206968823133,-0.04478723681009977,-1.0,0.02433315545798814
-0.052695116986191226,-1.0,0.029614062214764904,-0.05620829500362834,-1.0,0.02432622065726566
-0.04197785666293263,-1.0,0.0322835607876638,-0.08553497739885396,-1.0,0.02586423810024342
-0.035363336133926615,-1.0,0.03431853780116495,-0.08878699946520141,-1.0,0.02575048094176218
0.012941942709007392,1.0,0.006960398084726703,-0.03155478085816965,-1.0,0.021898626702335857
0.00769712055894467,1.0,0.007350614311417947,-0.02780062789876958,-1.0,0.022043828209916357
-0.013403030127340454,-1.0,0.0051406304844475595,-0.02673488398436974,-1.0,0.02210401482132711
-0.05908031536626923,-1.0,0.025557120418238113,-0.057507575854669146,-1.0,0.023908437022482378
-0.033961256478097446,-1.0,0.03676897075639006,-0.04347411906312271,-1.0,0.024487171330698013
0.0037411192156034945,1.0,0.043223788346079546,-0.03535015247739748,-1.0,0.024401171002261562
0.042625194639824726,1.0,0.02079579688890739,0.04010820363067069,1.0,0.021047577896979117
-0.017292984816768553,-1.0,0.03146849295135912,-0.010805353394397144,-1.0,0.021441047815770643
-0.043761752419537836,-1.0,0.018522351336926285,-0.03909127169300097,-1.0,0.01950084590918822
-0.028041602840732538,-1.0,0.022391898128690895,-0.03791437723922575,-1.0,0.019468123831091592
0.015756492837151748,1.0,0.0039043766617373288,0.0162689191870784,1.0,0.0175933581858881
0.026688779346905056,1.0,0.003007191087185846,0.0036344795978744404,1.0,0.017987552073718233
-0.013010852287492103,-1.0,0.025510927510786374,0.010544009219769945,1.0,0.01829323410277742
-0.007976370605408456,-1.0,0.026928618334386163,0.04436261813450182,1.0,0.021871451493452702
-0.022018298620368193,-1.0,0.02419535535572623,0.02747425555224825,1.0,0.02183381077027911
0.038535464119070606,1.0,0.014466418183419193,0.07320956676275603,1.0,0.018747197461305987
-0.0012924908093718823,-1.0,0.026467996068062848,0.07488266554301504,1.0,0.018815646833440558
0.0,0.0,0.026438506289599952,0.027825662498782044,1.0,0.024691072829896354
-0.035397386230071715,-1.0,0.01293684990050592,0.005278383500643136,1.0,0.023485720093622226
0.009781287764706992,1.0,0.014292220084834202,0.029563824855865395,1.0,0.021995382490213967
-0.0010360011286624227,-1.0,0.016939261194246765,0.011325732388789311,1.0,0.022852999326638177
0.020416783618263157,1.0,0.016238990311600063,0.011164597340060478,1.0,0.022859150085380326
0.043850191784575165,1.0,0.027123975521258333,-0.028317257703252885,-1.0,0.0228417724480539
0.050528555301278866,1.0,0.023990307885078003,0.004911474264978288,1.0,0.023621432104460802
0.04965470525549398,1.0,0.024067779808142398,-0.03886262940901464,-1.0,0.024868680714325537
0.022543676803104762,1.0,0.010902604813347634,-0.11057689760269929,-1.0,0.021206837367803183
-0.0216668916738344,-1.0,0.036330693392523004,-0.0802480338348639,-1.0,0.02345404628766928
-0.029395719143042287,-1.0,0.03451474652195744,-0.11766132933358975,-1.0,0.023229761145831106
-0.046611331496521524,-1.0,0.02924433890624418,-0.17591832375297523,-1.0,0.023555048172514165
-0.016499930109992733,-1.0,0.0120855816274108,-0.15490625220925613,-1.0,0.02144667154836725
-0.029511172390654372,-1.0,0.008681117494451305,-0.14923256880126057,-1.0,0.021917218625638956
-0.04809979479441129,-1.0,0.0063507372287542555,-0.1752147754688026,-1.0,0.022049252082102976
-0.007450259252473446,-1.0,0.021678225127902163,-0.17492639367688112,-1.0,0.02204416141194649
-0.02961044313081196,-1.0,0.027790157821750067,-0.15225901976187906,-1.0,0.023512080177807444
-0.038409448114871236,-1.0,0.029837368428488234,-0.15441421916202913,-1.0,0.023584005485937514
-0.03463095279856332,-1.0,0.0320180027695345,-0.16473598961353997,-1.0,0.022368108630119118
-0.02914399466908113,-1.0,0.030479129012030627,-0.12747076801283164,-1.0,0.02235406333413655
-0.04279774934717118,-1.0,0.03544576533197295,-0.074445041340363,-1.0,0.023567963677654628
-0.09632511004822664,-1.0,0.009355197931110162,-0.11053494062087965,-1.0,0.021366374621201636
-0.06096695861071311,-1.0,0.027220689156995832,-0.072676694283621,-1.0,0.021550706746596187
-0.045907783212348896,-1.0,0.021865438475859336,-0.03164729199319183,-1.0,0.01818325447495286
-0.03652007157761772,-1.0,0.01967756664405328,-0.012720183343514435,-1.0,0.01651701540456287
-0.03253762335127286,-1.0,0.021922055603551593,-0.04615975014304441,-1.0,0.017294185988775284
-0.027299238487637822,-1.0,0.020030800096854123,-0.002996705868605787,-1.0,0.01633533597767244
0.0027401448108677062,1.0,0.020318813280607747,0.010614201241773591,1.0,0.015380436271556936
-0.00482219138176454,-1.0,0.01826209480730347,-0.013012742251280462,-1.0,0.015068157408586426
0.04155972970679489,1.0,0.009030530445526848,0.02009200008268852,1.0,0.013764946701980573
0.019570096194096998,1.0,0.017279541882684147,0.005760209954524864,1.0,0.013471199581779886
0.025650079060129505,1.0,0.017605097998191377,0.010219505833483522,1.0,0.013707715135185884
0.0,0.0,0.011661426388174244,-0.005917177028088583,-1.0,0.011917710664031215
0.0014896472291385798,1.0,0.010992028485597884,0.03140390125219028,1.0,0.013747885996927323
-0.034450014470136514,-1.0,0.011043943815228248,0.07732087692404388,1.0,0.021136413838952563
-0.017257197087762854,-1.0,0.01968572459156564,0.08885333735569123,1.0,0.020990774927137693
-0.013185686992329693,-1.0,0.019469747210484074,0.08335779204334415,1.0,0.021440778933941706
0.0006093845404910869,1.0,0.01337991905396657,0.10794783922277729,1.0,0.01933893965452018
-0.004210532536343514,-1.0,0.010648966796232808,0.0428846916274952,1.0,0.025509049590115268
-0.0021138464763810205,-1.0,0.010348131200042045,0.07270643022843326,1.0,0.026032882596354542
0.018410056702999444,1.0,0.007929307954274312,0.0665734580816224,1.0,0.02642759726600756
0.015550552596017786,1.0,0.007267986417343507,0.053400776727115185,1.0,0.026471999156310065
0.045213787491762414,1.0,0.010140527028881354,0.03970892062790288,1.0,0.027110537201870216
0.09275145015068986,1.0,0.025577293024119842,0.002985968178562004,1.0,0.02823449396725975
0.09477051438377981,1.0,0.024673281738574478,-0.012541221405308223,-1.0,0.02821551026836411
0.05344353802029245,1.0,0.037181360489832775,-0.0506699998759268,-1.0,0.026931483507300267
-0.0038230521714031074,-1.0,0.012394166207346976,-0.1099438506910626,-1.0,0.018536845022887313
-0.06322584281595889,-1.0,0.025964019261330788,-0.1384402790450332,-1.0,0.017698187354875106
-0.02383704880724058,-1.0,0.03798824562546482,-0.14696393067786717,-1.0,0.018004302915743443
-0.040764996600663794,-1.0,0.037223449993928286,-0.14869364036420007,-1.0,0.01789436480304058
0.006305552563276473,1.0,0.02066933047652656,-0.061973288190017684,-1.0,0.018963528139239665
-0.035111356076911404,-1.0,0.007923862366622505,-0.10178269430994225,-1.0,0.016597351036094207
-0.04517743320006096,-1.0,0.011752763953679241,-0.08501849376777737,-1.0,0.016627856515733543
-0.05039144553640562,-1.0,0.00905875942831424,-0.09180205476272296,-1.0,0.01657556926517567
-0.04516513301206726,-1.0,0.009571831267506246,-0.09950256978084604,-1.0,0.01709900518775088
-0.020178368718934747,-1.0,0.005364375735007927,-0.08587362798432951,-1.0,0.01625498824127879
-0.031128543255945162,-1.0,0.008961522051928775,-0.07064688284065035,-1.0,0.01678727781263108
-0.04285039278164793,-1.0,0.011793839890096981,-0.07378069347300653,-1.0,0.016906212252530205
-0.042572841844540577,-1.0,0.01195121437337269,-0.04416140452967854,-1.0,0.01967553685925956
0.013241148039056627,1.0,0.030459155654387737,-0.0353349062912105,-1.0,0.019221419576299675
0.021344187560684347,1.0,0.02694150120909395,-0.05410247287863412,-1.0,0.021632195037199403
0.02291014999575891,1.0,0.026730629532083612,-0.06967337508585625,-1.0,0.02184466090404278
-0.023523214009428806,-1.0,0.008123044713587034,-0.10437531063852368,-1.0,0.017519793999264635
-0.0328312315478152,-1.0,0.012745806652207332,-0.07110245978944496,-1.0,0.018985609630743614
-0.0460325674166131,-1.0,0.00798634146304647,-0.07136703637507069,-1.0,0.018977075068219017
-0.029236273614333008,-1.0,0.016077062430076665,-0.048774505037417315,-1.0,0.019714970704438894
-0.01944325670422775,-1.0,0.012116993563868753,-0.044626827491188736,-1.0,0.019358979780317018
0.02153385473571623,1.0,0.02166362468307228,-0.07241000930070962,-1.0,0.021961142104667774
0.004183433293494687,1.0,0.023770397523377958,-0.15452697334063537,-1.0,0.02903414994664425
-0.02317217218727552,-1.0,0.03539067036789748,-0.1399092045265975,-1.0,0.02926025538033263
-0.06808481240071829,-1.0,0.016990158312181168,-0.1633609560245799,-1.0,0.027016204218983143
-0.05579925630825655,-1.0,0.02227327028143042,-0.16134843341367566,-1.0,0.02704754091274175
0.004344200649873509,1.0,0.017206779682951093,-0.15080731328928376,-1.0,0.02619453890261262
0.021216488706544467,1.0,0.009649172076069204,-0.18860401395030002,-1.0,0.02881329997594034
0.03207759159167756,1.0,0.009025675159609605,-0.14833851438100853,-1.0,0.033133090650022165
-0.006355599249558974,-1.0,0.01692473564606942,-0.1594442034578225,-1.0,0.03234856674972238
-0.04707554034225203,-1.0,0.02693952561081907,-0.15620766456922675,-1.0,0.032488673564620235
-0.13498874191755106,-1.0,0.027539360718971433,-0.17335171238617808,-1.0,0.03159363616986713
-0.11472563373963651,-1.0,0.0373691206775731,-0.1688555843641344,-1.0,0.031545000668599395
-0.06941709198815404,-1.0,0.0447064585045571,-0.08602751541257514,-1.0,0.03428578499212382
-0.0026380267795456103,-1.0,0.006618239898550808,0.05811977151811942,1.0,0.033732511100370274
-0.034070280949961784,-1.0,0.018587368220155356,0.05491863060206903,1.0,0.03378690841252926
-0.09332787032643841,-1.0,0.02305621050242299,0.06556756842422562,1.0,0.03394582857123267
-0.04278933727558942,-1.0,0.05055959187409524,0.07170616829776955,1.0,0.03377204940668574
-0.004292689518665238,-1.0,0.04888062217887793,0.09608869288373856,1.0,0.03200403112398866
0.05361283808761774,1.0,0.02151330910448935,0.14405941954426904,1.0,0.025984192444373173
0.007064393586508011,1.0,0.005645372681624387,0.10885970340722118,1.0,0.02413159065860949
-0.015766980155870858,-1.0,0.009904589923091733,0.10144201534609665,1.0,0.024282214873525727
0.023104608814399574,1.0,0.030948140033181155,0.10458109239155577,1.0,0.024245619562292896
0.09648274198674645,1.0,0.04360087790930419,0.09541683319867023,1.0,0.02481680229631128
0.10904858122656691,1.0,0.03676160741931854,0.07719644949715487,1.0,0.02687216149461544
0.08217799184864671,1.0,0.03767547275441074,0.037726229277812884,1.0,0.024313263894615064
0.010948370000104513,1.0,0.010637537200248742,-0.03505327264546243,-1.0,0.01244204321086587
0.007099781331707744,1.0,0.01201913231040018,-0.014714064137179017,-1.0,0.013720148564042809
-0.01483601920639499,-1.0,0.0028096820554690937,-0.030979867577751286,-1.0,0.01263442943268035
-0.005635802166137793,-1.0,0.008090958453133085,-0.05449661524583971,-1.0,0.014218978876319899
0.0010606329436928519,1.0,0.006766305802435594,-0.06051408671590108,-1.0,0.01442016649077632
0.014134510934904476,1.0,0.004390875271574438,-0.0332881676167025,-1.0,0.016273216932572044
-0.006378476622042939,-1.0,0.01017141933258996,-0.042206444717085345,-1.0,0.015964790394459392
-0.04001254600481263,-1.0,0.02051615627025336,-0.02577093228403604,-1.0,0.016936341664146263
-0.043750254299343316,-1.0,0.018692130679152926,-0.04558478058893645,-1.0,0.01692479684689368
-0.03398736385738621,-1.0,0.019898924062198307,-0.04099975649743626,-1.0,0.01674735278427949
0.01713806759223302,1.0,0.010431906110917145,0.005135741295597462,1.0,0.014191969615006036
0.013471894993082545,1.0,0.0110514027927915,-0.017378880727393353,-1.0,0.015227567504625207
-0.008494972600272765,-1.0,0.02131237947618605,0.006963561215923564,1.0,0.016523994824518492
-0.03870024124701432,-1.0,0.012455762711378748,-0.02934913514152071,-1.0,0.01654107679337228
-0.017144319245346207,-1.0,0.024089634541815567,-0.03909052271341529,-1.0,0.01666804483053821
0.0066543683626165695,1.0,0.01742641530965915,-0.016078117894458233,-1.0,0.015160700688899577
0.035803787375557894,1.0,0.011889120407122334,0.016030166185165395,1.0,0.015725644089882203
0.0018378979626705316,1.0,0.014539492311237712,0.003672424252263662,1.0,0.014676606254136281
-0.005171788402393851,-1.0,0.01556898561008548,0.009899255907971583,1.0,0.014718017245307235
-0.009105872425179129,-1.0,0.013322966581467954,0.0018112665701692787,1.0,0.01412921919764602
-0.015544354437800223,-1.0,0.01593757465971547,0.048737699648552235,1.0,0.016519277187888946
0.01397595385597361,1.0,0.021143389850436893,0.05231129456801065,1.0,0.016303385945087276
-0.017346808844885153,-1.0,0.023226926923237166,0.03558326888554242,1.0,0.016292016410388434
-0.00823974699293939,-1.0,0.021091437141006027,0.10068717319586651,1.0,0.01887190418611138
-0.03153665171065456,-1.0,0.008465217838511282,0.10265415406008338,1.0,0.01899984907873412
0.006679060079671784,1.0,0.015080889669539355,0.10420571659488842,1.0,0.018798202657798906
0.025618627720332743,1.0,0.010653166365881149,0.10215870484266709,1.0,0.018992465746382053
0.032631742165046385,1.0,0.007358863356305039,0.09726146673192959,1.0,0.019295181541900533
0.021584887760561777,1.0,0.002155418825479309,0.06201592638869324,1.0,0.020143088327443836
0.046903173358959105,1.0,0.01612081500076089,0.06972574070260418,1.0,0.0203921556775253
0.03724025025764521,1.0,0.01990327458700763,0.0605173130137906,1.0,0.020607643350633986
0.02466612989019401,1.0,0.022459086738363977,0.03450457889048186,1.0,0.02161263321485978
0.03640511910951405,1.0,0.02923645570710683,-0.019424944167831137,-1.0,0.020069010237557163
0.06431881334804634,1.0,0.025273252860544344,-0.024552024933735872,-1.0,0.02019957355442932
0.05127563886446085,1.0,0.03216865357068992,-0.016376300473859295,-1.0,0.02024416860294973
-0.006768215346138806,-1.0,0.02204709026870359,-0.06730795112203203,-1.0,0.013724701877249688
-0.03692933903880835,-1.0,0.00523522456741732,-0.07990538464836883,-1.0,0.011664205434879128
-0.03551073012652339,-1.0,0.0045322089204714415,-0.07268973336827744,-1.0,0.011225330494583262
-0.0068143364197301715,-1.0,0.01691303554515599,-0.041246532841214156,-1.0,0.01317448337886568
-0.00411241155309261,-1.0,0.016591738739366684,-0.029148489714417414,-1.0,0.013326037734277233
-0.005926459737649603,-1.0,0.01741527146337439,0.005200219727107491,1.0,0.013779414468616582
-0.04224751151147621,-1.0,0.008384331847645457,0.02130978658675109,1.0,0.016083969605191588
-0.047829087689881256,-1.0,0.005190511785345535,0.01803690211524933,1.0,0.016226340012876293
-0.026214749474147148,-1.0,0.01173916118431246,0.041772591510785606,1.0,0.015033154973898953
-0.01147788784468684,-1.0,0.006896203051968728,0.08015243500123748,1.0,0.013655215302996316
0.00896545363341339,1.0,0.007740495717943345,0.07091225787275479,1.0,0.014888324739124048
-0.005037794029957299,-1.0,0.01080620541683404,0.051759804363175954,1.0,0.016133398543023685
0.019293202934679066,1.0,0.015244349087698764,0.08137382267873527,1.0,0.01682317573434005
0.013827555895143062,1.0,0.014853101833730668,0.0699682376239168,1.0,0.016921581465902617
0.04237922296886154,1.0,0.007974849680888933,0.06798225998102803,1.0,0.01710356570144279
0.055741983008235074,1.0,0.013862250594105716,0.025503565677182483,1.0,0.01837518222077465
0.043072980276574135,1.0,0.02045615739684137,0.03290340110694512,1.0,0.018601069892327588
0.03064591204602851,1.0,0.02056393638176909,-0.011826224788842765,-1.0,0.019684166557434175
0.016595136903010177,1.0,0.01316719106200501,-0.0735932246260127,-1.0,0.018099462155018585
0.0050462680676242044,1.0,0.01926031028120532,-0.05404848432758236,-1.0,0.018808442935185524
-0.0162275366217568,-1.0,0.020880038179227026,-0.04457371379049735,-1.0,0.01946397751542372
-0.010256500167189042,-1.0,0.0243156550156863,-0.06951026290509255,-1.0,0.01815131356478895
0.008021433384575394,1.0,0.020316837800859393,-0.05270722180585974,-1.0,0.017658001902813986
0.011184661587894773,1.0,0.01893257033154511,-0.04853457311372744,-1.0,0.017458120235496824
-0.036577054066873727,-1.0,0.011095026787248788,-0.08679977196473243,-1.0,0.015089108572864393
-0.023237280621828615,-1.0,0.01821384033432273,-0.06604875995346982,-1.0,0.01694371717671081
-0.03742926180100925,-1.0,0.021560160814252778,-0.060793156408558646,-1.0,0.016816900294616046
-0.04335480729496011,-1.0,0.023237935583338237,-0.04479676861186155,-1.0,0.015856631744802886
-0.04387890515795334,-1.0,0.022935800570522132,-0.05858241552463661,-1.0,0.0150658196866286
-0.002101576955626072,-1.0,0.02466200695191244,-0.018005782127930026,-1.0,0.014285134252112874
0.02067809862393033,1.0,0.011575990884499354,0.016789106626794004,1.0,0.011414095004207293
0.006387530589346824,1.0,0.011476006953034766,0.011327554749944513,1.0,0.011064433764986586
-0.020188395944986892,-1.0,0.004468774144571604,0.018412887751825036,1.0,0.012039935886370822
-0.027546009226828927,-1.0,0.005923315899702341,0.02577641840278444,1.0,0.011787605507741952
-0.005320104763034683,-1.0,0.0186778358492451,0.01335227145524942,1.0,0.012737727099714253
-0.0010739217069364315,-1.0,0.017721828130859034,0.028915977962348238,1.0,0.012127358557596819
0.005425949285997156,1.0,0.015540147428231278,0.0478051722548587,1.0,0.011023481614350497
-0.01577093619299541,-1.0,0.0033021983872606963,0.012018525719242001,1.0,0.011208779856387381
0.00535811247961937,1.0,0.010953401939763095,0.007493344607593544,1.0,0.011577560351426899
0.018231067943695445,1.0,0.0077251591326730025,0.021767139520722623,1.0,0.011434174200116767
0.026031065116627783,1.0,0.004614517707182824,0.022504968374339462,1.0,0.011417033168978491
0.03431709292412899,1.0,0.00939221925050111,-0.0007127584050858893,-1.0,0.011141124712965163
0.029665410399920766,1.0,0.01105430980128193,0.009167906244418988,1.0,0.011940600670278285
0.008412247294651731,1.0,0.018650484244348484,0.004565416182593651,1.0,0.011817941546049699
-0.00968530573446369,-1.0,0.01022726801040397,-0.003793762094582487,-1.0,0.010592771661527037
-0.00551725537475467,-1.0,0.01132017256097254,0.01060382776550739,1.0,0.011533021016287802
-0.006653850499042102,-1.0,0.011975755653456632,0.0329586989527515,1.0,0.01051256083621151
-0.022496555061691126,-1.0,0.01121275432614703,0.03046615914632933,1.0,0.01050629169322668
-0.020612083448138918,-1.0,0.012281719895767125,0.04065600564112892,1.0,0.011133985678103914
-0.00528449353789795,-1.0,0.0094182758397939,0.07184660783920993,1.0,0.009741424858217813
-0.002847990533060063,-1.0,0.00815829649579622,0.10358147231367121,1.0,0.008773787477225604
0.005631834667391811,1.0,0.012595794734314006,0.09425067061109171,1.0,0.009319835552677718
0.008091512924881972,1.0,0.012422405401137357,0.09688243149590359,1.0,0.009129092452162204
0.03123608923463239,1.0,0.007543589389566642,0.11313768158184989,1.0,0.007364074900629898
0.031101331921009168,1.0,0.0074978302712918965,0.0966175987950697,1.0,0.007651197600773293
0.03680553006480958,1.0,0.004234320227714105,0.12097035129441713,1.0,0.00894852364067459
0.024574615506448128,1.0,0.006900612440235426,0.13279684509435752,1.0,0.009999134658529729
0.024534922500866863,1.0,0.006879801631799663,0.13208427596423666,1.0,0.009972948365721499
0.03223405838741633,1.0,0.007844884844079686,0.11081672804199072,1.0,0.012283193712589064
0.05061875810565075,1.0,0.0027728476508460144,0.09328520442455379,1.0,0.014161491584572488
0.03298258152182387,1.0,0.011726840390127585,0.11645413180632946,1.0,0.016654279215665944
0.019751330118795707,1.0,0.011865819272504914,0.059662361585528956,1.0,0.022132359892803728
0.006708218735118621,1.0,0.004645237511991325,0.03681397312271639,1.0,0.0216936876899072
0.0079987628513698,1.0,0.004043382782984716,0.03099552364790581,1.0,0.021887414190270862
0.03217943272339552,1.0,0.013904665560640976,0.03373054207735082,1.0,0.021894185166305428
0.05089525274714002,1.0,0.015520791752384303,0.018609589249171332,1.0,0.0220638349312756
0.06656800909017613,1.0,0.006473593930053285,0.03783474554458355,1.0,0.022557757144224925
0.026651906812383164,1.0,0.020412232990979433,-0.008104782519563702,-1.0,0.02220363866672526
-0.0149370251633556,-1.0,0.017087712410758737,-0.042020392594865896,-1.0,0.020638290146832824
0.008904778342959663,1.0,0.03083926081607295,-0.05390159528649274,-1.0,0.019958602566585493
-0.018920308069045433,-1.0,0.04093887931059197,-0.03444374925741678,-1.0,0.01992312798319108
-0.005852473196186647,-1.0,0.04010335838603759,-0.0024600258408624676,-1.0,0.02016756760835843
-0.05247602663659978,-1.0,0.02107493616785464,-0.04286801843049237,-1.0,0.016062454297685814
-0.006180489389382426,-1.0,0.0063927338088562964,-0.006490518844663562,-1.0,0.010794886169333428
-0.01149616513842644,-1.0,0.007354837310496482,0.019275493528327248,1.0,0.012703552778968681
0.014837984748047539,1.0,0.013183197629093039,0.03308111763046062,1.0,0.012368842224613152
-0.009655891873519007,-1.0,0.01951336274018155,0.012016783025377453,1.0,0.013515636572998504
-0.00973472909689721,-1.0,0.019523258270674585,-0.00564087989008577,-1.0,0.015422384529428002
-0.025168331740900163,-1.0,0.01133622821555046,-0.0423061678779848,-1.0,0.014998405408594994
0.0003129400745300881,1.0,0.007303252285320977,-0.018320158620956928,-1.0,0.014204802037703053
0.02462334159064783,1.0,0.007011395799097531,-0.04452348263311756,-1.0,0.01704844346189854
0.019938355198960034,1.0,0.009035641347952662,0.018394906829583002,1.0,0.02637101757561942
0.009032922343707783,1.0,0.011496564190698404,-0.024387590278361904,-1.0,0.028564831359008266
0.015883046173003068,1.0,0.01541893938061736,-0.02147274037076574,-1.0,0.02874522780283974
0.02347310942435321,1.0,0.014238267125212024,0.0012330457789151428,1.0,0.02947888708907285
0.012326812480658589,1.0,0.019747295202738553,0.023292502623319944,1.0,0.0298002947467539
-0.03641253855683946,-1.0,0.016173121600228938,-0.015267472130788384,-1.0,0.029400589799831307
-0.060549300760397884,-1.0,0.004922735800210993,-0.003622098738181867,-1.0,0.029842010083498707
-0.03999283351985339,-1.0,0.01558137096818909,0.0018359858278522712,1.0,0.029615011518483676
-0.048617331839929,-1.0,0.0193566472563439,0.02452396689158709,1.0,0.028514782742768693
0.03553274296666764,1.0,0.050505539324436195,0.06505855235116242,1.0,0.028273261752587733
-0.005754491582874888,-1.0,0.05862238703026263,0.04274554974040212,1.0,0.029086321677881704
0.04767408385299965,1.0,0.05151732754502358,0.05488301649885674,1.0,0.027831133214710802
0.0027764941482921746,1.0,0.03297327720054458,0.012586505377530477,1.0,0.02128750289115524
0.05671301524538963,1.0,0.0020315539506334463,0.053679032335536725,1.0,0.01756677958097156
0.022088314412980425,1.0,0.019963969232389175,0.032190956590789854,1.0,0.017032411807261113
0.0186179649072562,1.0,0.01886121837844892,-0.020227856325392368,-1.0,0.01859752450956877
-0.009129704314809084,-1.0,0.01784308727730293,-0.02639809518147307,-1.0,0.01811905074722038
0.0033789004655360166,1.0,0.014623021648697035,0.01132029834043613,1.0,0.01884574830074279
0.008131350328946407,1.0,0.017281112337675705,0.003622098738181867,1.0,0.018359897151683097
0.0009167303926964632,1.0,0.020359541212466,0.010038107102484872,1.0,0.018094073203412112
-0.01825828223265935,-1.0,0.024528387085298482,-0.019195635839801106,-1.0,0.020477641390813702
-0.016939304006964306,-1.0,0.02528734486541727,-0.05423386849515177,-1.0,0.01924608860470572
0.005178991012259715,1.0,0.022928962419844556,-0.025991562152190006,-1.0,0.01915295809907333
0.024982023944932763,1.0,0.013487528364289826,0.00870652266004246,1.0,0.018453818365273596
-0.03003786755463067,-1.0,0.01893400192768946,-0.026272566588992907,-1.0,0.017260677790213324
-0.023364112271620163,-1.0,0.02160044472270024,-0.051117391485498764,-1.0,0.01793322678173831
0.0012176561626267013,1.0,0.02827748533619316,-0.054778206014054476,-1.0,0.017930478571216192
0.04246791997083044,1.0,0.006937302340649703,0.004078437025813564,1.0,0.017924147061703057
0.027306497969148857,1.0,0.013348459966915228,0.00403539271811959,1.0,0.017921904352732373
-0.02713703371470122,-1.0,0.021353132103468855,-0.024639373971064416,-1.0,0.01661317953031463
-0.04972461690438723,-1.0,0.014243197330022515,-0.026562392078988584,-1.0,0.01649850295994282
-0.035112938861978416,-1.0,0.02121405736300022,-0.002727687704261017,-1.0,0.0175927397291426
0.009643876267184215,1.0,0.014005720497160508,0.0638740303280445,1.0,0.01705361361152483
0.011021997899194558,1.0,0.013213109714252366,0.05692969160451122,1.0,0.017828399944744316
-0.019946838321049043,-1.0,0.017199637202998583,0.0669845866397556,1.0,0.01833126830018433
-0.03850270472916417,-1.0,0.007482995068200497,0.08256393727537126,1.0,0.019384213921325808
0.0003131360601758004,1.0,0.024681653557753407,0.08578398243716001,1.0,0.019126902095900455
0.03178867193199819,1.0,0.016694632900250552,0.0962691058806826,1.0,0.01793190955849884
0.03135648820561676,1.0,0.01691113689167866,0.09595347349006644,1.0,0.01795471605913368
0.01182709086602829,1.0,0.009175838780594301,0.07854840742681257,1.0,0.016927649796817445
0.02054341754676825,1.0,0.012940341780239504,0.07459466552438898,1.0,0.016880214478390613
0.0613763705844077,1.0,0.013308015060535508,0.05549400068134114,1.0,0.018963102979650683
0.033767466779112576,1.0,0.027957873330945283,0.028067736334352666,1.0,0.02016484843740007
0.034599335482038196,1.0,0.02808147488033635,0.027538405881164074,1.0,0.02012490041972498
0.028333783214510966,1.0,0.025670400320209622,0.03260060806367493,1.0,0.02089522148027804
0.039876288731843346,1.0,0.019113323896432145,0.01866997480253496,1.0,0.022581499070238802
0.009337680919877966,1.0,0.02161382314192595,0.043597383187190086,1.0,0.025414947397628534
-0.025113168514468986,-1.0,0.001996634026289992,0.0034149151000690825,1.0,0.024538818255367436
-0.006922438950171639,-1.0,0.010749816596645288,-0.0014382283508918015,-1.0,0.024732414622615075
0.010114231575704569,1.0,0.008626075075227757,-0.009044554726954201,-1.0,0.025114401648976305
-0.009102984603108544,-1.0,0.019633809284250722,0.05127867867127045,1.0,0.029528525008928348
-0.038653580226431616,-1.0,0.017165586681769075,-0.010474346562469039,-1.0,0.033565771219766886
-0.026512842096456657,-1.0,0.02409918743261649,-0.013605652055778572,-1.0,0.03351423089338055
0.038482977966741494,1.0,0.02996082427306768,0.014641549992947978,1.0,0.03261747489294467
0.02436970524729487,1.0,0.03771694247056113,-0.01944168161458526,-1.0,0.03591802943375428
0.05065831278806421,1.0,0.04396555202303516,-0.027538405881164074,-1.0,0.035574464988325956
-0.0008519097490948813,-1.0,0.040734995843383325,-0.04975571673926393,-1.0,0.033739853386065444
0.019768085578416583,1.0,0.033324122683661854,0.027795651623163664,1.0,0.034954255710915684
-0.04330425699426632,-1.0,0.0031356865037891197,-0.03571297966304132,-1.0,0.03262361111652265
0.02275059505673238,1.0,0.0401957863686822,-0.02211780525361884,-1.0,0.03251224199897477
-0.015958557161748876,-1.0,0.05401770194915342,-0.014789308270864776,-1.0,0.03234887689946141
0.005553134246880198,1.0,0.05290757574813073,0.02088242936082363,1.0,0.03230613839368686
-0.045740113281431016,-1.0,0.031714132512087316,-0.05949709886464505,-1.0,0.028628931207192006
-0.04762091527854784,-1.0,0.03279991208936829,0.02026705154747277,1.0,0.025875863000707666
-0.04044559592184216,-1.0,0.03510034508164369,0.04780426522058079,1.0,0.027236698357597688
-0.025914288765470417,-1.0,0.039196905758431794,0.024408964878924966,1.0,0.02816471844992853
0.0716070384850438,1.0,0.01754193054843606,0.08409301227339983,1.0,0.02201847489577412
0.04248373900618696,1.0,0.03121824803897182,0.05778206016842846,1.0,0.022911561761396734
0.026786001736550213,1.0,0.031777131158701684,0.03430918536777594,1.0,0.022764170585799992
-0.022816874315611857,-1.0,0.01006749373676934,-0.006014625034358234,-1.0,0.01880728932899821
0.01329115202959863,1.0,0.012024425567286893,-0.014650130170849707,-1.0,0.019700273823716776
-0.014628698554293829,-1.0,0.022080455934405177,-0.007580211223231936,-1.0,0.01989229810465278
0.01909780265658867,1.0,0.028890813095099097,0.00640654491757342,1.0,0.01996990305953136
0.03247497010663736,1.0,0.032333584936236996,-0.01329115202959863,-1.0,0.019229705404625874
0.038165950462139,1.0,0.02905221013220298,-0.002360579437854504,-1.0,0.01814773202265188
0.016205045447379218,1.0,0.025912420378973646,-0.021144886278313457,-1.0,0.01621056870030998
-0.030467800973994486,-1.0,0.014174553966341938,-0.04984657081739807,-1.0,0.012658975985118386
-0.016014068276619442,-1.0,0.010819476022093181,-0.013135540094427078,-1.0,0.012712690546257698
-0.018500598822714265,-1.0,0.009543554184542787,-0.026287227927529466,-1.0,0.012617671722401951
-0.02994845133309121,-1.0,0.015592276593737747,-0.024649645882402593,-1.0,0.012467038442315873
-0.015103394854457663,-1.0,0.019259407304769056,-0.0682930381833744,-1.0,0.018655319063596767
-0.010395704363680203,-1.0,0.020451643246962452,-0.10150571867689817,-1.0,0.019614404750253753
0.014650130170849707,1.0,0.00599335954604912,-0.09142164606463243,-1.0,0.018948822484182785
-0.009409066768916396,-1.0,0.011886864208895424,-0.10383337614767174,-1.0,0.0183158104616977
-0.008453628539298208,-1.0,0.012344864840920816,-0.0769029876688685,-1.0,0.021868545991473125
-0.0040804486811620855,-1.0,0.012735722636073879,-0.056234910619011425,-1.0,0.023027585850717774
0.027390989805566424,1.0,0.006798138519242833,-0.08569627595332818,-1.0,0.025704448192596825
0.01106270379816321,1.0,0.011632437875963178,-0.05351442067088019,-1.0,0.02901986563275184
-0.005270876038999006,-1.0,0.015692870500707373,-0.05801777143713438,-1.0,0.028952994428868256
-0.07117156636556676,-1.0,0.02297735186871135,-0.11180067825430506,-1.0,0.029601008355818203
-0.09371908957208297,-1.0,0.01803105575957944,-0.08296629779582099,-1.0,0.030927972953340186
-0.09672045151532105,-1.0,0.016624148461539538,-0.05553629748571387,-1.0,0.03136761609746317
-0.050643732818755005,-1.0,0.012935833118480424,0.03159436541821692,1.0,0.029972383836470412
0.014207026644349474,1.0,0.027093333041162855,0.04385712946267262,1.0,0.028959513233011568
0.049836865616470716,1.0,0.0195684177916305,0.061765436481744596,1.0,0.02825136778662329
0.008728033425427162,1.0,0.04229657037787874,0.08701137698962991,1.0,0.02845659349599926
0.014934938458690095,1.0,0.04473915757427325,0.03722934176835602,1.0,0.027646114681731768
-0.005863309499285041,-1.0,0.043148177683649494,0.006134988567515931,1.0,0.027514920266010826
0.0012865875045895425,1.0,0.03963651179950062,0.01659789140903789,1.0,0.02606953013660126
-0.018389173326777586,-1.0,0.029932631974790673,-0.03264571132161431,-1.0,0.022898105715709858
-0.0027894020875784964,-1.0,0.03223262081703506,-0.09404202727050315,-1.0,0.028848550004525877
0.07222347730695522,1.0,0.012053434166859995,-0.05483540081194982,-1.0,0.027320419866673135
0.033104337686410634,1.0,0.027410014209740055,-0.10924768764810677,-1.0,0.027092583604182752
0.020581282452137417,1.0,0.027812207210650097,-0.11534188361585573,-1.0,0.02668573340826224
0.004773278752657983,1.0,0.019435926711408095,-0.1338732145386352,-1.0,0.02414824657714324
0.007579238950032874,1.0,0.01807816913489807,-0.11945820546866459,-1.0,0.024162693843182443
-0.005793582297757949,-1.0,0.02019932957741349,-0.138364318108521,-1.0,0.024005543574531173
-0.061685452155164855,-1.0,0.012151947933769678,-0.1534564763977826,-1.0,0.022472255065068152
-0.054940114631280235,-1.0,0.014228103497923498,-0.14747813531647314,-1.0,0.022492498179675573
-0.10604032533730412,-1.0,0.027816450262343268,-0.1540997127265109,-1.0,0.02257811842889718
-0.07014670471639817,-1.0,0.035105019468406634,-0.1339384758786688,-1.0,0.021543571254866868
-0.09499114965327005,-1.0,0.03247446785402499,-0.12418510617840584,-1.0,0.02185763395844587
-0.024089258432931082,-1.0,0.021650464821835264,-0.05486091709968477,-1.0,0.01440629471710178
-0.0068143364197301715,-1.0,0.027026091673556112,-0.04870527812889036,-1.0,0.0147423502560653
0.022893819865852816,1.0,0.010860774552871376,-0.005982773432179567,-1.0,0.012093921721054574
-0.002441152040527861,-1.0,0.018418843130183615,-0.01579811687659105,-1.0,0.011844833547858268
-0.0148099831064894,-1.0,0.012235328433464147,-0.032311304852346456,-1.0,0.01015501145010423
-0.02044069089777567,-1.0,0.012240368457628544,-0.03099673543495851,-1.0,0.010157523101456
-0.021528976915747844,-1.0,0.012743172604135548,-0.01194253744325291,-1.0,0.00894663830964843
-0.04216745163605107,-1.0,0.005192020157921478,-0.0013888891121542901,-1.0,0.010161479213418862
-0.031647085493212934,-1.0,0.010957406179199122,0.009752776711426714,1.0,0.009807430447731158
-0.006801529710477983,-1.0,0.010669078925726397,0.019081851065984923,1.0,0.008348247102125707
0.015086493033380277,1.0,0.0029235140601939925,0.04424717508930054,1.0,0.007030435866067661
0.023211183092956222,1.0,0.002093357058488103,0.04209286292537495,1.0,0.007109844003943507
0.014973541790162637,1.0,0.006577045182407292,0.052477937248616824,1.0,0.007987306631038272
0.009579636856813734,1.0,0.006272435666531476,0.02881436170613849,1.0,0.00984601523238842
-0.0021201421369261286,-1.0,0.0024741504890064565,0.0028198820236715605,1.0,0.01084700907242773
0.0014144273928102802,1.0,0.002009836714478147,0.03409025762519624,1.0,0.013555157938800582
0.016112432633702767,1.0,0.01001464018127375,-0.008866878451727844,-1.0,0.018524086865677154
0.020308821248609554,1.0,0.008729803810668419,-0.009596661530294925,-1.0,0.018528966634219997
0.009495411593489989,1.0,0.013301111235781924,0.00598909664075431,1.0,0.01920514040465042
0.0034686125654037614,1.0,0.010331434094762856,-0.036805286572536344,-1.0,0.019861258653100726
0.0006930007207353039,1.0,0.010284597283552573,0.0017316021642779234,1.0,0.023595315219180492
0.02659455647215392,1.0,0.008414736047118818,-0.011263758650231992,-1.0,0.024376154877617896
-0.0003463203497817702,-1.0,0.016150016834172595,-0.0003463203497817702,-1.0,0.025048250653126415
-0.01606179780874717,-1.0,0.01862194531815068,-0.0006930007207353039,-1.0,0.025048850009525458
-0.0034141378332579464,-1.0,0.025924060904776197,-0.020661892063956966,-1.0,0.024532293782460107
-0.028101603301052602,-1.0,0.035295762811971686,-0.008697219546538904,-1.0,0.02413252084010633
-0.014536685690892615,-1.0,0.03487570620006321,0.014675315784214105,1.0,0.023721846685522803
-0.02668673359163165,-1.0,0.029270648239951274,0.012236726448436874,1.0,0.02347330476646118
-0.011825975487105733,-1.0,0.021347654941662075,0.0520589434905947,1.0,0.019495965656919412
0.0316370849431824,1.0,0.03388525568670294,0.05692029025268219,1.0,0.01939125134701218
-0.0077574436974963135,-1.0,0.03775163749199856,0.05467709571049162,1.0,0.019276546917736254
0.039927578788158335,1.0,0.03267725348995128,0.08264593825552446,1.0,0.01677829113371234
-0.0017316021642779234,-1.0,0.02222906302335107,0.05454061129786991,1.0,0.013160206133781915
0.017196423058428945,1.0,0.013924890357190254,0.06641728612629771,1.0,0.011225366644351227
-0.008697219546538904,-1.0,0.0019191638092685573,0.03405163855317461,1.0,0.010868322018643314
-0.0006934813037977605,-1.0,0.006534010371803152,0.08118856472668234,1.0,0.01652328991872891
0.029484480679135894,1.0,0.015425817157280442,0.08276903443640715,1.0,0.01643731558429939
0.032654559736081,1.0,0.014031594421795364,0.07373353848027153,1.0,0.01718119951846242
0.027708288777575474,1.0,0.014923785901065587,0.10369419575549732,1.0,0.019399747291686583
0.015753635670423094,1.0,0.00810386779239023,0.07389076709923037,1.0,0.01882464853495979
0.01876101927782403,1.0,0.007060133175012269,0.08271855521417493,1.0,0.018690927376295546
0.029257405988370122,1.0,0.006763695443172233,0.08097655988148045,1.0,0.01873600861464579
0.003982746718309782,1.0,0.011880157680360388,0.06376918636624129,1.0,0.018755332301353463
-0.008666720914191517,-1.0,0.013640117480333572,0.0710926678046997,1.0,0.01875660495475586
0.02491635126453451,1.0,0.03302906375176515,0.01689448889876166,1.0,0.022983552957819
0.03354817136853838,1.0,0.030825695356752277,0.01870440091869563,1.0,0.02290143809199795
0.030984680380558016,1.0,0.03175527746697661,0.035518366902586695,1.0,0.022598523709248728
0.021812149725017216,1.0,0.026555044720642927,0.019620882609361345,1.0,0.020151067678348667
0.020606213341959112,1.0,0.02677917192718869,0.022487091639404655,1.0,0.020117924797119935
0.041639576469984396,1.0,0.021025369167188297,0.04505838321876987,1.0,0.01962764059421162
0.004990652903558601,1.0,0.005701409252711774,-0.015758283856605493,-1.0,0.017968165123908565
0.005632054937434017,1.0,0.005419058342453208,-0.047880631261618234,-1.0,0.020525499214531666
0.0071351318683487985,1.0,0.00624837201447732,-0.04391415096811091,-1.0,0.02076342581825668
-0.034824664994348664,-1.0,0.026449848114527837,-0.04877460735204564,-1.0,0.02071966335344207
-0.04108203872923588,-1.0,0.02564285168286606,-0.07446805137504042,-1.0,0.021873027337311814
-0.044241021816304515,-1.0,0.024252656479116466,-0.07009747780715436,-1.0,0.022189098863365883
0.027642744975134192,1.0,0.01998010039474461,-0.019519162321532946,-1.0,0.019470864371786013
0.03733086208924741,1.0,0.01591957500788338,-0.034058507627436896,-1.0,0.020405514829657863
0.04052469669674119,1.0,0.015386921848236342,0.01538985167887108,1.0,0.026476911208395532
-0.013567016740949622,-1.0,0.01704218110214987,-0.005972043523505111,-1.0,0.025007873489871938
-0.04976150955906378,-1.0,0.023254125564870835,-0.009123863827237289,-1.0,0.025011543620944685
-0.047332957716896384,-1.0,0.024611261125058514,-0.005288548645939528,-1.0,0.02517646772030412
-0.028025670591881546,-1.0,0.024083181315385456,0.010428282211850215,1.0,0.024257281475530367
-0.020955365175988172,-1.0,0.02027896963580554,0.06560773207958537,1.0,0.021830903374364274
-0.019048194970694654,-1.0,0.021171626833873768,0.07063974713004018,1.0,0.02201077496046842
-0.00556921996383597,-1.0,0.02317883496981895,0.07457456417413177,1.0,0.021875124460483217
-0.0006724949816323544,-1.0,0.02036654927575986,0.10003543819634042,1.0,0.01928344146865449
0.04124630766972093,1.0,0.039795497435955965,0.09844007281325262,1.0,0.0192486631344743
0.04118986377316203,1.0,0.039798707451106675,0.06701983566109315,1.0,0.02113888476024739
0.062265505889447015,1.0,0.030744533905145612,0.07576437669505731,1.0,0.02016981857645375
0.019846296371930583,1.0,0.008165110131058294,-0.023174516356745167,-1.0,0.018326101655717495
0.0028333089944057033,1.0,0.010928920444064832,-0.051757993834954164,-1.0,0.018605431035335733
0.02497008634775888,1.0,0.01435197477203416,-0.05790235078840911,-1.0,0.01863627594087217
0.02859533805908332,1.0,0.015099401431831957,-0.06408115018096905,-1.0,0.018172974804644724
0.03612061137040001,1.0,0.010780913551509345,-0.04995399740084294,-1.0,0.018452557705995302
0.01347234094076688,1.0,0.010757889454019934,-0.07852823648629448,-1.0,0.016882599944768054
0.008752130712517792,1.0,0.008062197271266221,-0.13895899110751753,-1.0,0.018240619890335662
-0.013123948476874592,-1.0,0.01717477421927246,-0.1355259299895526,-1.0,0.018459177644293983
-0.024943556482915463,-1.0,0.01804791115183417,-0.10678082633587183,-1.0,0.021277985081955157
-0.08036828150027686,-1.0,0.014787345274375753,-0.12566406967890242,-1.0,0.020258344647544935
-0.07758796572288529,-1.0,0.015299021363978451,-0.09297803194479237,-1.0,0.020732988147953556
-0.0714012215940194,-1.0,0.017745754967769967,-0.09135791300126894,-1.0,0.020687718389714886
-0.0210603374522933,-1.0,0.013280619222066468,-0.03952033472045913,-1.0,0.0177553537324795
0.004637305428516925,1.0,0.008853887615087661,-0.01775293651957477,-1.0,0.01705861653735814
0.004344200649873509,1.0,0.009022978399171225,-0.006046373811864347,-1.0,0.016944397433076835
-0.04628250286746516,-1.0,0.025578839897833258,-0.00969096974457484,-1.0,0.01682978390537903
-0.04945132121830964,-1.0,0.024264743287725217,-0.004305355217999907,-1.0,0.017106057309753727
-0.014780248908810467,-1.0,0.03535866705354716,0.02632596917549135,1.0,0.017969108472437052
0.022047052141132895,1.0,0.016655510051613413,0.07059381847560386,1.0,0.01083802148365104
0.029423949567885632,1.0,0.01626104258369593,0.042487273839316275,1.0,0.014048573528806754
-0.00952064314831258,-1.0,0.012277962740005543,0.014446748822344535,1.0,0.012242045017464061
0.005775453458166435,1.0,0.013168243532600524,-0.015104990245850658,-1.0,0.01629727247936273
-0.002362870297667685,-1.0,0.011208921301578023,-0.03954443378520511,-1.0,0.016220183958411422
0.013910317595385191,1.0,0.003366529379618595,-0.007544617405874421,-1.0,0.017046679579492817
0.008769027523590989,1.0,0.0005072615145161265,-0.008504899028477286,-1.0,0.017002100773641504
0.018084886730091787,1.0,0.004900988202195362,-0.0067819859812920935,-1.0,0.01703768636310019
0.036716543637229204,1.0,0.009165090056469462,-0.018704847327836616,-1.0,0.017155766680968014
0.034002285352713546,1.0,0.010514004907441862,-0.03833460485583706,-1.0,0.017574494623543803
-0.002658692160993459,-1.0,0.023360513427759362,-0.04098795585164594,-1.0,0.017385959052091168
-0.02665946926195728,-1.0,0.014014005340693764,-0.011103967780502932,-1.0,0.02264921257369134
-0.06365175658032163,-1.0,0.017314239915095068,-0.07059381847560386,-1.0,0.028122495298684033
-0.052607758056635756,-1.0,0.01728932435068079,-0.04283455635713196,-1.0,0.02754487680531781
-0.031512009376531536,-1.0,0.027712791000018503,-0.03738117864982615,-1.0,0.027612051801025397
0.012375544675539807,1.0,0.016614160437155016,0.009295987066384681,1.0,0.02572920424077554
0.030399577506245334,1.0,0.007670978341966873,0.026991257915061295,1.0,0.025313382273908135
0.002750087673422996,1.0,0.008663112394614508,0.03084467535109847,1.0,0.025565112980810878
-0.021060678303768787,-1.0,0.01030620300592861,0.022632278287687768,1.0,0.025529746514830462
-0.01612108314026206,-1.0,0.013009145050081534,0.03575986703618961,1.0,0.025911250644683238
0.04431742318456289,1.0,0.03427198813271802,0.02608990942529754,1.0,0.026458411995484907
0.0017430717329467438,1.0,0.05567953137207373,0.03867034432516503,1.0,0.025904768663798716
-0.004505292666479477,-1.0,0.055321115861476096,0.028631812674327017,1.0,0.025862196584672415
-0.0529366801312805,-1.0,0.035676266231504127,-0.041917284881670014,-1.0,0.02128267674279232
0.016238048961666918,1.0,0.004265545004939568,0.0038240964384035347,1.0,0.012923062584128451
0.017218056215557498,1.0,0.0039921826282471,0.002428448721640386,1.0,0.012905139753190678
0.03671384462439309,1.0,0.009570267593991672,-0.0013860016078772741,-1.0,0.012873648034818228
0.025711835896842894,1.0,0.01236457931916842,-0.0211263268519577,-1.0,0.012676692697621434
0.03916818662737365,1.0,0.01218780361090987,-0.013750646361498253,-1.0,0.013139202600606735
-0.002004678252377934,-1.0,0.017887417777132788,-0.059477916383620766,-1.0,0.012219715805791434
-0.005022612266291526,-1.0,0.017972043364212712,-0.005694203963797273,-1.0,0.020792245633234823
-0.02324913750212465,-1.0,0.009453722205980725,0.01854013099327312,1.0,0.02364785795625063
-0.023689771122404668,-1.0,0.00970562403384233,0.04095576483682151,1.0,0.02278531050700873
-0.03310317615381475,-1.0,0.00917048788460689,0.019611730442435915,1.0,0.02418020882197087
-0.030708656619166108,-1.0,0.010488972413155117,0.07100697085865271,1.0,0.027930590621896335
-0.01240539685748776,-1.0,0.00783240711565644,0.07200203803065053,1.0,0.02785126528342855
-0.008712374328694317,-1.0,0.0057261274789818534,0.07356256717701659,1.0,0.0277574643155235
0.0010389611324188586,1.0,0.010311573652745034,0.08594242980072453,1.0,0.02779518063323323
-0.021378070151350403,-1.0,0.017237754882328114,0.07961585887823897,1.0,0.02801683681150376
0.04114395878500332,1.0,0.038178354912850404,0.08033883247884455,1.0,0.027979959789877364
0.07145896398214502,1.0,0.04105871110960132,0.04995976457951379,1.0,0.028900562548607844
0.09842900296806434,1.0,0.025740567234725998,0.06281014205943047,1.0,0.02802285935004591
0.020283322139941662,1.0,0.03333635203683174,0.007696206634470126,1.0,0.023634720872997794
0.029217702363254938,1.0,0.038050931054281464,-0.016899979731710646,-1.0,0.02065192387833275
0.007356502071424353,1.0,0.04166184817631314,-0.0332928920912523,-1.0,0.020813317891795906
0.020847660580765925,1.0,0.03775734589448599,0.0036142638325367127,1.0,0.019933982468414973
-0.015773197677094286,-1.0,0.016789652828953713,-0.10102286679891814,-1.0,0.01889132637530934
-0.004791576009899323,-1.0,0.013496096139950325,-0.0941636098335028,-1.0,0.018677576104750796
-0.0019361090268663617,-1.0,0.012509003788105124,-0.0885951872635129,-1.0,0.018646668488893063
-0.03494370408879188,-1.0,0.006628000257698076,-0.12013078150705203,-1.0,0.01758708094946973
-0.038183786970158895,-1.0,0.005695118334375981,-0.12428829892983151,-1.0,0.01756373621651216
-0.0314986670593711,-1.0,0.00862388146335068,-0.10622221325530745,-1.0,0.0184711365242694
0.004599219670920585,1.0,0.013899081081725889,-0.06636215638870291,-1.0,0.019957290949931702
0.002325968817381563,1.0,0.014890110337745377,-0.07099087414962435,-1.0,0.02010122728891173
0.016201379338008248,1.0,0.01572927293328777,-0.061166435237487216,-1.0,0.02047195738563343
-0.05490518470395256,-1.0,0.03343871471617875,-0.06046075454855471,-1.0,0.020541650365196222
-0.05351421567082615,-1.0,0.03356808742415658,-0.05561726586760529,-1.0,0.020428269991983192
-0.07136179051528369,-1.0,0.026507468515115654,-0.07030563833120884,-1.0,0.01977866510086695
-0.034881112385228175,-1.0,0.0059142259875777274,-0.02666824708216131,-1.0,0.012882000724685727
-0.03491626510622803,-1.0,0.005912819695923204,-0.00879203834757547,-1.0,0.012790014153327289
-0.019563135018660915,-1.0,0.014162092864854195,0.008068803643425104,1.0,0.013085068472318908
0.01882492102955724,1.0,0.016124543514261843,0.01952840329564265,1.0,0.011989128575061734
0.015113637810048264,1.0,0.018148348419017975,0.049860070568408243,1.0,0.012238902988034593
0.013557110958449137,1.0,0.017983517526590328,0.06332550124356695,1.0,0.013330415002625981
0.010500621511068786,1.0,0.016652648447699016,0.03594028836552954,1.0,0.01279863954437546
0.01769957709940062,1.0,0.012735988042805887,0.05826890812397578,1.0,0.011521691262313472
0.007062176244286622,1.0,0.013395137785113878,0.042662963672927656,1.0,0.012025624688089256
-0.021112677237559163,-1.0,0.00394121546609268,0.009702085806450489,1.0,0.012296541691713112
-0.006688988150796327,-1.0,0.008687642104792902,0.03651800880539624,1.0,0.01302672545373722
0.007012651459350261,1.0,0.01140564095930189,0.031176754349496072,1.0,0.013332597565943054
0.011315537992575786,1.0,0.008974384120792944,0.003549879482203755,1.0,0.017541869013209282
0.023735843809755686,1.0,0.012990464227094349,-0.021782685930515466,-1.0,0.01820828180372109
0.03569356258148093,1.0,0.01587555628901814,-0.03774032798284699,-1.0,0.017773499755634893
0.03523680609944413,1.0,0.01613750307816322,-0.034702104827857516,-1.0,0.017745947188206084
0.023522475365615803,1.0,0.014811227847825828,-0.04624081218409515,-1.0,0.016726089684827614
-0.007105426612190158,-1.0,0.008509499899736915,-0.052962714208020456,-1.0,0.01583961597600704
-0.015737581048010263,-1.0,0.011627944243321208,-0.033129323759879536,-1.0,0.016588879295930958
-0.004051322219178921,-1.0,0.018137869266715703,-0.050796893285274924,-1.0,0.016383986208051052
-0.004424033079144962,-1.0,0.018205075920211672,-0.0512039408602607,-1.0,0.016392415262897243
-0.027264883561805897,-1.0,0.028694052096074413,-0.042619586232061746,-1.0,0.016046149106413443
-0.06498968288670803,-1.0,0.015275693650981841,-0.06498968288670803,-1.0,0.014385516122969623
-0.0619044308729928,-1.0,0.01667946670523689,-0.03717641942600092,-1.0,0.016048986185206966
-0.026936446317485485,-1.0,0.008379179593974969,-0.011045898876437255,-1.0,0.012145607152349386
-0.0007222824438239961,-1.0,0.006862841096053869,0.003963255052580772,1.0,0.010864916086039803
0.020471176356307463,1.0,0.009722935954868474,0.00036277889024738386,1.0,0.011075192654601445
0.03680958716742211,1.0,0.004311127042937597,0.0029080354917410123,1.0,0.011030505624762526
0.018966394264436026,1.0,0.014413836486020369,-0.019701476342745883,-1.0,0.011574149419122768
-0.005346653264430401,-1.0,0.012900629063966879,-0.04062945469724122,-1.0,0.010141471047064412
-0.025227843520192472,-1.0,0.0017177820985624804,-0.03826678232509284,-1.0,0.01050631027553195
-0.01824411182061203,-1.0,0.0025514487820142684,-0.04606435403168696,-1.0,0.011199481980047868
0.00960348835511482,1.0,0.014365995075221885,-0.05547795299832514,-1.0,0.011842917208035632
0.004308803793818594,1.0,0.016393658845154827,-0.05396727024619419,-1.0,0.011825531160329288
0.003963255052580772,1.0,0.016444119124632225,-0.07338621102531229,-1.0,0.012916742781806729
-0.0243652325567445,-1.0,0.004285651848236764,-0.06319429227478812,-1.0,0.014942036116375828
-0.012982511949307218,-1.0,0.0040220000351242815,-0.060938178673580756,-1.0,0.01486209671800113
-0.02438701383915065,-1.0,0.00714931892452157,-0.07231167204793598,-1.0,0.015118958591614481
-0.02052105723118114,-1.0,0.007349357409341423,-0.0882981873626929,-1.0,0.0160486167596925
-0.004365230649411744,-1.0,0.015485608365552949,-0.09074710376668382,-1.0,0.015971997323264125
-0.0073964834245050515,-1.0,0.016849523308195224,-0.06311482370276034,-1.0,0.01677487476950164
-0.020195151565514324,-1.0,0.019193905086236362,-0.05322426759309029,-1.0,0.01704030837918604
-0.04092833144129382,-1.0,0.007225546999095629,-0.07413601595814634,-1.0,0.01585189488351965
-0.045565968814237356,-1.0,0.008927571786775463,-0.05336632037782474,-1.0,0.015572170715088207
0.0018871490786518397,1.0,0.026755707477960616,-0.017915478217527703,-1.0,0.016200119019666413
-0.0026621046335679743,-1.0,0.02738161875976689,-0.006477446919220142,-1.0,0.01629179611742213
0.005037794029957077,1.0,0.024532579595244203,0.01427218054305679,1.0,0.014759371725832035
-0.04946912764464928,-1.0,0.007518026500188293,-0.029464538207916613,-1.0,0.012219272640178047
-0.042791437042410285,-1.0,0.01075672635798256,-0.006494769726012928,-1.0,0.012743085842667404
-0.015190165493975005,-1.0,0.018717788464306186,0.021415732418260003,1.0,0.012414426571354878
0.014552862538421474,1.0,0.007909191089576748,0.04037815594339733,1.0,0.009640006291136628
0.01224585715912574,1.0,0.009101890193985884,0.007917697736785412,1.0,0.014809851542960458
0.0023520199004305464,1.0,0.005551365114257471,0.012868183026559787,1.0,0.015236658645763708
0.015113637810048264,1.0,0.011833998450662506,0.03642342439679913,1.0,0.017192902979721147
0.026730237597632378,1.0,0.007926197399298054,0.05015405127166095,1.0,0.017030693293852348
0.02207253210664417,1.0,0.009938469557340448,0.056701509683962925,1.0,0.0170853365554475
-0.00966191091173707,-1.0,0.01007321612815392,0.028437935320533514,1.0,0.017059537198149403
-0.00267942744036076,-1.0,0.013529481721706118,0.06940053557739145,1.0,0.021421896566329812
0.01218134590516029,1.0,0.015540368749857356,0.07877507488141244,1.0,0.021286209732804123
0.020373566506664664,1.0,0.01081068949636669,0.060281901758245215,1.0,0.023459708616261715
-0.028378969579611946,-1.0,0.024509561035890866,0.04643290079133955,1.0,0.023365790956947335
-0.02373771488567522,-1.0,0.02668139648735073,0.030920697652188966,1.0,0.023246684444895173
0.010598130991823274,1.0,0.03436773962982428,0.04173481977761484,1.0,0.023106204544176973
0.054482210694001276,1.0,0.010209665933402794,0.09938845970299215,1.0,0.020022262394090464
0.046185346557833684,1.0,0.011485984840826226,0.11894470084026221,1.0,0.021583616958765782
0.007128148733782647,1.0,0.011087814825094038,0.10870581750526687,1.0,0.020969418295486833
0.04597672190336288,1.0,0.029226127621118415,0.09095554272633333,1.0,0.021646847778925418
0.04414609730409369,1.0,0.02943346344104159,0.08098139443444508,1.0,0.021766279685662072
0.02218205552597463,1.0,0.03973730161500292,0.07972633843924348,1.0,0.02185905475609689
-0.025647062226412665,-1.0,0.021038248536378184,0.04293103853740532,1.0,0.01788868752411528
-0.03567303132406319,-1.0,0.01776498379353486,0.052071752372441216,1.0,0.018259861730201304
0.0018264845260342888,1.0,0.004015037752502572,0.09248085279416496,1.0,0.014132902492472553
0.024576589332040655,1.0,0.012575757888489176,0.07232917080575452,1.0,0.016263367156002753
0.06428628830239802,1.0,0.01601941470189866,0.10043276692996272,1.0,0.016923706368802954
0.0775691287194753,1.0,0.009941861078792953,0.09431432909961779,1.0,0.017121429146592943
0.046049293717342454,1.0,0.023472837537744127,0.07030107170919919,1.0,0.016714583813703034
0.008222040152016552,1.0,0.014264729326661146,0.0338212824296531,1.0,0.013518885441772054
-0.021851330332240737,-1.0,0.005818930484790506,0.06599389520405774,1.0,0.018978772137943772
-0.002047782285565125,-1.0,0.010985115939447253,0.10016463331817027,1.0,0.019086631087324682
0.01523645524208983,1.0,0.014841241390123449,0.08342254975910124,1.0,0.020375047583421003
0.03493656988089611,1.0,0.004440063782625446,0.06352402673280877,1.0,0.022704699964320573
0.003751070041936533,1.0,0.01964133570795405,0.06992627015006758,1.0,0.022907408901568067
0.012687983233458322,1.0,0.023443595166683776,0.05236798551731603,1.0,0.022716568296784496
0.003659960831487119,1.0,0.023290306784282084,0.05763977944641474,1.0,0.022844571181758765
0.02254849023548533,1.0,0.0156162416012548,0.07062530281123847,1.0,0.021800927056740957
-0.0023251961979116054,-1.0,0.0013436826003553975,0.04635410937155093,1.0,0.020919874942192152
0.04924869482391525,1.0,0.029614874708961764,0.053350293885292555,1.0,0.020869586245391588
0.07591285532631353,1.0,0.024962406668603228,0.052822905965008715,1.0,0.02088493196657803
0.05782330748146469,1.0,0.03432064163397826,0.05057804031711988,1.0,0.020931446315806134
-0.024321198803489708,-1.0,0.02925281657094382,0.005674668443495179,1.0,0.015087436931878922
-0.032286145453667814,-1.0,0.024815532125891177,-0.018680493397889242,-1.0,0.013035117970559573
-0.01581810899969538,-1.0,0.02442328044055174,-0.010411830924932808,-1.0,0.012318959701160252
0.029052322594502078,1.0,0.009370308356053894,0.025900728432157294,1.0,0.007678411011197944
0.004450102703107417,1.0,0.010809303940791281,0.01234779025470778,1.0,0.006198441261002974
0.006674107087693226,1.0,0.010633166476882979,0.012044519616055904,1.0,0.006207882112781047
-0.000629524729635067,-1.0,0.007065860330733731,-0.013622894029640342,-1.0,0.00600302259760255
0.004746093389255579,1.0,0.004269880733861687,0.019472977126658852,1.0,0.009307082373238055
0.001898734747657338,1.0,0.0046721527520588255,-0.0082697672315859,-1.0,0.012351128054736076
0.0015730693821178754,1.0,0.004485128812042776,-0.016508311407449572,-1.0,0.012173175844954365
0.004409455963415576,1.0,0.003762610159867188,0.005665737535677229,1.0,0.013584493465212037
-0.0031665637605879926,-1.0,0.007509406295199888,0.006303203976443905,1.0,0.013576985347628726
-0.0040951388148275925,-1.0,0.0071013459184778825,0.0021981481609614217,1.0,0.013486861872020804
-0.001257861801070792,-1.0,0.007607714069812031,-0.001257861801070792,-1.0,0.013520664710734286
0.006638241541293333,1.0,0.0031109003699136967,0.018539415521591218,1.0,0.01352372919261873
-0.010471299867295558,-1.0,0.00799450509121293,0.006606914075740988,1.0,0.013704437592014718
0.01157528957505849,1.0,0.01929672336486557,0.0,0.0,0.013723145697737001
-0.013640179759948579,-1.0,0.026708671611325233,0.04074637729461528,1.0,0.017814314823742936
-0.0035149421074442966,-1.0,0.025853055065997374,0.03909802129373241,1.0,0.017952693923290974
-0.009061146201726045,-1.0,0.0230733927215881,0.020625634978316265,1.0,0.016644725727296902
0.016471705955687144,1.0,0.012281252684692358,0.0031887782122408392,1.0,0.0197931174217317
0.02027952895052887,1.0,0.01123532451789419,0.01050797759841493,1.0,0.019821694328360954
-0.0025141433733324448,-1.0,0.0023573744171792956,0.005009403086666087,1.0,0.0194074121041629
0.00906964778455932,1.0,0.0070057400778955874,-0.010421695462414116,-1.0,0.020007628615981266
0.00031362709995197413,1.0,0.009346878659691265,0.0015671528046763417,1.0,0.020435200742525705
0.0,0.0,0.009402926955132748,-0.025495326119847395,-1.0,0.022242527869062324
0.02884520331431739,1.0,0.02593697027375607,-0.03227106989337236,-1.0,0.02197335667832971
0.022019807350695864,1.0,0.02833605175334054,-0.02027310483955569,-1.0,0.022023034068030533
0.032200924553374755,1.0,0.02697361268565822,-0.013941924180695286,-1.0,0.02205270022358831
-0.051197778842323016,-1.0,0.025456563118159223,-0.04074637729461528,-1.0,0.01865721276048998
-0.032104985802761776,-1.0,0.028772554840409102,-0.044535424743031626,-1.0,0.018883901423744923
-0.024677378093376223,-1.0,0.03123610135654362,-0.034721404778709886,-1.0,0.01957681206599752
0.002861232281032189,1.0,0.015676205924070687,0.009505774999700733,1.0,0.014711027749761848
0.01133870415679028,1.0,0.017455310884952398,0.0012662236576259644,1.0,0.014684915414975722
-0.033018872579845926,-1.0,0.022369498899223496,-0.005637346592386239,-1.0,0.014212160870932047
-0.012779726646398926,-1.0,0.022985095333452953,0.0031695747612789926,1.0,0.013527142323389179
-0.021526630544280057,-1.0,0.019948980308839098,0.004686776271623172,1.0,0.013669042007034225
0.011553401939152108,1.0,0.0009679335677039376,0.03333112863234411,1.0,0.009791745104299159
0.020369895913074476,1.0,0.005194036089789123,0.008644203017398322,1.0,0.01190714167918235
-0.0022425125527800738,-1.0,0.015561327916690983,-0.0003200512109251541,-1.0,0.0119083331554664
0.011421443955360155,1.0,0.018812203392898273,0.03511332515857046,1.0,0.016282959654890766
-0.0009456265480070059,-1.0,0.017179017433067906,0.03315563187474724,1.0,0.016185840495194524
0.013696662597895815,1.0,0.010514482804338253,0.04484212617159744,1.0,0.015154809554493078
0.004406680092947424,1.0,0.005299205538505155,0.02523105343257903,1.0,0.014699212573094481
-0.003474967957389552,-1.0,0.007607873528980293,0.021217644632982147,1.0,0.014788957442104534
0.014759256770787488,1.0,0.011499387104870298,0.03695498916257178,1.0,0.015008497286061977
0.005949602644884422,1.0,0.011729394054684534,0.028790101734540885,1.0,0.014987314499601504
-0.007305098390279596,-1.0,0.017964299051738356,0.10247661437370792,1.0,0.02331485887250227
-0.026533458026828383,-1.0,0.010452624886780641,0.04510209860069181,1.0,0.027381034000356838
0.013335598465378462,1.0,0.030488315374079117,0.04128395461262224,1.0,0.027470491448807133
0.04488132477042339,1.0,0.021545522919744403,0.06000563000300141,1.0,0.02648117054454228
0.04291966482974252,1.0,0.022427343576368844,0.0653584473901474,1.0,0.02635776719028531
0.0015391722293687238,1.0,0.008973552836717528,0.04488029191826004,1.0,0.024643871568890488
-0.012883613789772097,-1.0,0.0016068631184258037,0.00789318002069117,1.0,0.025968293254553253
0.005809525588870157,1.0,0.009221805370559426,0.017026863157733274,1.0,0.02588547876105649
0.007965728394909277,1.0,0.008705956370106438,0.009490351346130854,1.0,0.026094904023660187
0.07778400178333622,1.0,0.03545539339737234,0.014406379425883964,1.0,0.026056586679683507
0.022906366208907514,1.0,0.054712979187633515,0.006079046076382211,1.0,0.025835964373472173
0.01844345552296578,1.0,0.0551208620766606,0.0021338218735043046,1.0,0.025880762792487272
-0.04977608276098611,-1.0,0.02232304040317661,-0.06368199003595465,-1.0,0.015546366957207286
-0.006277109237372791,-1.0,0.003289047183084015,-0.022296795937060798,-1.0,0.010298928837157318
0.01693193577101626,1.0,0.010682490248603719,-0.003902151131825793,-1.0,0.011067638411169645
-0.007231125211886846,-1.0,0.022267328724394325,-0.006626530272067388,-1.0,0.011135076076505128
-0.0054119194026716055,-1.0,0.022438924491520806,0.005979091056058206,1.0,0.011884778024200647
-0.03385076834276046,-1.0,0.014652520327233994,-0.03568059501983645,-1.0,0.012433347417052317
-0.006370414384579304,-1.0,0.007402609432236748,-0.005457866792735633,-1.0,0.010135688873170151
-0.0051382914924809064,-1.0,0.007851192719514195,-0.009694108028341475,-1.0,0.010077290761680555
0.0006091989222827277,1.0,0.004639880958998026,-0.01566130582553793,-1.0,0.010730864675073075
-0.000304367678502393,-1.0,0.004569405046988321,-0.04608536530423546,-1.0,0.013354012234740403
-0.005469475804535495,-1.0,0.002699818408260227,-0.0929795644660425,-1.0,0.017105316904595977
0.012407482517635682,1.0,0.007715123381870476,-0.05476106051356511,-1.0,0.020841817718697295
0.007279377002901155,1.0,0.009377451994746225,-0.04323484730048799,-1.0,0.021346053447043618
0.021998777755746213,1.0,0.01053528924054584,-0.04933876069045939,-1.0,0.021348870712558223
-0.014846508116994395,-1.0,0.01881748529202432,-0.0512141522878693,-1.0,0.02121855268253226
-0.006062461732555091,-1.0,0.019517101699747675,-0.0613804226233301,-1.0,0.021444511618718028
-0.021085118487071286,-1.0,0.014777922315270529,-0.0697383057369001,-1.0,0.020903013288607702
-0.013831479148461945,-1.0,0.010680009128366114,-0.05296553557991279,-1.0,0.020135416473276272
-0.04699791289607913,-1.0,0.01401668199003172,-0.05531796089077501,-1.0,0.020057776473433927
-0.08842374793018193,-1.0,0.01303596739078911,-0.05249565115137411,-1.0,0.020117635246165996
-0.03849055576574445,-1.0,0.04056061415940679,-0.02032272538354074,-1.0,0.020484385009539877
0.002546150325245078,1.0,0.039172562739589106,0.010145933578348254,1.0,0.018562306978284284
0.03817132797104761,1.0,0.02020271083049309,0.051841863550110556,1.0,0.012639251230880614
0.015954390743331492,1.0,0.010688591447144924,0.017219813246895255,1.0,0.008766351276261512
-0.010866198319940956,-1.0,0.013392425910614543,-0.0038216607022569793,-1.0,0.008600767099928578
0.0015992327093055092,1.0,0.01374140734979366,-0.01353549507951568,-1.0,0.00967822494580396
-0.01659789140903789,-1.0,0.010303677140305119,-0.016919797093452926,-1.0,0.009331285505559374
0.0,0.0,0.0064050583395477,-0.02406620214256394,-1.0,0.010439054101475418
-0.003842463901545301,-1.0,0.00500130811036543,0.014594167657909773,1.0,0.01690907507038713
0.018811331047910107,1.0,0.008077866771542465,-0.020156729249049876,-1.0,0.02094797522201906
0.018465981573044132,1.0,0.008179356196989179,-0.05583613706480928,-1.0,0.02288175700200903
0.01591376677130274,1.0,0.00898251302449459,-0.029629385419035703,-1.0,0.02471088981284403
-0.0009480171353084543,-1.0,0.0013762929520505312,-0.06559192900913158,-1.0,0.024500393255442763
-0.011421443955360155,-1.0,0.004682383708296912,-0.09559413178679765,-1.0,0.025270061786136177
-0.027206030658578628,-1.0,0.00773477126311759,-0.05550670190152962,-1.0,0.028699378258241138
-0.01818521959701669,-1.0,0.012544234029926264,-0.035396230570771126,-1.0,0.029489810361366577
-0.03111073976024792,-1.0,0.015929555649565243,-0.06458106618214354,-1.0,0.03120660235969842
0.029728895446730963,1.0,0.03317469617061045,-0.06155789299943337,-1.0,0.031118726253043075
-0.01983482356463484,-1.0,0.0450123048561352,-0.08882769505158628,-1.0,0.031087788672994242
-0.031769934922245335,-1.0,0.04752766623431531,-0.06037777934181987,-1.0,0.030946495925428474
-0.04806601697849078,-1.0,0.038158005189460054,-0.05903140347409308,-1.0,0.03114266937936697
-0.026623868712171594,-1.0,0.032502441340924504,-0.031695730810131995,-1.0,0.029134183478125093
-0.021292013148944244,-1.0,0.030521126695442182,0.00609757986811843,1.0,0.027419994250017267
-0.009963549711191177,-1.0,0.03701064730485907,-0.054673265199461474,-1.0,0.027530443494841784
0.029247681303051998,1.0,0.034842534509484664,-0.04236900277477984,-1.0,0.027114125524605414
0.019591621649293955,1.0,0.040208608810663536,-0.010116953550342034,-1.0,0.025962163063472377
-0.03325722175648238,-1.0,0.02871111066150123,-0.03602156353063224,-1.0,0.02327303817459305
-0.07161668407783184,-1.0,0.012908149469530578,-0.048659154081467815,-1.0,0.02246644689310751
-0.026907452919924246,-1.0,0.013549724546214583,-0.007173386866101028,-1.0,0.019726537178044717
0.032255384972071255,1.0,0.03271031293405274,0.006191970247921175,1.0,0.019291528829688997
0.03729714067681944,1.0,0.030427798248987406,0.017094433359300165,1.0,0.018503133792181284
0.034705424287692965,1.0,0.030723737724641122,-0.0006995453240856708,-1.0,0.01878653807410534
-0.04370787870385917,-1.0,0.018340486170558272,-0.04440620275458396,-1.0,0.012265707208770632
-0.03729714067681944,-1.0,0.018727049292775327,-0.038353292860894284,-1.0,0.011901572263390049
-0.03750654656740471,-1.0,0.01863690411965277,-0.03891005556972482,-1.0,0.01187320300121428
0.008688151957638057,1.0,0.010661533395212754,-0.017606088575049084,-1.0,0.00798062553980341
0.022957529996364023,1.0,0.005019901302159369,-0.007416597655049761,-1.0,0.0077542140675858
0.02253518833353496,1.0,0.00519686220126521,-0.015191954429943033,-1.0,0.00770237140220814
0.008956312022071033,1.0,0.0032772215866124386,-0.04385426888177424,-1.0,0.007225823839988384
-0.005863096637063858,-1.0,0.006014398872574937,-0.048618239472025815,-1.0,0.006749830660095046
-0.02043361137790889,-1.0,0.0057826216085592585,-0.043797505985458285,-1.0,0.0073318805473575315
-0.018342788030433876,-1.0,0.00695844973015143,-0.060796104282773156,-1.0,0.008222852436771679
-0.01815058554337501,-1.0,0.006924780297876167,-0.04275514283496196,-1.0,0.009116652731460312
-0.0035050859579461857,-1.0,0.006318357939209324,-0.01055233147334933,-1.0,0.01109840671759105
-0.016907764524324298,-1.0,0.007791826782573377,-0.012653947404524635,-1.0,0.011069723201029358
-0.006360445470974918,-1.0,0.008273421738621008,0.00035217468228054827,1.0,0.010918890885749141
-0.01378844542762292,-1.0,0.006897991751801914,0.08413974844494754,1.0,0.02742303029696031
-0.017560028349087098,-1.0,0.008885152542131985,0.16680811917908245,1.0,0.03226391877170138
-0.01824411182061203,-1.0,0.008581446289132,0.19954215454562507,1.0,0.032560616454820335
-0.0060703632219802905,-1.0,0.012049027848236296,0.1900641410563404,1.0,0.0332217012071581
-0.007985523378927883,-1.0,0.013117557290212392,0.200473476252361,1.0,0.032458259754721816
0.0,0.0,0.015037369252280466,0.19130634320176987,1.0,0.03295418043082596
0.012811563134200066,1.0,0.019549554127176048,0.2072587407741866,1.0,0.0329224882192933
0.029799368847814645,1.0,0.010547030721868743,0.18359625422595527,1.0,0.03576960034896257
0.024956731973867496,1.0,0.011022267785029348,0.17477207204719725,1.0,0.03599124181429773
0.09118699396035068,1.0,0.049042102119019514,0.15435272043810833,1.0,0.03615595022775639
0.16255430205928278,1.0,0.04368517838225852,0.17777166269197742,1.0,0.036009462173806225
0.1928295343923696,1.0,0.0266902650765753,0.18933912945260123,1.0,0.03586536095953988
0.09213594718376994,1.0,0.04252948790949568,0.09125242481735762,1.0,0.028613865644877123
0.01610532872419146,1.0,0.025912978665733485,0.035443757335001935,1.0,0.020853971491864257
-0.026479923164467234,-1.0,0.004465622302122592,-0.004948343673012445,-1.0,0.018344042332066254
0.011124236495865913,1.0,0.01750722452979732,-0.026851255178791167,-1.0,0.020725850455137612
-0.02486274540533362,-1.0,0.03243730962547788,0.0020688643407071883,1.0,0.022014634524253278
-0.016534271154572622,-1.0,0.03286350964877573,0.01655862789440854,1.0,0.021939514247335746
-0.04009445720187821,-1.0,0.023936680114887615,-0.002331682781840927,-1.0,0.020829254016794963
0.023974777313836793,1.0,0.013055071363398804,0.04042155038596107,1.0,0.016399738693513244
0.03952378937927148,1.0,0.011670195879324993,0.03864928123433886,1.0,0.016434816289389538
0.02808669833959998,1.0,0.018083378309310102,0.022176515651342044,1.0,0.01736244503698931
0.020226396702307303,1.0,0.015488490008763262,-0.0035597783067395916,-1.0,0.0160427105063699
-0.0014579387332440685,-1.0,0.013874753903096336,-0.02478002899848697,-1.0,0.01521241539202423
-0.025967732812378852,-1.0,0.02556820842606661,-0.011855503411017487,-1.0,0.014967513665564099
-0.017269564270103288,-1.0,0.029774126956068837,-0.01255674258696926,-1.0,0.014899760959988956
-0.004972951597046249,-1.0,0.030654524871210908,0.009294287062559858,1.0,0.015619963046425255
0.03564380889281615,1.0,0.010449847776195655,0.04724823270323064,1.0,0.0106166122424132
0.013489940639920261,1.0,0.0025429017660948752,0.03253263954991614,1.0,0.008794229351298281
0.0055563821853577,1.0,0.0030706885400363184,0.012241481925755915,1.0,0.009832758326317827
-0.015586258768695238,-1.0,0.00961511404154154,-0.0017523368970042696,-1.0,0.010146169139080213
-0.020006551378863868,-1.0,0.00826231484197941,-0.0014575137400216764,-1.0,0.01015153129490995
-0.023905520853554352,-1.0,0.007202576040126306,0.0014570889945004772,1.0,0.010159136279982963
-0.005945320722759551,-1.0,0.003479246164830245,0.020534602441707683,1.0,0.008776636879809166
0.011229432422077634,1.0,0.009929327648238827,0.0023745929828220547,1.0,0.01090783558662954
0.03261637732780276,1.0,0.007917287732134813,0.020984958029935274,1.0,0.011403316550202065
0.03313600330186928,1.0,0.007619344178436001,0.00386847677792046,1.0,0.01242256609890535
0.027819817866782115,1.0,0.007006392189104635,-0.010338299138688445,-1.0,0.011597773929164107
-0.0020257567338501925,-1.0,0.011646099839381098,-0.028443494968607874,-1.0,0.01025956995317236
-0.013356760707418758,-1.0,0.012025032388681318,-0.03343419921879498,-1.0,0.01015319386795966
-0.020500212650017557,-1.0,0.008010978814237693,-0.007458439623613922,-1.0,0.01469237900858023
-0.005228010745897738,-1.0,0.006304832973456582,-0.0017396351154435052,-1.0,0.014323973589659453
0.006700680570016715,1.0,0.0006023115893097196,0.0002922694745342014,1.0,0.014221152754485116
-0.016174444656020137,-1.0,0.01338359480282817,0.005527286799195119,1.0,0.01436827756378185
-0.0043776518181195545,-1.0,0.017599451351054608,-0.008480822873808025,-1.0,0.014816167636219324
-0.022611446386546774,-1.0,0.018464471494276158,-0.026479923164467234,-1.0,0.015319505499498455
-0.0014834596994328653,-1.0,0.014452024979354185,0.020831030485971125,1.0,0.01615573482259139
-0.01681207567074039,-1.0,0.008483441692464663,0.05047400595220952,1.0,0.019947001146886818
-0.004166672694846163,-1.0,0.0015273963584401923,0.07465939207395267,1.0,0.018993097584518996
0.030699677381856638,1.0,0.02159474621299924,0.07077275923064774,1.0,0.01913591662957218
0.024678103119314176,1.0,0.02346862760929663,0.04989433891108086,1.0,0.020776570434996266
0.020369707985910424,1.0,0.024575472633931686,0.056810406180268114,1.0,0.020665255395121686
-0.007514486227208517,-1.0,0.008482950778305708,-0.05900629481299369,-1.0,0.030067952095364153
-0.011969198504262257,-1.0,0.010108629448273588,-0.07719322130898476,-1.0,0.03067887525837815
-0.02007151206898472,-1.0,0.012180623327909671,-0.28593024718624926,-1.0,0.06777337975853259
-0.0008707009692441314,-1.0,0.02322683634481089,-0.4019898656878611,-1.0,0.07112884723326958
0.05457717700789799,1.0,0.030010770223283564,-0.4023861525198731,-1.0,0.0711181806702449
0.07852786885187313,1.0,0.01716657568581521,-0.26430412928531766,-1.0,0.08431878057137897
0.04845826904524375,1.0,0.024226943042180305,-0.2286756661655054,-1.0,0.08677356409432356
-0.01739174271186905,-1.0,0.015875980901874743,-0.33942430939198553,-1.0,0.08543059933068937
-0.022015658588530718,-1.0,0.013834827713904893,-0.405327300625,-1.0,0.08494256206777823
-0.09907937666178479,-1.0,0.04338324175841766,-0.39309381630561746,-1.0,0.08540992757266158
-0.10240945710075144,-1.0,0.04302657244434392,-0.3445409206596526,-1.0,0.08706568093862148
-0.32237094538060695,-1.0,0.09766581974676337,-0.3527780264065148,-1.0,0.0868144189271883
-0.35049805710207593,-1.0,0.0951231640021971,-0.21750887562785381,-1.0,0.08832306717460268
-0.3371621297151506,-1.0,0.10158321355881035,-0.15938903648884728,-1.0,0.08943901334740209
0.001554605831946887,1.0,0.11644587139142798,0.038532327390646826,1.0,0.06307668814261308
0.17244349855311158,1.0,0.06794147185780042,0.1268962456408409,1.0,0.05319845623870722
0.11753902013578554,1.0,0.09732266945045932,0.13610821907298876,1.0,0.052898382636907014
-0.06249530248780921,-1.0,0.0720204916850139,0.0027147583087512306,1.0,0.03966369241292509
-0.11595988109486832,-1.0,0.041296625039229366,-0.025879447987820603,-1.0,0.03632660441874149
-0.0225083539795361,-1.0,0.043761712201855874,0.05618175588556973,1.0,0.030082517560182234
0.03053361562995449,1.0,0.01500543816761111,0.11433213845025891,1.0,0.023111399483553435
0.07650556401597886,1.0,0.029310622656993555,0.0780230149900123,1.0,0.025491851670905476
0.08274242707005386,1.0,0.029572087885140846,-0.030821580040600427,-1.0,0.03540310662520667
0.06893940841655466,1.0,0.03706681561653259,-0.01453983611400167,-1.0,0.03565429388515556
-0.006092935833381219,-1.0,0.029611596472582203,-0.02654512469835657,-1.0,0.03407903041963082
-0.041664874153314546,-1.0,0.009139108877923472,-0.05672598140077745,-1.0,0.032385907351341815
-0.03426296324994871,-1.0,0.00853215816653874,-0.04086877705166647,-1.0,0.032126270380879604
0.019667804924450083,1.0,0.02360439224376356,0.018918460565668926,1.0,0.033838712495394024
0.037612556948366516,1.0,0.02202419348910627,0.03502523338341579,1.0,0.03394076897392019
0.04912207765369847,1.0,0.016284666747377666,0.07819389247567554,1.0,0.034680137559444775
-0.012057418117035423,-1.0,0.02154548568023851,0.032427306958951796,1.0,0.03395002844942587
-0.10951168990570626,-1.0,0.04272131531591294,-0.019758331488770597,-1.0,0.03560335420667031
-0.09833835893430609,-1.0,0.047822192165287346,-0.03565774653014042,-1.0,0.03578694501441051
-0.02806257567239001,-1.0,0.0655178649805668,0.007552905995930725,1.0,0.03524621184039024
0.05683802570987684,1.0,0.021135189262484377,0.12743790617385842,1.0,0.024862100556013598
0.04261046747888986,1.0,0.024678123078695963,0.15147361368791823,1.0,0.02595231703094876
0.03937064943064428,1.0,0.02281392392000231,0.0944237335092426,1.0,0.025173271482635488
0.05008634063087869,1.0,0.020952100557734374,0.05672598140077745,1.0,0.02815502063299065
0.0847997062773933,1.0,0.013910659155701175,0.08694639762055645,1.0,0.02884678489134212
0.03317665131773295,1.0,0.022552009647777344,0.04291874532587037,1.0,0.027138731245711315
-0.01717100792381987,-1.0,0.035676130573008474,-0.03771185944769373,-1.0,0.03383896357999554
-0.06472956135211749,-1.0,0.014007660939851776,-0.09223468476491137,-1.0,0.03219989216084161
-0.036931819080056494,-1.0,0.026701599209074202,-0.05553877321651868,-1.0,0.03344522971477377
0.03768454775692276,1.0,0.025990988456274216,0.0,0.0,0.032277365841132145
0.08879300128375256,1.0,0.012173571665971885,0.010264298441431174,1.0,0.03198439461085042
0.058808251840921866,1.0,0.029482986927522426,0.006375420056916381,1.0,0.03184140314784202
-0.013873899063204131,-1.0,0.03702203265914155,-0.0286889848483447,-1.0,0.02973664938722837
-0.021916748588471924,-1.0,0.03260238136172949,-0.06276852673071542,-1.0,0.02722528247684012
-0.012134338752727958,-1.0,0.032016054368970065,-0.06257757405721387,-1.0,0.027219466024322757
-0.04435150021759249,-1.0,0.04891290692803996,-0.015561633038925216,-1.0,0.025769730995641508
-0.09438137610807451,-1.0,0.032751704228072956,-0.045703439086507425,-1.0,0.024036171385139117
-0.06528086722465609,-1.0,0.046205499748479574,-0.03768508851976082,-1.0,0.024121743749626372
0.02054085152387386,1.0,0.024989777758982912,0.014877253224681697,1.0,0.013876353517314631
0.03776942185422505,1.0,0.015186411671922199,0.05798725765034929,1.0,0.012929576289886807
0.024982374193378565,1.0,0.011556649662377216,0.030945865590177313,1.0,0.011475601336912588
0.008995562908578059,1.0,0.008151455735263727,0.024545672615087,1.0,0.010831777992604574
0.01576017611160596,1.0,0.005548284742558982,0.009036206063937291,1.0,0.012486398165607676
-0.010144742273208385,-1.0,0.0094128007854156,0.009672694462508513,1.0,0.012538169780829092
-0.0007465472537846463,-1.0,0.012937307288053607,0.012606766889911913,1.0,0.012589253321427334
-0.004851660944263925,-1.0,0.012758895136994103,0.0014880955127019035,1.0,0.012899391718286555
0.012758146784725088,1.0,0.006612423547282591,0.06541144063669169,1.0,0.018435496373498526
-0.013912613953985575,-1.0,0.009684769693833192,0.06959015386994616,1.0,0.018594096955544287
0.009309320628782203,1.0,0.018380498636957354,0.07978367386817653,1.0,0.01844418141626422
0.0033500868852820442,1.0,0.018658545003103908,0.06390912848068808,1.0,0.019252947180749266
0.030209270914279163,1.0,0.012035359992578907,0.04007957586811339,1.0,0.02253477999010162
-0.011181629732186948,-1.0,0.015776248998994536,-0.00037071362797114205,-1.0,0.022620541957602998
0.003709203065709765,1.0,0.018428752151780886,0.053186706993082256,1.0,0.026939290712052918
-0.0029433428165970277,-1.0,0.016923290637374223,0.04805514024806379,1.0,0.026858301654942282
0.008212065560370574,1.0,0.010737502759570732,0.04864736822459448,1.0,0.026810609199483932
0.04559400390097479,1.0,0.030631741790198605,0.11196582759405627,1.0,0.033878637600663807
0.0562368397262496,1.0,0.029417883293705947,0.18606056632939638,1.0,0.03929695885203367
0.0734439174112107,1.0,0.022106776085992073,0.1857234465754447,1.0,0.039316094163267916
0.011255834628721484,1.0,0.014528880465573105,0.15136748849546677,1.0,0.03782191926749387
-0.04342319195581834,-1.0,0.023840285108058214,0.12614612515516943,1.0,0.038347465747436686
-0.07084506686736547,-1.0,0.013921853422868136,0.12333275806225696,1.0,0.0383706483069959
-0.007372334602323782,-1.0,0.047343535889872536,0.14284431079723237,1.0,0.03772505320269737
0.03818483529422956,1.0,0.035464927986623825,0.18116895877136208,1.0,0.03448535176244662
0.03783645212037867,1.0,0.03562146856942347,0.18497530599846046,1.0,0.03415819134334205
0.062488323666683776,1.0,0.04916091328151982,0.1352476779491123,1.0,0.03242647619584894
0.13506208326473557,1.0,0.0558535570716773,0.12089055835596252,1.0,0.03288723521421333
0.1452881439112208,1.0,0.049952393032247834,0.15144390357745285,1.0,0.031549574814931224
0.0849956648023853,1.0,0.04547634093583235,0.06472470042876588,1.0,0.025077325668842312
-0.0036776014479773522,-1.0,0.014330923799948762,-0.005829131400427512,-1.0,0.01004015446899986
0.01105322889802296,1.0,0.012647338264329842,0.0006172839702178745,1.0,0.009696965359799244
0.0027326569304870763,1.0,0.009285829630040989,-0.03024921991081353,-1.0,0.00936716027738176
0.011599641660374305,1.0,0.004202946159040131,-0.020785609497343094,-1.0,0.009095134212965286
-0.009202518931161974,-1.0,0.011300121674483831,-0.027865580063088702,-1.0,0.008807629652594054
-0.014968967450443849,-1.0,0.00898512407790277,-0.038953920364805716,-1.0,0.008308405567005584
-0.02209356512117,-1.0,0.008281721598568203,-0.0367836245695814,-1.0,0.008387129614951335
0.004305049699371066,1.0,0.009572841618239446,-0.013652089168327386,-1.0,0.00796967211613464
-0.008034653853662643,-1.0,0.012037512569773184,0.00030773965468289255,1.0,0.009261196543719182
0.008342393508345536,1.0,0.012107091496340022,0.0098796728272319,1.0,0.008909386460705788
-0.005538475696014178,-1.0,0.009758168606752075,-0.0009209517151305135,-1.0,0.008300730272776108
-0.009978255537194114,-1.0,0.011954582327316407,-0.01406053471877633,-1.0,0.010471048528123816
-0.018634079544892934,-1.0,0.008178396567514375,-0.021459383574639057,-1.0,0.010070052969479003
-0.017429635135283617,-1.0,0.008456415250299262,-0.015234244571848077,-1.0,0.010174512342743238
-0.005972043523505111,-1.0,0.001923327391419023,-0.0031387345290994073,-1.0,0.009182179120059605
-0.004398373411863998,-1.0,0.002676584898438865,0.014008011156110722,1.0,0.010423608468779174
0.005010971963599342,1.0,0.00597591369968714,0.008752791109594593,1.0,0.010656793849306042
0.02429269256904476,1.0,0.006969298460151902,0.01439774479759004,1.0,0.010548758847742323
0.024569732275643297,1.0,0.006833922321637815,0.005025136202672975,1.0,0.010885486698321789
0.01703618715256794,1.0,0.008261431921921027,-0.0068965790590602705,-1.0,0.010688781215263038
-0.022402928227121865,-1.0,0.014544689002648723,-0.08539031400013175,-1.0,0.020066804114393683
-0.02299666289352542,-1.0,0.014363806972355952,-0.10553120781493619,-1.0,0.02011948393249356
-0.01985176855273174,-1.0,0.01531956660181999,-0.10140982596104808,-1.0,0.020323120050553693
0.0009435446524828084,1.0,0.0034947852824847047,-0.09016297115197469,-1.0,0.019780497278622335
0.016833315185856845,1.0,0.01031359614210258,-0.09732415241532788,-1.0,0.019609440569566275
0.0065574005461590534,1.0,0.012796659666319963,-0.08598661174196587,-1.0,0.020471351561197598
0.011564435803184336,1.0,0.01199509484945851,-0.06426610723439552,-1.0,0.021749861798246676
-0.013381248365301746,-1.0,0.005249162812755841,-0.026309065177726465,-1.0,0.027317562204892287
-0.010638398205055521,-1.0,0.004855812347980049,-0.059302744558518805,-1.0,0.029406592400634986
-0.07549536622867703,-1.0,0.03308895674390461,-0.04610576542184375,-1.0,0.02991404245916637
-0.08598661174196587,-1.0,0.03086524231490188,-0.0788425092358338,-1.0,0.031773805887547635
-0.07747705974941987,-1.0,0.034437998308981706,-0.07103963280921155,-1.0,0.0319089319291581
-0.027175585378964806,-1.0,0.012011440549444549,-0.031316378044996096,-1.0,0.02711527499589605
-0.014789607493917112,-1.0,0.008785611090855898,-0.009605562706329396,-1.0,0.026671771143898543
-0.004428554333649526,-1.0,0.01448909566300802,-0.035285570006131195,-1.0,0.027238278953526363
0.02684040857006198,1.0,0.013247480256714279,-0.019121041446778397,-1.0,0.027094862993744587
0.08784840242345826,1.0,0.02215856812455204,-0.022780028331820024,-1.0,0.02717211137958522
0.03324126772960612,1.0,0.047711776539874205,-0.07845071279556781,-1.0,0.028769393325538628
0.02972477761573611,1.0,0.04748956661650559,-0.15097102690987874,-1.0,0.030640896829285835
-0.06591469242340908,-1.0,0.03180767637980777,-0.25449307049953407,-1.0,0.02374568187953644
-0.022375286455748267,-1.0,0.029438392226035757,-0.19803217150397012,-1.0,0.025267951323073773
-0.06070597885182938,-1.0,0.022472809301518484,-0.21560613264112516,-1.0,0.02375583153526039
-0.016749665212461462,-1.0,0.015587610322851688,-0.18449340507537615,-1.0,0.022706088541410978
-0.04172299694633952,-1.0,0.014781181723397147,-0.18903094457347858,-1.0,0.022394812349881017
-0.014980248780747107,-1.0,0.014079901447769164,-0.18481428762355723,-1.0,0.022293704409892597
-0.02796407311940774,-1.0,0.012217195535987546,-0.22478225968902787,-1.0,0.022262759291744604
-0.04759369712308614,-1.0,0.022624850582537093,-0.21875180073323075,-1.0,0.02226877593586765
-0.10500957689303836,-1.0,0.022764070689255723,-0.21710705164000377,-1.0,0.022416988793720952
-0.14386463974425578,-1.0,0.006719162202835104,-0.15704983282082519,-1.0,0.029879832356083
-0.0863401909787962,-1.0,0.03943455960254589,-0.0859376955014366,-1.0,0.030900793792337032
-0.034910328115510314,-1.0,0.03356709080190877,-0.05160112877508216,-1.0,0.027552188511765757
0.004084973000748837,1.0,0.013678458389769735,-0.02696699400701319,-1.0,0.02471208186530792
-0.01337405952525672,-1.0,0.004679980641953327,-0.022390514051196853,-1.0,0.025062940428434308
-0.029914133834261447,-1.0,0.009275446410874282,-0.0471161523024517,-1.0,0.026141839994709166
-0.05703851982611319,-1.0,0.018025093014720925,-0.01148024088690569,-1.0,0.02741491525645726
-0.07144385310609169,-1.0,0.011486459674719339,-0.02603990901561981,-1.0,0.027728497628237352
-0.04727301279719365,-1.0,0.020839945227202172,-0.07647862839773056,-1.0,0.033742230067987405
0.03976835374879495,1.0,0.033509110097260084,-0.047280729920577524,-1.0,0.03236868331001782
0.08522040810870801,1.0,0.02274086561062244,0.0,0.0,0.0337200846694383
0.06049634597188325,1.0,0.03611573589649364,-0.08459586905371541,-1.0,0.04073637344323466
-0.013781800930443788,-1.0,0.030231737325916393,-0.16073946116223747,-1.0,0.03674634462954484
-0.02279300952855645,-1.0,0.025044159996097777,-0.19389735286943943,-1.0,0.034335198198962955
-0.03042535164287985,-1.0,0.027214700807923615,-0.2548392821243417,-1.0,0.03911559949773341
0.019571726120856336,1.0,0.029599463939649073,-0.2586705060702914,-1.0,0.039156687913461684
-0.01702345448967968,-1.0,0.028013032506290045,-0.30303188638343115,-1.0,0.03677260023254675
-0.059276609929540314,-1.0,0.048000521139550154,-0.26605281930349456,-1.0,0.038088687183907954
-0.09283900885978502,-1.0,0.03386920327538058,-0.3250735318752469,-1.0,0.035002681712263825
-0.04540394409047188,-1.0,0.05133968380222532,-0.3177211686871555,-1.0,0.035289543364137796
-0.055390253453178495,-1.0,0.05670025075341272,-0.2676769598681066,-1.0,0.03255534669574523
-0.073690377492865,-1.0,0.055936559013515345,-0.279570265916405,-1.0,0.03224860748493295
-0.10867694476073142,-1.0,0.039444484708759685,-0.2985501482888857,-1.0,0.029647270780819225
-0.10974706709874305,-1.0,0.040035798916955016,-0.22053660588706991,-1.0,0.0246436025415833
-0.11171284583849772,-1.0,0.03979042573643156,-0.1957577418630312,-1.0,0.024986017901959555
-0.13192754304254817,-1.0,0.032029786139722925,-0.21802720442427437,-1.0,0.02472705827056008
-0.041638888822032705,-1.0,0.020329364061397317,-0.09203166171776989,-1.0,0.022321570932161094
-0.04683129968409916,-1.0,0.022253517127111547,-0.043981482993338705,-1.0,0.022664055458492396
-0.03171273679340403,-1.0,0.02139041843245473,0.00943141526467195,1.0,0.02371202979099815
-0.060900750494152334,-1.0,0.012557939268837066,0.035795578703095465,1.0,0.02572206598510479
-0.04733574290094311,-1.0,0.006717307382628848,0.023132202108796074,1.0,0.027533896586662037
-0.026232923692202093,-1.0,0.01890054387494274,0.08278304088010868,1.0,0.03076870451496186
-0.00824989947214183,-1.0,0.016339909975059443,0.03403847500860935,1.0,0.037161154924951825
0.010122146560508805,1.0,0.008410638723285051,0.07547490957288971,1.0,0.03681478651751999
-0.02815400089612008,-1.0,0.013696441891783331,0.05347637930330906,1.0,0.036993204165030096
0.018757877070556983,1.0,0.035752173913381854,0.07135693878183202,1.0,0.03707946091966378
0.04006341303119476,1.0,0.0356522430678975,0.10719532425756295,1.0,0.037887409319803105
0.09553107664639815,1.0,0.012582347828439614,0.09773736546193601,1.0,0.03875048158041409
0.08618835159883265,1.0,0.007950036506821238,0.09361938367078126,1.0,0.038409829903539645
0.02028238541803562,1.0,0.045589365166821494,0.13103824747872106,1.0,0.040936692495692296
0.041638888822032705,1.0,0.05227358122816903,0.0805947363930477,1.0,0.04135668142088305
-0.06265785418863845,-1.0,0.0638177252124215,0.03610122615944156,1.0,0.04049819418516948
0.005006964563150529,1.0,0.06256291161791484,0.06530509840776677,1.0,0.038106365538780475
-0.05553958526900171,-1.0,0.04594824654671293,0.03179835280211463,1.0,0.03555676521005889
0.029068564301080846,1.0,0.016371665838123568,0.05731596114385229,1.0,0.03143940342675721
0.04184256124518204,1.0,0.021866584357296236,0.07585054685210091,1.0,0.03278265701968647
0.016106985262506868,1.0,0.03588029481414978,0.09296599078811862,1.0,0.032429773048578914
0.04102032195950622,1.0,0.04197387484005513,0.030921910338586267,1.0,0.03575156232458219
0.06390633625235287,1.0,0.04915855182167411,0.013217215937845417,1.0,0.03465598343911006
0.07838844757750985,1.0,0.04094029102222019,0.038902798669599115,1.0,0.03300050660847661
0.02867019408749294,1.0,0.041949125648905024,0.03226086221822144,1.0,0.03235873225758647
-0.04545076365291867,-1.0,0.005869325661818787,-0.02579156869278032,-1.0,0.027367265763446207
-0.007157494768900374,-1.0,0.018191646470977464,-0.006644542718668545,-1.0,0.026772662025749187
-0.04144311920422772,-1.0,0.030646124881779695,0.011241814866248312,1.0,0.026775922937516183
0.015552413007484667,1.0,0.04317808996917891,0.027314246376159534,1.0,0.026216144849551187
0.005628052717002285,1.0,0.042056950448279624,-0.007726023494321055,-1.0,0.02624227839140703
0.002674513495814823,1.0,0.04363701856081386,0.008002176603602251,1.0,0.024252713658159612
-0.02079076966907345,-1.0,0.03406321965142582,-0.03081988513827305,-1.0,0.020814098468704755
-0.03795620685601264,-1.0,0.031604720661752024,-0.04647142595047349,-1.0,0.02056711768119605
0.0423592738391414,1.0,0.021811639840278906,0.007450806155865353,1.0,0.01590298780968156
0.024897551621727132,1.0,0.022977634607924124,-0.042925044717033956,-1.0,0.01774328126005525
0.032841106189242186,1.0,0.02029376519664694,-0.02305114125201113,-1.0,0.018117842621659972
0.007651146735519809,1.0,0.00575443298886217,-0.06505068504121225,-1.0,0.014073424519239508
0.007655051416021186,1.0,0.005753394288700364,-0.09336535089918785,-1.0,0.015479036938302375
-0.008238975544552885,-1.0,0.01319689307224574,-0.11107481692126497,-1.0,0.015620003471066376
-0.04468275746687378,-1.0,0.013488029100713526,-0.10040443432606794,-1.0,0.01700754309630988
-0.04258171850694792,-1.0,0.014615878908027357,-0.05916407226325848,-1.0,0.022134005512569895
-0.03311734973915015,-1.0,0.01475429997901906,-0.04765327189670043,-1.0,0.02181432337052128
0.0021231430480779245,1.0,0.007757913045920534,-0.041774449378343625,-1.0,0.02130391408398272
-0.032895929247834355,-1.0,0.020927721348996935,-0.09684982598991776,-1.0,0.025609024536825276
-0.014535922157550285,-1.0,0.024794884070923187,-0.04873671824333492,-1.0,0.02922528236814602
-0.030142217357936207,-1.0,0.02226513099009061,-0.04611611801744675,-1.0,0.02933307465146673
-0.02554275456042676,-1.0,0.01988108206446959,-0.0010970928143732017,-1.0,0.028056632279485794
-0.055182569480011656,-1.0,0.010606932901252149,-0.02470617016600607,-1.0,0.028043178329975348
-0.027702602549335875,-1.0,0.025695637185292126,-0.03277160805263302,-1.0,0.02828422890286205
0.04185633005195055,1.0,0.030170158290509206,-0.05253733352788181,-1.0,0.030435786155512595
0.055182569480011656,1.0,0.02310506424870315,-0.01850833631240767,-1.0,0.030561577514722348
0.013947227480850533,1.0,0.03225266519949311,-0.06199494229930669,-1.0,0.030370853579017833
-0.0802674722336072,-1.0,0.024484404664473564,-0.10153230186663365,-1.0,0.026883271480451127
-0.034200796085784635,-1.0,0.047856798526811316,-0.12397079551449419,-1.0,0.027426507994319217
-0.0022185255910252,-1.0,0.04808497345942782,-0.06701619561107885,-1.0,0.030135534791568927
0.0628568039277102,1.0,0.01707308767428828,-0.01650007970138745,-1.0,0.02609361356340632
0.009494625919778565,1.0,0.013751571773540881,-0.09902075920086051,-1.0,0.024853377925539617
-0.016797707393122474,-1.0,0.014963189399070827,-0.0701436880984152,-1.0,0.02803907334069936
-0.07698299527393537,-1.0,0.019915231010269138,-0.07520626990278445,-1.0,0.02778982300199285
-0.048984735626413256,-1.0,0.031948318445379736,-0.06487209538873229,-1.0,0.027732287430073485
-0.056925936796009546,-1.0,0.03219659111423182,-0.005662529286627471,-1.0,0.030831041151360747
-0.00713863828680128,-1.0,0.01970574349816424,0.080270669468127,1.0,0.028532111052472005
-0.050279889722074866,-1.0,0.015691675677344613,0.14636463019567625,1.0,0.03579839373258794
0.008925974169078366,1.0,0.03174991980848114,0.15269799852073662,1.0,0.03526491936800919
0.004764749931639001,1.0,0.03195682611877654,0.14532721914782898,1.0,0.03554706539398397
-0.009250759772150952,-1.0,0.038720338772768675,0.17883687560043549,1.0,0.033372463837592854
-0.005346018078361547,-1.0,0.040685510191723326,0.1483791479345533,1.0,0.03281057922080418
0.0041506137263132015,1.0,0.04091606313411262,0.30491245233898967,1.0,0.05178882684399629
0.04364328973190679,1.0,0.022048107671112538,0.34589837345449403,1.0,0.04817428633970247
0.04768345141866526,1.0,0.024337247875978348,0.3173160437514635,1.0,0.04830583742360117
0.07849394409697608,1.0,0.02490403062887999,0.29769098732910226,1.0,0.04936194940880258
0.16225198995799528,1.0,0.023847477001755255,0.2787454624853738,1.0,0.05059771731415195
0.10143459101135455,1.0,0.04943596874852096,0.2428236916801485,1.0,0.050349917025274415
0.0579179113929007,1.0,0.05405158203190348,0.1774776045358486,1.0,0.05184328707674254
-0.01780764431731563,-1.0,0.011480508933823567,0.12986861618981127,1.0,0.04795958527609469
0.004607123582895056,1.0,0.006684071951374963,0.2039769454179956,1.0,0.048774372868040324
0.1643499831227997,1.0,0.08554944677431893,0.20638018307986683,1.0,0.04867540201949293
0.1578107380819076,1.0,0.08748812938445684,0.2148960818841925,1.0,0.048553858342508846
0.16359087773854863,1.0,0.08597005114220321,0.21473238263614558,1.0,0.04855780059696687
-0.0030708512835742052,-1.0,0.011998369229045366,0.0508113561101331,1.0,0.023526098533286962
-0.02350962123721345,-1.0,0.01673918145491309,0.003064130215300498,1.0,0.028068275123231547
-0.026808900652649736,-1.0,0.01489999831261765,-0.04116536077795474,-1.0,0.029415021241670603
-0.04171943869627759,-1.0,0.018924191963539932,-0.04309463946308667,-1.0,0.02947785151593198
0.013375143662432754,1.0,0.031012083741862075,-0.12002972273936141,-1.0,0.040126310061853875
0.06258784474920165,1.0,0.043860147579842114,-0.15742254473297113,-1.0,0.04008687230695922
0.08682048993691893,1.0,0.03058186695264997,-0.5198754592859085,-1.0,0.11634297609230905
0.06721982137706561,1.0,0.031120099828262183,-0.5817817016084488,-1.0,0.11396145834804272
0.015362560801045033,1.0,0.008976885575760454,-0.6981807482347746,-1.0,0.10903143425747669
0.008781156153065961,1.0,0.012391751015132412,-0.7515168917484198,-1.0,0.10769069654538364
-0.05402121358698442,-1.0,0.027597765415915715,-0.7648055356330368,-1.0,0.1068944882339194
-0.09230686567555169,-1.0,0.01926273771266694,-0.6747755677089651,-1.0,0.11500556843535714
-0.09697684685679397,-1.0,0.016822191611820782,-0.6009453008966477,-1.0,0.11956739850432423
-0.14660347419187536,-1.0,0.043734844952201646,-0.5847318949071618,-1.0,0.11967689228665145
-0.14306608460766612,-1.0,0.04440579396205585,-0.5824687020334134,-1.0,0.11970514511452808
-0.5185002585190994,-1.0,0.1915518397121199,-0.6447939838433916,-1.0,0.11947066160564634
-0.4483768352066546,-1.0,0.20871327390321456,-0.5749144034972855,-1.0,0.11880470380776258
-0.47817035875260183,-1.0,0.2007281848754189,-0.6034456470470864,-1.0,0.1186945954718963
-0.1448209425255924,-1.0,0.017491508188658026,-0.22835742814439675,-1.0,0.05112458029033559
-0.11580401264752238,-1.0,0.03422297018586072,-0.25392140057064827,-1.0,0.05206213175063952
0.038767741326854566,1.0,0.07675838666344469,-0.20254142839945688,-1.0,0.05070993897469067
0.15935274700483815,1.0,0.047895855029787965,-0.17575368016207982,-1.0,0.04934930542049181
0.12605242713889053,1.0,0.06635392005248275,-0.14323772681110114,-1.0,0.051140113312617745
0.0,0.0,0.05497599356934492,-0.24854434340709064,-1.0,0.03862920041022511
-0.1408255298035379,-1.0,0.02634235207946784,-0.3436352635144386,-1.0,0.028110301473139965
-0.13678598278199905,-1.0,0.027532887687092118,-0.3122962567451828,-1.0,0.02916383713026526
-0.1640430296213391,-1.0,0.024691644158053375,-0.2887614033714567,-1.0,0.029582351396332605
-0.10206370282010457,-1.0,0.022026815921775623,-0.23656361852275776,-1.0,0.024422427647162338
-0.12738383228001737,-1.0,0.02357565000021658,-0.19389911013639738,-1.0,0.026095764204156085
-0.07726614010497235,-1.0,0.024456615907180953,-0.12904738483970313,-1.0,0.023114832643944178
-0.09221719454327548,-1.0,0.022745705191039963,-0.1093482344734591,-1.0,0.02345420836048641
-0.005120338887975251,-1.0,0.03235678569061166,-0.07418654835303151,-1.0,0.019186893435680388
-0.007235173680779194,-1.0,0.0325913401582909,-0.03671099181373272,-1.0,0.021711465325216416
-0.008528836347520663,-1.0,0.03314903838684529,-0.030174703122213042,-1.0,0.02103685927246026
-0.043006102795191126,-1.0,0.015662710292923432,-0.07126885352739842,-1.0,0.017745149475738683
-0.040217059964366086,-1.0,0.01609696930212659,-0.03698255579670695,-1.0,0.019635239750840878
-0.03375388481185704,-1.0,0.01246385086576892,-0.005367699415003813,-1.0,0.01745915926970589
-0.01838883617321363,-1.0,0.019760049707653726,-0.007530966201164446,-1.0,0.0174773460199062
-0.004329011089585499,-1.0,0.020896163861011015,0.039179177151945854,1.0,0.0207038320872708
0.02515168122919409,1.0,0.0052349953529486366,0.17295706390185028,1.0,0.03505483053469641
-0.0076712704966515055,-1.0,0.013875864864675727,0.07809253725620158,1.0,0.04450660984428211
0.015070252920998062,1.0,0.023907326169500715,0.05414713587585407,1.0,0.04503918409500258
-0.013043663192029431,-1.0,0.02923263288109805,0.05033170910242113,1.0,0.04505406031251439
-0.002202644062342163,-1.0,0.027202637584162408,0.08505677272516676,1.0,0.044574503107697276
-0.007506737663753427,-1.0,0.024294322456453733,0.012316995807038378,1.0,0.04619998829738836
0.016278167359688567,1.0,0.016510056927767882,0.04115454315855782,1.0,0.04553733392395051
0.02073178453104285,1.0,0.01485893751113501,0.021379522867411627,1.0,0.04632720049600667
0.03594467298428672,1.0,0.023609285964761254,-0.01027869476946286,-1.0,0.04584794371968666
0.14457087850499706,1.0,0.056472159046617364,0.019084752175615893,1.0,0.046673953585616865
0.0672346672841524,1.0,0.09570649698795157,0.03512111008772578,1.0,0.046752757916872056
0.010638947634322715,1.0,0.09632471019344296,-0.023748095132210878,-1.0,0.045679224188206025
-0.09747367357023506,-1.0,0.04259225802040474,-0.12601430465465846,-1.0,0.030025748077585394
-0.0007070350276863202,-1.0,0.01681875464174867,-0.07178062164392385,-1.0,0.021347618697426775
-0.02675988714781763,-1.0,0.030931074806713112,-0.04938625261371721,-1.0,0.021235675764647202
-0.02222082913589274,-1.0,0.03172409946661301,-0.042479251176899435,-1.0,0.02146492014459132
-0.0658798939200973,-1.0,0.024724698887711626,-0.07085664334605157,-1.0,0.020640287755719997
-0.030102428240254664,-1.0,0.016383941093293886,-0.0403779887013207,-1.0,0.017183318592020717
-0.005791623623253361,-1.0,0.028848058577832444,-0.04455199286194356,-1.0,0.017039078396662376
0.03447337175135701,1.0,0.018562427911576147,-0.015443482572315315,-1.0,0.015337555763189627
0.0224752726215387,1.0,0.02495413180188355,0.008770561337000604,1.0,0.015996949039581175
-0.0005281783252772954,-1.0,0.017203796425926125,-0.002643685778096927,-1.0,0.014399228919814365
-0.039667064447497236,-1.0,0.017281406601555548,-0.007640416046895027,-1.0,0.014056593345452398
-0.014999209847183614,-1.0,0.01849155863997885,-0.0058657449686445595,-1.0,0.013845662951185686
-0.01393862009247604,-1.0,0.018824470966581127,-0.03308572458576542,-1.0,0.014817252613106248
0.00021694327018595416,1.0,0.010682142789291613,-0.0183933365864819,-1.0,0.013211731660944503
-0.01775162323542112,-1.0,0.011557953167392273,-0.04798090621477069,-1.0,0.014576614861477983
-0.02429357082093686,-1.0,0.0077843964561019365,-0.0784278830574392,-1.0,0.015050441993138071
-0.01046673314636104,-1.0,0.008237750517870002,-0.03173470359059127,-1.0,0.018980845055962734
0.01904612179806664,1.0,0.008818766192774394,-0.02774087540641501,-1.0,0.0188172478176748
0.03611668346059327,1.0,0.009029295495338895,-0.028619513573869604,-1.0,0.018805410888760248
0.042276438276777295,1.0,0.005491277887238989,-0.04368484935877248,-1.0,0.01901361335212179
0.007838966315893536,1.0,0.01848743643815177,-0.05495401174625991,-1.0,0.018187593679053534
-0.030970217132945788,-1.0,0.0157686519509195,-0.06180331281142282,-1.0,0.01751120682187225
-0.05041998498708411,-1.0,0.004706646717729713,-0.08378824394861795,-1.0,0.017179474993732756
-0.057114371093309746,-1.0,0.006671793339692737,-0.18435592764388087,-1.0,0.03657685437139745
-0.059280778564149816,-1.0,0.007072775816797483,-0.15236837509065193,-1.0,0.037298300108376765
-0.013124423733923418,-1.0,0.033686016886740014,-0.13805621563406367,-1.0,0.0375629127808804
0.002488407572934559,1.0,0.030001276716543148,-0.16005710317708477,-1.0,0.038777975100938264
0.02551479866263273,1.0,0.022967378276382615,-0.13676493135492507,-1.0,0.038831848051541135
-0.02241687891454225,-1.0,0.006838656762564401,-0.1690203531064176,-1.0,0.03640571037230051
-0.008167014541778261,-1.0,0.009629528882176903,-0.18241193593451044,-1.0,0.03644079541723734
0.0029328842230400554,1.0,0.012806824569889652,-0.1722951706172129,-1.0,0.036938077090173736
0.0021730436869318304,1.0,0.013234314661740939,-0.16736639272637577,-1.0,0.03697683723089409
-0.12156294958172742,-1.0,0.06869008440404092,-0.12272117633754931,-1.0,0.041100361667591005
-0.1215352794121749,-1.0,0.06870048259803765,-0.1564812451042168,-1.0,0.04066092774309778
-0.10468795667252984,-1.0,0.07251199877591095,-0.1538270336648755,-1.0,0.04066138354804308
-0.03281554662651365,-1.0,0.031181211881886675,-0.021581700870911824,-1.0,0.023876731146601004
-0.04367733482842295,-1.0,0.02778339406986096,-0.004078516996957049,-1.0,0.025234187430401425
-0.044088561206277355,-1.0,0.02765663232916143,-0.04236659243850793,-1.0,0.027166028078895513
-0.01986642518449111,-1.0,0.013690286449110706,0.009523881511255272,1.0,0.023578241909984386
-0.01001544059965509,-1.0,0.01695948289709214,0.01123087711400883,1.0,0.023579916835162723
-0.020762918534500407,-1.0,0.01630941953244658,0.0017219687677694218,1.0,0.023691024120274504
0.05152374505518287,1.0,0.029827652721417273,0.024771970321839643,1.0,0.02260774870778734
0.018746809736036152,1.0,0.038459480241182564,0.012006547648919508,1.0,0.02249445225992193
0.01571240274843211,1.0,0.03907593082418749,0.013578214930236587,1.0,0.022438669548423173
-0.020423474115089935,-1.0,0.018663921415917002,-0.023318974953538074,-1.0,0.017023193901207715
0.030867448695084843,1.0,0.02030221985924776,-0.008067226188412047,-1.0,0.015865838206174845
0.006772484553837721,1.0,0.03363522084110067,-0.014089464875301605,-1.0,0.016328838896281107
-0.0017099642443465513,-1.0,0.03252265681893851,-0.03476750764765191,-1.0,0.015687803077039847
-0.028367940717457074,-1.0,0.022719443496832182,-0.05797010219620091,-1.0,0.012568398146149547
0.0,0.0,0.006494962801455082,-0.03968667664711889,-1.0,0.009136115040201153
-0.00461833637390674,-1.0,0.00499100454175142,-0.04993616022459069,-1.0,0.008730438781066508
-0.009239770064744413,-1.0,0.0039746500052212485,-0.08325594061187358,-1.0,0.011470679467398222
-0.008906672372033242,-1.0,0.0038006462408419974,-0.046179757413428835,-1.0,0.015620793108778584
0.0034327997798051513,1.0,0.010487911827552836,-0.054772844232298556,-1.0,0.0155921953464465
-0.0013269641012954025,-1.0,0.01164480575132787,-0.06605140080717486,-1.0,0.015804699410665556
-0.011955277057106084,-1.0,0.015559463186622968,-0.06709664859384912,-1.0,0.015816084464576923
-0.03187200680920377,-1.0,0.006001272772240034,-0.09245410673749,-1.0,0.014765256484935423
-0.019035427312704023,-1.0,0.01149861995347715,-0.07268920644583377,-1.0,0.015862884312171352
-0.018824727217979564,-1.0,0.01139616824402935,-0.03297001923756948,-1.0,0.017323943805993156
-0.01687861682128533,-1.0,0.011396839505870747,-0.03503300453945579,-1.0,0.017379216012611876
-0.05365377913312974,-1.0,0.013197200951401923,-0.06312300340334609,-1.0,0.018032132715213766
-0.006493080766309944,-1.0,0.030681619615349782,-0.048239503362565994,-1.0,0.017633392862767935
-0.00945502038161461,-1.0,0.03086414123725607,-0.05124959350551439,-1.0,0.017669503327533732
0.007964769739954303,1.0,0.02371894114332318,-0.01742932129809205,-1.0,0.015525254649893037
-0.029823563552453525,-1.0,0.003452039733636224,-0.07211624726922006,-1.0,0.013389377435588585
-0.034248462725386286,-1.0,0.003090443859222196,-0.04705236236488197,-1.0,0.014928733688203322
-0.007964769739954303,-1.0,0.013184400895446166,-0.014123924067007021,-1.0,0.01591593595020663
0.022171352299173552,1.0,0.017791539062890688,-0.006734032181344052,-1.0,0.015771738110307375
0.025549095388830434,1.0,0.01592613750852214,-0.011340627502488765,-1.0,0.01613677256599683
-0.009469224270216348,-1.0,0.02297669303643665,-0.029710177399456583,-1.0,0.015623361769780129
-0.03409421134297608,-1.0,0.010313226790617101,-0.04923719144553962,-1.0,0.013724365282707077
-0.03309520578734393,-1.0,0.010444086649315409,-0.051768100022917096,-1.0,0.013825179645819016
-0.007960097027875701,-1.0,0.0052293607711649285,-0.05131605588874866,-1.0,0.013771151565923864
-0.030369824672964008,-1.0,0.013793800418770463,-0.03081681864598762,-1.0,0.0152136879802106
-0.005257789240982191,-1.0,0.021314372368680688,0.046811306053498036,1.0,0.025636929234010012
0.01127016697103933,1.0,0.024803329471549354,0.04503282011187704,1.0,0.025651069746024185
0.03555865153542248,1.0,0.01080324768405212,0.11961858125422342,1.0,0.027083194733174863
0.0014632721370069213,1.0,0.0180056821935851,0.13076361799829916,1.0,0.027538473507364953
-0.023551023072403865,-1.0,0.008347150268247892,0.08361721336605665,1.0,0.02956567602048601
-0.020331806965022015,-1.0,0.00982601936736044,0.04181057988923831,1.0,0.0328194223961175
-0.014878377131597897,-1.0,0.007135571498590547,0.053382060365388284,1.0,0.032330381754357845
-0.03107510275950842,-1.0,0.012466999726479461,0.0568968648143624,1.0,0.03224279060243363
-0.01567383854342408,-1.0,0.020850671535728792,0.030913916295558952,1.0,0.033253028741858495
0.0654842002890712,1.0,0.046045760711666335,-0.00849546804102097,-1.0,0.03655295471252209
0.08838877897274999,1.0,0.03586665049310229,0.022209796469945253,1.0,0.035981194025118575
0.12006557522724703,1.0,0.03548556771959319,-0.005229746697277271,-1.0,0.035729461969541056
0.07869452270381894,1.0,0.024577751592388074,-0.08300092933072323,-1.0,0.028100150178633963
0.04985456022521895,1.0,0.04022178372848606,-0.0960049620180583,-1.0,0.028030591341317187
-0.04224934982956263,-1.0,0.03736943411322371,-0.12424718227627274,-1.0,0.023574964047332527
-0.07591828549590396,-1.0,0.018657674052339965,-0.15687398721750068,-1.0,0.020379440480329337
-0.050271371624098116,-1.0,0.022238474776897194,-0.1312873153841867,-1.0,0.019993990887076426
-0.03122847055870137,-1.0,0.011290015302810971,-0.08996121312202066,-1.0,0.01748823686725673
-0.07675590553800715,-1.0,0.024288439168219926,-0.14600540113620175,-1.0,0.02336948727290107
-0.06576217110392557,-1.0,0.02973261530380217,-0.14270540295963752,-1.0,0.023512586871946246
-0.0518175015362603,-1.0,0.03048072160611187,-0.07592601508277497,-1.0,0.02802651711051478
-0.009021261000631053,-1.0,0.009981760187185502,-0.03953808127601777,-1.0,0.02451135634407214
-0.029825979515253565,-1.0,0.0021463660980687443,-0.056634743949472544,-1.0,0.02425931972868927
0.001048139648251567,1.0,0.0184191368649208,-0.04222747612899003,-1.0,0.024363240562653724
0.0048214648170414875,1.0,0.017664720533380415,-0.030516820275386713,-1.0,0.024396582818999688
0.014572206859090553,1.0,0.014423570835556088,0.0006114338313385481,1.0,0.024913191543853852
-0.00796338067531055,-1.0,0.0016491219400420372,-0.027307522052851585,-1.0,0.024017583433563965
-0.06504969941460503,-1.0,0.03443491945045246,-0.025113563946638884,-1.0,0.024008710474140972
-0.061689459199548935,-1.0,0.035408912504075414,-0.027654348029592324,-1.0,0.024024389364661062
-0.017193272519455682,-1.0,0.052742596760442406,-0.04457519481012007,-1.0,0.02443742893330047
0.029711414322176832,1.0,0.030038646859598943,0.010055148161459915,1.0,0.016509444846010326
0.020308487906239403,1.0,0.0318963650402292,-0.0022464707778779847,-1.0,0.016889450819699933
-0.018118962582475362,-1.0,0.010020839625297775,-0.06025061257692377,-1.0,0.010272154101928374
0.0,0.0,0.007482873485863529,-0.04295236346397946,-1.0,0.010027064732765637
0.027420198265557527,1.0,0.008412452541972993,-0.04103797512210994,-1.0,0.009954872288360405
0.01596809372439001,1.0,0.012717944145914433,-0.04311012365372857,-1.0,0.009812240845186252
0.010224721145789317,1.0,0.013516853313350062,-0.06497461745946875,-1.0,0.01037176325800525
-0.013693575001840319,-1.0,0.0021911384545021174,-0.10088805445189264,-1.0,0.007537671491126596
-0.02523105343257903,-1.0,0.00841405792436263,-0.09512563823581255,-1.0,0.007851502789147044
-0.029880987306506235,-1.0,0.0069942151183724184,-0.09635881821272774,-1.0,0.007776807834056074
-0.036281581947834596,-1.0,0.005609045460263961,-0.10338295600900738,-1.0,0.007800484292468948
-0.03286869028625938,-1.0,0.003907431800773325,-0.06837341489949544,-1.0,0.010168591497903912
-0.023296097303262542,-1.0,0.009249146069473068,-0.061399099827205816,-1.0,0.010298014683464439
-0.01848301643799255,-1.0,0.0086772153013365,-0.05991202436869303,-1.0,0.01022289052295756
-0.0009784736592801657,-1.0,0.0055091702847920865,-0.04296365053236162,-1.0,0.009947485024241634
-0.022022253995489294,-1.0,0.010624007913154314,-0.04267269821400843,-1.0,0.009964702502444222
-0.032429881064225174,-1.0,0.01192349620538319,-0.01118984853335725,-1.0,0.012805151130562376
-0.03604742085769397,-1.0,0.009838021522194217,0.039038711828562,1.0,0.020238339178598838
-0.021159479607469667,-1.0,0.00880111101708481,0.0004983802744571442,1.0,0.026157923853429074
-0.016188476558955056,-1.0,0.005981748164822634,-0.027244039154880717,-1.0,0.028893059970591686
0.0015211699037380733,1.0,0.014963659918217024,-0.03897717041709292,-1.0,0.029032407575366993
0.005078731079015686,1.0,0.014637982305289914,-0.03032623853276295,-1.0,0.029135821798293098
0.007189349692479752,1.0,0.01365995621606402,-0.0245208355565385,-1.0,0.02900992189408525
-0.007458925919125559,-1.0,0.0066116562335283005,-0.022373061964735097,-1.0,0.02914463085767401
-0.004569695690065156,-1.0,0.007359890535115549,-0.020471543980187246,-1.0,0.029161855140880027
0.03023915939734323,1.0,0.012749152906018999,-0.07819666690560423,-1.0,0.03486087533435473
0.08102388870164345,1.0,0.025128934940570797,-0.06122034116514463,-1.0,0.03559174104330934
0.02114882449297628,1.0,0.05710052837585981,-0.048662945798927826,-1.0,0.036035300291732845
-0.04848407168574864,-1.0,0.06034054526267411,-0.06477022098800278,-1.0,0.03515209058040077
-0.11406330310334889,-1.0,0.0229749123928828,-0.06131134743768518,-1.0,0.03568611200597908
-0.05198409841468976,-1.0,0.02540913172813511,0.05995028330227914,1.0,0.03686238214789184
-0.01346527296061284,-1.0,0.00897681334867267,0.10149688635412923,1.0,0.03355958696042803
0.018125278356095897,1.0,0.012767402986553834,0.1192280379581585,1.0,0.03294194196030482
0.01493342563159139,1.0,0.012995793284148838,0.13894011208250623,1.0,0.03317834260460831
-0.046486481656585976,-1.0,0.0460450667561223,0.12743892752990238,1.0,0.03390057608617038
-0.04630620511953509,-1.0,0.04611301740972989,0.09562415154944759,1.0,0.034410396503390464
-0.03276109750880574,-1.0,0.049241089646384385,0.10959146980484036,1.0,0.034428967222984296
0.04366560531494468,1.0,0.005414711403975831,0.18379593966332486,1.0,0.024639322754049446
0.0809328824291029,1.0,0.02591101298903161,0.2884053997889242,1.0,0.03994946965566583
0.12976205359418325,1.0,0.030188409418679528,0.21588665135979523,1.0,0.04631635224764368
0.11778303565638337,1.0,0.03705711941351324,0.1731874534709088,1.0,0.0486760098883356
0.0664760822924948,1.0,0.03687301513925005,0.14365680073510667,1.0,0.04706872261194947
0.027005730365537328,1.0,0.014487224533524513,0.060983405818517245,1.0,0.04467981032624627
0.012476768215160305,1.0,0.02142044771722239,0.07321078924767654,1.0,0.04461089306867691
-0.005478608052615019,-1.0,0.023354301312660152,0.10426719262818285,1.0,0.04545444670506669
-0.01441521664607448,-1.0,0.018235640677452376,0.1029214900584674,1.0,0.04541225646139664
0.009870530476836503,1.0,0.01459724826573157,0.1081619197387722,1.0,0.04515984158162966
0.14647504311994153,1.0,0.06525387479239082,0.1069288974096847,1.0,0.04521494206449547
0.07353408404614914,1.0,0.09177726624392421,0.1353061529190609,1.0,0.046349415516032916
0.03305711912252862,1.0,0.09848652000474492,0.1484782155702411,1.0,0.046381136282128636
-0.06381571662471464,-1.0,0.043425259587361494,0.08096002417033343,1.0,0.03407529646011967
-0.025141191947094743,-1.0,0.03172224677031011,0.11138424238760969,1.0,0.02976862786286879
0.017806371433151114,1.0,0.02281193913680728,0.13169228602317062,1.0,0.027580562842354186
0.027086474185570975,1.0,0.0273035077426287,0.1288963901203739,1.0,0.02744344216952287
0.06894381460548749,1.0,0.013731913092953638,0.06976765098326476,1.0,0.03682310833099275
0.047427898706255966,1.0,0.025397824150034512,0.07039212544659623,1.0,0.03682836421774905
-0.002816903271113169,-1.0,0.021285897336407105,-0.013879276756161296,-1.0,0.03847890704043326
0.017969446214519014,1.0,0.03328338873178821,-0.070269195846556,-1.0,0.03861988800337432
0.0501868263083054,1.0,0.029249597007636158,-0.13502287652949052,-1.0,0.04381858522570291
0.12050616988059026,1.0,0.01877074075370427,-0.08888516631311782,-1.0,0.04555792049006763
0.04961217351469793,1.0,0.041552701883295254,-0.10548044849558114,-1.0,0.04406938210990636
0.016271189575458145,1.0,0.04465165342804755,-0.09441099429996536,-1.0,0.04482786829534701
-0.015879350674674164,-1.0,0.026414327380430615,-0.16079939026320567,-1.0,0.04000547876638414
-0.06675778335143967,-1.0,0.05136627594998948,-0.11613142817101663,-1.0,0.04074906350553994
-0.04349378914342328,-1.0,0.05493460456876231,-0.08371554694854444,-1.0,0.041525062287366354
-0.11568919269096423,-1.0,0.044204317468443784,-0.12227098780614254,-1.0,0.040360176239726805
-0.07109303222433327,-1.0,0.029780525652362198,-0.04491352664256221,-1.0,0.03439338302473381
-0.1579871032698308,-1.0,0.022665057828732623,-0.07609681436142646,-1.0,0.034474716789196336
-0.0778227928280697,-1.0,0.05511910965874012,-0.043577022102373686,-1.0,0.03210841729643438
-0.017241806434506124,-1.0,0.062034534681063416,-0.010220040077311143,-1.0,0.03077343805947103
0.09079870853783056,1.0,0.0022582926394112707,0.06263613959959757,1.0,0.01939667330366073
0.04859194593050242,1.0,0.022677965791174353,0.02901836729054441,1.0,0.017466089145502108
0.03896119383926244,1.0,0.02081526106335314,0.003890473259641869,1.0,0.01554444835724073
0.026966636926879062,1.0,0.016391344226888236,0.009406045761061854,1.0,0.01657211141550293
0.022649051782388963,1.0,0.01888382615731234,0.2012312111512471,1.0,0.05447174469537482
0.004460118177014749,1.0,0.01653364407011672,0.13129385154157536,1.0,0.057937220491189635
-0.035875056556305296,-1.0,0.010992024878702815,0.11687058377210624,1.0,0.05791092404311915
-0.03699522698719537,-1.0,0.011127160035689988,0.15217999314439812,1.0,0.05747644262293831
-0.03639954565908221,-1.0,0.011457650625525465,0.10419704839452804,1.0,0.060050329492910025
-0.019254149308806756,-1.0,0.008159773878925837,0.10991226481373761,1.0,0.059810312211366665
-0.005227403435151601,-1.0,0.0025590271430900465,0.13079041329310037,1.0,0.059333554102163094
-0.0031312930975531117,-1.0,0.0035936329831679583,0.1141206045832579,1.0,0.05979010112614505
0.037568614699294844,1.0,0.020624544334112063,0.11032796898172315,1.0,0.05988070994899071
0.2208047897912051,1.0,0.09526687740969944,0.11154083897092937,1.0,0.05986232150245903
0.16636457212119593,1.0,0.11800015076310276,0.13580628219199076,1.0,0.060028594728324114
0.13443117493792345,1.0,0.12197568662238756,0.060904170305092986,1.0,0.061088210535850465
-0.02640216622446001,-1.0,0.03812678859744789,-0.13724350247596329,-1.0,0.025171256696365635
-0.022636684970032572,-1.0,0.03600915880318714,-0.051506292604495574,-1.0,0.02485489714827648
-0.04283337551467392,-1.0,0.034548292554363064,-0.0548649875670737,-1.0,0.0247682244125585
-0.05838480683849312,-1.0,0.026920413254083682,-0.0846045291886508,-1.0,0.0234220458589304
-0.026475989470352346,-1.0,0.01241036732200625,-0.051082272940861984,-1.0,0.01981805205243613
-0.018838445140821225,-1.0,0.010926059455433039,-0.020715121294828887,-1.0,0.02013159704958061
-0.024476977757322604,-1.0,0.007970666442101601,-0.019000439658849455,-1.0,0.02019357586675742
0.018554384511179745,1.0,0.01844356808258184,-0.03638240203128085,-1.0,0.021880452187403483
-0.011855183977335315,-1.0,0.03298399132964578,-0.026599478385644915,-1.0,0.02184981555302218
-0.02797955165568755,-1.0,0.0333623921254273,-0.011992328590226808,-1.0,0.02237691851376008
-0.0209480026752904,-1.0,0.03721103441373185,-0.03597175943575115,-1.0,0.02065808260719548
0.018662017065756764,1.0,0.025537689617115097,0.00040647653157765973,1.0,0.017350406800848348
0.026236807062852474,1.0,0.02238360820553794,0.0009637227977941087,1.0,0.017303520187858388
-0.022212665306398982,-1.0,0.007775445241147148,-0.00493828164058252,-1.0,0.016307290192721993
-0.00868350924242911,-1.0,0.015305095759539943,-0.0457222493380951,-1.0,0.019864027719305073
0.007219282691308226,1.0,0.015049391775525127,-0.036203666978244176,-1.0,0.019841770599457728
-0.01177611856077121,-1.0,0.025829380945452552,0.03162106969666745,1.0,0.025217536669284273
-0.024722802231637253,-1.0,0.022022502258480587,-0.0033599924090976785,-1.0,0.025742648509043755
-0.017468866688699958,-1.0,0.024792698157532166,-0.022224633516222614,-1.0,0.02581894900700448
0.018965027106709442,1.0,0.007097281963554621,0.007683901691915018,1.0,0.023860038114065247
0.01515077093988726,1.0,0.008576631986980042,0.005212631830334935,1.0,0.023862476541782317
-0.015023500267666634,-1.0,0.009629287378137218,0.004733256520948359,1.0,0.02383722559608131
0.010085475119878229,1.0,0.022436307590169836,0.0041810027862538846,1.0,0.023832317224346984
-0.027466708803915996,-1.0,0.03443931964400638,0.021044942621757823,1.0,0.02415693372727747
-0.01093058271318581,-1.0,0.034190314728111695,0.04084951581485896,1.0,0.023524258828060685
0.014346686030850986,1.0,0.0467334272617173,0.005337616088485042,1.0,0.022340843667076015
0.03367874768656831,1.0,0.03802248480894697,0.06847291827102575,1.0,0.019201761322604618
0.021198316153329788,1.0,0.04034000624037881,0.042756682738382956,1.0,0.0211327538345764
-0.03571328656552364,-1.0,0.008489374818586378,0.013883654573848325,1.0,0.015957033385581403
-0.01615017799220464,-1.0,0.005575532373755675,0.03920517929334988,1.0,0.014431144330079656
0.009489023348471015,1.0,0.009468771955707996,0.05240273049267463,1.0,0.013674402485191585
0.015462128201048309,1.0,0.007840115462534495,0.07223165231624584,1.0,0.013828273981327655
0.030983081731310147,1.0,0.00684938582262251,0.03376472469318692,1.0,0.019061057312543078
0.021092759026243968,1.0,0.006577298106347513,0.031082326851107567,1.0,0.01893332699134947
0.011242088422109386,1.0,0.010998730115783015,0.04190888681508165,1.0,0.019181101179264297
0.019961266845351933,1.0,0.015512024213997931,0.014223866832523413,1.0,0.019392201848738203
-0.009023415789661815,-1.0,0.024383968803523556,0.01494717745695251,1.0,0.019403217927229245
0.02289272451621427,1.0,0.028162758367640685,0.024712088240939956,1.0,0.019210327006647415
0.004411008708892439,1.0,0.024854050879816122,-0.008618491581441567,-1.0,0.01824820958941473
0.030844363907621464,1.0,0.012412604223777088,0.014293520213898514,1.0,0.016615815219594102
0.02263471117687388,1.0,0.007738428723380904,0.007515909424569145,1.0,0.01584932249802199
-0.021590632592367598,-1.0,0.028864979219274983,0.002069055438767453,1.0,0.015796800018131472
-0.01183138029309605,-1.0,0.030827245715288103,-0.010785628563806604,-1.0,0.016127129612255785
-0.014860637300115886,-1.0,0.029868221706930816,-0.035990939578158354,-1.0,0.015306652625405521
0.01144222387064664,1.0,0.01469855538239864,0.0005289606047695905,1.0,0.010177158188015708
0.004957609632088911,1.0,0.013470215874491622,-0.024225157124970753,-1.0,0.010194451066952792
-0.005954710152032305,-1.0,0.009724266837796591,-0.008815198385168976,-1.0,0.012903558850349503
-0.002881091568613048,-1.0,0.00796751384735911,0.008334466788735284,1.0,0.01234454353388083
-0.00967707303271581,-1.0,0.006288619112975874,-0.013890932309901238,-1.0,0.01329861908409126
0.005696545699843458,1.0,0.014279041935493321,-0.0031209388141113514,-1.0,0.013905675514414234
0.01509855572910146,1.0,0.011001603462308076,-0.006446966609698013,-1.0,0.014149508201172318
0.005765215129916346,1.0,0.014677344292262395,0.007853443505570823,1.0,0.014612574636443347
-0.02087213782585362,-1.0,0.005593953549617426,-0.014826646946575206,-1.0,0.013639929224723379
-0.02313072742636546,-1.0,0.004328653210755419,-0.03189455990885648,-1.0,0.014439298725285758
-0.0252709088542602,-1.0,0.0052869740727445125,0.00923343578029856,1.0,0.016876310593019164
0.012315103892873491,1.0,0.02191005060053925,0.005521244471465625,1.0,0.01710265247443982
0.019247730054612333,1.0,0.021153668902689413,-0.00357592593487821,-1.0,0.01746316350569036
0.015291834447158426,1.0,0.023048916633955266,0.007076603401968473,1.0,0.016998809419728558
-0.00026045058097468043,-1.0,0.015664952508541316,-0.06592837542662489,-1.0,0.018986346351438758
-0.017662524967046345,-1.0,0.0165747592863178,-0.06967858368150459,-1.0,0.018845701653289672
0.01206730278275625,1.0,0.015070557468533826,-0.06318463907014538,-1.0,0.018573848557155624
-0.006009162432620396,-1.0,0.013106260825904568,-0.11206873439294451,-1.0,0.01951427461318281
-0.010349037570057007,-1.0,0.015079774692043087,-0.09302925616243884,-1.0,0.019926074555963843
0.007145207404644083,1.0,0.024606735144420248,-0.12230759765754362,-1.0,0.0190150284702902
-0.0005242464078127895,-1.0,0.0261047237124618,-0.10082852254277164,-1.0,0.02050426135627559
0.005187906547612808,1.0,0.024334094177259395,-0.0947768464583496,-1.0,0.020328094647685046
-0.027427741232590286,-1.0,0.005510516766121597,-0.11062425496276518,-1.0,0.01804065091178931
-0.05913451600521702,-1.0,0.021822961924336023,-0.07993346700531179,-1.0,0.019618586752813204
-0.04685492769201405,-1.0,0.024923494487384425,-0.058884727262497716,-1.0,0.02003427105937484
-0.054969408024955424,-1.0,0.023217126029804858,-0.05848979467833848,-1.0,0.020038388700922134
-0.04640080954729431,-1.0,0.018454147865741576,-0.03813090387322937,-1.0,0.017028774961289888
-0.0410131974479806,-1.0,0.020858075520988832,-0.044932209648715915,-1.0,0.017016482211345104
-0.047055655804641994,-1.0,0.02074882254837238,-0.024618817168816864,-1.0,0.017248231068707487
0.00523104941755248,1.0,0.017071057804945042,0.00624502792117454,1.0,0.013698323389954283
-0.012096627865967768,-1.0,0.017987321138037134,0.012953549000391362,1.0,0.014059527849742199
0.018828550099422525,1.0,0.015586464067580385,0.03318423734826048,1.0,0.012863509964079136
0.02037080912964706,1.0,0.016109550103514097,0.016671843466668168,1.0,0.012121030658643247
0.0410800257434647,1.0,0.004510434509009381,0.033593586370671336,1.0,0.011429214402106347
0.024706719051836412,1.0,0.010249067179717596,-0.002316156217830212,-1.0,0.012849136355508762
-0.017331952873134604,-1.0,0.016773360193113325,-0.014878672185302921,-1.0,0.01168641625404905
-0.03290241007823225,-1.0,0.011460058635607003,-0.013887143964744997,-1.0,0.011768976187711248
-0.021098430515433808,-1.0,0.016702226259499863,-0.00849983867911197,-1.0,0.011820101753788052
-0.002024877752890397,-1.0,0.008769913955932247,0.005044328632310524,1.0,0.009883504912386099
0.01687256120112668,1.0,0.009242982354104826,0.015011829253678055,1.0,0.009663298308417676
0.010747398712435352,1.0,0.008646237120513461,-0.004186824855691995,-1.0,0.009778493989488065
0.01565786496304611,1.0,0.006410204177101485,0.004910466250610757,1.0,0.009745286120457218
0.008543409504312205,1.0,0.002656845049904768,-0.013243320083264898,-1.0,0.009107196010859783
-0.016671843466668168,-1.0,0.014422422322628168,0.004550633563996431,1.0,0.011113965201258203
-0.011179706522324029,-1.0,0.015766487799610172,0.03184223014330678,1.0,0.013553883749803038
-0.006400704591951634,-1.0,0.017295692521718194,0.024785977944631554,1.0,0.013583565230692825
0.018523036590554653,1.0,0.0035725465326956218,0.02264031364986474,1.0,0.013937671452243694
0.0025910479444788415,1.0,0.010403915076148478,0.003309593638971542,1.0,0.014585144641560615
-0.004003436859809195,-1.0,0.007888725289447862,-0.005580611177708583,-1.0,0.014266458046528919
-0.016785416692013833,-1.0,0.007835143954279715,0.03302384882847775,1.0,0.018761384062862423
-0.0021587401345901647,-1.0,0.00786388300730867,0.03655759573379758,1.0,0.0185621765072163
-0.011382588135816274,-1.0,0.007196753635706131,0.028250466285851594,1.0,0.01870037922403498
0.01948485713212378,1.0,0.01357650100787954,0.05420427328172828,1.0,0.01866898739311362
0.042589628855742134,1.0,0.017576578513834255,0.04231346204923714,1.0,0.01900072585008808
0.04657270753220866,1.0,0.01531855594929845,0.039493768955881414,1.0,0.019143167962577746
0.0014178366192001413,1.0,0.025759515592687503,0.012688736434090409,1.0,0.0184296522314534
-0.03971234302665927,-1.0,0.011152588232909828,0.004270861351608701,1.0,0.017475843055976277
-0.03676729371429177,-1.0,0.012687223281735951,0.013190628185949294,1.0,0.017565438831956597
0.028906571769167666,1.0,0.028675503934589362,0.04420532664908672,1.0,0.015707723386538523
0.035839050039304876,1.0,0.025991739859840962,0.01383858306654906,1.0,0.020501766103456765
0.029827640603750982,1.0,0.02743220583119266,0.052956424896497545,1.0,0.0234052711831447
0.004395007761236691,1.0,0.01277056898065288,0.01326333793458323,1.0,0.020266996566917588
0.003597126180849397,1.0,0.013037591398866025,-0.007372920649593162,-1.0,0.021824256368869952
-0.00013928546578645395,-1.0,0.014045709368668467,-0.005586606708639419,-1.0,0.021798721574650883
-0.02203067971551409,-1.0,0.0014694097405348902,-0.023152070357278287,-1.0,0.021160966403708726
0.004547028158113697,1.0,0.015100928474259359,-0.023474600352830777,-1.0,0.021169171068893333
0.020269566762276536,1.0,0.01230469792667592,0.0026431120624930138,1.0,0.021758513538964925
0.03293442683419645,1.0,0.006838404120403622,0.038476853999430016,1.0,0.02327416701813036
-0.03014462131171891,-1.0,0.029581079328380548,0.02779274664473297,1.0,0.022820266905908985
0.00299850299625648,1.0,0.04254778256705399,0.014365337154914837,1.0,0.022892204181587744
-0.0020354169453358217,-1.0,0.04229503208653025,0.03385184640533101,1.0,0.02400071854039902
0.014627546323162655,1.0,0.03400198247949807,0.0475885087108856,1.0,0.021778599677512236
-0.02871539100138598,-1.0,0.015760899386161622,0.030953097477012914,1.0,0.019686870790211364
-0.032020400530624826,-1.0,0.014632878046441979,0.050974036692935876,1.0,0.020457650138288246
-0.012504553522388218,-1.0,0.0034447656993716277,0.0759314173752057,1.0,0.018060088220771767
0.008090433305345979,1.0,0.01325647884115175,0.06846985892272794,1.0,0.018535490816860935
0.039598244641194214,1.0,0.019429826445263493,0.07170074932629555,1.0,0.018446116018974397
0.05581437515567744,1.0,0.010998635392384215,0.06433526281764079,1.0,0.019066480733884544
0.03199179185469836,1.0,0.018330855968332085,0.043230871894379685,1.0,0.018814827733316896
0.028309419240097444,1.0,0.016399582330758708,0.025027930438669355,1.0,0.017143298477167827
-0.010348859245566278,-1.0,0.02855349165750878,0.015785961555903505,1.0,0.017051501062875212
0.019586263318354558,1.0,0.03207112053668214,0.017869524699300143,1.0,0.016977306381590965
0.015086773342269044,1.0,0.030753654236325503,-0.09405294398561415,-1.0,0.028717667502993566
0.042970454987482753,1.0,0.014668004337047217,-0.10548061053292157,-1.0,0.029708729692971086
0.008801370444329049,1.0,0.016920268191706982,-0.12626327728133768,-1.0,0.028215127651149956
-0.011293687897265148,-1.0,0.006267512715161542,-0.13082433328526388,-1.0,0.027765443095890956
-0.024100708079953126,-1.0,0.00887964340114418,-0.09852486641897285,-1.0,0.030111471649113385
-0.01714855372300228,-1.0,0.008806095735781479,-0.05511406774117278,-1.0,0.032332187497613435
-0.007074574246431986,-1.0,0.01368901827686491,-0.06526985899600524,-1.0,0.03228167807086466
0.007265073893940155,1.0,0.008308476834169536,-0.03713883033756904,-1.0,0.032513794232591736
0.006630444659618817,1.0,0.008542694619369004,-0.07484513329775933,-1.0,0.0343364730010477
-0.09077145518418606,-1.0,0.04786669204544189,-0.10250137028613393,-1.0,0.033933978692059955
-0.13161543133439135,-1.0,0.04067501655398062,-0.10846556238478566,-1.0,0.03385790433415674
-0.12454653866228327,-1.0,0.04417469911834743,-0.13296510912787918,-1.0,0.03427701664854781
-0.021684615957380693,-1.0,0.030888192043335542,-0.051399381515492504,-1.0,0.0250139343495151
0.04992619910143148,1.0,0.013447575621037216,0.019034031888467418,1.0,0.023609888917813886
0.07995057998449395,1.0,0.00819620252048126,0.008051333190328247,1.0,0.02376884672894729
0.0542607863919935,1.0,0.02292909290174314,-0.01497100517732708,-1.0,0.02322185770071664
0.03728532800145068,1.0,0.020601349828956887,-0.016995944183181066,-1.0,0.022982537852367296
-0.03687961927958883,-1.0,0.02723315647794349,-0.033730010376692654,-1.0,0.02114725315025507
-0.04430608553656068,-1.0,0.02702905675462747,-0.029988102850552423,-1.0,0.0210860288269087
-0.06406165815327647,-1.0,0.01781104563589984,-0.047332778680564846,-1.0,0.0205337796218439
-0.051489531170501035,-1.0,0.010920276040896279,-0.011102413804305211,-1.0,0.01688194504086462
-0.03966946641354463,-1.0,0.013509004347314297,0.017328953488990884,1.0,0.016604592719234663
-0.004115837061138272,-1.0,0.028714354969812207,0.04081612681930835,1.0,0.01689831030352189
0.016469903655924156,1.0,0.02006963501647264,0.08961215868968697,1.0,0.014106471364990061
0.014743760380784732,1.0,0.020495086331671155,0.08773103310083608,1.0,0.014254355828424931
0.013896223029782995,1.0,0.020006675289769123,0.07612600903711275,1.0,0.013023916911782464
0.03816923641747305,1.0,0.016934606610950583,0.07864811890828527,1.0,0.01278723232702059
0.039243688718768155,1.0,0.01635283044256132,0.05858445086009523,1.0,0.015543856862772248
0.006948493504066899,1.0,0.011970653188416122,0.0256700120774922,1.0,0.01397860046364464
-0.014252022707201384,-1.0,0.00026968193634229214,0.031100796933780206,1.0,0.014549308902913997
0.0030109708029826265,1.0,0.010113247065922204,0.010143668660409944,1.0,0.016602013459978644
0.02408724734659673,1.0,0.01149453226204545,0.038071533413369885,1.0,0.0176902560307182
0.04922504132349115,1.0,0.003699142382173753,0.04521424831116816,1.0,0.017507221141750778
0.030732613198300562,1.0,0.014023135233952998,0.057174320815953195,1.0,0.018379328098867196
0.031194045156666128,1.0,0.014127716201842545,0.017450013525492025,1.0,0.01961511982011559
0.005505863874522454,1.0,0.013074575890846069,-0.017684788684644737,-1.0,0.019200661879038235
-0.014402821859956116,-1.0,0.021338926731730715,-0.011028240479810325,-1.0,0.019159983742358153
-0.03655977392983756,-1.0,0.011724175181624915,0.010725783363139563,1.0,0.021843703922978307
-0.009378085557032012,-1.0,0.023715818816519813,0.03321039547204663,1.0,0.022196391613588988
-0.009197093480917129,-1.0,0.02362966718061507,0.060790308172542495,1.0,0.020327383978351293
0.019350014839944585,1.0,0.027719454769006006,0.03464694372506383,1.0,0.022783201425535384
-0.00013857132981343057,-1.0,0.024501284910845827,-0.06956707776157645,-1.0,0.03271284727842574
0.05004162295852588,1.0,0.012660797864577794,-0.01734934906691965,-1.0,0.033315141099650884
0.0034657274587188702,1.0,0.023959519658113458,-0.044729540350397556,-1.0,0.032389367004623255
-0.013673995672321748,-1.0,0.025614777456981166,-0.04913667652606479,-1.0,0.03234247142906034
-0.03746994809746296,-1.0,0.012251804712710703,-0.07275680318717948,-1.0,0.031130869950150186
0.024469814994313666,1.0,0.0276088855084326,-0.041537260872088755,-1.0,0.0308670369617644
0.05640104803121382,1.0,0.018995275091529217,-0.007190725379283336,-1.0,0.03128349785611904
0.057415726792396704,1.0,0.018518701303350874,-0.011009285508369437,-1.0,0.031286919518138466
-0.012638613567913293,-1.0,0.02468653098088363,-0.06312605975667118,-1.0,0.028808743303213417
-0.11215555879065509,-1.0,0.04257102007282512,-0.08446756725948834,-1.0,0.027964566813220064
-0.08733675072037927,-1.0,0.05469521762866866,-0.07855276451238247,-1.0,0.028186868697627085
-0.0600264692355168,-1.0,0.056378823869410066,-0.05814036058787764,-1.0,0.027149548748102974
0.020291829905698222,1.0,0.017266127525181887,0.031149699877747405,1.0,0.011766481210877595
-0.005365831161733947,-1.0,0.002580544416471808,0.01393200272539774,1.0,0.009368626295908221
0.006658006937027672,1.0,0.0052501059006480446,0.003768666585422409,1.0,0.010296746152814234
0.02827195547445971,1.0,0.009221512559710536,0.005516054050174635,1.0,0.01026832909639117
0.02427756958134708,1.0,0.01113237625868598,0.009407407101895693,1.0,0.010348709202834414
0.002881016109731238,1.0,0.016710598174659173,-0.03195347329551668,-1.0,0.013987382337794464
-0.020875793848991187,-1.0,0.0056544996353052835,-0.047079444896848344,-1.0,0.01242358323301383
-0.010127752211616325,-1.0,0.010643565667506667,-0.03671463090999971,-1.0,0.012848465884821308
-0.007652914399119748,-1.0,0.00951016094818019,-0.07030887759890803,-1.0,0.01795767925750139
0.003461708346580661,1.0,0.010502473155549131,-0.07405240147057723,-1.0,0.017963853056107135
0.005148016517400933,1.0,0.011063908583047382,-0.08416109296012309,-1.0,0.017481100181031804
0.0018825579377832469,1.0,0.012936147514766972,-0.12472839184216555,-1.0,0.021721184763855178
-0.005341815921874549,-1.0,0.011885492990333896,-0.146095854198931,-1.0,0.021063208686575102
-0.009890426785235995,-1.0,0.00985088055569352,-0.17422434656133534,-1.0,0.01997388177772162
-0.029064132943911414,-1.0,0.020713443525816062,-0.1809336315191068,-1.0,0.020058524213109875
-0.02432354347256327,-1.0,0.021902526238319533,-0.15586513844219985,-1.0,0.02282100564681202
-0.021844468430548325,-1.0,0.022672469640205462,-0.13324333270606825,-1.0,0.025240075454697152
-0.03547438819366011,-1.0,0.030526891331351346,-0.07465806499575844,-1.0,0.02618464754096137
-0.04784875042272008,-1.0,0.028019810651096655,-0.06875981816965382,-1.0,0.026451274713039066
-0.0575742142617397,-1.0,0.024282938184638198,-0.084284612929439,-1.0,0.02612899765640324
-0.062072428642377275,-1.0,0.02686274247905301,-0.05210584013795172,-1.0,0.023129621451041003
-0.06858174438177311,-1.0,0.025583321606108825,-0.05945835025400115,-1.0,0.02333791953563151
-0.08491523708381132,-1.0,0.02020411396479884,-0.08355792435422194,-1.0,0.02411607766568946
-0.054322681739157996,-1.0,0.003142316795150234,-0.07907164127066402,-1.0,0.023386222142525556
-0.015111100165143387,-1.0,0.025595799704755583,-0.14134626624210034,-1.0,0.03101896339622143
0.031090587070031095,1.0,0.02714415454464517,-0.0864867422930713,-1.0,0.03382656785998168
0.07721143357943694,1.0,0.0015930073723647656,-0.07597678226592075,-1.0,0.03357406171972594
0.06278177679998276,1.0,0.009483880780244919,-0.09097177820572666,-1.0,0.032587203406312625
0.02711425134608092,1.0,0.016686589599518197,-0.13043265311506103,-1.0,0.030655620721781136
-0.012922163335853387,-1.0,0.0128869052986629,-0.19112281289146704,-1.0,0.029134268935914844
-0.038547282507067404,-1.0,0.0040974923033532664,-0.21546733746512503,-1.0,0.027985148617121376
-0.056847525686522626,-1.0,0.006493916803512801,-0.23774588411074316,-1.0,0.028013456939092768
-0.08903822977508957,-1.0,0.01598455519176652,-0.20717675779213085,-1.0,0.02983668021468867
-0.1504696603698723,-1.0,0.02542414794362017,-0.18205739089623574,-1.0,0.03083134118430445
-0.08784405502266068,-1.0,0.05864478307316036,-0.1319340641791822,-1.0,0.03251575703095767
-0.05122782273441473,-1.0,0.05688573244734722,-0.07987981589995119,-1.0,0.030691342651972715
0.03526338787123029,1.0,0.023387048547522687,-0.010806743535102026,-1.0,0.02135809743399527
-0.012855323751958636,-1.0,0.011957417072694826,-0.04777254069477932,-1.0,0.017909695800925437
-0.03793459704610935,-1.0,0.02250580146912353,-0.06871232722925491,-1.0,0.019540056141746972
-0.06171378245941561,-1.0,0.012982112449514329,-0.070622086446678,-1.0,0.019412178504937205
-0.08019897964960121,-1.0,0.011076459467285138,-0.06647802185503782,-1.0,0.019331573291120924
-0.028976108236517195,-1.0,0.023414000938697943,-0.028576188215190257,-1.0,0.01693989359486928
-0.005137335938178111,-1.0,0.02504734947695147,-0.03407826254318014,-1.0,0.01736059993037732
0.04896429424503834,1.0,0.007085435691965575,-0.022602153856431606,-1.0,0.015963370737185383
0.03825871211709009,1.0,0.009737224540310072,-0.020610953904124596,-1.0,0.016172006528034858
0.020780986991261408,1.0,0.015891601967511826,-0.02690385113992466,-1.0,0.01587252570471465
-0.003682531538257816,-1.0,0.006482228778234614,-0.06679811730864493,-1.0,0.014017474086675787
-0.04006033406371845,-1.0,0.015998712304857814,-0.10760879025188341,-1.0,0.01602337107181133
-0.024551955040345685,-1.0,0.020502150731280196,-0.06949191499726703,-1.0,0.019622884446676585
-0.03156080491221713,-1.0,0.019616171263474234,-0.0707975502581415,-1.0,0.019596153833013333
0.0022015419679553005,1.0,0.007819652080567797,-0.04508036395350201,-1.0,0.017890600502560017
-0.02516995855591775,-1.0,0.01110663278240949,-0.06723320707195013,-1.0,0.017756346984264447
-0.036323111650995,-1.0,0.012572860551870072,-0.055627110165963334,-1.0,0.01794178122652139
-0.021010873925451534,-1.0,0.0214104308367067,-0.11468906642345456,-1.0,0.023173859893702606
0.002037075465077365,1.0,0.01846222423446856,-0.14054732411613502,-1.0,0.025314842010528884
0.004768330792825015,1.0,0.017022341510789216,-0.16354630171700224,-1.0,0.026742057356493397
-0.04873912423066873,-1.0,0.019527334641413718,-0.1575592317673542,-1.0,0.027427056256783634
-0.021807076866080966,-1.0,0.033889190450924124,-0.15296429933456457,-1.0,0.0277073421586847
-0.007681964487754378,-1.0,0.03299593236422583,-0.10409738176995242,-1.0,0.030593332228731274
0.02246809223466295,1.0,0.019742700382751437,-0.01991838962338921,-1.0,0.03333773149517786
-0.02229324711502878,-1.0,0.006432106018657309,-0.03578237146329988,-1.0,0.0322567870647066
-0.016390364820038972,-1.0,0.00919573112294475,0.02001511156497049,1.0,0.03618115105890991
-0.06740716050199724,-1.0,0.03100491199472078,0.02217937325975816,1.0,0.03614677121336662
-0.09848407560010264,-1.0,0.03221317044415934,-0.01435175110005904,-1.0,0.03907475497950599
-0.1442423032020339,-1.0,0.007657627931880028,-0.026404882773373384,-1.0,0.03908898442087686
-0.06388103926935118,-1.0,0.039010804486240294,0.04622441548799827,1.0,0.035332366287418406
-0.010379899753352184,-1.0,0.034251266626684714,0.12968099474530437,1.0,0.032828802219097786
0.06421725073987483,1.0,0.012560080693205853,0.16313058772223954,1.0,0.02915807897568093
0.08890171791329626,1.0,0.020433452243362637,0.11990527753950264,1.0,0.030437860284763262
0.09537485100518373,1.0,0.01704474824665975,0.10160673965988654,1.0,0.031007618341815174
0.11643052884716854,1.0,0.02136781611887826,0.07960123385017814,1.0,0.030083741866623326
0.06456585511781032,1.0,0.02926773662006506,0.020561269748391453,1.0,0.027337093779175498
-0.0008626267517879427,-1.0,0.052480105398911875,0.005160192056576918,1.0,0.027050983093505815
-0.06281035915838284,-1.0,0.026229227714618324,-0.07045315212027736,-1.0,0.02180921919932939
-0.04336211827375713,-1.0,0.03396430639721957,-0.04808315708528088,-1.0,0.022958066849292073
0.04554867024526077,1.0,0.02303205550230774,-0.007362527844486877,-1.0,0.017793114954368482
0.04529316729357902,1.0,0.02316203762362052,-0.030928022859671778,-1.0,0.019887588304825635
0.00979982278215319,1.0,0.030421569188490514,-0.017711046107274697,-1.0,0.021322350451063263
-0.038454154838770016,-1.0,0.005889238735017619,-0.03098426630016826,-1.0,0.01935228341958801
-0.019312103132186564,-1.0,0.015482657997954768,-0.03447523401482844,-1.0,0.019474982901060405
-0.010442289877814925,-1.0,0.012241753765453453,-0.030784908701535052,-1.0,0.01921555217905922
-0.001071696598125893,-1.0,0.010672218161627233,-0.037097860887185696,-1.0,0.01953457749386124
-0.03362385712328697,-1.0,0.010424133065407166,-0.047974473196912726,-1.0,0.019085988923734396
-0.004078571715862012,-1.0,0.02039597964010019,-0.027363270740942802,-1.0,0.01935799577818184
-0.013385346652851737,-1.0,0.021028296683758545,0.00939174459282155,1.0,0.02225727259765319
-0.02328522989777726,-1.0,0.025445509650540737,0.059979701828649645,1.0,0.022361499668673897
-0.01299000729575095,-1.0,0.030938658936101416,0.05278712321896295,1.0,0.022049482795725262
0.021926931789579385,1.0,0.033947078439212894,0.05497050688998684,1.0,0.02192511438070395
0.04174595613842236,1.0,0.022545014027892215,0.357751322030726,1.0,0.07821580728930495
-0.0032740398121071657,-1.0,0.02227960479006256,0.22658065361242485,1.0,0.08698541792575268
-0.04456774942578745,-1.0,0.0025339371899912337,0.178486869521429,1.0,0.08780517929942333
-0.03281134231427085,-1.0,0.009290693220998448,0.11166724870551192,1.0,0.09169544624540436
-0.0070206519172226756,-1.0,0.013481437155141485,0.15202461599489947,1.0,0.09142929583207166
0.04541790888188135,1.0,0.01850532036514368,0.16010383230435554,1.0,0.09122243876766954
0.0743303179022754,1.0,0.013302145549873613,0.17927786638512266,1.0,0.09113112799207516
0.07607182224404374,1.0,0.012334877867050014,0.13105143764597926,1.0,0.09242505255080774
0.03219341564431355,1.0,0.018461591155627045,0.15878347187128838,1.0,0.09344161627934142
0.2744863903042991,1.0,0.15575872419932418,0.1319043471602801,1.0,0.09335950624111114
0.16080352309771095,1.0,0.19401099450295836,0.14504413548091444,1.0,0.0934455611340248
0.14544329442102155,1.0,0.19664210192354806,0.11345357832160508,1.0,0.09450783862181025
-0.20433811718679173,-1.0,0.04029167364712769,-0.18546423694177516,-1.0,0.04651863723533639
-0.07783007742963255,-1.0,0.05170237211458179,-0.05554503264019761,-1.0,0.039071797777436745
-0.06295078664286091,-1.0,0.05274907987197379,-0.03180607823277226,-1.0,0.03862481772349338
0.03479927536533989,1.0,0.0177789806936175,0.07380549597141473,1.0,0.030970323961724538
-0.027993830266142883,-1.0,0.028616217591014823,0.05924283356286075,1.0,0.030466143757231928
0.044097548448814194,1.0,0.05097562965755289,0.05258058821971723,1.0,0.03079568613495685
0.026956798677432836,1.0,0.051220687099473465,0.059530649494225596,1.0,0.03115783807340298
0.09006452007897892,1.0,0.031127572143841015,0.08351292515254372,1.0,0.028813844888728547
-0.013136477905369759,-1.0,0.03275356694829398,0.02329019640040597,1.0,0.022678179419799865
-0.04288219379775615,-1.0,0.034403677739803185,0.024661721628843836,1.0,0.022680921120500033
-0.039785645023401095,-1.0,0.036166065603078716,-0.013861960013609398,-1.0,0.02187503888432245
0.0001836378666442151,1.0,0.02793497853084649,0.020000666706669445,1.0,0.01833663113753324
0.05493161572639815,1.0,0.015708369763029802,0.03616527646806933,1.0,0.01646229614172883
0.036957788773425815,1.0,0.013470509657563863,0.008048333182828493,1.0,0.014473664170186678
0.021435879809628577,1.0,0.021216328234666057,0.09086000265092409,1.0,0.02781428690295905
0.02052442888815076,1.0,0.02079622960605366,0.06605685305074838,1.0,0.027168512385835463
-0.00372373867645992,-1.0,0.023512397700819514,0.049042976710280684,1.0,0.027358101906562498
0.014807156629502938,1.0,0.020151105360069383,0.07760651799623508,1.0,0.026750199961820022
-0.007912129187948924,-1.0,0.010089059353259796,0.044360385518594114,1.0,0.026271753164524438
-0.007310365087174198,-1.0,0.009741630733304795,0.028718485632597712,1.0,0.027599638222868816
-0.016426007599106285,-1.0,0.008442865011037602,0.027767434911738498,1.0,0.027598499433324267
-0.03137863895853066,-1.0,0.004043778490928285,0.05528355746324509,1.0,0.028794392185333584
-0.017875351826963204,-1.0,0.005794082062935964,0.042910006376785326,1.0,0.0297158016785196
0.07104297381089886,1.0,0.05169343781380806,0.022956787143260993,1.0,0.03083288725441518
0.0848231923090772,1.0,0.04740237271270439,0.010689475822324823,1.0,0.03152343372636209
0.077952432300878,1.0,0.049580630668995575,0.025363352583847032,1.0,0.031761734954514315
0.00818239515493957,1.0,0.010158116067953695,-0.06136894637629231,-1.0,0.018979397011837464
-0.0011720386440035035,-1.0,0.011792658826948488,-0.058576853794082506,-1.0,0.019091457425037633
-0.02404822975414289,-1.0,0.02158503334021561,-0.05579135962841564,-1.0,0.019079584730041867
-0.035031926454993645,-1.0,0.01651723397623692,-0.07706748285606091,-1.0,0.018237534869346875
0.0030110427567020537,1.0,0.030332802191473614,-0.07458490842732024,-1.0,0.018240204618682962
0.006881155657013416,1.0,0.028378831186761544,-0.02181397028605314,-1.0,0.018364179699398527
-0.02123665536758379,-1.0,0.032716377604058405,-0.06658447534604273,-1.0,0.02170788678879145
-0.07597272059945093,-1.0,0.00111810863065829,-0.13843494615724605,-1.0,0.020686113917954236
-0.0354220056199015,-1.0,0.0227941905820875,-0.08233116911050953,-1.0,0.02328252593656298
-0.013282759708654446,-1.0,0.019273876251201097,-0.03308895270917667,-1.0,0.02395612277859718
0.01555686269266987,1.0,0.009120399622812391,-0.01965486383997561,-1.0,0.0231723435982076
-0.0032022799113846645,-1.0,0.005090111195230492,-0.06626885092445045,-1.0,0.024110716138263072
-0.007516141324829029,-1.0,0.006605187264935385,-0.047088991197032026,-1.0,0.024863796830443596
-0.017180093277241237,-1.0,0.0020345992781517328,-0.05263893806983955,-1.0,0.02473802230445655
0.009929159588219605,1.0,0.01699028353252679,-0.0676319203919542,-1.0,0.025107317953264353
-0.024548918944975462,-1.0,0.032811681237717764,-0.06819768361398904,-1.0,0.02511279546089714
-0.06083899497322376,-1.0,0.0373506490534977,-0.04485387819680309,-1.0,0.026068172205939225
-0.05363604316744297,-1.0,0.04150863936791699,-0.06807334277506438,-1.0,0.024744017302010906
0.01225886726928227,1.0,0.039319471418806456,-0.030277027703124126,-1.0,0.0218640248702136
0.042807361717819514,1.0,0.021797543664667803,0.00859522052172057,1.0,0.018191770402000006
-0.01935968743384242,-1.0,0.027975962738352136,-0.023734397216309322,-1.0,0.015673053800989625
-0.027282798196509805,-1.0,0.023818455686241715,-0.04064015980750746,-1.0,0.013840534828630789
-0.017427211537194065,-1.0,0.02418311515938501,-0.034021972896581154,-1.0,0.013657471284526396
-0.004565349378888417,-1.0,0.017364582710861602,-0.024009604291830744,-1.0,0.011898122795500066
-0.028624833741786038,-1.0,0.009290904210151002,-0.05315399815207744,-1.0,0.0109505542314564
-0.009395033404204778,-1.0,0.019459851263894365,-0.06709774353249376,-1.0,0.01125979751164294
0.009487737205109426,1.0,0.013891853431062974,-0.07090126901271177,-1.0,0.011723538745124374
0.013371736965889447,1.0,0.012339436154989687,-0.05901534048146084,-1.0,0.011973375474103787
-0.007389896254700101,-1.0,0.0021832879735243817,-0.07545943171754832,-1.0,0.009794578672314381
-0.00929709760868791,-1.0,0.001414727609005752,-0.07162685133012925,-1.0,0.01006362543671638
0.0018957351648989373,1.0,0.005047460474764133,-0.06831541058440704,-1.0,0.010145674179712
0.00019016829951779002,1.0,0.005604672136850118,-0.04333720013716391,-1.0,0.013054839391250291
-0.019634894509363843,-1.0,0.014456046507673717,-0.10354067894084018,-1.0,0.021399675625165867
-0.03979663654107979,-1.0,0.009070214326874272,-0.10199916795512154,-1.0,0.021502862440844615
-0.05050298217310667,-1.0,0.0045955246547471785,-0.07131812188702691,-1.0,0.02379079244768163
-0.05145701409976944,-1.0,0.005143472676868551,-0.057204156355337155,-1.0,0.02326188881187395
-0.03448617607116944,-1.0,0.013454426848760024,-0.07232066157962613,-1.0,0.024180859701135565
-0.01775672158925934,-1.0,0.014860793806659419,-0.06017472303607008,-1.0,0.024038981590142096
0.008762154887691942,1.0,0.0007701510448242426,-0.055762840947419345,-1.0,0.023770069363200808
0.004071666862943246,1.0,0.002508309405258243,-0.05600708608810212,-1.0,0.02376277811811867
0.024732335325684307,1.0,0.012753145950304147,-0.046888471904272144,-1.0,0.024139498904567677
-0.04121092521939884,-1.0,0.04390855357163206,-0.03153275163293978,-1.0,0.024958374277321168
-0.03178802220581556,-1.0,0.0455368937566315,-0.03241741486269856,-1.0,0.02495579279639319
-0.027790753450345207,-1.0,0.0470321393971657,-0.09340534173481263,-1.0,0.025516633379052685
0.026701628076139183,1.0,0.017363349048976278,-0.031353223091403315,-1.0,0.01883568137474264
-0.010118130165584382,-1.0,0.028044219656297463,-0.024844679521088597,-1.0,0.019258086101570582
-0.03935958332214984,-1.0,0.013865458255591335,-0.01336231208766625,-1.0,0.021021805332253812
-0.05001569869185163,-1.0,0.013247671213048335,-0.00412541839214553,-1.0,0.020915729594929537
-0.018172600579645426,-1.0,0.011257203793648638,0.03272147713045159,1.0,0.018969647078408963
-0.004470470457461406,-1.0,0.015408707201473842,0.047292097205056116,1.0,0.019067557871260694
0.032992244202171506,1.0,0.007893997651128163,0.06897844449115675,1.0,0.017710996706742446
0.02766133808834681,1.0,0.010690551381156536,0.04575479206398514,1.0,0.01923857157487141
-0.02178453450485618,-1.0,0.028870777577711594,0.020902270545612556,1.0,0.01970812291035877
-0.041031396677862375,-1.0,0.021335297729193875,0.0029270353325232534,1.0,0.018961835076292555
-0.0242152868642056,-1.0,0.027215369949583974,0.0465390939609609,1.0,0.022312192605897202
0.05225227619680117,1.0,0.019470668458113384,0.07698526917038784,1.0,0.018483925528221465
0.05392943277539697,1.0,0.018710991811082312,0.08986144200146029,1.0,0.018423661003241228
0.04744802648595581,1.0,0.019661383081907558,0.08960601559866799,1.0,0.018414956428904134
0.02129482597057253,1.0,0.0054519240345915635,0.11187895946543858,1.0,0.022468181873782175
0.023088164191450655,1.0,0.004504590297855642,0.027722933193377486,1.0,0.034909505344297424
-0.00513928564611188,-1.0,0.016628086770774222,0.009997022970430258,1.0,0.035020380567614307
-0.030860297116904967,-1.0,0.011985774403955238,-0.008954068778160629,-1.0,0.03489687983852313
-0.033059164956461995,-1.0,0.010769364922462265,-0.0012126113046107,-1.0,0.03504436539446829
0.02844563998532257,1.0,0.02850231592430693,-0.0509462378572354,-1.0,0.040198986513687376
0.0342984641199191,1.0,0.026232507792231026,-0.05497304999123909,-1.0,0.04030172369574559
0.04590300999107466,1.0,0.024699290519169192,-0.041997006079167676,-1.0,0.040632985066120036
0.01885163477350149,1.0,0.012267995832584366,-0.05327738014301531,-1.0,0.03962003735232513
0.08714596649185191,1.0,0.027210496882016984,-0.011370680885920414,-1.0,0.04111159382282975
-0.008209076032685836,-1.0,0.0731778288811538,-0.017500195182679867,-1.0,0.04096796597824465
-0.03216096614228192,-1.0,0.07168859200353758,-0.04750339657754843,-1.0,0.04083714934920136
-0.09953820227302668,-1.0,0.043094634332246876,-0.12689175185462398,-1.0,0.035541180512637466
-0.005847380306537531,-1.0,0.011106816564621806,-0.061995182640562696,-1.0,0.027578313385910578
-0.06608254647377754,-1.0,0.042420321056087285,-0.058305449595504655,-1.0,0.02754375352326556
-0.07687927832998342,-1.0,0.04093035526367145,-0.036852301739505045,-1.0,0.02808821561052846
-0.07384355973101897,-1.0,0.0422950658965317,-0.016927089180743593,-1.0,0.029532964281854285
0.02611449769954266,1.0,0.024280483810803482,0.06871812833391955,1.0,0.02040700005488363
0.07790083322523778,1.0,0.010718789650282638,0.09068380124189357,1.0,0.01905261853630381
0.07039982088756247,1.0,0.014994195818503905,0.09207871083844443,1.0,0.01909844711468177
0.02462561833896837,1.0,0.024960125483826125,0.049665094457101766,1.0,0.018500987480350707
-0.028375104476851654,-1.0,0.013748963024218006,0.04042166935283831,1.0,0.017294923372451223
-0.052704063490568664,-1.0,0.001641457797582524,0.029590323620922288,1.0,0.01740968496689799
-0.04296301916023815,-1.0,0.007214508172884128,0.0937910639750088,1.0,0.020831778848450107
-0.009498752157907742,-1.0,0.016457742264481524,0.07816635242728909,1.0,0.023028441071933223
0.03922071315328157,1.0,0.01839724985249697,0.06580776877782224,1.0,0.024457342152362796
0.060941031455646666,1.0,0.009015172986351681,0.07979437769138142,1.0,0.024191756880642082
0.05065682465141519,1.0,0.013267969693916862,0.060088017262386995,1.0,0.024277104745965956
0.035162240288169055,1.0,0.006480993024852491,0.022573403838670014,1.0,0.023052214467756658
0.007061463822724878,1.0,0.013893724299692971,0.022423361927427443,1.0,0.023044069284431482
0.027638701336182514,1.0,0.01931444168929089,0.01082825899926565,1.0,0.023178170998363064
0.007911433670040324,1.0,0.01960955044666026,0.04655611867296727,1.0,0.027138892626104277
0.0687515878568754,1.0,0.02653785514218288,0.07361959971694798,1.0,0.026786365123840337
0.009369578597599126,1.0,0.04203174229996231,0.014794897078413971,1.0,0.028390606622085146
-0.016486618333668712,-1.0,0.04676710350287717,0.030078914536332935,1.0,0.02845178384425401
-0.05695970544386553,-1.0,0.02344667531496837,-0.03865030529620883,-1.0,0.02507981549937147
-0.027577087322809835,-1.0,0.019490551860319748,0.030424235044930192,1.0,0.025159338186148784
-0.004013651785870653,-1.0,0.008110189128111378,0.03270583074404021,1.0,0.02489523754640541
0.003570015691692685,1.0,0.01247414265573632,0.020842280215869646,1.0,0.0249031923220598
0.0013970663882938439,1.0,0.013077396651612444,0.03955096541524661,1.0,0.025016215960703376
0.059144955122466314,1.0,0.02936422764707301,0.06009219399219434,1.0,0.024964294563406535
0.058257701612245416,1.0,0.02943134667382348,0.04111496288572658,1.0,0.02483560502788849
0.031605339415330835,1.0,0.04262053599713528,0.02150620522096336,1.0,0.02621596858915226
-0.008565770466594014,-1.0,0.027046969211333108,-0.06722091260346685,-1.0,0.023463785616620516
-0.043518317156281405,-1.0,0.022934982857753482,-0.06760635249349622,-1.0,0.023433748575301904
0.024998916564115348,1.0,0.027475454141234076,-0.04364400808426483,-1.0,0.02175740565188674
-0.013859702125961437,-1.0,0.03411449748143619,-0.06129393388425708,-1.0,0.021286934299794714
0.0025328800682129504,1.0,0.031570771019231315,-0.06550139839307612,-1.0,0.021591965991891098
-0.01845035695249342,-1.0,0.02090474476112052,-0.07960305059896688,-1.0,0.019501309259143517
0.02337271146228348,1.0,0.010111469046112032,-0.059704324350110305,-1.0,0.018320741369985342
0.02384269836154962,1.0,0.009840135372936652,-0.07262718841407123,-1.0,0.018628005529893216
-0.016647693805989405,-1.0,0.020428132931652642,-0.10644896856164987,-1.0,0.017941932286381156
-0.06816815147319488,-1.0,0.017576819634589368,-0.1600380769485219,-1.0,0.01846734434338989
-0.05046361376697739,-1.0,0.02748227279315879,-0.14667347874219994,-1.0,0.019494550441752228
-0.03354487388989735,-1.0,0.026060263224339398,-0.09730318540745486,-1.0,0.021233463846794656
-0.0026387917473842393,-1.0,0.013231889350787576,-0.07293913781588834,-1.0,0.01920497289849488
-0.041413363055861296,-1.0,0.009382620960880148,-0.07789673055553115,-1.0,0.018775498141793075
-0.010960125950586708,-1.0,0.022621621132005266,-0.056683568749234414,-1.0,0.019399064574408702
-0.012270092591814663,-1.0,0.02272763573382951,-0.019497795713267596,-1.0,0.021838732046975753
-0.004592909952782165,-1.0,0.019483871984934523,0.01734505594594271,1.0,0.02090257617114943
-0.045296274915176404,-1.0,0.006226145636721663,-0.01937006780230366,-1.0,0.02055837853385029
-0.07696104113612812,-1.0,0.012427151514475075,-0.008264509849893464,-1.0,0.020484950267326503
-0.050203591966579086,-1.0,0.025095800940105387,0.00041841004794518355,1.0,0.020011736761938858
-0.007501910651794397,-1.0,0.03294971730514372,0.013573909367776249,1.0,0.01913820586427629
0.018930787659438675,1.0,0.0181942411286943,0.06370484038899349,1.0,0.014214783814852099
0.0183131344196914,1.0,0.018135856071482215,0.08475360461612969,1.0,0.016023250471621998
0.0070747427683230946,1.0,0.013702873816985334,0.05727793241925383,1.0,0.01558811596664353
0.05080255035523651,1.0,0.011610682788707647,0.0812161609455,1.0,0.014543731605962545
0.05382842344561256,1.0,0.010717216624532483,0.04478044890842403,1.0,0.01746883382088833
0.026353374996344048,1.0,0.023506239934787516,0.03195563054501349,1.0,0.017364327752706
-0.0010368067284405313,-1.0,0.01460585095561495,-0.019040223699157366,-1.0,0.016186239555843127
-0.021519555850779692,-1.0,0.00964171017281816,-0.05123942523570735,-1.0,0.016332556617183348
-0.012352297745096497,-1.0,0.00610487961821984,-0.03106430447961772,-1.0,0.016016496089361808
-0.004991690897241163,-1.0,0.010346319817501943,-0.006034770161523539,-1.0,0.018268899572536444
0.034131602601605415,1.0,0.019092112559979363,0.0323106612790216,1.0,0.020078565160200394
0.036202112399683184,1.0,0.018099838643286657,0.026402115633833656,1.0,0.020411212800506225
0.03644210821594518,1.0,0.01808844526754457,0.014490007196063193,1.0,0.02027229250293315
-0.021660021288014253,-1.0,0.01889847251201144,0.006447735414473854,1.0,0.01930786078287694
-0.018247559105917244,-1.0,0.019193307846153057,0.0034479295896239215,1.0,0.019406178194688296
-0.04945383428942085,-1.0,0.013237137022549915,0.0010047222788327481,1.0,0.019301718822017592
-0.04219145069851882,-1.0,0.010755811178882838,0.024284429779278582,1.0,0.01739671562405807
-0.036666560028287165,-1.0,0.013943658554368188,0.02189793833688425,1.0,0.01745611851377292
0.011968646809193295,1.0,0.0238897086578341,0.05566690167539168,1.0,0.01616989774558416
0.06203053066394926,1.0,0.014599003106594089,0.07490797219638878,1.0,0.014376315430224329
0.04511412236835488,1.0,0.024347775192511807,0.05957613224001568,1.0,0.015260328886915007
0.015533086460345569,1.0,0.02242520039756614,0.06367716091830689,1.0,0.015855891043082885
0.008268676737057667,1.0,0.018399827304548734,0.020842437842740313,1.0,0.014500711879227517
0.01324792635547345,1.0,0.016374905733002064,0.024922777159053666,1.0,0.014166558535947674
0.022956823298714735,1.0,0.01551564598121623,0.022755959584069174,1.0,0.014231937376959844
-0.0038233269232095246,-1.0,0.008362772734697937,0.010190916451602305,1.0,0.012945690960103888
0.0002024496413430832,1.0,0.0069279302198056855,0.04357988070402463,1.0,0.014365574987157714
0.005208345107138079,1.0,0.009817835001676694,0.019294482192095508,1.0,0.015360252024276752
0.008432091718591384,1.0,0.009051620445079806,0.0375909739388085,1.0,0.01567694237959603
0.0010116338748442644,1.0,0.01229327376672658,0.029519494837990212,1.0,0.01617783204217968
0.019978906052108503,1.0,0.022640438788030754,0.032048353713117095,1.0,0.016344251343019547
0.007964996310300787,1.0,0.02545412290195379,0.049151858807920945,1.0,0.016773263594139335
0.01046076728739287,1.0,0.02479432787101355,0.04314084082283687,1.0,0.017359599059263098
-0.025388114873892142,-1.0,0.004423430003912623,0.0025427886561542046,1.0,0.015124330596311752
-0.0023828446540803405,-1.0,0.010024517588379236,0.02293993349678436,1.0,0.014691895483278778
0.031905029900444415,1.0,0.014567676274481516,0.06056576123946611,1.0,0.01610647352077079
0.01949534590674107,1.0,0.021042879264806566,0.09971988829302525,1.0,0.0180033948082836
0.023576730563996673,1.0,0.02154635742381828,0.06354399097106267,1.0,0.02048139033599327
-0.013857936224691336,-1.0,0.016661618550732234,0.09126670255976821,1.0,0.02417604760447932
0.017962216628159666,1.0,0.015684588194692022,0.08475969755167556,1.0,0.02482330750685108
0.019992976587703826,1.0,0.016266945288383038,0.084126962162272,1.0,0.024806803658909447
0.01463297985969092,1.0,0.019360539175255,0.1226627943809242,1.0,0.02459972576821637
-0.009526659004854388,-1.0,0.017615975981520707,0.06752120087549507,1.0,0.028365481906519087
-0.0182469290008358,-1.0,0.012808589034455836,0.04521279761517505,1.0,0.02831879384060166
0.02788568770402211,1.0,0.018655699689856895,0.05702928160836418,1.0,0.027712047307742856
0.0717889847629789,1.0,0.014376671110430518,0.05251349123465143,1.0,0.027938970579889023
0.03822121282019797,1.0,0.03353017423188524,0.0412018409583359,1.0,0.02800429821983319
0.06260597122074651,1.0,0.04136050524261687,0.012913064245138717,1.0,0.02685469166476916
0.00453515516539138,1.0,0.044655737368806916,-0.011336746028146383,-1.0,0.024881461218441144
0.044159701755206004,1.0,0.037893508725634906,-0.004487666469387808,-1.0,0.024332367286951914
0.017538155596464655,1.0,0.025531688861026157,-0.09184837974533977,-1.0,0.019482121215650027
0.0007237199519791737,1.0,0.03502192838592732,-0.08475969755167556,-1.0,0.01908702941749861
-0.018921187959393126,-1.0,0.032985170088002676,-0.0982061935554297,-1.0,0.01811839463293729
-0.0510005329128691,-1.0,0.019520766642106932,-0.10822351912232353,-1.0,0.016541045316812403
-0.024534368645698024,-1.0,0.004241032346932666,-0.08528643139053838,-1.0,0.013789860169001869
-0.022257885657674947,-1.0,0.005011723729356807,-0.1225469574568745,-1.0,0.01723456764413901
-0.016230529659203352,-1.0,0.006917995688083388,-0.11401681077796066,-1.0,0.017611397239678327
0.007938747500181087,1.0,0.007572038275518326,-0.10979831642880633,-1.0,0.017575657385576916
-0.007468294607525738,-1.0,0.015218024177929374,-0.10689111764857895,-1.0,0.017679922611766624
-0.04215547276973197,-1.0,0.023095489269227318,-0.1134923282978697,-1.0,0.017466353239373796
-0.0688877963581378,-1.0,0.009968949142966192,-0.10050940241627826,-1.0,0.01917380116464501
-0.04955882533083589,-1.0,0.017371382622225002,-0.09138237151882445,-1.0,0.018895869408835735
0.0011630162194808946,1.0,0.016022077536959042,-0.059740121713333316,-1.0,0.01693756149561306
0.00019698611311635972,1.0,0.016507539874242035,-0.05112740876530619,-1.0,0.016624404354734577
-0.04326195186083792,-1.0,0.029795843835726154,-0.05027807639108195,-1.0,0.016647813928968417
-0.056793824568506235,-1.0,0.02305816184763814,-0.045985113241823417,-1.0,0.017168629428282525
-0.04904625368396598,-1.0,0.023868833385940556,-0.04368209805285517,-1.0,0.017025158654614656
-0.006602045849379401,-1.0,0.0060228391824802,0.005332252174859775,1.0,0.011777704135913909
-0.015706047179112392,-1.0,0.004206602992179473,-0.02491305927777132,-1.0,0.014197915633398684
0.017227661512709158,1.0,0.016124431287661598,-0.010815413245158556,-1.0,0.01416913775509234
0.008040451522228764,1.0,0.018617026200089627,-0.014805817328940929,-1.0,0.014208726429467848
0.011596733814804416,1.0,0.017864070488922947,-0.04429082420514696,-1.0,0.01735266945995311
-0.01950580270716573,-1.0,0.003596141375613499,-0.05281410949469345,-1.0,0.016252270779432008
-0.008454530203093391,-1.0,0.004135956124570698,-0.04150669156857223,-1.0,0.016238079988118496
0.014918024690990794,1.0,0.014233481852994093,-0.041834791901458335,-1.0,0.016236912543236004
0.007642296825567385,1.0,0.01753647443147986,-0.041703577277587556,-1.0,0.01623435686604865
0.012348376705103803,1.0,0.017571932729304216,-0.06502182973951554,-1.0,0.01699590752535404
-0.03572177060445414,-1.0,0.016788389458768153,-0.09015109699429713,-1.0,0.01490475995263552
-0.016179568876269368,-1.0,0.01903625532481484,-0.10925469077709726,-1.0,0.01661750007107686
-0.026740115353180105,-1.0,0.016726347263710948,-0.1328011564336995,-1.0,0.016059137880784856
-0.03508381210648803,-1.0,0.021377036369972378,-0.06806234567276093,-1.0,0.02037764262004777
-0.024771034736825737,-1.0,0.025828059225486855,-0.08279988593186305,-1.0,0.020102352445505664
-0.018660422717402536,-1.0,0.026491759190036403,-0.10256331103676519,-1.0,0.020698540181588038
0.014052766118493043,1.0,0.009679054563992394,-0.12064473582281465,-1.0,0.023344974221327155
-0.008395270490059836,-1.0,0.004200177605441799,-0.1630865200910092,-1.0,0.02230440353607761
-0.0319696683740367,-1.0,0.010078361538852935,-0.15654366630768823,-1.0,0.022781680928273415
-0.033398280401848,-1.0,0.009555991227092418,-0.13937558507571257,-1.0,0.02397748243630486
-0.05990881667394232,-1.0,0.014601516149537365,-0.16585604459175274,-1.0,0.024710812292498323
-0.05543094998908016,-1.0,0.01450725409340078,-0.13413141474860213,-1.0,0.025433978445974403
-0.013633019282917935,-1.0,0.03714786734574049,-0.16127924643684866,-1.0,0.025980699345617267
0.010275235968964846,1.0,0.02967341189674067,-0.13968161509884114,-1.0,0.025208568485585864
0.003497730043754199,1.0,0.03222267801125192,-0.12552137887955483,-1.0,0.025235778115466317
-0.08766620225654176,-1.0,0.02254420801702801,-0.16580701052552627,-1.0,0.020536853557005776
-0.1050576688959719,-1.0,0.016309358443093464,-0.13788954828505018,-1.0,0.022553179174556674
-0.07264077798832558,-1.0,0.031005561653164645,-0.11743393458807949,-1.0,0.0222620228595099
-0.004678083134404876,-1.0,0.02214742844770856,-0.061023866328286935,-1.0,0.017589600869528547
-0.011164794990803362,-1.0,0.025861743904804762,-0.04913087322612464,-1.0,0.016554066053051136
-0.009557416814950592,-1.0,0.02624118893129412,-0.08922112126242299,-1.0,0.017874790543542546
-0.055301941762984086,-1.0,0.024337714367079724,-0.15505599242766888,-1.0,0.020545494733478064
-0.03373438718103072,-1.0,0.020619319695240213,-0.09579511492185366,-1.0,0.022235095541291165
-0.046820914120032864,-1.0,0.014450136196423933,-0.1596836063237741,-1.0,0.02509428054978881
-0.018160783371595546,-1.0,0.004988939713711272,-0.10785594683410515,-1.0,0.026103598546739833
0.012067302782755807,1.0,0.012472725395268518,-0.11659609189685494,-1.0,0.0263105046671596
0.011585174335229542,1.0,0.012619140652708376,-0.08249539525753002,-1.0,0.028776394469971545
0.017116941940697572,1.0,0.011486617894596703,-0.12729023761403147,-1.0,0.0310333044299326
-0.01629899383704636,-1.0,0.00890146449968626,-0.15085321068181257,-1.0,0.02974841206346816
-0.04442796466266907,-1.0,0.017331922646533326,-0.16869750954865914,-1.0,0.02972258308194751
-0.09871020923378682,-1.0,0.018351709482296502,-0.1806519331148504,-1.0,0.02931045456077767
-0.05782903668653239,-1.0,0.04032391251351298,-0.2117457272294323,-1.0,0.03064853023666079
-0.0800199018763017,-1.0,0.0455365395944971,-0.14335349649699447,-1.0,0.033912083201570964
-0.008101896169420364,-1.0,0.044722296474937424,-0.06519195263699995,-1.0,0.03308532085410536
-0.054535364156031996,-1.0,0.03730092081825246,-0.0938509809821566,-1.0,0.03162097491106412
0.03036729694621121,1.0,0.027065770750330054,-0.03499602978541683,-1.0,0.028139494610132917
-0.03759507415152186,-1.0,0.0397979994951646,-0.08169039401674594,-1.0,0.027871982555083268
-0.022189816002201823,-1.0,0.0392366597157378,-0.02949356119066593,-1.0,0.029555050076731284
-0.07461693995589957,-1.0,0.021455029959777987,-0.08646246499780386,-1.0,0.028299869227535718
-0.03624475356012136,-1.0,0.008643438175786016,-0.05042045164219289,-1.0,0.025371017256280187
-0.0771915103846661,-1.0,0.018692509729807936,-0.053881940949042306,-1.0,0.02540233093890175
-0.0190839516110044,-1.0,0.04129685113996415,-0.022881424528978123,-1.0,0.02506002885229052
0.016749771244063627,1.0,0.04501899203961578,-0.02022185810764965,-1.0,0.025000001590123576
0.06006570956074331,1.0,0.020345451395927975,0.07171870864331131,1.0,0.024231407357287776
0.02833756483527594,1.0,0.015219003665849216,0.035374460937231955,1.0,0.02228374766488348
-0.02460033754916635,-1.0,0.016225981762825414,0.014353582815639143,1.0,0.021056993206131067
0.009822055635458682,1.0,0.029070442960892614,0.03276992252349098,1.0,0.02140964042817206
-0.02109913826617582,-1.0,0.033500724544136974,0.01885700644374122,1.0,0.02167335780466743
-0.0063251317769688065,-1.0,0.030137597575934507,0.06794145723805789,1.0,0.020505706401638228
-0.0465781957605782,-1.0,0.009460056544849348,0.02771261681967152,1.0,0.019111764330397282
-0.011035899487073841,-1.0,0.011290096876572859,0.08732490575846219,1.0,0.018741775624696474
-0.006046160025578118,-1.0,0.009792320343396709,0.0742665890150267,1.0,0.020259554028372536
0.048409139207687524,1.0,0.026937427669210205,0.04566146536788196,1.0,0.02357049591420462
0.039171933855205676,1.0,0.028597134254165203,0.07539801748421171,1.0,0.02566371314123834
0.05132521216735242,1.0,0.025042989365952253,0.05737117979819795,1.0,0.026985115822488786
0.021116923440922974,1.0,0.007938785091177552,0.0015232295405214202,1.0,0.023896981260612456
0.011820110341785206,1.0,0.012540916373097448,0.03534360085368782,1.0,0.02579928858264254
0.028987536873252395,1.0,0.016787745269550472,0.025446665661164047,1.0,0.025869241207151353
0.004764749931639223,1.0,0.018235083676946796,0.006249090414948366,1.0,0.025548508834829384
0.04736876104854515,1.0,0.021767058815451514,0.024993862780930964,1.0,0.025466589587172687
0.0,0.0,0.029953825050983915,-0.024751524487646392,-1.0,0.025861753695329698
-0.02862934721236776,-1.0,0.0376303919053943,-0.012556218775412908,-1.0,0.025822004150224464
-0.02296278776132432,-1.0,0.04086029299961202,-0.008947959831679064,-1.0,0.026275433494028423
-0.022941569242406867,-1.0,0.040855861309784254,-0.013343415173684203,-1.0,0.026667862420704947
0.004270903380326985,1.0,0.03334093400252121,0.06021091926266653,1.0,0.02606332673473416
-0.0008824827753182163,-1.0,0.030446018771935538,0.02094926773687833,1.0,0.02377725491717372
0.01940069803031852,1.0,0.023852032698769527,0.07039835309568643,1.0,0.023049785774029958
0.02584278431534992,1.0,0.021833472058658925,0.07391225828676973,1.0,0.022851420923390115
0.0014703722690283527,1.0,0.0077699182215788904,0.035558016923175284,1.0,0.021257485801761403
-0.021210653275558045,-1.0,0.018528581612507068,0.04366748409893351,1.0,0.02112980819930229
-0.014040559258722052,-1.0,0.019638243709887163,0.023454607863942822,1.0,0.02251550782185671
0.01342693843593512,1.0,0.03201895118440138,0.01487558420571844,1.0,0.02239180674170555
0.01140810931396219,1.0,0.03302011570347878,0.011706572232160095,1.0,0.02277195008105314
0.044137790825711676,1.0,0.037964662792181046,0.02084028981883268,1.0,0.023019552039705453
0.006934439807233073,1.0,0.032812466152396115,-0.016664616025046985,-1.0,0.020179973673759972
0.060800199026963764,1.0,0.018722604536947088,0.002682964793180531,1.0,0.018462391162837908
0.017972242404430183,1.0,0.016531523556298236,-0.02683941734252482,-1.0,0.014818723189863808
0.013726266410978738,1.0,0.017491702880468186,-0.04054609439434964,-1.0,0.015178741045554561
-0.007330170966434402,-1.0,0.005396238556201691,-0.06289193742597732,-1.0,0.01256005106092243
-0.024614866107476985,-1.0,0.014089219562411333,-0.06421815025842825,-1.0,0.012577782304208036
-0.019212060448428492,-1.0,0.015101998920977503,-0.07978239885114746,-1.0,0.013269285740362508
-0.053171565142331456,-1.0,0.01642732167811215,-0.08162384760340835,-1.0,0.013149017134098969
-0.016654877303832194,-1.0,0.02221925360523418,-0.07332812340484862,-1.0,0.012371096352646202
-0.018113261794830304,-1.0,0.022023636062493333,-0.0766947187571061,-1.0,0.012235858923193248
0.0023845018749826252,1.0,0.011327001747702146,-0.02753161337655685,-1.0,0.011732443778969585
-0.0035419163356458228,-1.0,0.008315949161684068,-0.05076618710901748,-1.0,0.010912455019901868
-0.016947038562069583,-1.0,0.011005868356364981,-0.017246933601054337,-1.0,0.015326453925144081
-0.004774703192194085,-1.0,0.010967118658476122,-0.009872929859419788,-1.0,0.015107976992415261
-0.01940649051147325,-1.0,0.008276885968650807,0.005014020237590344,1.0,0.016352884388411492
-0.025510038045819083,-1.0,0.011263140017517524,0.057674689009421076,1.0,0.018987320524928367
-0.026062081143865434,-1.0,0.010997410508033587,0.10658620750497105,1.0,0.02320441675534591
-0.033724839253897354,-1.0,0.011566164611889238,0.15754729078461516,1.0,0.024499393383939253
-0.016124380354387124,-1.0,0.009008680235075752,0.07693825586452707,1.0,0.04035699471344822
0.0009206690845200427,1.0,0.017350608644075265,0.05321039938021643,1.0,0.04117414376261903
0.005907058991998948,1.0,0.015187458813240825,0.06254870366123066,1.0,0.04085071929038512
0.041334523361221454,1.0,0.022153649590649267,0.07466602656734755,1.0,0.040792531937940565
0.02004318539211969,1.0,0.023088445093223595,0.11382155243452896,1.0,0.04338168579216364
0.052238291010962,1.0,0.018053992657392378,0.09739333794864136,1.0,0.044318264614538604
0.05797458404840583,1.0,0.020637957686515468,0.11998018025343837,1.0,0.04591867511603133
0.11168443417219676,1.0,0.014850583236725279,0.10059874541139324,1.0,0.04672822524567413
0.13312678003555156,1.0,0.006408708449077952,0.06657748252508622,1.0,0.04687792863142115
-0.006246471190713088,-1.0,0.08550900677236274,0.009016685489251053,1.0,0.04611989289119444
-0.07943788926862005,-1.0,0.07204020173269557,-0.07045362364951835,-1.0,0.043850277051836965
-0.12872342637728185,-1.0,0.0506715104427681,-0.1384365270237815,-1.0,0.041255536443449
-0.018396609651566642,-1.0,0.015751817337460016,-0.03124350166752654,-1.0,0.030358550612996315
0.06153182213883257,1.0,0.033445832045188674,0.0008729812863448316,1.0,0.029916757979669223
0.04075169327940964,1.0,0.04261695290915837,0.02943935545068177,1.0,0.030508805779991217
0.08664867704731227,1.0,0.04833669383218391,0.013829088151045,1.0,0.030508262587853864
0.00682037836898397,1.0,0.046181201507347204,-0.042214513949485166,-1.0,0.02475437620224318
0.021422435587406863,1.0,0.04216162592724568,-0.03665931691612512,-1.0,0.024325326062305856
-0.05298891071578149,-1.0,0.004855358322056827,-0.10657315684988777,-1.0,0.0159534068596177
-0.059367934888714835,-1.0,0.007964019411267068,-0.08923838407142748,-1.0,0.01545593162086262
-0.07188722951331616,-1.0,0.0046945515497416445,-0.061881260216311684,-1.0,0.016643644828032565
-0.04650665834749068,-1.0,0.01911503765603314,-0.016973533379705863,-1.0,0.018245515279027763
-0.008111284332756874,-1.0,0.019252950903723563,-0.008693187171405548,-1.0,0.017272588667759985
0.03915245609718143,1.0,0.008339269823143714,0.009713100646499662,1.0,0.015681339594571755
0.026675980167004898,1.0,0.014259674158902069,-0.0008819638966528487,-1.0,0.015630868828718236
0.018444326903002572,1.0,0.014659138189725706,-0.021164811192043054,-1.0,0.015511301871000506
-0.025346979087397248,-1.0,0.011871514828494224,-0.02156185300758695,-1.0,0.015455316137087748
-0.0337535679536205,-1.0,0.01199262739173252,-0.010642988424674815,-1.0,0.015507296046777466
-0.04020349175295834,-1.0,0.0084979754979149,-0.016700647298175664,-1.0,0.015503341383181437
-0.003799507712779704,-1.0,0.014977749797672921,-0.03020661996479701,-1.0,0.01745229139270822
0.03661071275440042,1.0,0.01542878910161074,-0.019725684414394262,-1.0,0.017061590483653473
0.021177262011307096,1.0,0.023967734829657833,-0.009858182899159296,-1.0,0.017151645566632324
-0.00029286865050481836,-1.0,0.02359261824751825,-0.033043637364021716,-1.0,0.01649493219117865
-0.030415088864437667,-1.0,0.00851764401824824,-0.06421522580447103,-1.0,0.013784711723121764
-0.02058290835339438,-1.0,0.0029946467076654285,-0.058734674317770796,-1.0,0.013343217402089306
0.00787750244309482,1.0,0.017071034506829726,-0.05200270021283826,-1.0,0.013414425099493196
0.01691495563898293,1.0,0.016055463728187065,-0.0503649328788196,-1.0,0.013425242452210238
0.022908490796869962,1.0,0.013256001220758854,-0.005959493203982369,-1.0,0.01724238514515768
-0.03399174604460731,-1.0,0.020869142708854635,-0.027996524250711197,-1.0,0.015731583977462906
-0.04283626394333995,-1.0,0.017826796118966766,-0.03831886430213638,-1.0,0.01557992372682446
-0.033361027353941974,-1.0,0.021084989797917075,-0.019942009831773966,-1.0,0.01637043213736373
-0.00663652511200441,-1.0,0.006937357577138227,0.01165758232595504,1.0,0.012666796126545376
-0.00787882863567635,-1.0,0.007124489953039912,0.009313571904696616,1.0,0.012766701112721381
-0.027699229407304404,-1.0,0.004717877486760949,0.023439732083883058,1.0,0.013839832117870838
-0.019251931499321362,-1.0,0.007435622099629051,0.017402179327691947,1.0,0.014340746136324538
-0.016564795938786236,-1.0,0.007815229093727854,0.06848569492792356,1.0,0.019019359728586694
0.03219227276039405,1.0,0.020506448467230542,0.07289471440824924,1.0,0.018634262447225183
0.03188367840522188,1.0,0.020585489864784836,0.09359768236864507,1.0,0.019006561221008914
0.028961024215666153,1.0,0.021561411659416125,0.10083435856797163,1.0,0.018764301838737382
0.008925974169078366,1.0,0.01018828649188932,0.07621913973068839,1.0,0.0169246073583733
0.00566236053205893,1.0,0.01081951400504462,0.05833657322685282,1.0,0.01826862350341077
0.004796172263493048,1.0,0.01111841517064305,0.07772864175452465,1.0,0.01813618704650007
0.01002071456171505,1.0,0.01411314617727088,0.05867122367889843,1.0,0.01822119612862219
-0.0008919281102675036,-1.0,0.017633536994412648,0.07304606274098857,1.0,0.01810865052510637
0.05129329438755059,1.0,0.03012522408820822,0.11245253262944255,1.0,0.019205779153808875
0.021755752917061777,1.0,0.03355708367472486,0.10644497141133646,1.0,0.018993607150895136
0.056943571541631766,1.0,0.028014187350916955,0.19184379367985205,1.0,0.0247114685581783
0.015783867701261833,1.0,0.015508204771701265,0.12533024129176606,1.0,0.024845053183595776
0.0355166980828332,1.0,0.008324064849421933,0.11660268045577649,1.0,0.025613559556986295
-0.003377430736570375,-1.0,0.014723396570880017,0.09610171299429382,1.0,0.025475051744478335
0.005855307402219179,1.0,0.017308481011761256,0.10904499478832408,1.0,0.025598957274406337
-0.008621941882711592,-1.0,0.016021754042564493,0.1092852325609952,1.0,0.025599608145110517
0.020371850046194684,1.0,0.010087324225438463,0.11316757039144099,1.0,0.025249644070925194
0.039520063138410944,1.0,0.01902578332305914,0.15140653922795178,1.0,0.02812740346698422
0.05779446229415308,1.0,0.012082661002151005,0.15015227386056296,1.0,0.028199992994722017
0.11790580282859597,1.0,0.029331295649310335,0.15003805144282856,1.0,0.02820052831659218
0.06417100304987411,1.0,0.0464066609530281,0.11902936360192085,1.0,0.027550204838370736
0.0319134619615018,1.0,0.05247624190343279,0.03599093957815791,1.0,0.035763190288496
-0.03879850914392646,-1.0,0.011679761300113113,-0.025361876517161264,-1.0,0.028838366514574092
-0.0005013788021801524,-1.0,0.018223973129031564,-0.053538260665506154,-1.0,0.03150330180485452
0.028199250188051916,1.0,0.008613645559830336,-0.030069657935923644,-1.0,0.0312651981315771
0.013688426660576791,1.0,0.016533960571680082,-0.041162362120545914,-1.0,0.031331820561201984
0.048216851841846875,1.0,0.033536204877452284,-0.065006701596245,-1.0,0.030617297315018766
0.03224509941685616,1.0,0.0361526184348094,-0.009228148789719004,-1.0,0.03678100767576783
0.057242331097582255,1.0,0.029944158867753885,0.008773085471081465,1.0,0.036558734892922176
0.007142887512380014,1.0,0.008496932409050372,-0.07541385155466962,-1.0,0.03374574719044727
-0.056366871988251965,-1.0,0.044141088488001606,-0.09632030519385415,-1.0,0.034264932022886045
-0.05749412513139385,-1.0,0.04376394568642157,-0.0804192248937392,-1.0,0.03535753723256985
-0.10839662121755289,-1.0,0.04116594075176131,-0.09604591895866132,-1.0,0.03529009853834877
-0.034147135552579755,-1.0,0.032475407784425855,-0.017445285934648336,-1.0,0.02968781219866847
-0.054598994747311114,-1.0,0.02755780751475841,-0.030685097316342613,-1.0,0.029473979860768943
-0.011969819732918996,-1.0,0.007887164352132062,0.026870013583344843,1.0,0.02571418323596388
0.049040759334256556,1.0,0.042849546189649756,0.05478718364180635,1.0,0.02718274320790648
0.06362387425220417,1.0,0.038913539581690824,0.08216810698584975,1.0,0.026943778276987396
0.03780970188342225,1.0,0.04941906572307121,0.10771257746809582,1.0,0.02683364074810573
-0.054847056987278986,-1.0,0.01946256517582871,0.02962448184914468,1.0,0.020542632696623146
-0.031949979267238415,-1.0,0.03261554758097594,0.004978850215309638,1.0,0.021581259321019362
-0.013489179891611691,-1.0,0.028002848849072556,-0.001547189581458941,-1.0,0.022532254503975016
0.02250814727095385,1.0,0.0202409099018221,0.048563261018286674,1.0,0.021750029235691838
-0.0077599975539972554,-1.0,0.011314570403587462,0.03692882948254805,1.0,0.02088074651493294
0.014519311324453277,1.0,0.007111602744565602,0.07008916247926411,1.0,0.020682289879796933
0.03808533402387493,1.0,0.01833229071082633,0.0570865225969901,1.0,0.020836092286391238
0.05825420955488125,1.0,0.012151169669141218,0.06118963240632613,1.0,0.02072396183082377
0.06887274415183198,1.0,0.008507772459543693,0.08932530012002715,1.0,0.022678891769243262
0.023878057541594888,1.0,0.017618982603418286,-0.03266526655453594,-1.0,0.034569616437090875
-0.013565382518335944,-1.0,0.021137307515296456,-0.04126100970395852,-1.0,0.03421559736364921
-0.0714500651661325,-1.0,0.013358804009071931,-0.058119952375569994,-1.0,0.033531479770902026
-0.03590827781813699,-1.0,0.031746000936874456,-0.042231809702874656,-1.0,0.03352269017974452
0.0,0.0,0.0335573919109807,0.010866987651524607,1.0,0.034545539339240754
0.05814717216911136,1.0,0.003982217647461359,0.031248573272898206,1.0,0.03289488744928299
0.03103140884965727,1.0,0.012533695624978402,0.025884969356899212,1.0,0.032624741015774894
0.016500805369780824,1.0,0.01248938080017708,0.006435665776854282,1.0,0.03239673958414793
0.03375544896521632,1.0,0.022354845232053847,-0.014222897924397238,-1.0,0.03183144631816291
-0.05166645512765111,-1.0,0.06501251239113445,0.004390250954010799,1.0,0.03213896308079297
-0.0441964325554034,-1.0,0.06617667964709671,0.019112714370317807,1.0,0.032433908715790466
-0.07857250834376517,-1.0,0.05474906848851595,-0.017094433359300165,-1.0,0.030472990213432485
0.014311514393256175,1.0,0.0030151954264820706,0.08507900923857603,1.0,0.012869443966928903
0.03856261483714718,1.0,0.01698156447920352,0.10208735772098798,1.0,0.013898630396688302
0.017918460482335696,1.0,0.025360624218884725,0.07527139711680109,1.0,0.016797125357991077
0.03220850124163688,1.0,0.026014075615098026,0.07005802337178624,1.0,0.016940508298873645
-0.004431321874670324,-1.0,0.018124031269024485,0.02761803442059696,1.0,0.015221635087701092
0.012675700971815917,1.0,0.011906200410570264,0.026411506826183206,1.0,0.015371848063874207
0.009536690446768858,1.0,0.010113242180386223,0.027146601551938154,1.0,0.015441182870567787
0.02917785396324435,1.0,0.009285533465843548,0.043217346909826926,1.0,0.015527786693667866
0.03088391353031339,1.0,0.008301428264646318,0.06084251680643815,1.0,0.01588376647679012
0.02902230315691412,1.0,0.007864457073582841,0.07046821647452806,1.0,0.016639880970793972
0.038778210795266777,1.0,0.012246571141452793,0.0716572635638868,1.0,0.016705545343107343
0.013793322132336083,1.0,0.025749973212644932,0.04997537650674255,1.0,0.01841081045013585
-0.0007094714735336183,-1.0,0.024769296935451084,0.04257931477635779,1.0,0.01821645807454642
-0.03590670846324384,-1.0,0.011435491002303977,0.004829260851572759,1.0,0.017375463825750014
-0.030941429808282184,-1.0,0.008827726069577128,-0.007824580525428892,-1.0,0.019287437378934465
-0.010702920578211206,-1.0,0.019741064602495265,0.003542334557837812,1.0,0.019511544776176986
0.011167990614559642,1.0,0.020218403202736213,-0.03081646253781578,-1.0,0.02330887519544804
0.04710671095207086,1.0,0.0034459778199886102,-0.008562743449887833,-1.0,0.0227347547130002
0.05285830536935876,1.0,0.006282963089553668,-0.014936437645006961,-1.0,0.022313482936425287
0.05761777061730422,1.0,0.00444230370726774,-0.037803947863172205,-1.0,0.02206531896943833
0.02001677323061779,1.0,0.024240006886915737,-0.07326812399178095,-1.0,0.021542819142978054
0.0011334014587438546,1.0,0.01931056282812314,-0.11704617860164612,-1.0,0.019532083137586472
-0.028049791917047262,-1.0,0.013493262833006033,-0.1092593497062384,-1.0,0.020589552862641892
-0.04400663489983536,-1.0,0.021266252090709814,-0.09855004665529954,-1.0,0.020258264772319273
-0.0397464516920536,-1.0,0.023324282843533394,-0.12022143886065972,-1.0,0.019892028702625564
-0.07155243185263238,-1.0,0.02930257507690607,-0.07426680736252678,-1.0,0.023465323219693197
-0.031679592732741124,-1.0,0.029453009260610837,-0.03094276352096914,-1.0,0.021563006389367496
-0.02918169278105598,-1.0,0.030334754610488818,-0.05949077641330458,-1.0,0.021658321030054054
0.004180505289203218,1.0,0.011674648113178396,-0.053916638446015686,-1.0,0.020778694571570857
-0.017598669589822258,-1.0,0.01613842968393861,-0.08268747964295331,-1.0,0.021489177651008114
-0.0492514355872804,-1.0,0.004716685986184315,-0.08454311057430397,-1.0,0.021345428961669452
-0.013837631225761982,-1.0,0.02515466926760786,-0.06357375150367117,-1.0,0.02184626567056275
-0.005265149432900795,-1.0,0.02313882089522611,-0.028921346045070795,-1.0,0.02218307840356769
-0.002041858800269747,-1.0,0.021951221188776956,-0.02165033018864637,-1.0,0.021771026755270796
0.006942750426664368,1.0,0.027099546461709787,-0.03700371493444887,-1.0,0.020503273031839225
0.023600648234495036,1.0,0.024849971037655308,-0.013158084577510998,-1.0,0.020896923575178195
0.020984210755301547,1.0,0.02613088205252487,-0.01622701414111294,-1.0,0.021116453462115964
-0.05120226293612129,-1.0,0.022639075397590244,-0.02806498402436164,-1.0,0.019563972292806035
-0.0834243088547253,-1.0,0.01011525963970081,-0.04622777349266549,-1.0,0.01952865358792526
-0.05423402694205537,-1.0,0.025460718896541817,-0.01715913915286338,-1.0,0.019302674115987593
-0.0054766077684522685,-1.0,0.020778968270873555,0.05268374468856418,1.0,0.017461928402389124
0.03616746400806026,1.0,0.0032702296216724383,0.08096609719403913,1.0,0.014705018489686179
0.013641344798377197,1.0,0.014770234992896664,0.07110369021264296,1.0,0.014760574850847415
0.012732405343460318,1.0,0.014611322946316853,0.049487271203587646,1.0,0.01551935655307876
0.010498112034659002,1.0,0.013757816782611397,0.054351675830578206,1.0,0.015911380361769763
0.003381457247263686,1.0,0.017823708133027936,0.05770831762064699,1.0,0.015617887679309524
0.0158814813367516,1.0,0.02165996142342942,0.05890689153369655,1.0,0.015651467556394013
-0.009469040680659457,-1.0,0.02174890710609304,0.07292468009753694,1.0,0.0168366572402987
0.020052085743551107,1.0,0.016949402430405516,0.08746570119020802,1.0,0.01529809799883741
0.02954646577680453,1.0,0.0214181996217426,0.04642760059890039,1.0,0.01636328189217
0.04376956183197933,1.0,0.014793369020173024,0.08782530810745426,1.0,0.017115578497778984
0.034028802423450966,1.0,0.017114654945292705,0.07547053106809942,1.0,0.017295000384438316
-0.008673081253428805,-1.0,0.007631691320208051,0.04675550368496273,1.0,0.015441464761302709
0.00955304264459933,1.0,0.016327263692551736,0.03125633001315142,1.0,0.016201636263950346
0.00024597220638122863,1.0,0.01790279555559075,0.02526245589888587,1.0,0.016364264777972527
0.02215202567356922,1.0,0.014963838135892702,0.06690009081382087,1.0,0.017558058872573633
0.02907111630161774,1.0,0.018219288454777445,0.032144768088971265,1.0,0.017703956797484755
0.03313884081682472,1.0,0.016192078400838486,0.015133312973106605,1.0,0.01931568611415157
0.0034021904019554405,1.0,0.024079616487676325,0.004372122582748439,1.0,0.0191077605789826
0.005431587329257859,1.0,0.02519781507066519,-0.034203719528138166,-1.0,0.017263336931929184
0.008056915621442506,1.0,0.024900021883497634,-0.05753636660035344,-1.0,0.018746673405961783
0.029874368862866874,1.0,0.017190553810479133,-0.034554276826262775,-1.0,0.018280379836741932
-0.012799416262323504,-1.0,0.00791707146991465,-0.05270738842474865,-1.0,0.015946925892727157
-0.016179272745762585,-1.0,0.007696717252725026,-0.05581263999041486,-1.0,0.015931922412405635
0.011471505875429333,1.0,0.022986978692572897,-0.0604186152529258,-1.0,0.015802685105123
0.010441480720419172,1.0,0.023369205504114744,-0.04363885573396109,-1.0,0.01577280045716219
-0.009883170719398038,-1.0,0.029434297163568417,-0.029453266913495035,-1.0,0.016147439989331967
-0.04037594255750321,-1.0,0.012681766956710017,-0.05748709091768145,-1.0,0.012679405421792972
-0.03727737131549169,-1.0,0.01273377346202696,0.021023899791706935,1.0,0.023281823865108485
-0.03953083875663532,-1.0,0.013929807180942007,0.03662716198822924,1.0,0.022002115844390692
-0.035524209007055774,-1.0,0.01581910342878289,0.0389783182908654,1.0,0.021978212126644338
-0.013072081567352622,-1.0,0.020926617635470275,0.06498255388079777,1.0,0.021729852492947135
0.009780642231381087,1.0,0.008359531424228503,0.09901481940913515,1.0,0.019011726814042916
0.004010030436203849,1.0,0.008914650522190991,0.15551302901441355,1.0,0.02405970273603827
-0.003730883571535948,-1.0,0.00456964538545786,0.2851341420425073,1.0,0.044093935724578766
0.010180100331157238,1.0,0.0054746870979325325,0.3698150858983662,1.0,0.045776929835470916
0.014403030210673684,1.0,0.003477206686946105,0.5397674224389761,1.0,0.0589978039095191
0.0751042362460872,1.0,0.034295673639849616,0.7019545314191973,1.0,0.06675936059994489
0.05619725818232624,1.0,0.040056177638590464,0.825427172920739,1.0,0.06788964311751682
0.05608946665104364,1.0,0.04007876769153851,0.5962701920976978,1.0,0.10848394097190404
0.00668128277359914,1.0,0.012634366398883599,0.5433022124438991,1.0,0.10890568986954348
0.022856818664270584,1.0,0.006741960618503977,0.4830256661899557,1.0,0.11301083079718918
0.08101050171649238,1.0,0.02895193588042828,0.4982999515942841,1.0,0.11262454252318597
0.20707950659435692,1.0,0.0680258655046803,0.5217417156286244,1.0,0.11232626061921834
0.28058090872061214,1.0,0.042335588159849155,0.48534977825623926,1.0,0.11391160013414953
0.38826442386076643,1.0,0.045270570514486394,0.43886495756941635,1.0,0.11397580357376094
0.413089505805154,1.0,0.05044743787014731,0.24788624528683822,1.0,0.1113556712507871
0.46579218735353,1.0,0.020031350353119568,0.15035036431892834,1.0,0.1102278050714968
0.07090579986939538,1.0,0.21787017914501244,-0.05529912780118584,-1.0,0.09935982861195386
-0.08354808272921099,-1.0,0.1828691831818785,-0.16505758348404287,-1.0,0.08644634502553819
-0.28620424854845705,-1.0,0.12126338276155119,-0.343574554629281,-1.0,0.07343519901896194
-0.0418807738523701,-1.0,0.04904637260549825,-0.1451820098444978,-1.0,0.03886737312893167
-0.014879214041675581,-1.0,0.05775335132879561,-0.18517201721754173,-1.0,0.03837337878154983
0.025180930730554163,1.0,0.03528240751697545,-0.11370334127634107,-1.0,0.03438872779304773
0.02157550769162464,1.0,0.03489475611618718,-0.13976194237515838,-1.0,0.033362658378450226
-0.06677596374742922,-1.0,0.03248560479225323,-0.16352949237100578,-1.0,0.03071687674191827
-0.054418505216698776,-1.0,0.031703656589497003,-0.11417197418340042,-1.0,0.03155419200990522
-0.10589966150983576,-1.0,0.01605918721726693,-0.20460543031529888,-1.0,0.03603041041283045
0.00014567703427292855,1.0,0.049609966956974026,-0.15422352630334224,-1.0,0.03477158775844679
-0.028132731594679328,-1.0,0.056924604351364476,-0.15900842706204266,-1.0,0.03486432796848573
-0.018977082173916582,-1.0,0.05483422623984337,-0.11672427430814114,-1.0,0.03427332695736549
-0.10366251646270985,-1.0,0.010225516248959772,-0.1675441736174963,-1.0,0.027945716747842627
-0.056333035195517134,-1.0,0.017101684096267337,-0.12083927275412787,-1.0,0.026222522653333028
-0.03646070638303067,-1.0,0.015004463146973429,-0.08484378729831699,-1.0,0.025943727624776407
0.006763310804860367,1.0,0.011867261600369869,-0.026026512018130443,-1.0,0.027056767605942212
0.024712297823494822,1.0,0.01500493855100176,-0.06968491303706204,-1.0,0.029427854399203857
-0.04326798024851586,-1.0,0.05414612844398729,-0.10898633543863578,-1.0,0.0318895528154128
-0.05746999767976568,-1.0,0.05084548564085565,-0.10036223952565093,-1.0,0.03256457205900256
-0.09925495809534102,-1.0,0.039702772846294164,-0.14225323203819196,-1.0,0.03160535633122348
-0.01801850550267803,-1.0,0.014726821569838752,-0.061368946376291866,-1.0,0.024239243276952635
-0.013174970279881126,-1.0,0.016008150048378026,-0.08289395542936528,-1.0,0.024579270077736137
0.01003642271323546,1.0,0.002648101752524185,-0.08055008274331277,-1.0,0.024449891582390856
0.012903404835907573,1.0,0.0035495084234730646,-0.148108365371296,-1.0,0.029024106708754216
0.037855145136656,1.0,0.01569681036181703,-0.13436831575029684,-1.0,0.030038959726811375
-0.0051786754784513,-1.0,0.03730802740318847,-0.10750545289814317,-1.0,0.03191935736424978
-0.06060325452334947,-1.0,0.04382715558960738,-0.10441129869049393,-1.0,0.03207392593356319
-0.06757241670266012,-1.0,0.03981233195355562,-0.11946355140992626,-1.0,0.03067354252914478
-0.0478560211776351,-1.0,0.036290688768368794,-0.09088936718897545,-1.0,0.028962783107525595
0.0043494088138280596,1.0,0.023258560291953837,0.015677409119035257,1.0,0.031586166314640486
-0.040001713583480036,-1.0,0.01503159784481424,-0.041480183636565915,-1.0,0.03226446499374418
-0.03755180880046183,-1.0,0.014294569361017995,-0.02332735035912581,-1.0,0.03168662495494702
-0.10475792449768218,-1.0,0.024510248706931314,-0.011640728028367242,-1.0,0.03206281829170207
-0.06464933060081268,-1.0,0.041166372764404616,-0.03955317838602168,-1.0,0.0345641039317813
-0.016918947441594945,-1.0,0.05003069076754514,-0.033934052447577745,-1.0,0.0343468828395292
0.05660047151670966,1.0,0.00845615053499392,,,
0.05275990947702658,1.0,0.008692062298250447,,,
0.011437410230716427,1.0,0.015722153486345935,,,
0.05948545328617971,1.0,0.036447430264131345,,,
0.010410951070700225,1.0,0.04853574937023122,,,
0.019705995652214536,1.0,0.047128121746042466,,,
-0.02296872833357444,-1.0,0.024868714142305248,,,
-0.0380747083329358,-1.0,0.03301161781636044,,,
-0.048158510888913764,-1.0,0.03231544105793126,,,
,,,,,
,,,,,
,,,,,
