future_lr_3,future_direction_3,future_rv_3,future_lr_12,future_direction_12,future_rv_12
0.0743483057583742,1.0,0.04517385236991156,-0.07714721153986825,-1.0,0.04201173999519429
-0.011714998595810378,-1.0,0.09276718263241043,-0.04586447454595366,-1.0,0.0418731124866878
-0.0877152843271834,-1.0,0.07167430205757179,-0.1283098563687059,-1.0,0.035456489410733656
-0.14540428446258657,-1.0,0.053139379918726866,-0.1571572999798967,-1.0,0.0333555510600336
-0.020062054704287124,-1.0,0.022117627282552912,-0.005723007927742552,-1.0,0.01965987610055676
-0.03903827260670972,-1.0,0.025531177281987522,0.03569709219600592,1.0,0.021582288422360738
-0.008026592448844738,-1.0,0.022806904787508013,0.08159663608603068,1.0,0.01965278995574933
-0.020164129303125056,-1.0,0.018355152725574326,0.06548325432073288,1.0,0.019481914804992884
-0.003661153067119838,-1.0,0.008833303421577695,0.08706969112790913,1.0,0.016953447082068775
0.0019353596131888584,1.0,0.010696333579469825,0.08877270753952604,1.0,0.0169254808515042
0.006076708057268898,1.0,0.01163567403225001,0.08103335591725713,1.0,0.017198258899118885
0.0021048536323070577,1.0,0.013928308475569933,0.09265330553688367,1.0,0.016391050990786613
-0.005661782681654237,-1.0,0.012229552498705012,0.07729039596164783,1.0,0.016873925926098425
0.02842646802240073,1.0,0.029832962065710206,0.06379533860411402,1.0,0.017173340789003576
0.07629166423752842,1.0,0.021542113311652632,0.07643596438207911,1.0,0.016145483718114636
0.0933496516033408,1.0,0.012186114302463264,0.062119598835865264,1.0,0.017061514348775324
0.0511442075441883,1.0,0.016103052254151203,0.012002811358547583,1.0,0.012639774280036509
0.01233432632519349,1.0,0.012735827410116833,-0.008405237513950559,-1.0,0.008811276346167221
-0.0008505209953493797,-1.0,0.0057473124074806335,-0.03261980539579501,-1.0,0.006544789740670467
-0.004614027706600798,-1.0,0.005945840939760277,-0.023141054839199593,-1.0,0.007457657267386646
0.0019224613418546976,1.0,0.004279890011092564,-0.011973614998553872,-1.0,0.0075555422705414245
-0.009546951964689354,-1.0,0.0032881151829397136,-0.040296239917391286,-1.0,0.0096144761394381
-0.011161309255874219,-1.0,0.0034708655650337195,-0.022157585869212182,-1.0,0.010940131513680592
-0.014112487522497497,-1.0,0.0018277128567143407,-0.00663742935657341,-1.0,0.012065326728444084
-0.020832579807436802,-1.0,0.005427791126539052,0.004286026991221381,1.0,0.012000018693638245
-0.023366059223165703,-1.0,0.005170577939202167,0.0011504998752331352,1.0,0.012160894300804657
-0.00854953765850125,-1.0,0.01321924975796374,0.044379615101375,1.0,0.016773347413606653
-0.0013897526283194739,-1.0,0.010892835167347766,0.031725856156177956,1.0,0.018255669700812945
0.016000341346441127,1.0,0.009802806098162234,0.04725288485054563,1.0,0.018015598984672983
0.008765948840590176,1.0,0.008046253107520936,0.028407333036988613,1.0,0.018062754645587806
-0.008526955516945656,-1.0,0.017809481667226436,0.030066069170732623,1.0,0.017999879222105837
-0.0036305587366133873,-1.0,0.019678216532349333,0.01710303258794943,1.0,0.01790890593183437
0.00725864698383516,1.0,0.022196542627743232,-0.052341616029603744,-1.0,0.026066031182447262
0.03503531494392331,1.0,0.006174447131754989,-0.04306687174075957,-1.0,0.025589686232286336
0.012146776488571098,1.0,0.011954999994462878,-0.07560312159718066,-1.0,0.025192946541369363
0.036904556935450916,1.0,0.025229428366474446,-0.11242683645585855,-1.0,0.024498203078802117
0.006607249357519773,1.0,0.0343026335890481,-0.132910423179678,-1.0,0.024149642560782465
0.02273632575214679,1.0,0.03310985857371573,-0.10054122922187742,-1.0,0.02622373606316985
-0.02452181972288764,-1.0,0.01689139003421158,-0.2063766914571427,-1.0,0.026090626738115436
-0.0030495396137648068,-1.0,0.007883297860629454,-0.20738883239562378,-1.0,0.02612231476308021
-0.014149510916155073,-1.0,0.0018621859616740127,-0.21109836771552623,-1.0,0.025816475108411886
-0.07198300022600218,-1.0,0.03517025409045057,-0.18024436068473065,-1.0,0.02839975480889317
-0.08165989642843785,-1.0,0.03281954116279616,-0.21405788260546044,-1.0,0.028907203087324976
-0.09633671292174348,-1.0,0.02820218002074273,-0.21066385666687626,-1.0,0.02908027869928713
-0.052826573442419644,-1.0,0.003584420243118664,-0.12819273323205424,-1.0,0.026589957591402997
-0.05480823649499511,-1.0,0.0026202732151749553,-0.10078951852836907,-1.0,0.027448626490511514
-0.012791331136125655,-1.0,0.02479458117494445,-0.09059824804255864,-1.0,0.02728827570903089
-0.05704529806583325,-1.0,0.0448576507114878,-0.0923578115664101,-1.0,0.027372245277365974
-0.06787115985842601,-1.0,0.0449185100949603,-0.06057882786377275,-1.0,0.02803451497859966
-0.08782081274150202,-1.0,0.03487147130427195,-0.09260405445684605,-1.0,0.026477125641419217
0.0016105110495244213,1.0,0.02561590272093792,-0.038304946643643256,-1.0,0.019437344219916202
-0.009718589823601465,-1.0,0.03174816104436809,-0.009278778055945486,-1.0,0.017993389890750895
-0.013714999867505101,-1.0,0.03135756714441848,0.009068594342427128,1.0,0.0191991043302976
-0.019931372773325767,-1.0,0.028601114841574623,0.010112161671559289,1.0,0.019316398954531203
0.03160846764865352,1.0,0.00916367765966898,0.03899735004855301,1.0,0.015437274123155681
0.023728895702574138,1.0,0.01362386770609752,0.04076218096261475,1.0,0.015414632140279464
-0.0169916517767755,-1.0,0.01824018947810499,0.01355894796355761,1.0,0.015089395264500058
-0.014597545830398795,-1.0,0.019504679295391396,-0.0036722360751849092,-1.0,0.014620542305871995
-0.014797137550413064,-1.0,0.019519083822935407,-0.005598877625952348,-1.0,0.014718360732555369
-0.0029924331430664086,-1.0,0.014694772397071872,0.03038011129051263,1.0,0.013344732966173549
-0.016571110050598747,-1.0,0.0069561593884381505,0.0036263206722239594,1.0,0.013147535635985287
0.013851836057771155,1.0,0.01694671059289876,0.0026118768113136126,1.0,0.01320759888963356
0.050027619364726966,1.0,0.012522984874616398,-0.02725207738285576,-1.0,0.0176044320223978
0.03855753828089703,1.0,0.019123191159713584,-0.04450772787236158,-1.0,0.017900340736764737
0.01797858675268252,1.0,0.017495984683399742,-0.11552867896430521,-1.0,0.020023210429738078
-0.016484586481327446,-1.0,0.00651607158327792,-0.1052953062657878,-1.0,0.021779056722831584
-0.011061118475084397,-1.0,0.0056808896053189275,-0.11796286228284447,-1.0,0.022105099617411403
-0.022632162885992957,-1.0,0.0032809517260139536,-0.08169779497863158,-1.0,0.02600818396094704
-0.00017048844982048283,-1.0,0.011780127052133342,0.003403679256021752,1.0,0.03522626753220929
-0.007298989082989926,-1.0,0.0134940715222545,-0.024510818712046994,-1.0,0.03641888235643174
-0.006586383113147104,-1.0,0.013311389890786856,-0.027319797339383542,-1.0,0.03648044424383593
-0.0606246218164348,-1.0,0.01795682457969398,-0.0366392228340402,-1.0,0.03622093310170574
-0.06470515859518429,-1.0,0.01702815629652098,-0.03427905206286666,-1.0,0.03618092049622344
-0.10428871971784767,-1.0,0.01754997259716044,-0.024825218547616698,-1.0,0.03614194060101994
-0.028015609518205073,-1.0,0.04217131346364485,0.004248209941265263,1.0,0.03422522965645765
-0.034897596129585866,-1.0,0.04281283209653671,0.007054864571385253,1.0,0.034120444126585416
0.05180947073835616,1.0,0.03390911641445494,0.041030426763161564,1.0,0.03094674535965989
0.0922143990404821,1.0,0.04924545397805567,0.062206974266484374,1.0,0.033437533535394526
0.08239092509571308,1.0,0.05453315545289623,0.10235686611361669,1.0,0.03248179542546555
0.031745834753255084,1.0,0.057274299006243604,0.06766635596262507,1.0,0.031106592973858083
-0.04021339053988243,-1.0,0.01776435043789578,-0.03263692931302256,-1.0,0.022957648943149122
-0.017067222433809592,-1.0,0.008445765951778974,0.011334035889365546,1.0,0.021370753915587824
-0.00409180432138026,-1.0,0.006403633631449255,0.02740617177260503,1.0,0.02096144611014944
-0.019737189041129338,-1.0,0.00645392195644562,0.00994332623712596,1.0,0.021446435606867285
-0.023371241960932376,-1.0,0.007289018529015397,0.03926530723565391,1.0,0.021948277795912984
-0.03843307440706942,-1.0,0.0014180423339782112,0.005599765754956895,1.0,0.024338910189099526
0.02994315480701404,1.0,0.04033792890646103,0.03265306511524421,1.0,0.02434873640323943
0.06040440541264558,1.0,0.035524704049285025,0.05402397335157508,1.0,0.023939484172943806
0.07844539993781967,1.0,0.02732718143743865,0.09053271087434538,1.0,0.023631591371432694
-0.0026295045390248295,-1.0,0.021766333975467053,0.027966607739145055,1.0,0.018091342364175905
-0.008631905128538064,-1.0,0.019252779143342672,0.00923952162868899,1.0,0.01738224586442013
-0.008514349436764962,-1.0,0.019272673468179385,0.013440147872369468,1.0,0.017486476843209222
0.0023668650102660893,1.0,0.013222072934074357,0.01247236088694878,1.0,0.01761729463034621
0.010864048912478774,1.0,0.01722479258721022,-0.0027780207118436318,-1.0,0.01727800890773812
-0.025898210339028394,-1.0,0.027267625036230453,0.040621594410400974,1.0,0.02206076935669908
0.0029725498369889136,1.0,0.029604482994006715,0.07088816443959542,1.0,0.02166230289242858
-0.008612575845011211,-1.0,0.026300506051803375,0.04878608054497027,1.0,0.02121631963995079
0.046499870712319064,1.0,0.0064346382723897075,0.109932568705925,1.0,0.018686062632883183
0.02525669743091488,1.0,0.01406495741563523,0.04639699707679301,1.0,0.024811276302611745
0.015619953689759491,1.0,0.014870941259936486,0.03393038382930111,1.0,0.024828136340383687
0.0013528369358437597,1.0,0.006956211478932495,-0.03530588841587118,-1.0,0.027814796262334858
-0.018123751391221105,-1.0,0.01734853552290009,-0.008376833324664074,-1.0,0.028618140170716077
-0.020649447469070686,-1.0,0.01699749624173738,-0.015014652966535091,-1.0,0.028676487673945206
0.018667097101266544,1.0,0.03717019540913158,-0.11105665910441516,-1.0,0.03785354118825136
0.06078266856291273,1.0,0.02523439891342599,-0.11779387042080858,-1.0,0.038165103456770925
0.06242815016929268,1.0,0.024484322420752578,-0.062043736603239044,-1.0,0.042251218837794785
0.043412763956495626,1.0,0.014822108190297518,-0.12548386668644035,-1.0,0.03895383652883302
-0.021518617525813494,-1.0,0.038547760749314465,-0.16723206283164746,-1.0,0.03817279933131856
-0.023468272560680375,-1.0,0.03841560042815756,-0.18068943630760761,-1.0,0.03796512996167902
-0.09873858640947711,-1.0,0.025690437478362412,-0.22377902675064007,-1.0,0.035467189403538296
-0.029517132970542204,-1.0,0.03450869766166251,-0.21879847530000854,-1.0,0.03511582675030572
-0.03332508310607671,-1.0,0.034214238936581515,-0.21523178820356098,-1.0,0.035268884622457676
-0.07439793375270022,-1.0,0.056691259736373,-0.1179145194511952,-1.0,0.03893496333699081
-0.1275407884873656,-1.0,0.04155117460123362,-0.11667849567073463,-1.0,0.039025179771832855
-0.06767853110577464,-1.0,0.07101491841381083,-0.06693881771097249,-1.0,0.041871081076672034
0.004239889519241369,1.0,0.0452073659605798,-0.004827040748315789,-1.0,0.033781578143467376
0.011344476152073842,1.0,0.04267837819202831,0.0127896327213303,1.0,0.03263560276206426
-0.05621754953507589,-1.0,0.005593000098948008,-0.03281448936221494,-1.0,0.02845069457117685
-0.054882396107704116,-1.0,0.0059250565472174135,-0.018408338392412835,-1.0,0.028127447083930435
-0.07308502999417457,-1.0,0.016433691805341065,0.02551061623708053,1.0,0.027630345170216064
-0.05801062445663374,-1.0,0.022147284421087002,0.04130719968547021,1.0,0.0271242111530045
0.007125920889967764,1.0,0.046778808145649727,0.03570762732713172,1.0,0.027515380036476106
0.0726028466587317,1.0,0.02498431128014302,0.04987126937147482,1.0,0.02558414088117257
0.11496788738651179,1.0,0.014504754624705867,0.05908636657787816,1.0,0.025596540446082245
0.0386895449501792,1.0,0.035320278304839366,-0.006728701420990981,-1.0,0.021792983856317585
0.0019273399046993156,1.0,0.03685389094892988,-0.02066148930862692,-1.0,0.02082319786956486
-0.03355420275701709,-1.0,0.016924384417862134,-0.08907216679088235,-1.0,0.016473372680940165
-0.009341408124855677,-1.0,0.010957984384385904,-0.0424441190673555,-1.0,0.017146053702426604
0.02406545966782407,1.0,0.010373694350545276,-0.060829225397711184,-1.0,0.018952859490375926
0.01790413951260926,1.0,0.01119661238279523,-0.03126164678538223,-1.0,0.02231576107950982
-0.0007664303881595586,-1.0,0.01971583136846934,-0.009236163407037333,-1.0,0.023263484964542412
-0.04872437685978028,-1.0,0.015564637495800377,-0.045571664888787666,-1.0,0.02284796076833811
-0.04023145756422579,-1.0,0.020322753374471682,-0.06067156686726147,-1.0,0.02297317696331595
-0.035310407858154945,-1.0,0.0196414086930568,-0.07078121076126918,-1.0,0.02376607729069874
0.0020700879786299756,1.0,0.014177519815925096,-0.04037393360936149,-1.0,0.022653866495934087
-0.033190645982248725,-1.0,0.01743190441616793,-0.06616235864113078,-1.0,0.02254275639954812
0.0029741273038146826,1.0,0.02394777014785139,-0.02615317034580331,-1.0,0.023827273419553298
-0.03824039618438495,-1.0,0.02902281323424477,-0.029784332349046136,-1.0,0.023706129273666866
0.024256317248483032,1.0,0.03650452790834222,-0.004049818231252146,-1.0,0.02254708161953951
0.023866547535462485,1.0,0.036438876199579036,-0.031576278465435585,-1.0,0.02161519513841971
0.03932302017674759,1.0,0.02782589103740394,-0.006054716018559687,-1.0,0.01950746841877385
-0.011505780569269982,-1.0,0.020811968245351,-0.03747864169769712,-1.0,0.015808494117849903
-0.06231147774239141,-1.0,0.00876860375640967,-0.05564717871439146,-1.0,0.01416552203469686
-0.0435266455803541,-1.0,0.015968296099325256,-0.009786071277424535,-1.0,0.016378375038495947
-0.04572224933809511,-1.0,0.015988192508758596,0.0043798596793022185,1.0,0.015838059598040577
0.009317632557310933,1.0,0.020368815302839894,-0.019109523242156562,-1.0,0.0207236300398642
0.01265968923894533,1.0,0.020306520124881173,-0.017516123848278286,-1.0,0.02074847408688699
0.02892189442762991,1.0,0.012939232067889979,-0.04889981930414352,-1.0,0.024434449102678765
-0.002448980815817594,-1.0,0.00584315171513228,-0.06581668510691346,-1.0,0.023097036393310788
-0.014510779853898502,-1.0,0.004195247821341865,-0.04428576603793587,-1.0,0.024728295650219497
-0.009172506217961948,-1.0,0.007274613203703696,-0.07990744916049755,-1.0,0.0263311338223599
-0.00020435271349339076,-1.0,0.0066445965250317715,-0.01856106080274283,-1.0,0.031668026075537384
0.035591664917882744,1.0,0.014343502336910953,-0.027127380718982613,-1.0,0.031909709741946804
0.03035272080772936,1.0,0.01578202252435965,-0.025824613766421298,-1.0,0.031940114795093844
-0.02577382227015651,-1.0,0.04192757141372415,-0.036102750524124524,-1.0,0.03195811044600857
-0.051256698151207855,-1.0,0.03215634921232257,-0.06123944274592317,-1.0,0.030509670663492586
-0.09900192832154084,-1.0,0.031199407065937546,-0.09015859321807468,-1.0,0.03119579474627081
-0.037389529307445976,-1.0,0.030555902113408206,-0.06509090882987581,-1.0,0.028510228787783056
-0.014109952950712254,-1.0,0.03834397016476403,-0.05579393074881991,-1.0,0.028878775304438154
-0.002085735428724117,-1.0,0.03165601087927379,0.011882191359978672,1.0,0.026202959994737207
0.044806643488353046,1.0,0.046000510667756074,-0.012706929656522245,-1.0,0.0266118934572334
0.002647605465054756,1.0,0.04730269897587206,-0.06676085436873619,-1.0,0.026166689239280894
0.0449103291761143,1.0,0.03591875430571302,0.0005492996567668523,1.0,0.026351296773977618
-0.017746042434875084,-1.0,0.011538536130152646,-0.06692827412971425,-1.0,0.020197379179401134
0.0014796028909421846,1.0,0.007839340037682512,-0.013951980936910115,-1.0,0.02325751668179461
-0.033981258643924026,-1.0,0.016205095787519434,-0.00431693221086088,-1.0,0.02371326643760593
-0.054761980575907795,-1.0,0.018557136786553238,0.017641957084794137,1.0,0.023888522897772872
-0.045811186154104594,-1.0,0.023724752146938605,-0.0050820649348322575,-1.0,0.024630401865200952
0.003038856256512512,1.0,0.026389696201606864,0.030929748936626776,1.0,0.022995647494362243
0.014994449865907589,1.0,0.019592316649007395,0.039496138342655876,1.0,0.02203525717547763
-0.02507687657062853,-1.0,0.02517044672967784,0.027909802413071533,1.0,0.021866239759464966
-0.013418627131935937,-1.0,0.03177773529963244,0.0011913143771009604,1.0,0.021251256243714153
-0.009414700984838958,-1.0,0.031054317674920128,0.03275070413154167,1.0,0.020870589719399233
0.05545647889688082,1.0,0.027527002902052056,0.07909172673926623,1.0,0.018869815347361207
0.04004409730848657,1.0,0.025167976811256963,0.013310255416847494,1.0,0.020408266881249307
0.06682418877963331,1.0,0.012755666207254029,0.014363300735469639,1.0,0.020343513262089778
0.010349518893020042,1.0,0.01996318635377412,-0.02365818426092041,-1.0,0.016951328486344917
0.0012654225035636305,1.0,0.017593204844275616,-0.04654513943240644,-1.0,0.01597076974612201
-0.032907799318046056,-1.0,0.015736030115074316,-0.06972177244076233,-1.0,0.015035699085608251
-0.012819318806200804,-1.0,0.014482719825832742,-0.06932652836944514,-1.0,0.015003260633652028
-0.026699578303013304,-1.0,0.010715930018102842,-0.11738791928947451,-1.0,0.017443013843376074
0.008249015654793385,1.0,0.01071651357765372,-0.11767546829221794,-1.0,0.017459339143763276
0.02610504775556617,1.0,0.013476879982902196,-0.14818349938190678,-1.0,0.018028112607894286
-0.0012996860921894032,-1.0,0.029218548339561334,-0.12934983627190222,-1.0,0.019337903929756577
-0.02780210438091099,-1.0,0.026358012567308412,-0.15166435333508638,-1.0,0.017700130937853623
-0.04729343210330582,-1.0,0.016799706247472283,-0.1667113417645855,-1.0,0.015724605444154136
-0.019811297540767367,-1.0,0.005502644806472476,-0.21566642687525558,-1.0,0.0250356155919046
-0.017260884396598675,-1.0,0.004292126205879896,-0.23110075129999053,-1.0,0.025103043310062953
-0.03531882521550468,-1.0,0.006560488912717823,-0.34593926675608494,-1.0,0.03674180342668687
-0.06957735735350444,-1.0,0.016044019042518943,-0.2699320720878508,-1.0,0.046243029885706055
-0.08086149516950165,-1.0,0.012080510532354297,-0.22775797605803932,-1.0,0.0488454469722015
-0.09167628981866244,-1.0,0.010029363804363879,-0.17945876429961002,-1.0,0.05078125683044332
-0.038661495285440994,-1.0,0.022154640676169814,-0.09425598335374041,-1.0,0.052746973881296545
-0.025739869388075043,-1.0,0.0210657269573692,-0.05012212537622224,-1.0,0.05329529454823927
0.007577205372887447,1.0,0.010055346994885899,-0.053658604294519824,-1.0,0.05346041287205472
-0.08761627669554278,-1.0,0.04696786787767799,-0.1243176435459708,-1.0,0.05532264018871424
-0.10723850234581517,-1.0,0.043778512170665765,-0.08037386091772508,-1.0,0.056930217327307624
-0.22652135709480525,-1.0,0.04467931712191808,-0.06585110104047304,-1.0,0.05731621300588754
-0.07407694275336257,-1.0,0.09269895528902587,0.004427457423562764,1.0,0.052016114413433595
-0.013918109154647473,-1.0,0.09812397342788115,0.02780607112575706,1.0,0.05130890151883115
0.13116167724097022,1.0,0.022303764414557073,0.144548395979467,1.0,0.03547259517623035
0.10609873138060594,1.0,0.00795809224014916,0.07407694275336257,1.0,0.030615748044605613
0.09677435551231545,1.0,0.010858368496174553,0.05095686779546266,1.0,0.029507427965503485
0.03412387018642776,1.0,0.040266429221926685,0.019679837184366444,1.0,0.028471479018587924
-0.06872315547767138,-1.0,0.041922688706852326,-0.05845384513521745,-1.0,0.02669937807324258
-0.05599160492957789,-1.0,0.04898779282298697,-0.08812233391544799,-1.0,0.025184524141573857
-0.004615291373065766,-1.0,0.05017042127009091,-0.022350271840747005,-1.0,0.026112878568564698
0.04112882427399078,1.0,0.024663708374152216,0.01947709889095195,1.0,0.01992099568543474
0.0009414296976669734,1.0,0.01580156624811105,-0.02148865494673996,-1.0,0.01674606218372656
-0.016121860074865213,-1.0,0.006869002818186153,-0.09301305811616395,-1.0,0.021238452331646965
-0.004427457423562764,-1.0,0.0025065382628584923,-0.09706540069589742,-1.0,0.021357383911038835
0.009232687515058124,1.0,0.005642326643034994,-0.0943830656827338,-1.0,0.021416213009123948
0.006293118445869661,1.0,0.006433733727722569,-0.07892401419072015,-1.0,0.022426382784993513
-0.02643205650797409,-1.0,0.02240989491764062,-0.09529673361262225,-1.0,0.02255888221887205
-0.0423048461985952,-1.0,0.017190652001226134,-0.06067456978730895,-1.0,0.026806655738360604
-0.007906238838685686,-1.0,0.033190843919129284,0.008638501456740832,1.0,0.03399691917734521
0.00920778854849802,1.0,0.025805142474228854,-0.002073112483207018,-1.0,0.0351081528095852
0.010642074039130145,1.0,0.025554857972292577,-0.016249131856030385,-1.0,0.03557112978677843
-0.07527807764848271,-1.0,0.02542362334798496,-0.03881718903724013,-1.0,0.03420231850711656
-0.07541367531285859,-1.0,0.02540131614807158,-0.01224982629264254,-1.0,0.03411217917129575
-0.07195298103832687,-1.0,0.026816568748624155,-0.018593570213304433,-1.0,0.034227346216482164
-0.0020328161494214125,-1.0,0.01655802912701431,0.05090157276603702,1.0,0.030258864081604164
-0.002658790340287598,-1.0,0.016864306564237208,0.10373653951291995,1.0,0.030755187266374825
0.042941183410482975,1.0,0.03083214954094697,0.1442033036159065,1.0,0.031747110072951855
0.09385563409333064,1.0,0.04375017420498755,0.14581034791103947,1.0,0.03177004150378072
0.06679156462144115,1.0,0.05896733971701054,0.13458467591648848,1.0,0.03286713755932499
0.0021205917326833634,1.0,0.058801008830684884,0.0908487073413678,1.0,0.03127242592353002
-0.05536192933266665,-1.0,0.027165119462066213,0.006988885835011616,1.0,0.025595523848089653
-0.0009689252609375032,-1.0,0.01751496160636285,0.028639622772896278,1.0,0.022730596629946597
0.008297635681856097,1.0,0.012165016271044816,0.04528033676488302,1.0,0.021687964091304506
0.014440684154794436,1.0,0.014252935761344709,0.011679776823990018,1.0,0.02298392813479122
0.0405726904927039,1.0,0.023731795958034423,0.02055993473810719,1.0,0.02343532912662038
0.09084389279088406,1.0,0.012594596297839877,0.047856021177635155,1.0,0.02338409942259979
0.09287595899558104,1.0,0.011430448443833584,0.06459021541761062,1.0,0.02462140689039384
0.02818934606328094,1.0,0.03461916010820915,0.04917003122053365,1.0,0.023241144964889503
-0.010413412864055727,-1.0,0.023511642790695692,0.020507047751494867,1.0,0.020658445654851258
-0.044965827982697215,-1.0,0.014604294992770866,0.010497472054113915,1.0,0.02014210808138533
-0.03915348852215106,-1.0,0.012041810778232593,0.07025903788564675,1.0,0.01955148932524565
-0.04344777884380141,-1.0,0.009666514075239802,0.10235782133300925,1.0,0.020885752905095627
-0.050671038343688246,-1.0,0.01125639246571676,0.05881421846864085,1.0,0.02817455813249335
-0.009048613295726593,-1.0,0.02134622586834629,0.04675221141363914,1.0,0.02944173021658515
0.01087332009460823,1.0,0.023879260175521454,0.057053430899579954,1.0,0.02934356238876586
0.06735112274841504,1.0,0.008874554378776425,0.09827158336396563,1.0,0.02806875718008886
0.06918278697513036,1.0,0.008550953593790683,0.08700007135886031,1.0,0.027870711959090376
0.06349491936474377,1.0,0.011134482581072419,0.06412121111190144,1.0,0.027998830077789832
0.03878321563208434,1.0,0.00675166455280006,0.03292321507143153,1.0,0.02665670294647863
0.04927835272839404,1.0,0.012757272340313435,0.05012157388297611,1.0,0.028125482753450344
0.07143736071745865,1.0,0.013830532078261572,0.02792373175370272,1.0,0.02841268284380545
0.003350918431829719,1.0,0.053127171850277884,0.03469685940226211,1.0,0.028599312426098995
-0.06266031499415867,-1.0,0.047922467895766145,-0.047633927590265135,-1.0,0.03099518834832893
-0.0887521692772307,-1.0,0.033628591044581733,-0.09424914700515444,-1.0,0.028858278037464092
-0.011213673448363465,-1.0,0.027553657212178177,-0.024457229565356287,-1.0,0.023961818708310642
0.031199246649494583,1.0,0.00601359404187463,0.003586069416804921,1.0,0.02172626199973474
0.01794110030692972,1.0,0.01215959018724334,0.003182081218746552,1.0,0.021716268217766645
0.0020027544558809396,1.0,0.0072028005933323005,-0.0035145009188736753,-1.0,0.021320749579474937
0.03230428949924616,1.0,0.023762639131820456,-0.008492620045653654,-1.0,0.02120366388365833
0.02729744000654505,1.0,0.02571570868868417,0.0061169905484463605,1.0,0.02123748281857163
0.040556859962914915,1.0,0.02484961641696115,0.05817216905629985,1.0,0.026173374919406713
-0.04847714874484721,-1.0,0.033148049680661054,0.01493902894850585,1.0,0.024121542686506448
-0.0507355180413985,-1.0,0.03302737776363914,0.009097036475800985,1.0,0.024466786015934737
-0.055803170535788676,-1.0,0.03065118524727074,-0.020011582843448755,-1.0,0.02440870788676243
-0.01144031798708861,-1.0,0.012142405411565712,0.029023647733597446,1.0,0.018819391581576663
0.008679058946670287,1.0,0.0086505432016797,0.023062350057485748,1.0,0.01936662291931759
0.009729055198119146,1.0,0.0090668815524237,0.009729055198119146,1.0,0.019270293646376856
0.019120557187036008,1.0,0.004066839326221726,0.02100013922024635,1.0,0.019135577531625092
0.020876009636629528,1.0,0.004110278468068227,0.009863509405195925,1.0,0.019181213585354812
0.06368942443105446,1.0,0.028010152863841845,-0.010999541965380444,-1.0,0.019158058153662595
0.05573593849340566,1.0,0.030895460972089717,-0.011606034148845867,-1.0,0.019148989732650435
0.030277485933899673,1.0,0.03803093436110656,-0.002991401956496109,-1.0,0.01966000509787447
-0.03762689193683369,-1.0,0.0063589102501252865,-0.07799980604373616,-1.0,0.011102982590194856
-0.03439252995975561,-1.0,0.00817851632969961,-0.07895591213110711,-1.0,0.011098128694665909
-0.03677020445971374,-1.0,0.009144864519582241,-0.11870413106997466,-1.0,0.018310747298616453
-0.026062532494220775,-1.0,0.009905473537676691,-0.12525298324253556,-1.0,0.018555637794753495
-0.019463826500439707,-1.0,0.012465647071744128,-0.14013033434838013,-1.0,0.01845247254392244
-0.0045197817056195355,-1.0,0.005154091961796753,-0.11342389214392815,-1.0,0.01894944642307306
-0.010999541965380444,-1.0,0.007429318780619108,-0.12964106959035798,-1.0,0.019084799689721058
-0.01348561618205621,-1.0,0.006101056624605817,-0.15412981541464293,-1.0,0.01861586488501712
0.008021098274937494,1.0,0.01331945272311912,-0.14359462060874928,-1.0,0.019249558718141796
-0.0033108396473012502,-1.0,0.019146906001951583,-0.15404474425717285,-1.0,0.019400392993567453
-0.011613939488855585,-1.0,0.019094570998926565,-0.20223686649489606,-1.0,0.020993838339459957
-0.08543524317957887,-1.0,0.02622155834920909,-0.1899652253606939,-1.0,0.02296514129873342
-0.08488006913563309,-1.0,0.02629647275687371,-0.2092104570102857,-1.0,0.0240493199636815
-0.09556695217702862,-1.0,0.02226164677196532,-0.1633499021612668,-1.0,0.029080214457807795
-0.03148996553366723,-1.0,0.014950552864480719,-0.10452998218111503,-1.0,0.025788372982897337
-0.030450618842043198,-1.0,0.01459246574439324,-0.09397810434510023,-1.0,0.0255088262801954
-0.033463307566702516,-1.0,0.015390173268025276,-0.056510567904948406,-1.0,0.026545216360373068
-0.03469051017044067,-1.0,0.014681652725614518,-0.05065102175396913,-1.0,0.026824909695062522
-0.03540321663219531,-1.0,0.014890276461249272,-0.04959208883149324,-1.0,0.026770032612152085
-0.06159266726230933,-1.0,0.02583852817669827,-0.02874271937917533,-1.0,0.02631235035416103
-0.038349506477007134,-1.0,0.03808119827666422,-0.029632889820359942,-1.0,0.026289653841851782
-0.058476552400414106,-1.0,0.04176662634422365,0.002961648840357989,1.0,0.025916595191582528
0.027273024844773675,1.0,0.04356379089411729,0.04554521210774459,1.0,0.021505740026799842
0.0,0.0,0.04015954738822117,0.035731323163214423,1.0,0.020644736432119698
0.030352283529552382,1.0,0.026092825316402113,0.05610090169143789,1.0,0.01727910107317799
0.011272382079289767,1.0,0.015565360940257893,0.03970892062790288,1.0,0.014740402245302387
0.022388994893478675,1.0,0.016025458904525954,0.05047786767791573,1.0,0.014937410179213705
0.013935396671563793,1.0,0.020790198654385108,0.06137802562267858,1.0,0.014280803959941798
-0.00569545904092944,-1.0,0.01586655865799043,0.06172294851645416,1.0,0.014314634895608478
-0.013672378236831484,-1.0,0.012581485038051161,0.09577971061752555,1.0,0.018627065240505353
0.01715052103965592,1.0,0.005672771011462762,0.0589952069824769,1.0,0.025291671544837507
0.012695264224610592,1.0,0.007804946839071628,0.014918969832954432,1.0,0.02889523864895995
0.027014706506567232,1.0,0.011536652482318048,0.010123653530800414,1.0,0.02887927225563429
-0.005337299549334207,-1.0,0.019706077458541374,-0.0008875740227654028,-1.0,0.028670225318883306
0.02143673336493196,1.0,0.02399493542898034,-0.0069998051836811515,-1.0,0.02879459295120729
0.01474654451470131,1.0,0.022640275608813286,-0.014080608111316617,-1.0,0.02843111682429379
0.03562940746079307,1.0,0.011322177874879324,0.014023404952985319,1.0,0.027850235889889545
0.033286409967841046,1.0,0.010187922851688392,-0.010514115548851122,-1.0,0.026983272777336913
0.06769083783308849,1.0,0.0231059448799092,-0.014600909911662296,-1.0,0.026829568882490978
0.011552578031362115,1.0,0.05316863264370302,0.002864921025586442,1.0,0.027394851000750904
-0.052499437724429165,-1.0,0.05579845604307972,-0.005212380611505751,-1.0,0.026941136166872177
-0.09932843532355662,-1.0,0.029083846954289366,-0.07272645742293671,-1.0,0.02300294365211303
-0.04273225996558638,-1.0,0.025191265917178404,-0.04956329335952159,-1.0,0.019098631076341483
-0.009223510792024991,-1.0,0.0058679845432205585,0.0016275804436289842,1.0,0.014776210606218405
0.002810444864450201,1.0,0.010776787637574585,0.01338944449567947,1.0,0.015130808121510107
0.009573679426416515,1.0,0.011448081518378153,-0.020332588627328396,-1.0,0.01803054031635793
0.01792242299976199,1.0,0.006760267044511926,-0.03374180273883148,-1.0,0.018970616892932637
0.01422624271435563,1.0,0.005380687634527258,-0.03624729471968724,-1.0,0.01880902610264661
0.024470923533394195,1.0,0.009682115415654948,-0.059333678836904324,-1.0,0.01879887540909034
0.03858814490518642,1.0,0.004930788224885758,-0.07750141024486396,-1.0,0.01922020089304648
0.00956529032181408,1.0,0.021095296071677632,-0.1122283734409949,-1.0,0.01945147651876582
-0.040875636353745914,-1.0,0.023478282291333575,-0.15603582946742833,-1.0,0.017923424727662965
-0.04565947666929443,-1.0,0.020812502501721567,-0.19357103626009858,-1.0,0.016235264674819512
-0.01321253340494044,-1.0,0.024436716896706394,-0.13722657554986017,-1.0,0.02187356089780124
-0.013501555233393192,-1.0,0.024603133694832396,-0.0783925525195317,-1.0,0.023261559053952864
-0.04459289397448546,-1.0,0.02330304826708837,-0.06536677652420908,-1.0,0.024276351796929007
-0.04682629435091651,-1.0,0.022042899602142545,-0.07368083788094332,-1.0,0.02386493734329517
-0.029427410783159413,-1.0,0.01694409459623345,-0.03660820966878886,-1.0,0.022453045589448085
-0.025837184506270483,-1.0,0.015595940731754562,-0.010567308901982098,-1.0,0.021566896382626998
-0.06175483600695203,-1.0,0.0056851864248990925,-0.015590344329230232,-1.0,0.021400881409325292
-0.07223122709712981,-1.0,0.0038666776024007562,0.04975999941048781,1.0,0.025415138473078205
-0.07748148111004821,-1.0,0.0009031805277181943,0.028461655329548197,1.0,0.027853586642712903
-0.015432911787051196,-1.0,0.035084256747786105,0.07951621373485807,1.0,0.026894396153445084
0.03676764059415072,1.0,0.03248325706763963,0.1779649815387982,1.0,0.030798929366042758
0.08254478306659507,1.0,0.007312898955747379,0.20578428556625245,1.0,0.028498851971899816
0.05033320426397642,1.0,0.012105207816586716,0.14912721065938866,1.0,0.029867272644688567
0.028282787617349647,1.0,0.009943543999386942,0.10326323328868164,1.0,0.030850465471084443
0.010206573647741524,1.0,0.0007438317508991922,0.07008654929756075,1.0,0.031134531853290355
0.011264199200796576,1.0,0.0008130836958327973,0.0681114258591457,1.0,0.031155253246732895
0.056940798296117257,1.0,0.026799802298622846,0.011991111520590292,1.0,0.035323787032979934
0.013191779725259811,1.0,0.04542456859598024,-0.006111434832913987,-1.0,0.035624413034885755
0.03335172205713627,1.0,0.046851627267631604,0.012829606379458791,1.0,0.0362663126910833
0.05597375503118057,1.0,0.05695048042243065,0.022101155714394638,1.0,0.03748000921052681
0.09984114912665604,1.0,0.03564699830070279,0.07311633487945618,1.0,0.03499819138452287
0.054178085137479404,1.0,0.04870996420984044,0.043142501985009296,1.0,0.034643059461705414
-0.03793410765596583,-1.0,0.01351925529895004,-0.04069955589246421,-1.0,0.02711040527015493
-0.05315295320209662,-1.0,0.0047831754807202125,-0.04290546197628187,-1.0,0.02707106151944664
-0.030682580536266546,-1.0,0.010527343461789995,-0.03983663825801287,-1.0,0.026902432101398734
-0.0629893341507417,-1.0,0.027580925058803916,-0.03415218452493424,-1.0,0.02663894855617364
-0.06599141048273321,-1.0,0.02715800991345167,-0.017964999523372382,-1.0,0.026527165514679863
-0.044017620278890335,-1.0,0.037519576823790535,0.0002939015450986182,1.0,0.02720934516685519
0.0670508424899216,1.0,0.03724325960463801,0.05099913347941365,1.0,0.021819102899033726
0.09241954943762998,1.0,0.025432008689909774,0.0784211968933905,1.0,0.02100790225962434
0.06366461766268677,1.0,0.03380173870030907,0.06826563224953675,1.0,0.02047552799330357
-0.006826956575678278,-1.0,0.011075151503554063,-0.003625556868204982,-1.0,0.012274342208770541
-0.01618064772908201,-1.0,0.006019257266804904,0.039066370048253196,1.0,0.01957415754238458
-0.02880105510554276,-1.0,0.009591009304387733,0.04701118925499176,1.0,0.019380634235187964
-0.03138673628843586,-1.0,0.0099308783023033,0.022054948009232522,1.0,0.02228408073767051
-0.028212490749187136,-1.0,0.011726171654280828,-0.004232656103843435,-1.0,0.02365310369255319
0.00944795926684494,1.0,0.016675530532854883,-0.0004450708477889975,-1.0,0.023417022994028744
0.022161983853606182,1.0,0.010738492876904836,0.015964531525235637,1.0,0.02301010779854598
0.030394785934029667,1.0,0.010450851188464382,0.0016465837115936521,1.0,0.02323471903115061
0.023954110425547792,1.0,0.00794513177448997,-0.028615961519112942,-1.0,0.02258288644016634
0.01242615214230297,1.0,0.014595502933857621,-0.05223829101096178,-1.0,0.023479721636565108
0.053064722592492675,1.0,0.03299045988326107,-0.010518723719513345,-1.0,0.028660322160948958
0.04241017466814179,1.0,0.03429603236719649,-0.008644341395004418,-1.0,0.028747767248890225
0.018853548301759226,1.0,0.0446482728626319,0.03343168490090692,1.0,0.029703351383245983
-0.05947967388117864,-1.0,0.019928702783125835,0.0006888475852741549,1.0,0.02596225478657329
-0.07625731520832352,-1.0,0.010912281891450675,-0.003305332853662857,-1.0,0.025955931262168778
-0.03747715277243274,-1.0,0.014139980545064488,0.03198925962546301,1.0,0.02337936687632088
-0.02233325093375005,-1.0,0.008860232310030323,0.07601801297050836,1.0,0.021958880297544916
-0.018722931404479004,-1.0,0.007589550720587512,0.06658605994314593,1.0,0.022917861543822776
-0.046040838682591234,-1.0,0.008187837434802586,0.05205528937158044,1.0,0.023469707324776035
0.01822947850292267,1.0,0.04196303249624261,0.07030818914639059,1.0,0.023013686643730654
0.04392573054965632,1.0,0.039327272347683295,0.08835861943889489,1.0,0.02240577896883687
0.09809612805417167,1.0,0.019704773972595454,0.09203593052032649,1.0,0.02194635406722907
0.06427229389728017,1.0,0.007351070898616481,0.031656903824021254,1.0,0.016685941754173362
0.04774918320948335,1.0,0.015917033308966017,0.01579131292585434,1.0,0.016251611236270877
0.01741112302631531,1.0,0.012326232128387581,-0.029661378810476313,-1.0,0.014297510861561055
0.01584949150405557,1.0,0.011425002542348307,-0.06824551669466278,-1.0,0.013061948636003927
-0.006365922411514735,-1.0,0.02119319624038546,-0.040109506412798035,-1.0,0.016037953210348108
-0.01741112302631531,-1.0,0.021841482966796565,-0.08122862646771767,-1.0,0.019502523685333062
-0.028043074757867825,-1.0,0.01602051114272551,-0.07733524696997113,-1.0,0.019986940173685817
0.0030496280912699625,1.0,0.011286639863533697,-0.047187949858287004,-1.0,0.019486015963552383
-0.00606019753384518,-1.0,0.016544870782220274,-0.02749265100317122,-1.0,0.019572931710853374
-0.020421806819446664,-1.0,0.014174324272961464,-0.04432503270803939,-1.0,0.019383293630666345
-0.028641575963384236,-1.0,0.010397370846841569,-0.08368254183328727,-1.0,0.020656122243547285
-0.023601181276631134,-1.0,0.0076312885186433956,-0.061207913187003915,-1.0,0.02027206260279174
-0.03563012662140386,-1.0,0.009503254665425403,-0.06389369019368818,-1.0,0.020304005760133106
-0.008151636129169026,-1.0,0.02531743221975734,-0.07833500838276691,-1.0,0.020451602658882823
-0.034156124630926044,-1.0,0.03484100236539335,-0.08091151745885566,-1.0,0.020574166670354384
0.006759761228747219,1.0,0.038453449482213985,-0.048178437422688514,-1.0,0.02103083300898992
-0.013444365857003704,-1.0,0.03354424639298439,-0.08149167957630149,-1.0,0.018709862829093322
0.03632485243823114,1.0,0.008908647873964518,-0.04471729539122915,-1.0,0.015058848393714715
0.004967139504063911,1.0,0.009250279033770506,-0.059590812503330814,-1.0,0.01321555677770842
-0.033444963883730305,-1.0,0.019996287580493505,-0.08517397949581718,-1.0,0.013300087728518243
-0.039775459717677875,-1.0,0.017146197730278753,-0.120983559151088,-1.0,0.013693462782395666
-0.03999046430509545,-1.0,0.0171198939947796,-0.13407282242888224,-1.0,0.014113850154809884
-0.023294042512863877,-1.0,0.008488411352355257,-0.1212880423539276,-1.0,0.012810015168176042
-0.04330478554848288,-1.0,0.004802963398468643,-0.12043533257534678,-1.0,0.01288153508044126
-0.01991487385040419,-1.0,0.018101071976750937,-0.09558323391624429,-1.0,0.014870702805577608
-0.011308307322703604,-1.0,0.01663147567139518,-0.08148140898016853,-1.0,0.01478344284298128
0.00203809743670047,1.0,0.01171676548977172,-0.10759499741988349,-1.0,0.018213212264824412
-0.004652613851895082,-1.0,0.007866014691312147,-0.18062100757066046,-1.0,0.021651669241501068
-0.01712666577651939,-1.0,0.013401843277791146,-0.1913668603239721,-1.0,0.02150247529862361
-0.03994141132162771,-1.0,0.018548113750964206,-0.23714082272098908,-1.0,0.02341878201129574
-0.06951487042148752,-1.0,0.004509613182464739,-0.23200439348807378,-1.0,0.02400182815460475
-0.06955902674184072,-1.0,0.004490716987904077,-0.2006178706556097,-1.0,0.02565818675626327
-0.03922723314193666,-1.0,0.013304984361596158,-0.1798795531384031,-1.0,0.02551802159994252
-0.0015008757924575011,-1.0,0.01765224080160757,-0.13426963730280095,-1.0,0.027671218820018464
0.016512590860895182,1.0,0.008956795490399787,-0.1231490891610223,-1.0,0.02755907058953615
-0.030464450393019593,-1.0,0.03115716104573227,-0.1565834269182651,-1.0,0.027872218807300012
-0.10495264750482036,-1.0,0.029977951821077337,-0.1516227251509139,-1.0,0.028368803977828528
-0.12119375866650717,-1.0,0.020978985570363536,-0.13640028624376088,-1.0,0.029246748499617274
-0.12750772786440512,-1.0,0.02193210191462572,-0.10979770182635495,-1.0,0.02743677732131586
-0.0560359997693084,-1.0,0.031869654740804575,-0.04008855950252843,-1.0,0.022975149432275715
-0.026377676108157,-1.0,0.0366271812154529,-0.006244698124634351,-1.0,0.023145309856943762
0.017319858260958276,1.0,0.011400639167322571,0.03434483902245533,1.0,0.01731579395535319
0.028219885763785313,1.0,0.01562920783220478,0.016526088175683018,1.0,0.01716575120078507
0.00790975475274669,1.0,0.01809562306990115,0.018993376720588873,1.0,0.01731970305466079
-0.015931106921798666,-1.0,0.02749347923613854,0.007193576271950386,1.0,0.0181884466130944
-0.01885396364057046,-1.0,0.02597026454793335,-0.04263419397657375,-1.0,0.018166325922566912
0.003261393778156596,1.0,0.028186629871859402,-0.025692343515334004,-1.0,0.018426349956668548
0.016321274698890553,1.0,0.020719700100335015,0.013586897995189084,1.0,0.016136017872792906
0.006581518143565113,1.0,0.01769876074152508,-0.0011659542712252335,-1.0,0.015042635602526156
0.008961829452619363,1.0,0.018519362105254348,-0.0030692523614832545,-1.0,0.01489106048362684
0.016634812984405167,1.0,0.014151521803196036,0.0021432058861282632,1.0,0.014388599857566653
0.0005786479089030516,1.0,0.014170596302989679,-0.0627008640822887,-1.0,0.020771532822061577
-0.001139601262933776,-1.0,0.013197387096981258,-0.045435887167910693,-1.0,0.022885829769766948
-0.009831404489546669,-1.0,0.01694917901641377,-0.015660059032578832,-1.0,0.023692270559941088
-0.03094039638847146,-1.0,0.021822984908396112,0.06711426007711374,1.0,0.03276855546592623
-0.03677596548317619,-1.0,0.01850703293779232,0.07661609095688904,1.0,0.03311757501131589
-0.009537785198559967,-1.0,0.020027448723722294,0.10019415149488609,1.0,0.03214773366781262
0.02261427606477806,1.0,0.0014987028222558621,0.13660938740927464,1.0,0.030241656978584927
0.025884484932007346,1.0,0.0031068986657073927,0.1186589225478012,1.0,0.030824137163650355
0.004877582589829732,1.0,0.012995067040099732,0.12572671440160155,1.0,0.03085335330908605
-0.05495339166749835,-1.0,0.03330721996255339,0.11382160566175026,1.0,0.03120505998287929
-0.033404805353808076,-1.0,0.04378462840955546,0.09102189598251276,1.0,0.031728842488144164
-0.0011684519343019284,-1.0,0.0469551881346125,0.08359956883529307,1.0,0.03223399870990401
0.1303937720683055,1.0,0.030393200239951776,0.13596782228213578,1.0,0.026215578665536438
0.12091237686186596,1.0,0.03237112442695488,0.10046176639057502,1.0,0.02547530123813168
0.10602280603791825,1.0,0.037879037571575694,0.27211927522513274,1.0,0.05869397442232821
0.03855473094368944,1.0,0.01011165607220761,0.19898091005650215,1.0,0.05621949892841195
0.005266866107735968,1.0,0.009941015069070231,0.13436716367191864,1.0,0.05848762973988418
0.015994777708155494,1.0,0.012863061658843716,0.12997618445560039,1.0,0.05854778750495278
-0.00017350568274632217,-1.0,0.013239415535275757,0.1401239442494549,1.0,0.058609728188130684
-0.0017525416332810906,-1.0,0.01380609732342985,0.1326335987283393,1.0,0.058891924609860986
-0.037249562976478745,-1.0,0.00729444346445563,0.07138164539085123,1.0,0.0611197678500974
-0.032807175047112835,-1.0,0.009383397589106281,0.05535409939981811,1.0,0.061579312803949245
-0.02396493494574581,-1.0,0.010731423265002807,0.07499714496855336,1.0,0.061392672875953715
0.18735125445553774,1.0,0.11127370803716582,0.09048130161615076,1.0,0.060943208565053336
0.19340685984267186,1.0,0.1095724508315592,0.09926342929748966,1.0,0.060876000469034096
0.15481777414320957,1.0,0.12274559141450962,0.10204925435417017,1.0,0.06083867424710692
-0.036120284731614105,-1.0,0.024801621288048255,-0.12187332507603071,-1.0,0.021267777535041464
-0.020302234863357804,-1.0,0.03097186695596149,-0.15316599164765027,-1.0,0.021233403611129957
0.0035333011641566214,1.0,0.01852263911903413,-0.09857805582033358,-1.0,0.02057339421650732
-0.04259976135659366,-1.0,0.03326923474150486,-0.10317419975261649,-1.0,0.02044896318940766
-0.08494335053238311,-1.0,0.015661894222902213,-0.12634012849827753,-1.0,0.01847506160654195
-0.05938899539306702,-1.0,0.027550992367076158,-0.09298196137064946,-1.0,0.01991124177934503
-0.018149906751179223,-1.0,0.015486829401871075,-0.02966319182355892,-1.0,0.016990016120527453
0.01110215485055871,1.0,0.007489179384226602,0.001312551459971778,1.0,0.0160677765814453
0.003087174439870999,1.0,0.006034757873028884,-0.020883764810144756,-1.0,0.016249624653499842
-0.02500337223664373,-1.0,0.021582997498640313,-0.0027839205730726957,-1.0,0.016762229723509617
-0.05902256110246806,-1.0,0.018004354170283246,-0.01620462662368316,-1.0,0.01667096216171017
-0.045809536031294174,-1.0,0.02555443641459042,-0.026300003686653584,-1.0,0.01680612562922567
-0.017421159408199882,-1.0,0.020463911109621997,-0.00436902056092392,-1.0,0.014132993934880348
0.0065236282860149375,1.0,0.010297164898457431,0.047427754956946566,1.0,0.013186652076758579
0.00912939561384074,1.0,0.011797169944914655,0.06238138981596342,1.0,0.014829254689937831
0.030911246572463913,1.0,0.011442260650124665,0.08453433109357378,1.0,0.014877907325931946
0.042709329425866194,1.0,0.004635589858881732,0.09306760738251002,1.0,0.014559665229665767
0.012709201167437678,1.0,0.015801131326061646,0.08079327386859131,1.0,0.014308503142364794
0.008729364499307002,1.0,0.014262514707098656,0.050954113629911146,1.0,0.014907075358986853
-0.006415023233096229,-1.0,0.013756923158083903,0.040802318970076856,1.0,0.014907430887339684
-0.002329064436637829,-1.0,0.012203544233366984,0.05621635065204772,1.0,0.013965384659541892
-0.026588472224494952,-1.0,0.002428774396826945,0.02781550607876626,1.0,0.014773210377927387
0.004609820478161664,1.0,0.020293505699798948,0.02122528661528167,1.0,0.01523596288236084
0.04287185747132283,1.0,0.022041024398914765,0.019789564024221773,1.0,0.015335955513868297
0.07148219224629782,1.0,0.00579244082080107,0.09855058371579173,1.0,0.02387945754502697
0.05216348071157839,1.0,0.011675726035014536,0.07146462801975423,1.0,0.023429729662965318
0.027541279666468632,1.0,0.007282002307627098,0.03942321869986387,1.0,0.022369233056944115
-0.0026689708911987187,-1.0,0.010207597343925097,0.011070511440374464,1.0,0.022221655756279834
-0.00955595898656697,-1.0,0.008666865102785649,-0.01872743377465269,-1.0,0.023287313309021555
-0.011867722049105911,-1.0,0.007711182727013167,-0.03266047177700726,-1.0,0.023312831218328722
-0.014409243051837883,-1.0,0.009149887660546143,-0.0474861884302778,-1.0,0.024260601591915853
-0.025992055587891416,-1.0,0.009347953023118442,-0.03998284830224019,-1.0,0.024432564065842665
-0.038755851064463775,-1.0,0.0022386850678028786,-0.013760596727928787,-1.0,0.02607455114824362
0.044146605412530515,1.0,0.04590463162149967,-0.005758173299684033,-1.0,0.025783303960022055
0.05484916188263422,1.0,0.04301730506213941,0.007403864499025414,1.0,0.025487904565735537
0.06250551214696493,1.0,0.0405952446615346,0.024198631973048945,1.0,0.025268978272649446
-0.01599788002911945,-1.0,0.004753871544785458,-0.07212611313168071,-1.0,0.016162981283192917
-0.03802858108282853,-1.0,0.010677969534618045,-0.06442637979858812,-1.0,0.01648037573852772
-0.0445424108104025,-1.0,0.008096007481580118,-0.046790324409519635,-1.0,0.017461816726589835
-0.06122567076185098,-1.0,0.00952518539014701,-0.034709273756231895,-1.0,0.017376095014911927
-0.030811373514154472,-1.0,0.016872715705311774,0.0007939659011765854,1.0,0.01642019968518287
0.007032152999972563,1.0,0.028076780104047135,0.01306583278456358,1.0,0.016144855482525512
0.027318772078755882,1.0,0.01790183130736512,0.08179115921935026,1.0,0.017241873239700747
0.02139465721337419,1.0,0.01868488810112101,0.0654698533680873,1.0,0.017921370688599635
-0.0007966223634860436,-1.0,0.006653258452615094,0.03950244297624628,1.0,0.01642165891153194
-0.022221334419466165,-1.0,0.018592502204794435,0.04454939907022459,1.0,0.01619174870916911
-0.01698108241497931,-1.0,0.019882922258098283,0.022045139848959616,1.0,0.017839671555919385
-0.008483444235603654,-1.0,0.02278430921895531,0.02097703288839825,1.0,0.017819256857433494
0.02141895934632937,1.0,0.006783030891421106,0.08184524810424326,1.0,0.01703581930534064
0.027191764616936176,1.0,0.006928549928379669,0.06074934179625757,1.0,0.01822460469720065
0.015313746383680715,1.0,0.00544053210611146,0.052449995348700484,1.0,0.017986808794359165
0.05527476221373118,1.0,0.020230296435189508,0.09196244370694368,1.0,0.020771620644199955
0.03386451395275625,1.0,0.026718655381683214,0.07076907088820727,1.0,0.021324804041588596
0.03346876319165526,1.0,0.026783196100675442,0.07338403935736076,1.0,0.02130245085525041
-0.009922988070369787,-1.0,0.00626902985727958,0.0505030688282232,1.0,0.01874225804451254
-0.022030056305753498,-1.0,0.013042657812111705,-0.019366938886269724,-1.0,0.030652275552852833
-0.01932203245133407,-1.0,0.014094934617673974,-0.05814950312811262,-1.0,0.032207312836976344
0.015074514614552503,1.0,0.027217225230819566,-0.07087954032204113,-1.0,0.032319742262737525
0.021723119532318647,1.0,0.023971119662178453,-0.07151706298285831,-1.0,0.03234944068682993
0.02298951822469858,1.0,0.023923211461515794,-0.057663503779652736,-1.0,0.03301671165537424
0.03153615494902978,1.0,0.028404422192674975,-0.11384264538059669,-1.0,0.031218653647772033
0.03721149370888588,1.0,0.025878997354478506,-0.12542923105120396,-1.0,0.03159956921959685
0.036247790392340995,1.0,0.02599884511286226,-0.14519154314192262,-1.0,0.0311605510909943
0.013815387335010698,1.0,0.014125552559745248,-0.15559165505492034,-1.0,0.029664274738473526
-0.05627149582172075,-1.0,0.05339199944698038,-0.16839940047711288,-1.0,0.029772557557606664
-0.09806477929381813,-1.0,0.04926557113850543,-0.17405922623664088,-1.0,0.029481681237334058
-0.13130559722063412,-1.0,0.03314144729120355,-0.17249134915302572,-1.0,0.029643626971642488
-0.07418018040234209,-1.0,0.01092928162575579,-0.07806302481807292,-1.0,0.022271269245955187
-0.018836033102874183,-1.0,0.02213075093056974,-0.044289517093070496,-1.0,0.02017369079573041
-0.027888590444003047,-1.0,0.024390793801799673,-0.035709099530677246,-1.0,0.019891302113521588
-0.032189048536027,-1.0,0.02567563767320164,-0.007950646635056402,-1.0,0.018966181737983725
-0.0645385211375713,-1.0,0.007130037522241468,-0.03842737713388544,-1.0,0.018136604369888686
-0.010212854725293874,-1.0,0.030056302882367946,-0.023127369129317565,-1.0,0.017052513045430404
-0.005758675717023043,-1.0,0.028361135226127036,-0.006108754488321155,-1.0,0.015393702825556464
0.007380107297622729,1.0,0.026643760366406092,0.019041539595980317,1.0,0.015176420962078338
-0.0030843067630946797,-1.0,0.021308269103965185,-0.004801929995407406,-1.0,0.012361241319802086
0.034064879837319206,1.0,0.01049689266794645,0.002447125849763032,1.0,0.011306239459470183
0.03170492984975226,1.0,0.011817974289409753,-0.00508996272229878,-1.0,0.01154661095544562
0.005476652401714355,1.0,0.011106335330000513,-0.01870832322775806,-1.0,0.009918335319735894
-0.004067802219325567,-1.0,0.005737448471085577,-0.030919673679975168,-1.0,0.008670929155919686
-0.01297389314368913,-1.0,0.008450886967310105,-0.0332818027126337,-1.0,0.00870099254809013
-0.015306860042643367,-1.0,0.008822076906288522,-0.0063350952392199344,-1.0,0.010907030720198956
-0.030347156389291752,-1.0,0.0014940107625675402,-0.030872504444452997,-1.0,0.012031381084828381
-0.007069604407705543,-1.0,0.01216228667951971,-0.018205964496572413,-1.0,0.011717388467240865
0.008112584408616286,1.0,0.011381425637574346,-0.04266511316421229,-1.0,0.014791040830467493
0.0027972046210611445,1.0,0.014388500264628548,-0.04750422663574594,-1.0,0.015049484695941695
-0.016751395020656368,-1.0,0.011165751012988154,-0.060635436894817096,-1.0,0.01426755508186558
-0.016990699995445335,-1.0,0.011035780321218519,-0.047707717735038124,-1.0,0.015645203233008224
0.000698080307581006,1.0,0.007316960226039012,-0.03319143977313177,-1.0,0.015235874717455267
0.00351308985941734,1.0,0.005772507908641356,-0.08613194680367453,-1.0,0.022693269275812368
0.01784988039025248,1.0,0.0132506651162029,-0.08062573007811102,-1.0,0.023043841283535996
-0.004020632983803396,-1.0,0.020383586735370517,-0.08194903624112926,-1.0,0.023000036962396345
0.0021019450723721578,1.0,0.02012801016785749,-0.10024958991188893,-1.0,0.0234747722382928
-0.05163687796763572,-1.0,0.01719366868373855,-0.13712029547129023,-1.0,0.021677302751913482
-0.04697887858058469,-1.0,0.017080186484839093,-0.10967099326552565,-1.0,0.022178888417725705
-0.049499076805950226,-1.0,0.015866230615962658,-0.09925495809534135,-1.0,0.022808807233418094
0.0030699798377904486,1.0,0.017346739876486942,-0.08627175022087108,-1.0,0.021810736588700225
0.017109991483675313,1.0,0.01193581826517924,-0.051998904987452965,-1.0,0.02291907028094463
-0.0422479049295138,-1.0,0.04174563061176935,-0.06848082862171578,-1.0,0.02322370811255966
-0.049908712338518235,-1.0,0.038796007795641886,-0.07972721471317301,-1.0,0.02232432337481388
-0.04805951616041648,-1.0,0.03918374450896538,-0.06101948409924385,-1.0,0.02338955193213633
-0.010604553248797055,-1.0,0.018019843508915497,-0.0030733792920113467,-1.0,0.01547894265778393
-0.038644685002926726,-1.0,0.01249879715805575,-0.01855624741331363,-1.0,0.01501920791520288
-0.03174259000819979,-1.0,0.01635687206678062,-0.014687913074537429,-1.0,0.015118777552643261
0.003096576888919733,1.0,0.015049223082237191,0.005412733106750278,1.0,0.01346480590128941
-0.0007883327172165666,-1.0,0.01727802373322472,0.004716989878138733,1.0,0.013544375410246527
0.010693209697487993,1.0,0.020871310318262743,-0.012984640429327898,-1.0,0.013622210984199572
-0.01872494733232466,-1.0,0.022172590501154915,-0.00426026980534544,-1.0,0.014553782364146294
0.009614515345488517,1.0,0.019143592077248056,0.0031496089028962837,1.0,0.013776106803012928
0.00808941237188443,1.0,0.018511038933533053,-0.022688240941649784,-1.0,0.012483372743761541
0.023159544400190635,1.0,0.010353300835386542,-0.005924187942329295,-1.0,0.011414899172131131
0.011262254961341145,1.0,0.012175372946122816,-0.040244474667210484,-1.0,0.013190420943506096
-0.0017279451357100628,-1.0,0.004685498508486966,-0.13317520384070336,-1.0,0.02315475849599947
-0.00211844085003543,-1.0,0.004785921793861258,-0.1346863494420324,-1.0,0.023110077043393802
-0.015371447711474362,-1.0,0.010982973471457855,-0.17007783747245553,-1.0,0.024285714385506363
-0.03003931736299026,-1.0,0.006822866630971795,-0.21362900462727907,-1.0,0.024443698289677667
-0.006576426023175985,-1.0,0.01970325438425267,-0.19547887532010444,-1.0,0.0259402612687675
-0.002355713692459016,-1.0,0.018221295503352556,-0.1260524271388901,-1.0,0.03266001334050618
0.000989609185166107,1.0,0.01747609128172653,-0.10910790238638668,-1.0,0.03305467895819046
-0.020388865469308515,-1.0,0.005758750542798781,-0.12335353863416554,-1.0,0.03215084080441162
-0.03377956822461825,-1.0,0.013111493980980018,-0.10912370217562473,-1.0,0.03231567665584803
-0.10239755052716915,-1.0,0.0376198604230395,-0.11874789267263952,-1.0,0.032365033948738305
-0.10560261709951246,-1.0,0.03623654995827872,-0.09792798234640376,-1.0,0.03341528755060206
-0.1185711078439039,-1.0,0.03536846520638416,-0.0876954158031501,-1.0,0.033044808471495664
-0.08218174592228578,-1.0,0.019920257576441076,-0.047804456844672716,-1.0,0.027068370620229633
-0.06291096672810748,-1.0,0.031046019947545533,-0.058467034727523126,-1.0,0.02725736286301552
0.028653962622091078,1.0,0.045856170169552776,-0.027144689489597362,-1.0,0.025101003809915718
0.07448178487790214,1.0,0.02428924227967148,0.05011487012562321,1.0,0.02480180559907776
0.06554891066276292,1.0,0.026560138713284012,0.016736792355523944,1.0,0.0253579236720334
0.014573011270806346,1.0,0.0029336108103688655,-0.017501007593464513,-1.0,0.02055493259492285
-0.008650381101086735,-1.0,0.011682781157667752,0.020547170951307203,1.0,0.024541719596770404
0.00503669081845326,1.0,0.017882143554242298,0.03133697800409119,1.0,0.024905857623435477
-0.012351281852143625,-1.0,0.020568017689187052,0.013066387989992712,1.0,0.025528286566437897
-0.03145411469920234,-1.0,0.027824189699132827,0.03995728572613089,1.0,0.02505514608297308
-0.06614166948063183,-1.0,0.011427033217129864,0.01151060596823994,1.0,0.02471591245785798
-0.05802038153035116,-1.0,0.014243324862627573,-0.0022217294186627212,-1.0,0.025856644767982134
0.015737581048010152,1.0,0.02905142340880919,0.04385188252884942,1.0,0.023491685094843624
0.012292860354939594,1.0,0.03029640856889066,0.07354105035706948,1.0,0.0228979928778531
0.03829764451822393,1.0,0.02890822623834663,0.12393112984127086,1.0,0.02467663308494001
0.044914085703586126,1.0,0.03194847139501623,0.09656430470271438,1.0,0.023044500977922322
0.08014909631133016,1.0,0.015974225262674897,0.13761479154071754,1.0,0.021756327079248055
0.04514040685426357,1.0,0.03097222783433063,0.11954196266212025,1.0,0.02186762610777649
0.010759733673736949,1.0,0.017850791101296372,0.06511981039941217,1.0,0.019414363275283283
-0.014789681217397987,-1.0,0.014152992564908979,0.06007378177145928,1.0,0.01920063582705696
-0.027639399260799058,-1.0,0.020175179382091256,0.07440155580785668,1.0,0.018142071042057967
-0.02755951789648381,-1.0,0.020214733487149354,0.08214797160899878,1.0,0.01845419320149482
-0.004111225091802284,-1.0,0.024507844091870935,0.09450500306381648,1.0,0.0178352995104891
0.06813247772958242,1.0,0.017379469993491714,0.14103762532837438,1.0,0.01347619176622385
0.06845000322187511,1.0,0.017271658074947988,0.13559197443748994,1.0,0.01360086384389664
0.07636660153858765,1.0,0.015950584021546012,0.12268571310449738,1.0,0.013821709225884661
0.03390847733907332,1.0,0.011175516900675263,0.06105229339562401,1.0,0.012005211203713952
0.01346959140028392,1.0,0.01634378092724912,0.037108512634598245,1.0,0.01286381173181716
0.002608086542071897,1.0,0.010501327313121442,0.016733458177532023,1.0,0.011313235243470235
0.0,0.0,0.010690591611021545,0.008798297107861952,1.0,0.011617167678760825
0.02778789488332356,1.0,0.010665721600790167,-0.0018261139293941353,-1.0,0.012794962237492135
0.01964154007495922,1.0,0.010775567297954166,-0.04131466912699988,-1.0,0.01444438478290252
0.03899667025971865,1.0,0.008226354345263436,-0.02645656953683051,-1.0,0.015160310115742
0.025884484932007346,1.0,0.0072643307622016675,-0.05824919223000724,-1.0,0.013940847891928856
0.024069484948878617,1.0,0.007943478226154812,-0.025065963220070597,-1.0,0.018351234429264944
-0.01185285420316795,-1.0,0.013139225784761283,-0.07311293980733191,-1.0,0.019048422612904622
-0.03003345858101658,-1.0,0.010626437167628556,-0.07746837441884835,-1.0,0.018850117473698184
-0.02958565338837771,-1.0,0.010874037453839401,-0.0668170387833944,-1.0,0.019509716255827928
-0.018345518948688744,-1.0,0.007611305682301877,-0.03662829841449844,-1.0,0.019570133404099663
-0.02546503516370846,-1.0,0.011060082752101203,-0.0248559599240894,-1.0,0.01933141524090151
-0.05544004076246001,-1.0,0.010108381390674251,-0.04216459169985309,-1.0,0.01962918040458211
-0.03525486664469246,-1.0,0.02132832105206346,-0.046453656432506096,-1.0,0.019751685130256828
-0.028635183417289545,-1.0,0.020384395521297227,-0.05403337402289987,-1.0,0.02042094732181653
0.0358902459818885,1.0,0.02500972097606575,-0.02623378706116508,-1.0,0.01906996315772945
-0.007659700010782755,-1.0,0.03516328325732649,-0.02632830720923518,-1.0,0.019063386241913772
0.006665302743166235,1.0,0.03392793391699191,-0.03942972140986811,-1.0,0.020103225158370496
-0.017681590614445186,-1.0,0.02255278418140924,-0.07246672381750885,-1.0,0.01596102086222966
0.02463178718966552,1.0,0.0062384290488672195,-0.04745066269973608,-1.0,0.013889614584998258
0.02257895591374237,1.0,0.007419281920110226,-0.04154019575995438,-1.0,0.014184424221689342
-0.004933206304836402,-1.0,0.013185057639326177,-0.0643608320519975,-1.0,0.013374239747767476
-0.0281708769666964,-1.0,0.0074186054661094245,-0.10126869133767924,-1.0,0.013458865772162903
-0.05464244926251893,-1.0,0.008178719139324485,-0.07872431592027818,-1.0,0.015935151267608576
-0.039509236123771996,-1.0,0.013778750446336247,-0.07086386211061113,-1.0,0.015710692095021322
-0.015129517421421546,-1.0,0.02039426456770803,-0.05068977751190906,-1.0,0.016071742941052396
-0.014031530804257786,-1.0,0.019791061100736945,-0.024301477946662153,-1.0,0.01430813237861871
-0.010342690774455265,-1.0,0.020334092158695253,-0.011859977290749946,-1.0,0.014906472083680974
-0.028782055501283654,-1.0,0.015342678350479593,-0.004030980317654254,-1.0,0.01569414622212569
0.004554828393079968,1.0,0.006781725195092041,0.044432858800476205,1.0,0.014576526412535682
-0.009575698848933833,-1.0,0.009048638076086055,0.04385831590003242,1.0,0.01457751976125105
-0.02918624144827764,-1.0,0.01633294781607515,0.0507701678225887,1.0,0.014291523430872342
-0.014605164246581426,-1.0,0.024100081379407674,0.04692323153296274,1.0,0.01426813564952012
-0.011436236363450036,-1.0,0.023801258526726914,0.05052763944175165,1.0,0.01397343304916531
0.022408036859073777,1.0,0.014413500724908416,0.09761238013456863,1.0,0.011135481387161427
-0.00021961128890291004,-1.0,0.007762599405379034,0.07139081391567215,1.0,0.010836589826258656
0.01949464869608919,1.0,0.00691915613161095,0.07477132209512793,1.0,0.010500345747909534
0.03152927977283326,1.0,0.010772161963958672,0.06887585425603071,1.0,0.010540200278250155
0.05470280594288057,1.0,0.005104969251535349,0.07569123070446249,1.0,0.010319601994290316
0.0453756024163271,1.0,0.010444613235628501,0.07539317010397828,1.0,0.010303842745676533
0.026019092638959296,1.0,0.011663384546930387,0.054402825528887644,1.0,0.009477720265285818
0.007045201125566503,1.0,0.0013159888110852763,0.023428938480537953,1.0,0.008425182102246498
-0.0029063753072146037,-1.0,0.005207805452202452,0.00041450777795559723,1.0,0.010500500894721893
0.017655970863702297,1.0,0.014318573115123143,0.008045427616032219,1.0,0.01078031274198241
0.009862418136127982,1.0,0.01571494621152164,0.026689981960120845,1.0,0.012386540291983984
0.01280744628992625,1.0,0.014833506608490659,0.0347328069188918,1.0,0.012065078865064065
-0.006328489019464145,-1.0,0.003801050545133748,0.010325023398148558,1.0,0.010636092284857441
0.00408080549988743,1.0,0.004867137810146748,0.027625509170780993,1.0,0.010982027068948146
0.020116496704939535,1.0,0.005017540379008637,0.02192536062896555,1.0,0.011390011147421898
0.017056251045690196,1.0,0.006474276268940412,0.06826901068245239,1.0,0.01767251391403514
0.002440513718956039,1.0,0.010613647612303538,0.04479697933055238,1.0,0.018923703273813184
-0.029603059909695584,-1.0,0.009584436903833931,0.01636109919723594,1.0,0.01954499730934134
-0.02033830527389613,-1.0,0.014298145862777457,0.014590045958063902,1.0,0.019569531331548932
0.010306244605149395,1.0,0.021273127823364504,0.018315898960038046,1.0,0.019423491895183585
0.0314119238337216,1.0,0.010417130087391561,0.039411966500797924,1.0,0.018225659835547484
0.019935566645818636,1.0,0.013247505700907767,0.058071176607835784,1.0,0.019461413352984593
0.01079794534678813,1.0,0.008083151591464397,0.04019453594813305,1.0,0.0187196118928498
0.0,0.0,0.011403961564264896,0.05735919689453339,1.0,0.019190750577123356
0.05161549826483969,1.0,0.02936665764323832,0.07337399547849843,1.0,0.01915609406311422
0.021252275659658815,1.0,0.03618374814370855,0.05982876025433137,1.0,0.019137683904830755
0.014552235273209924,1.0,0.03789406695685802,0.06641928151893595,1.0,0.018772370508459753
-0.03662271367869829,-1.0,0.008373108218984267,0.01593961641215713,1.0,0.013019421474561834
-0.024040566651558293,-1.0,0.007286303190865282,0.027083188035870842,1.0,0.011882357118114915
-0.0065521926061336,-1.0,0.0032020531227319716,0.048479126573789943,1.0,0.010352730822943615
0.023142825375875753,1.0,0.01710393681710331,0.013206065582229587,1.0,0.015915135585630572
0.0321848815932444,1.0,0.014257573875651233,0.008341657108454803,1.0,0.016149647909838798
0.04935915422745707,1.0,0.011742470436041676,0.0019900504080100356,1.0,0.01623559973291269
0.035238385516481285,1.0,0.007330754331039429,-0.009349503243540003,-1.0,0.014789857205151385
0.03043216965298645,1.0,0.009964655641603705,-0.0017396351154437273,-1.0,0.015165693798334733
0.009060084624402553,1.0,0.008702857186167466,-0.002848193323887749,-1.0,0.015045558523093664
-0.005818880801501614,-1.0,0.001034075636569606,-0.034850713482162954,-1.0,0.015320009100208979
-0.011493296558801713,-1.0,0.0024715758469419325,0.0069075230313939695,1.0,0.019873523618103753
-0.0033879196719360793,-1.0,0.005893121080467521,0.006928217957215765,1.0,0.019873185843257223
-0.03935626450862584,-1.0,0.022203559093947965,-0.006800177319064682,-1.0,0.020415309840249307
-0.04278209757897433,-1.0,0.021785648784451984,-0.009137699217537154,-1.0,0.0204892392225893
-0.05304126877191351,-1.0,0.01763625258981929,-0.007000312382309248,-1.0,0.02055404697505694
0.0005872565501061633,1.0,0.013714722953699118,0.060590066571233114,1.0,0.018579803141090572
0.022103589369345866,1.0,0.011056708629811514,0.0643407167654495,1.0,0.01833286402726825
0.044520910495559285,1.0,0.0030031277522507252,0.033430930679287485,1.0,0.02179034611518949
0.009737175277858334,1.0,0.019484751427351885,0.03405157303770001,1.0,0.021824699859677096
0.03907932779982415,1.0,0.030137178985260898,0.031609638539814355,1.0,0.021748043718581647
0.018836495905506068,1.0,0.03096946473507885,0.03255057296217889,1.0,0.021807192512501346
0.02223165536159666,1.0,0.02961603956178809,0.02128351837959852,1.0,0.02303520605678057
-0.027538518807732837,-1.0,0.006317163461640113,-0.025246254193697193,-1.0,0.019511315969635012
-0.017316450011461093,-1.0,0.011751445277837407,-0.021883536922317592,-1.0,0.019521715382051347
0.02803397938167196,1.0,0.01943033327441623,-0.014701935453489301,-1.0,0.01916754882009077
0.030696318404012324,1.0,0.0181988679290709,0.005340466631317264,1.0,0.019306126170327814
-0.012610025710316775,-1.0,0.03295275577362537,-0.018394847087167765,-1.0,0.019757177098555682
-0.02595123698342694,-1.0,0.026312566015702074,-0.04100630933047178,-1.0,0.01744645951922792
-0.01062748885628928,-1.0,0.028405239840467687,-0.001856321305291786,-1.0,0.020290051590138296
0.04364055277845069,1.0,0.004855266538211353,0.04400860578223731,1.0,0.016956498082680283
-0.0030308793802431566,-1.0,0.02575181100264956,-0.0047397946352121245,-1.0,0.01930550635064409
-0.0177765649336874,-1.0,0.024237709818324578,0.021326723921436197,1.0,0.02177224044750095
-0.03559761397899042,-1.0,0.0162278066079909,0.004407720634708734,1.0,0.02115082628887366
-0.013753798471491163,-1.0,0.004510671261651345,0.06784125688476927,1.0,0.020719749257933077
0.0030482020172816204,1.0,0.009776344678973306,0.14089782091684022,1.0,0.026891795010955104
-0.013827760176311266,-1.0,0.014185132349929836,0.09854735296354766,1.0,0.030985556987437407
0.0017296055046894798,1.0,0.014916182051314675,0.10852917739013634,1.0,0.030630190269891753
0.023499530467403273,1.0,0.024686804043392067,0.09950356455260201,1.0,0.03068603483386345
0.0497934271590883,1.0,0.014150162161666585,0.10595983322706937,1.0,0.0302656640826056
0.010315277711832715,1.0,0.033068326333034435,0.3263820013143286,1.0,0.0699764290190752
0.012555556370438703,1.0,0.034075049109805786,0.27942623601241995,1.0,0.0709370682019347
0.004039667630922117,1.0,0.033726426103785886,0.3277604602983211,1.0,0.07147191601285252
0.06955017213973824,1.0,0.018990639547568768,0.3730173020473287,1.0,0.0691952976429088
0.10179453206171662,1.0,0.03303932193039091,0.37364932655312266,1.0,0.06919887583006307
0.05854201834984851,1.0,0.055922224543021835,0.2527183656395405,1.0,0.08163079156597113
0.026934122033875907,1.0,0.055035672622521896,0.19258016735811972,1.0,0.0826597876302059
-0.03834605434695659,-1.0,0.02527791898837807,0.1298995153120695,1.0,0.08108884818619004
-0.006415279912789562,-1.0,0.006846201404073034,0.16030424245510294,1.0,0.07975328809251081
0.21958242942888173,1.0,0.1338147963344077,0.12779885840352923,1.0,0.0807366204860361
0.2034222019272212,1.0,0.13835770851521492,0.10144377999923637,1.0,0.08134743099612403
0.27159405423034005,1.0,0.12403674163577698,0.11101505000330675,1.0,0.08119641996083973
0.05695057844483281,1.0,0.03649388017375695,-0.154127589671745,-1.0,0.043902803831938564
0.10677864691114142,1.0,0.022612936197844137,-0.14424718628470046,-1.0,0.04396987666040409
-0.07100242702785853,-1.0,0.08390104596074739,-0.18659955292892938,-1.0,0.03927605804697283
-0.11088696254947072,-1.0,0.07817178701740479,-0.2105933979689249,-1.0,0.03829404088094858
-0.14195527917933654,-1.0,0.0646060879694371,-0.2614680883025964,-1.0,0.0344851876156178
-0.03387210483458902,-1.0,0.015823855693360023,-0.12668246714713055,-1.0,0.017464092307558843
-0.03784718692071459,-1.0,0.017832890295586473,-0.04746044474883149,-1.0,0.024320847361768885
-0.06680178965978972,-1.0,0.009849920403966319,-0.03600655648462253,-1.0,0.02490771399521039
-0.055704472364585755,-1.0,0.016026424829206787,-0.043635627127332655,-1.0,0.02524129808253082
-0.062344018646392496,-1.0,0.01880845633218587,-0.03445154186829197,-1.0,0.024465095306157123
-0.042268764356715616,-1.0,0.020438451018599795,-0.023934381371301716,-1.0,0.023807718826803742
-0.026020548701896073,-1.0,0.026964352857301043,-0.05372135608507578,-1.0,0.025149010049320197
0.00048477014765291315,1.0,0.013956916416147293,-0.06166565162022741,-1.0,0.026183244448061947
-0.010442255106754506,-1.0,0.016804083493963576,-0.0524814353433794,-1.0,0.026346544080321815
-0.011085341246059699,-1.0,0.016435568143700133,-0.039764078515922174,-1.0,0.02746308072390633
0.05224599067062269,1.0,0.03374977753621409,-0.04747439043795232,-1.0,0.02775013126072651
0.08350625263863731,1.0,0.0211458983531616,-0.04169712447820173,-1.0,0.02758813940150301
0.04917473518520887,1.0,0.0357203969899399,-0.06301034098846814,-1.0,0.026959823227266973
-0.024838284040175074,-1.0,0.021171422429127857,-0.04580474456776562,-1.0,0.03051832712927399
-0.05472961454646891,-1.0,0.004082629186451996,-0.07111815615255768,-1.0,0.02988306013265299
-0.06579020132232888,-1.0,0.008243487371106294,-0.042252064055000094,-1.0,0.029879857120743644
-0.08955812839832794,-1.0,0.015886622719661916,-0.006307179533526386,-1.0,0.029685514136597806
-0.0708158183287933,-1.0,0.02590205143371905,0.0012740884029623922,1.0,0.02945783582302365
-0.01206327113274247,-1.0,0.03782743941313132,0.040716864158509836,1.0,0.02792282351598945
0.014676031329928008,1.0,0.02364727197553377,0.05420293041863772,1.0,0.02597822405662153
0.0003420557584231654,1.0,0.025030384792992216,0.02182643112852023,1.0,0.027559688426285565
-0.03433160371860566,-1.0,0.006563094105512113,-0.04575238886954447,-1.0,0.02850078504861059
0.053915636540809386,1.0,0.04461118598547519,-0.04168350956884448,-1.0,0.02833002053592529
0.054085220964281366,1.0,0.04455931188049287,-0.0374575625349004,-1.0,0.028276398553594588
0.06993301211867692,1.0,0.04105702862536224,-0.017880868725914545,-1.0,0.028646523153324787
0.014659280994064161,1.0,0.01239808596059439,-0.09101764029842213,-1.0,0.017972723516851752
0.01766263000905116,1.0,0.010697599790605477,-0.07255153222625887,-1.0,0.018602181281288856
0.01717872689118105,1.0,0.010615318689463369,-0.07753235784406559,-1.0,0.018272206694704748
-0.029048018446163837,-1.0,0.020839827084459094,-0.08686758933499006,-1.0,0.017495858455647172
-0.050263475603235463,-1.0,0.02258738679370997,-0.0793002383988684,-1.0,0.01767266474301102
-0.09853252416079678,-1.0,0.005878804125090128,-0.0681934074230664,-1.0,0.018828292339733196
-0.08121040865755419,-1.0,0.012180103630981563,0.07450336237412802,1.0,0.036977067177215286
-0.058941937904997466,-1.0,0.017499325922854997,0.08314057570877526,1.0,0.036341928184610565
-0.006460083574975739,-1.0,0.014299326831882902,0.10904324920896036,1.0,0.03405829499333104
0.004581505811231734,1.0,0.010309179725893873,0.13463463405942971,1.0,0.03322257273729076
0.018991251272922893,1.0,0.00891584180302466,0.14377521233293244,1.0,0.032916892263050425
0.010281523000525872,1.0,0.0065718786687624445,0.13909915338061846,1.0,0.03292622462531616
0.018809331957496234,1.0,0.00260344526234372,0.12835362996351612,1.0,0.033520220546251304
0.01091392383644163,1.0,0.0019575099592069652,0.14412221120123075,1.0,0.03376759750172266
0.026517677312180243,1.0,0.010071616731535867,0.14589398034653434,1.0,0.033736549258122014
0.13232293326295425,1.0,0.05839657612319712,0.17507776240281953,1.0,0.03420984732645075
0.1121773385044082,1.0,0.0663794355522716,0.18392835158473703,1.0,0.03399386831144637
0.07870413247122998,1.0,0.07315733818461849,0.1944042679786041,1.0,0.03426648242055879
-0.0210791369722525,-1.0,0.015744026490886857,0.039563645694837,1.0,0.022653783738809892
0.0016926987191597243,1.0,0.012384964461789915,0.07218096650866485,1.0,0.02170269512380169
0.02359582059668236,1.0,0.0035095399251379314,0.06436294392704195,1.0,0.022436172583536765
-0.0016994982846818552,-1.0,0.012236505179338789,0.05159426792344468,1.0,0.022454339405819996
0.019338250141221203,1.0,0.019835490139897688,0.0687673438024724,1.0,0.022975110043844418
0.01707634996644175,1.0,0.01974831375234915,0.1008234899332594,1.0,0.02511861901341075
0.06553346439679963,1.0,0.014056998149308605,0.0885822264724977,1.0,0.02634863758982608
0.0507200642199479,1.0,0.01494521749926575,0.05272493385898819,1.0,0.026196415984104788
0.07502796494425001,1.0,0.012902396279347748,0.056225671175968384,1.0,0.026241018133498755
-0.0031911834450282783,-1.0,0.038737254085498336,-0.0014492756159902864,-1.0,0.02565368533285342
0.00042995342833601624,1.0,0.039317190930890894,-0.0095060488271001,-1.0,0.025462884812080422
-0.051337191580332175,-1.0,0.029216071620663822,-0.04274094136991746,-1.0,0.023445127718499055
-0.00904851474364482,-1.0,0.01744986035372334,0.0014518004872876578,1.0,0.01964566205558354
-0.0017209239870327186,-1.0,0.02111851053837438,-0.007912002721051692,-1.0,0.019232348357268808
0.06005636660289981,1.0,0.021366557463141048,0.005545030988854227,1.0,0.018308933850692762
0.03528846026437116,1.0,0.03469864595435091,-0.010019238079877424,-1.0,0.019028929486851563
0.0032958401977369878,1.0,0.035269471201199915,-0.03922645452185125,-1.0,0.017784479741014277
-0.02752146879084927,-1.0,0.01837322206923108,-0.055676158110338714,-1.0,0.014390549804377104
-0.024498037691688346,-1.0,0.01696224891551277,-0.08951044436092509,-1.0,0.020928934354055597
-0.011510918466140385,-1.0,0.01759403336107779,-0.05650222927712095,-1.0,0.022553973861126134
-0.023938647601635832,-1.0,0.013766332847821075,-0.053681711704470725,-1.0,0.02273476007437517
-0.00029010734175033415,-1.0,0.002319692433537555,-0.02853974225423145,-1.0,0.021952027834793997
0.002023999534384424,1.0,0.003524007669045067,-0.0002894774951462953,-1.0,0.023911838965322847
-0.003051219221560486,-1.0,0.006077014844980051,0.0031865612132067067,1.0,0.023900657131152837
-0.0205195533108099,-1.0,0.010994442647540952,-0.012261137402685307,-1.0,0.024328444146221716
-0.03303537578783228,-1.0,0.005596897437755283,-0.016601517152541767,-1.0,0.024271292187957667
-0.0011648224962931275,-1.0,0.021922588696096867,-0.017024185736400688,-1.0,0.024281340899738192
-0.04420274601667651,-1.0,0.04281484744235212,-0.02595210525547903,-1.0,0.024945511731876025
-0.013979934557532714,-1.0,0.0483761079974505,-0.011560822401076032,-1.0,0.024983772922314303
-0.02552702238498128,-1.0,0.04527602923569389,-0.03952378937927142,-1.0,0.023680007477471666
0.036472664415005296,1.0,0.010364650861560104,-0.007301003305065279,-1.0,0.017665717409304213
0.04470183331583427,1.0,0.0145805519052286,-0.07185150129224843,-1.0,0.019791058731884494
0.0329296253160416,1.0,0.016843180138380227,-0.0653060153069055,-1.0,0.020435199677952227
0.015988497509795807,1.0,0.023238214429470112,-0.06361371386412823,-1.0,0.02049317117720922
-0.014288040123011048,-1.0,0.009263621555160207,-0.11265722578351778,-1.0,0.017373921699472293
-0.02326196617116788,-1.0,0.007799339271885676,-0.108176399090533,-1.0,0.017663518356087392
-0.034210521163603624,-1.0,0.013602266394577,-0.07674370537796033,-1.0,0.018909510467540507
-0.027994681036366542,-1.0,0.016422415662196974,-0.0762564436082993,-1.0,0.018925352350115648
-0.023664426139163863,-1.0,0.01678929587839938,-0.06829532239243186,-1.0,0.01900329788902091
-0.025551644066262758,-1.0,0.01783245617398228,-0.04698328691746401,-1.0,0.017853445956265996
-0.07427061344870511,-1.0,0.019602092072240628,-0.06102110632569274,-1.0,0.01757653142100008
-0.05130924831261535,-1.0,0.032327470578988764,-0.07275649464351491,-1.0,0.017813146170540396
-0.019840046144057655,-1.0,0.031989545188843393,-0.06356196870532932,-1.0,0.01694716833574834
0.0038961088245649256,1.0,0.01904555155847236,-0.035091319811270116,-1.0,0.012763899620897268
-0.009940758467585908,-1.0,0.013305979849148032,-0.04253186862574998,-1.0,0.011722787709515535
0.0028585059959637116,1.0,0.01774380542884203,-0.03957701071641223,-1.0,0.011906596933033703
0.022112742052207424,1.0,0.007845732521551546,-0.028596854174096964,-1.0,0.011010233630468262
0.016619110526933267,1.0,0.00905144258440767,-0.02876955528709446,-1.0,0.010999109055347456
-0.004450102703107306,-1.0,0.0031345046166617314,-0.03551050964808977,-1.0,0.010111233802080274
-0.012759343753759977,-1.0,0.003904476681173068,-0.011957097421121943,-1.0,0.012800605835050544
-0.02812559839024692,-1.0,0.005347687067012767,-0.00492494442114938,-1.0,0.013009628863297646
-0.04213032585412807,-1.0,0.005820755678248251,0.026408324973484165,1.0,0.014981269862614999
-0.04834082693428249,-1.0,0.0026809579946544277,-0.013412174874489369,-1.0,0.02069008523736707
-0.02108462229485042,-1.0,0.01658888611162045,0.029234333753688557,1.0,0.02166005201970438
0.0041449118448594335,1.0,0.013530735435550256,-0.006835068703887726,-1.0,0.02680929154863049
0.010390574461738078,1.0,0.010036403174743249,-0.009308690387260454,-1.0,0.026930222679950846
0.00382155487106961,1.0,0.007730461998565325,-0.015095892173467407,-1.0,0.02673388883373227
0.0069250070642861705,1.0,0.008835960610719232,0.03079171341622028,1.0,0.030852898473495302
0.038752498805182445,1.0,0.009955292458341492,0.03425160710469832,1.0,0.030764893130295963
0.04046372139287835,1.0,0.00933190877545111,0.036634133179780315,1.0,0.030789936603991416
0.05746873191846663,1.0,0.010550244373045118,0.035351917942103406,1.0,0.03076871541911061
-0.014214421207127403,-1.0,0.03825538121066204,0.0133823886593184,1.0,0.030034764460105588
0.006033679784591017,1.0,0.042877291725064166,0.025938733182755525,1.0,0.03047513407818331
-0.07537371953149996,-1.0,0.0455453484157009,-0.00747434186591972,-1.0,0.029587766186573907
-0.044237342447053574,-1.0,0.04124297800888022,0.046098435145606464,1.0,0.025652323997546377
-0.06541484822200638,-1.0,0.030991486311977196,0.04367371048472124,1.0,0.02545974267224026
0.04177169396496744,1.0,0.034858117580914075,0.08094304085760956,1.0,0.0191185896053533
0.053950871953696855,1.0,0.02992839215614786,0.09002502557027109,1.0,0.018282292969694074
0.05555158022431733,1.0,0.02962338484943285,0.09888361141366164,1.0,0.018399128680330192
0.011485211590169297,1.0,0.006936745173297448,0.07165257536046066,1.0,0.013547100046906988
0.017883280359802523,1.0,0.0032441885292478078,0.058509022042466385,1.0,0.014905653466272142
0.02976832139585356,1.0,0.008849720269555399,0.043944213638827334,1.0,0.015243625926004405
0.014642472110443505,1.0,0.01357358941115157,0.04663535755171505,1.0,0.015332173486328019
0.01850162527916066,1.0,0.013376488022011638,0.05075508976182874,1.0,0.015337544785661439
0.023768657086556733,1.0,0.016089375264233794,0.03671674523917856,1.0,0.014576032704186937
0.01304366319202932,1.0,0.021424678290019494,0.04806050342928819,1.0,0.014216104553499647
-0.0003107520223889493,-1.0,0.02225691656025428,0.03885019005409868,1.0,0.014342134602473288
-0.01020494729306598,-1.0,0.016764596435238966,0.02232804228243712,1.0,0.012786875257390045
0.032481228467818535,1.0,0.0164320174953209,0.07387653531565891,1.0,0.014136421511917201
0.02243486842589215,1.0,0.022034904853195116,0.06059719788356693,1.0,0.015715215558097385
0.000612182449483023,1.0,0.02193125868500881,0.01111376286606991,1.0,0.019022213474718778
-0.013532006218576309,-1.0,0.014135654362490984,-0.024644077328560887,-1.0,0.017697483801743227
0.01012934807916488,1.0,0.009124952205753711,-0.014540701588855953,-1.0,0.01713642014613897
0.022540852996204785,1.0,0.0027471288009630734,-0.04602471370911404,-1.0,0.020213881639309404
0.016067617988016647,1.0,0.0010920373242431032,-0.03355709661583178,-1.0,0.021316595849661685
0.006596725571430595,1.0,0.004668269753693983,-0.04334472869324579,-1.0,0.021121684115146158
0.009379954129815293,1.0,0.0058053546171068894,-0.04968061285723929,-1.0,0.020950325732386914
0.038859695078400036,1.0,0.018826359158613665,-0.06254438383374533,-1.0,0.020814585987532285
0.021436255807079307,1.0,0.02712755386178688,-0.07057383192904743,-1.0,0.020870666442176344
-0.021419226709433192,-1.0,0.03601653666545106,-0.08228043972104726,-1.0,0.020414451695245348
-0.06603938417640126,-1.0,0.011848046992537581,-0.12515359053270586,-1.0,0.015940420931513814
-0.052703031046530735,-1.0,0.014801590464987436,-0.09120861297975097,-1.0,0.016959245715718725
-0.05652629412570093,-1.0,0.016993550254029544,-0.06424585642327763,-1.0,0.014704465881551325
-0.022445025505847205,-1.0,0.03073380918633802,-0.06612148671947754,-1.0,0.014779260974584634
-0.01867467902522496,-1.0,0.03082679357964389,-0.04638787159770019,-1.0,0.015644233652493927
0.018884953848079533,1.0,0.014632160129668514,0.009407707111330765,1.0,0.012425229835772501
-0.012919669229896902,-1.0,0.004018233483122467,-0.01450671923766389,-1.0,0.010243209280901668
-0.020632377664371038,-1.0,0.0054191968518160685,0.0006281407241708337,1.0,0.010855653447088729
-0.023219872733992675,-1.0,0.00397958395409758,-0.010747693151870685,-1.0,0.011417651503981378
-0.023749511620560493,-1.0,0.0040534695236632825,-0.00206365657807267,-1.0,0.011151229525018964
0.000801474756375764,1.0,0.01173253966684273,-0.002408285662647447,-1.0,0.011182508168361522
-0.003384643411663557,-1.0,0.012598919071526002,0.011200117079536165,1.0,0.01151656249752109
-0.007007280363172941,-1.0,0.013870758847903276,0.006635939217473685,1.0,0.011949380612118131
-0.007882289664479958,-1.0,0.013375141084170546,-0.0028883203648251143,-1.0,0.011319018121505226
0.017127269408907464,1.0,0.01624937147560099,0.013948121921232737,1.0,0.011372716281312405
0.029169741975966446,1.0,0.009436628517512253,0.03944082855753145,1.0,0.01089086255529538
0.028341333296646065,1.0,0.009325628769498212,0.030066688598783864,1.0,0.010497999442788666
-0.0012704464151219175,-1.0,0.011927574962261616,0.019955096915347803,1.0,0.00955264503954865
-0.0004766065703056821,-1.0,0.011924055532517764,0.0479124268591864,1.0,0.011995802610137581
-0.02366880405118932,-1.0,0.006840423432702096,0.05289326963122232,1.0,0.012366602075126255
-0.0012720625025858245,-1.0,0.010877407936887469,0.08232591125384475,1.0,0.01168134849877605
-0.015049915825014137,-1.0,0.013257161107280226,0.06117596959534066,1.0,0.014146102353417638
0.0003214400541980966,1.0,0.01243955461982965,0.06848907423860523,1.0,0.013508877127285579
-0.0006366385699669852,-1.0,0.01205591314707855,0.09030745050166633,1.0,0.015495850628256222
0.025797608976884823,1.0,0.004435165317718056,0.1318967293340706,1.0,0.0149388818522143
0.02507271929912902,1.0,0.004824755067954864,0.13647979770882035,1.0,0.014798023954343747
0.02313424440302253,1.0,0.0047695227637314505,0.1239730403429058,1.0,0.015387759308527016
0.03764134027762139,1.0,0.012831117704968927,0.12125305143151321,1.0,0.01537041636595339
0.05116791432908452,1.0,0.009918191043323563,0.08728559107419992,1.0,0.019375631158781787
0.06110036792337503,1.0,0.005893890548198997,0.0773585283310409,1.0,0.019583418896499453
0.012786936165848584,1.0,0.02200973804184013,0.09400177483854694,1.0,0.02166296011331783
-0.008072999443806406,-1.0,0.019254563635690242,-0.00942485845554386,-1.0,0.034563214953025626
0.006709476745235754,1.0,0.027178441344760114,-0.06530958763877492,-1.0,0.03565676696048326
0.055670843913715795,1.0,0.019816854484375056,-0.06515654964636275,-1.0,0.03565066506906351
0.06831216352441322,1.0,0.012584580729620948,-0.056028849131695924,-1.0,0.03577657575367964
0.03302895127127248,1.0,0.015678389911148435,-0.14811186826819145,-1.0,0.0370370975615657
0.015153931074327442,1.0,0.0072100825382966464,-0.21915744447886298,-1.0,0.0356887096430308
-0.02412148733549141,-1.0,0.02080377482646834,-0.1645083556557168,-1.0,0.04228427354773515
-0.023480267608842365,-1.0,0.020881065691485658,-0.18604154755659708,-1.0,0.04225602441989065
0.010390063684655115,1.0,0.03768372114231658,-0.18519436058823552,-1.0,0.042303073347870944
-0.04554253520065926,-1.0,0.0661883600045491,-0.15101996401719475,-1.0,0.042322743168667964
-0.08156774804644079,-1.0,0.06602923775611097,-0.14759672999138884,-1.0,0.04240770039346461
-0.1463713883190611,-1.0,0.03404260812860026,-0.20687636190116182,-1.0,0.03855555342083569
-0.05467699011995847,-1.0,0.02190547636313978,-0.10949417061878158,-1.0,0.032339974745057655
-0.07609280388418077,-1.0,0.03270098318695898,-0.0786246644653093,-1.0,0.03098019782514152
-0.09833005091878444,-1.0,0.03372043684812482,-0.06050497358210072,-1.0,0.030651990576734008
-0.04016734299960767,-1.0,0.06676849283830386,-0.0647608033416206,-1.0,0.030550529265956087
-0.004900728017133149,-1.0,0.05681339931992307,0.007724639586060511,1.0,0.025517947413743736
0.04911701496495491,1.0,0.04419538485857065,0.016237807665753445,1.0,0.024275272107052874
-0.010633095696969352,-1.0,0.018748251996668786,-0.044091256055280525,-1.0,0.014674231614397777
0.014964549956365869,1.0,0.005173665771155173,-0.0323663990117784,-1.0,0.0134845328420237
-0.011291937628271187,-1.0,0.010217670027841724,-0.04227548314823848,-1.0,0.01287351661397222
-0.004016741802246093,-1.0,0.01318223370393547,-0.05493057475573282,-1.0,0.012777638259051385
-0.012595682520361251,-1.0,0.013403578360680578,-0.03342976942320319,-1.0,0.014931506578528396
0.0,0.0,0.00951481553839077,-0.02731893972617383,-1.0,0.014559039607108097
-0.009943622842797484,-1.0,0.004227939161761924,-0.048270426708972636,-1.0,0.01412137143217116
0.010256500167189042,1.0,0.008025701431444614,-0.042640445954896466,-1.0,0.01407994879915816
-0.021587269670930276,-1.0,0.024554231566555517,-0.028713396985427964,-1.0,0.014701043371983233
-0.019497795713267596,-1.0,0.024916200488006038,-0.004413519301445845,-1.0,0.01670011155198648
-0.04499176661497206,-1.0,0.018820738064334045,-0.04797082778602957,-1.0,0.018314993978996472
-0.009396275849037017,-1.0,0.008630802801644969,-0.02206358104980255,-1.0,0.015705135950654765
-0.021472414397421646,-1.0,0.00720145859588662,-0.026425546759858864,-1.0,0.0156391826678463
0.013901179544941078,1.0,0.016153724868287766,-0.019613668772013426,-1.0,0.015330700239157715
0.003664605793793463,1.0,0.018285335397513647,-0.010368250337183471,-1.0,0.015696212146343466
0.0026434062445140905,1.0,0.01858641469785873,-0.017444372579950684,-1.0,0.016168136753956806
-0.021806359052054525,-1.0,0.004490197287299226,-0.0518838142893322,-1.0,0.014535694061021422
-0.0013944572592541338,-1.0,0.010784988302715882,-0.05440597302171635,-1.0,0.014633078839762255
0.03391328456472931,1.0,0.013547684137693401,-0.05405744385317601,-1.0,0.014620869121620195
0.00492611833605594,1.0,0.029199178507662762,-0.053802705992976096,-1.0,0.014624840014218468
-0.014937453735304862,-1.0,0.02823544006028958,-0.05817472103695576,-1.0,0.014252408299488198
-0.041509823171680615,-1.0,0.015381204313539568,-0.1273772288452929,-1.0,0.015064550699164231
-0.01663460760095592,-1.0,0.0036573888489603544,-0.17066633185797941,-1.0,0.02333125422536009
0.002299054863582062,1.0,0.008424927270968054,-0.13799296968672414,-1.0,0.02579611125767915
-0.012491240217513466,-1.0,0.01337230264789221,-0.12528137421448882,-1.0,0.026491439815763754
-0.018368965972377693,-1.0,0.01422871771345704,-0.10567779970903257,-1.0,0.027364964652898165
-0.04037311689073941,-1.0,0.0025375320190977363,-0.11302489820996653,-1.0,0.026982531949679815
-0.03396966502871124,-1.0,0.001167057145187143,-0.1705044220817361,-1.0,0.03280526371456994
-0.023725250755698424,-1.0,0.0053242556207813265,-0.15563609124096545,-1.0,0.0331707361351045
-0.005163205274493543,-1.0,0.008330571643592336,-0.1171395054112373,-1.0,0.035091225942894204
-0.03940650042738758,-1.0,0.027260483315803823,-0.11005705981984093,-1.0,0.035146706264508394
-0.11193750752894738,-1.0,0.04097378918506379,-0.09215120663010357,-1.0,0.03585825228925836
-0.09475570238507325,-1.0,0.05032980606683345,-0.10599751725132167,-1.0,0.03557593037710365
-0.03941396854087653,-1.0,0.0534274386655602,-0.05562506316895899,-1.0,0.03395519795589943
0.04835392454799092,1.0,0.006799078887718363,0.023656353595465696,1.0,0.025908414614791507
0.027267126340339676,1.0,0.005585563381523118,-0.0036652453982958244,-1.0,0.024994407862439685
-0.057714288084760756,-1.0,0.047604134721487085,-0.03144399518707097,-1.0,0.025126381526061076
-0.06832725750431057,-1.0,0.04424421773969899,-0.02856762364914711,-1.0,0.025305947504707098
-0.044487724092010184,-1.0,0.052498172935351174,-0.04242203445022241,-1.0,0.025365426863783517
0.02647769723318394,1.0,0.015661669556488785,0.042932202580125534,1.0,0.012612626929818556
0.039759633855163456,1.0,0.014952722341982146,0.03587454564359294,1.0,0.01281689255860753
0.005978782885422085,1.0,0.012356472284701131,-0.017101563814544085,-1.0,0.01306176284404147
0.015025496223494361,1.0,0.011649298850803382,-0.015254710191994536,-1.0,0.013053693854005252
0.003870052696621884,1.0,0.0073521767832608505,-0.00922610337329266,-1.0,0.013871180722618745
0.0075765694679525986,1.0,0.005223248742382345,0.004921067958540193,1.0,0.013879010639043067
-0.015232900558988516,-1.0,0.010866901722205308,0.006921851740767093,1.0,0.013965947937919027
-0.003870052696621884,-1.0,0.01656500879905555,0.028261225486171382,1.0,0.015802960503311897
-0.011489662711586912,-1.0,0.017615384940147437,0.03625835335884453,1.0,0.015703658909244744
0.01666190968243575,1.0,0.01460241520764612,0.02012388238971763,1.0,0.018056591374985238
-0.00388508821157052,-1.0,0.011580453673902282,0.02519024882855847,1.0,0.018482615165362405
-0.019167253456331856,-1.0,0.01901354316807976,0.030884210018426672,1.0,0.018184147785759455
-0.03170921553893613,-1.0,0.013773665404264486,0.039793313834868616,1.0,0.01875419972639318
-0.00534101516172214,-1.0,0.024227595548256264,0.0464361991928518,1.0,0.018606635085388755
0.028001414658506363,1.0,0.011742159916309013,0.08543251239134386,1.0,0.01608013246355587
0.03720205815625599,1.0,0.008398616383482757,0.1058026162744945,1.0,0.016213698504895225
0.041357381556085926,1.0,0.010793162874584719,0.10081880677748511,1.0,0.015904089075626578
0.038913854868256936,1.0,0.011623940764566638,0.09829944112102973,1.0,0.015941165548215668
-0.00203086991003798,-1.0,0.02985654835210311,0.06232975372144112,1.0,0.019032130263498495
-0.006941029354234796,-1.0,0.027700737202781954,0.023245504142380247,1.0,0.018439959667923594
-0.01686380605200477,-1.0,0.027059044956071452,-0.016663746033332094,-1.0,0.021305145820528226
0.036331341127586736,1.0,0.015160773760526592,0.009106609529157983,1.0,0.019028670335350686
0.01736086215272281,1.0,0.01323236186017989,-0.030715690083770175,-1.0,0.018584108653295968
0.035381048916585334,1.0,0.009053719588242208,-0.02758795651882895,-1.0,0.01856276132810219
0.03430008690068975,1.0,0.00854737169397664,-0.06165436177552164,-1.0,0.017340663666029762
0.04904159242291117,1.0,0.0034041571921893995,-0.06442118008566955,-1.0,0.01725021362979369
0.04086834338819223,1.0,0.008013503219146848,-0.13061119991049575,-1.0,0.02111940380169567
-0.006270804396797391,-1.0,0.02316155081733271,-0.1583268438314266,-1.0,0.01891686483553928
-0.03621592107901894,-1.0,0.016154528574883278,-0.17652831420997772,-1.0,0.01688879025180528
-0.07604933228610489,-1.0,0.011461733797504516,-0.1664306905146763,-1.0,0.018136231551188122
-0.055254014102321114,-1.0,0.014970730207923154,-0.14630253827892203,-1.0,0.017652895016287397
-0.06090222358038522,-1.0,0.014259368509178373,-0.1187730988839677,-1.0,0.0192734770083245
-0.027788016537501625,-1.0,0.008348912135806307,-0.089505893081826,-1.0,0.01752940970519931
-0.034429630177092885,-1.0,0.008339848036790462,-0.09392113691321813,-1.0,0.017565799073872325
-0.016344627849176563,-1.0,0.007177620157075941,-0.07365029540754764,-1.0,0.01741994337196338
-0.06764219447508146,-1.0,0.0276606559319569,-0.07937448178833073,-1.0,0.017382441119539446
-0.0623723951552152,-1.0,0.028655948162289935,-0.07420421082570261,-1.0,0.01725533659337992
-0.063065541701397,-1.0,0.028411292788643575,-0.06239924517480333,-1.0,0.017937025682627047
0.0050488527840116815,1.0,0.011729532902735212,-0.0066240030235062974,-1.0,0.009517634978354738
0.005753501155707164,1.0,0.011429962353220078,0.002659576035758837,1.0,0.009193708151540846
0.02153929424699108,1.0,0.012880494057977955,0.016088501289793666,1.0,0.00981327295966215
0.0008754651467454133,1.0,0.012481895628203368,0.0034972713241250286,1.0,0.008902572926028446
-0.0028726127366172083,-1.0,0.013798871841929065,0.01424057365833109,1.0,0.008560222967095018
-0.015779420103965158,-1.0,0.006645617537352066,0.006717979540356023,1.0,0.007716471323223982
-0.017656605244006363,-1.0,0.00685047233142995,0.003930136063089007,1.0,0.007973132004372333
-0.014712704089577366,-1.0,0.005784659993176531,0.03884615580757844,1.0,0.009510643054100352
-0.005093577616432254,-1.0,0.011335474897972252,0.029170548936782392,1.0,0.010041765930610132
0.00510828428974297,1.0,0.009952615459332374,0.0380124401937062,1.0,0.009518861862306906
0.014491391706246248,1.0,0.0057177980758980895,0.056958778174374114,1.0,0.008963184104227508
0.015422204763199998,1.0,0.006251858383441035,0.006638661247947986,1.0,0.015185064629497013
0.015170127131643008,1.0,0.006312188522150732,0.016260520871780315,1.0,0.015531041263179057
0.017334498778279417,1.0,0.005690140383739835,0.0024317465282653883,1.0,0.01607263120176736
0.012168772497553437,1.0,0.002736076723098264,-0.02299968697511179,-1.0,0.016006332304556017
0.0013083298857093917,1.0,0.008337073368473755,-0.05609366276921457,-1.0,0.018003050791645644
0.021732969412630143,1.0,0.01618493519543914,-0.0681852173675016,-1.0,0.017869287165584023
0.006673149292461211,1.0,0.018409985473271696,-0.08728630187795494,-1.0,0.017468272413149518
0.01642569888661083,1.0,0.016192341138288397,-0.07275113120683341,-1.0,0.01784552869946063
0.0033999182772183056,1.0,0.009181019966419434,-0.0788018147806211,-1.0,0.017000560035560375
-0.02762546530526666,-1.0,0.02618442599888377,-0.06538275926285186,-1.0,0.017342302852993294
-0.016643635032182913,-1.0,0.028920076423985936,-0.04718373812115828,-1.0,0.018687511749997793
-0.04003563993986248,-1.0,0.025388339020971793,-0.07463028470436162,-1.0,0.018445438343028586
-0.014216143459859776,-1.0,0.014357533145792543,-0.025917447087411838,-1.0,0.0157557478614816
-0.05718405650935188,-1.0,0.01045059835468591,0.0075996457389641,1.0,0.02066815601474201
-0.053282465117487576,-1.0,0.01175416178355204,-0.011324646397513849,-1.0,0.022443928838974888
-0.052117842405289716,-1.0,0.012001069849663261,-0.014194222765627651,-1.0,0.02260011579765591
-0.015349138551909447,-1.0,0.009428364316739555,-0.007412588956173138,-1.0,0.021855762547372794
0.011116371999510655,1.0,0.0147813955007978,0.013876263355766416,1.0,0.0219735424272693
0.02857669190756429,1.0,0.0068406050653760375,0.019141574163654806,1.0,0.021739400826429785
0.041993091972285956,1.0,0.007393876073888038,0.03454972840852644,1.0,0.02244367779534693
0.007571448353477783,1.0,0.018212028132498285,0.01916117017275787,1.0,0.02197173464089336
0.011839846870173365,1.0,0.018721821504258253,0.014326566813309127,1.0,0.021937711267354148
0.03813974882793947,1.0,0.03128043451036069,-0.025029748065835467,-1.0,0.021966291257200236
0.02326999836698529,1.0,0.038651795702493406,-0.03346814807164744,-1.0,0.022612613211291502
-0.002492919138075589,-1.0,0.0407806558376645,-0.02777000020506737,-1.0,0.02295775376583621
-0.07219629120448912,-1.0,0.007946229825951962,-0.06593830346190788,-1.0,0.017822420890696133
-0.02808155536420731,-1.0,0.019174651875772344,-0.03314718903781899,-1.0,0.015811712358853255
-0.01878204547600726,-1.0,0.018300672459139047,-0.014859114403749873,-1.0,0.015294550815963131
0.026613178812790128,1.0,0.014170661284295508,-0.0018617645591756382,-1.0,0.013906553191237375
0.016401278816502107,1.0,0.014180608799366138,-0.04798662856974889,-1.0,0.016330098178937005
0.02376168455721861,1.0,0.011389463697833873,-0.09577271450267266,-1.0,0.021915375136004597
-0.017586384502075947,-1.0,0.012521532167874322,-0.12525370625781718,-1.0,0.01992754138094509
-0.04505786989092753,-1.0,0.013834369514873445,-0.12472642555592439,-1.0,0.01995810315312344
-0.03025672014820313,-1.0,0.02228780450436081,-0.15396254369139595,-1.0,0.02026580980883686
-0.002768806568132942,-1.0,0.021629820434927564,-0.20856144875321292,-1.0,0.027078977559614678
0.02359095740081374,1.0,0.007300927785939985,-0.17802919860816369,-1.0,0.027680954929212194
0.010417966663241907,1.0,0.003291310094998992,-0.16758313481887854,-1.0,0.02886008443822628
-0.008119752301756877,-1.0,0.007516623092818076,-0.1731218598955313,-1.0,0.02853345914055304
-0.04292099489613721,-1.0,0.01827202794856478,-0.15580640497014897,-1.0,0.029790459615749672
-0.09969564557493005,-1.0,0.021567060840352027,-0.16460743399317168,-1.0,0.029486608674530658
-0.09677876288585141,-1.0,0.023060857694244555,-0.15217266999041612,-1.0,0.029794279834070268
-0.060338518169673394,-1.0,0.0302568695174227,-0.09470795154161882,-1.0,0.030682555071374115
-0.034428144631504676,-1.0,0.015782333739585135,0.002287458107598783,1.0,0.030067020105391112
-0.10089412699747169,-1.0,0.03897895024676584,0.042452688849582754,1.0,0.03123284988747569
-0.09836064294316682,-1.0,0.040164604031563564,0.044307084229485594,1.0,0.03123217516737846
-0.043877311275685726,-1.0,0.05322638079932598,0.05731934666547178,1.0,0.03022015273911302
0.03267078228954867,1.0,0.01313383622363402,0.12372616904011746,1.0,0.017853659679801265
0.045813751038828454,1.0,0.012406718871416983,0.11637000730201374,1.0,0.01817241186529147
0.013393667488948768,1.0,0.012605226880774418,0.10690033118424536,1.0,0.017600282726057098
0.012829437603358307,1.0,0.012672256403889368,0.10450850444768744,1.0,0.017703200619751516
0.018177458532392943,1.0,0.01564586235317888,0.07732065635172747,1.0,0.018107773255514548
0.06719924652584042,1.0,0.020746015701319214,0.07100008728549678,1.0,0.018603484546827358
0.09784659595414746,1.0,0.009500423830658663,0.05359603837834748,1.0,0.019662631365231702
0.07867651760143102,1.0,0.019642504156326915,0.032576170434612695,1.0,0.018717969864656396
0.020603743926368323,1.0,0.023734636418016892,-0.013031997390576144,-1.0,0.013912913790673853
-0.01962064680693698,-1.0,0.010123769850022462,-0.037078395683806,-1.0,0.0099130538659079
-0.02629771987063867,-1.0,0.006647439543882807,-0.04226157085965254,-1.0,0.009666064400651457
0.005703673243087848,1.0,0.012983464713595082,-0.03775945850080653,-1.0,0.00923466625213419
0.013453117697118655,1.0,0.010394711025039421,-0.05357964403186599,-1.0,0.011023146049835229
0.006764400088542177,1.0,0.01296431458124068,-0.04000533461369915,-1.0,0.011929256997949065
-0.022506576409799806,-1.0,0.006165459233619975,-0.06724577624942907,-1.0,0.010302105159666812
-0.03808302846598166,-1.0,0.003686483057142733,-0.06571053490670475,-1.0,0.010377227667086606
-0.02656702738472183,-1.0,0.010046500143828433,-0.05861353679000281,-1.0,0.01036354454801683
-0.01683283815023251,-1.0,0.009693700902763377,-0.057783441763327725,-1.0,0.010308415034740424
0.007172161891993989,1.0,0.005386223353336254,-0.02209316631670577,-1.0,0.011737404294388147
0.003838776307165781,1.0,0.005668006382401294,-0.028082968742825454,-1.0,0.011659990553408836
-0.004123717183862063,-1.0,0.009380115000071495,-0.01503008340563794,-1.0,0.012181705817950137
-0.036121895154996975,-1.0,0.011804463609912412,-0.028739842121988657,-1.0,0.01190693634992394
-0.024041483624685278,-1.0,0.018005363632851046,-0.04279285834301627,-1.0,0.012412500380264231
-0.02378264450553469,-1.0,0.017984189823537774,-0.03548801891098374,-1.0,0.012189538386956326
0.0013222268222798927,1.0,0.011054084492210103,0.0031704121668457708,1.0,0.011091815536581201
-0.01184380208776148,-1.0,0.006067210944865707,-0.000523423199597417,-1.0,0.01080481410171198
-0.013044241923698463,-1.0,0.006745314830846361,0.029961860871492885,1.0,0.011603929163598361
0.005534340124017323,1.0,0.01600219288392725,0.020403532816690828,1.0,0.012050952501658874
0.0039635406624555225,1.0,0.01620798972440155,0.13917469258713666,1.0,0.035271405327887355
0.025920520207457276,1.0,0.01145520335429602,0.12123070001178216,1.0,0.03671303551953988
0.0005254860867111022,1.0,0.008582729224289265,0.08510417178161556,1.0,0.037359382256237035
-0.010871113293025036,-1.0,0.012568112513014715,0.1149661323852702,1.0,0.037589191752869476
-0.024581652689207867,-1.0,0.005850072800751741,0.11691233468713946,1.0,0.03759522885243591
-0.004211640866162547,-1.0,0.014722435714460781,0.09299118573401377,1.0,0.03911083603949768
0.018227951518733576,1.0,0.009141403393410004,0.09625493587319112,1.0,0.03895064761437042
0.04166723527694194,1.0,0.00605267636550005,0.08781383791272346,1.0,0.039257357236320775
0.01855534747212495,1.0,0.014286771323717667,0.08370864593406957,1.0,0.03920839380958798
0.1278543136989726,1.0,0.06590216427732974,0.006523180339123469,1.0,0.04499682903204971
0.07822459721659081,1.0,0.07938231773734493,-0.014998988194780627,-1.0,0.04459096041265104
0.07023497908894205,1.0,0.08124770275889046,-0.033437365421542076,-1.0,0.04518715950366237
-0.020245019539410936,-1.0,0.02948680934469184,-0.15545691536586437,-1.0,0.0250377325431612
0.021602154882814584,1.0,0.02198008055869964,-0.14125843302820562,-1.0,0.024492163772712017
0.008412500039109316,1.0,0.029275898279379185,-0.08221740950922463,-1.0,0.02892851091548603
-0.029582309805104123,-1.0,0.020982326936119598,-0.13091543379294812,-1.0,0.02719777174135618
-0.05368014946362387,-1.0,0.010441231412155359,-0.14551597965963514,-1.0,0.026398594033686294
-0.013494180666106748,-1.0,0.012768655064550185,-0.1367506837366621,-1.0,0.02597867783128711
-0.07150380401533407,-1.0,0.0411598019619061,-0.08987702427195332,-1.0,0.029268216635044784
-0.061145590830562147,-1.0,0.04301871686544777,-0.07373096932173528,-1.0,0.02940379155407475
-0.0985906638834867,-1.0,0.034224172275386835,-0.06618956798473008,-1.0,0.02986285132305561
-0.03412578200601524,-1.0,0.01380535136975479,0.011635554672747683,1.0,0.02214098215952537
-0.048034847616834186,-1.0,0.011054457121930686,0.011141454801261164,1.0,0.022147104636451295
0.0214549350012595,1.0,0.030888248577167758,0.03860266616203789,1.0,0.020319341869033357
0.0042964620335053105,1.0,0.03553084731093033,0.062332780268025134,1.0,0.020589279321431085
0.017344608251385063,1.0,0.03309443465223794,0.06840950471502039,1.0,0.020096659525359082
-0.04612077418832816,-1.0,0.011003507403168732,0.013017627200099025,1.0,0.017061747343602243
0.011456099715890677,1.0,0.028804504674498792,0.05169514289607258,1.0,0.015862200762032697
0.018104860874275985,1.0,0.028305578105093532,0.05386923227216045,1.0,0.015787330851251242
0.05706693508582528,1.0,0.015713087310007284,0.08113980048790936,1.0,0.013562551914694151
0.030008774929366933,1.0,0.007071553330715643,0.045821397184633295,1.0,0.010223207017158512
0.0237268332924343,1.0,0.010054204325065895,0.08784656022901638,1.0,0.015900150936332996
0.006201570263281275,1.0,0.005515588666777343,0.014921810184726714,1.0,0.023606403935770005
0.016571443589262214,1.0,0.011423119174006239,0.016824256130110737,1.0,0.023664129117994835
0.009233202296925036,1.0,0.014351664389284657,0.03294773440114662,1.0,0.023890467921175457
-0.0041301039606793655,-1.0,0.017412126196103644,0.07036579087198747,1.0,0.025894086566000816
-0.006341175338447247,-1.0,0.016142343345970308,0.03600637249064487,1.0,0.026251310641095957
0.002804335808525127,1.0,0.014815218764161704,0.04590479172622797,1.0,0.025971536340800492
0.022001399099482177,1.0,0.00853215475393982,0.0460025511990253,1.0,0.02596575737011462
0.005582354004451395,1.0,0.003672640945259682,0.02933644001255864,1.0,0.025675485503087583
0.052082188831131915,1.0,0.024980731172742642,0.035758279028622386,1.0,0.025675249123652145
-0.009151055217357373,-1.0,0.05063528330387447,0.06300330990281222,1.0,0.027138339657556555
0.0010116338748443754,1.0,0.05127727022250442,0.018799901983695744,1.0,0.030684104966278974
-0.031171992535435455,-1.0,0.038798483895558025,-0.04599079943772999,-1.0,0.02771302643908205
0.06164555095054203,1.0,0.014944081684925996,0.031173967304794825,1.0,0.02333119803033447
0.03575355994979634,1.0,0.026752577552399015,0.017539913457134015,1.0,0.023261185474828156
0.02219025962200638,1.0,0.027411603996073924,0.0042293880684000085,1.0,0.022934027151465853
-0.028493343633641532,-1.0,0.008545545807534475,-0.048454086196179635,-1.0,0.01999382286689695
-0.013011107816533474,-1.0,0.007513212063575966,-0.027446400786992564,-1.0,0.019795792339320845
-0.007342176889080454,-1.0,0.009650361104936108,-0.036756062095373854,-1.0,0.019869867063297967
0.0390021578032691,1.0,0.017878522033529787,-0.02501381041392936,-1.0,0.01962319353242338
-0.004954184024411501,-1.0,0.039319448886894495,-0.028827663608808507,-1.0,0.019621613861528605
-0.02966688963522046,-1.0,0.03953049280181341,-0.04960110453603761,-1.0,0.019737349722847828
-0.04098039781537477,-1.0,0.03341099051736269,-0.06452268218800994,-1.0,0.017506033544503783
-0.00024835465171735294,-1.0,0.020621284934043423,0.0017367576627028702,1.0,0.014302830628217775
0.019048194970694543,1.0,0.013717891815793574,0.04284423990102293,1.0,0.014275709541993946
-0.017982502550432433,-1.0,0.008054207692485762,-0.029388024745643282,-1.0,0.01990596731223679
-0.009232754294330237,-1.0,0.010604881680797373,-0.03616527646806955,-1.0,0.020033345033346337
-0.01879519054176748,-1.0,0.010429055964014859,-0.026923251546121296,-1.0,0.02035562897845258
-0.0050530678513912575,-1.0,0.007181246157670542,-0.038535464119070606,-1.0,0.0212729346517795
-0.014392370638349417,-1.0,0.003951880134649011,-0.027447720536500242,-1.0,0.021906559979929883
-0.02018721932974421,-1.0,0.007179492803800756,-0.019671090286028647,-1.0,0.02180258521369679
-0.0005067139708114787,-1.0,0.016975724559267016,-0.0202130458528591,-1.0,0.021802302292898586
0.025610237247099876,1.0,0.02034435339523383,0.0005085176819473736,1.0,0.02240912143560609
0.06277845480184008,1.0,0.0021784911643826935,0.023218290102007155,1.0,0.02199116311382275
-0.0058457403730081126,-1.0,0.04179524418099608,0.03044907058588986,1.0,0.022575081367683957
-0.038150388782489775,-1.0,0.036321416819322036,0.004698908114151523,1.0,0.021760217082779025
-0.05071929647644968,-1.0,0.030523537003020858,-0.01293174053842261,-1.0,0.02071610534384353
-0.027129941923859757,-1.0,0.018209277771199805,0.011153474304777533,1.0,0.01619704763820103
-0.0005151983627609269,-1.0,0.0231433324779536,0.050713677562435944,1.0,0.017673725821981828
-0.011543029281674833,-1.0,0.021606972221763752,0.07159087096153449,1.0,0.019225160182644568
0.013269350414820247,1.0,0.010346198386878357,0.11912082849804351,1.0,0.016621180782855505
0.013563867580098199,1.0,0.010516185432286492,0.09996075314797415,1.0,0.016864858089961205
0.022702161058291592,1.0,0.009237354436080989,0.12041687628577236,1.0,0.016837986738733938
0.05015540246793748,1.0,0.008898384895419513,0.11694985789712542,1.0,0.017087554347206445
0.029800627679304026,1.0,0.014780522713698407,0.13597502374164372,1.0,0.018602870761338628
0.026628424161410313,1.0,0.01511391107632747,0.10478027168680548,1.0,0.021140229191652905
-0.02514133665412044,-1.0,0.01592631875458516,0.08547381403103893,1.0,0.0204596800788225
0.007864380665794646,1.0,0.027774963718058727,0.09299720930210975,1.0,0.020211850548153987
0.03380331502350742,1.0,0.03238890939730929,0.09325412937725586,1.0,0.020208435433175135
0.08083741226940622,1.0,0.005267717789383561,0.07687701105330935,1.0,0.023057761135197356
0.048731877222777276,1.0,0.01718669810792995,0.07086789751218026,1.0,0.022575297510627316
0.03728297604256303,1.0,0.013211074756727875,0.05113896149118746,1.0,0.02129418918305732
0.01109837981390216,1.0,0.013452554898321227,0.03450587961169915,1.0,0.020643388042743318
0.04957813817376777,1.0,0.02060753233933313,0.04222925753319451,1.0,0.020570829802761332
0.007065556459324718,1.0,0.030246288766911468,0.03439700683759739,1.0,0.02014913857935065
0.018679358601850993,1.0,0.02951587492064847,0.046279597096420266,1.0,0.020004139676124428
-0.013177186760229942,-1.0,0.016461875652581327,0.05461592453481745,1.0,0.02131197206876592
0.015102281851860688,1.0,0.0012579494354222455,0.06973451479053294,1.0,0.01991390761376298
-0.03373813963185002,-1.0,0.027073439355958965,0.08290304714352781,1.0,0.02030464586268365
-0.01426493112413485,-1.0,0.033954937022425205,0.07386706441219104,1.0,0.02059470230214953
-0.008311852862560976,-1.0,0.03496325429291437,0.062439003255288394,1.0,0.020918023465849794
0.03846628082779602,1.0,0.009659294264889866,0.08090421968029948,1.0,0.017487666377779845
0.02009323724379153,1.0,0.003642582074320011,0.0552308001860381,1.0,0.016835767242992725
0.020541021388972958,1.0,0.0039001399090655,0.051654158661393,1.0,0.016745816710494663
0.022872097298623273,1.0,0.0033213294570067675,0.0022436625970423396,1.0,0.022002736371384193
0.061964805175390714,1.0,0.020374130161095818,-0.010334848221547399,-1.0,0.0220558225595355
0.04240306441226027,1.0,0.02692543085896817,-0.007764875397726523,-1.0,0.022197037655912823
0.055302808648958535,1.0,0.02614111658532232,-0.009263409867057537,-1.0,0.02215668982668619
0.006073953117143649,1.0,0.015215888376209184,-0.056170271467054556,-1.0,0.01709520648415215
0.007806770316616141,1.0,0.014654687330427584,-0.01579879146130847,-1.0,0.020050875389032132
-0.03573696709507834,-1.0,0.01051916339566298,-0.055302808648958535,-1.0,0.01955795487771112
-0.03290119535028779,-1.0,0.011504299010794547,-0.030530249094670392,-1.0,0.0207595626966486
-0.01909669745645637,-1.0,0.01605041461513861,-0.02575980647144216,-1.0,0.020722688193658398
-0.040194276255461125,-1.0,0.02790679665794428,0.0006456472838082261,1.0,0.019556150747781425
-0.04547241116379397,-1.0,0.02701615761729546,0.02535557162168789,1.0,0.02055312678946402
-0.03887801267014657,-1.0,0.029875232066604463,0.007682496172016218,1.0,0.020778803206364688
0.011365024834523396,1.0,0.01083744267813833,0.06107275088510389,1.0,0.014998693302615808
0.016129381929883557,1.0,0.00839789042714991,0.09514592224810792,1.0,0.01558180983145392
0.034369148348678324,1.0,0.01835684554404311,0.13656131891645462,1.0,0.02075398062018234
0.009263409867057537,1.0,0.026578531885192706,0.09343504693708715,1.0,0.025196957945051286
0.03171397548952781,1.0,0.027209208711778947,0.07035490645901099,1.0,0.0269083135834301
-0.0021542446935175485,-1.0,0.01980024486806754,0.07800457906305613,1.0,0.027667444264686446
0.02021148883768842,1.0,0.01129689243944041,0.1005851360515918,1.0,0.02644227518233688
0.022984625366070488,1.0,0.012874738241299344,0.06561436847103419,1.0,0.027018455581718004
0.014345605187002008,1.0,0.016483819706179192,0.06572392997297116,1.0,0.02701582282811621
0.020232827345834536,1.0,0.016403255353908325,0.037373715241339145,1.0,0.028510539393450093
0.02431793946262606,1.0,0.018393901358853274,0.012752341729007854,1.0,0.027880241466140848
0.09000081007429184,1.0,0.023734654284571204,0.024775569162653555,1.0,0.027647383014143725
0.04372732088650666,1.0,0.04778318617797412,0.034604094910984595,1.0,0.02799094359984283
-0.008661633859213369,-1.0,0.050767898195203144,-0.005353111403652577,-1.0,0.02730423512587198
-0.024187591504720163,-1.0,0.041880870088861974,-0.07460128626279272,-1.0,0.021047613881791914
0.01641349898156219,1.0,0.0329744139487714,-0.047952976867971286,-1.0,0.01865753699933441
0.026973437501551012,1.0,0.02815173509939567,0.0037213191590489414,1.0,0.01908452779561561
-0.01443489378360252,-1.0,0.009411171621899238,-0.024379166496801163,-1.0,0.015109314853384343
-0.04299993197256424,-1.0,0.012218592819270624,-0.02289256598744993,-1.0,0.015156621623618673
-0.029877401375955848,-1.0,0.013879192151078551,-0.003028775662160643,-1.0,0.014623868106500454
-0.0266027556233156,-1.0,0.014951023181221365,0.0120435016515269,1.0,0.01513462027671009
0.017463207015479987,1.0,0.010802428995574844,0.0509098011743081,1.0,0.012816045683234306
0.0062124863299656274,1.0,0.015813133543503773,0.05712379199702455,1.0,0.01265294107704851
-0.009376045351154438,-1.0,0.01836990250463507,0.051137745168871596,1.0,0.01290181379600347
-0.03882975089244922,-1.0,0.001377961350618489,0.22582833509342076,1.0,0.05611230210634057
0.0004127967034881497,1.0,0.02218280386504187,0.2471309949874113,1.0,0.05532721495142974
0.026034528261271395,1.0,0.01872201445483855,0.3720470787939869,1.0,0.05981107296014373
0.04147390986208355,1.0,0.01097556558289741,0.36521344518944937,1.0,0.06028186201103751
0.020223342680341427,1.0,0.004293399209636872,0.3913335346174482,1.0,0.06056664241109547
0.021987774364725543,1.0,0.005311253182918329,0.3444239878475777,1.0,0.06348306126440224
0.03080243518919379,1.0,0.005038547238120426,0.2758820734548549,1.0,0.06876449804794145
0.03027516628322935,1.0,0.005342502288660802,0.2566702433892981,1.0,0.06945534559924207
0.012491487894029096,1.0,0.008607902554117265,0.2454000141531445,1.0,0.06964827189111002
0.19238174093459265,1.0,0.11148934354161544,0.2689936557857911,1.0,0.06974826347765126
0.1962196893203524,1.0,0.11047061088261625,0.2254559629346854,1.0,0.07189647944495492
0.3115332882739609,1.0,0.0927097467252158,0.24439398543633245,1.0,0.07155001476840032
0.10055535920357939,1.0,0.06833578659043567,0.004054169178992539,1.0,0.048979865123230666
0.14461533633352502,1.0,0.06467130148746827,-0.0016136843908312049,-1.0,0.04892898661802141
-0.0015885626851377954,-1.0,0.04613533018115078,-0.12070939118318119,-1.0,0.03420245981386882
-0.04785746187251094,-1.0,0.0604960057896898,-0.09682491938966725,-1.0,0.03438000792542758
-0.11443994854780865,-1.0,0.02498828864449851,-0.16827252901297202,-1.0,0.028797132082450255
-0.07703619932970768,-1.0,0.034646531787150846,-0.15644168682211695,-1.0,0.028201968060294864
0.023914017520130004,1.0,0.026101126473241042,-0.09501732920998024,-1.0,0.02313746709947973
-0.0009391141713833706,-1.0,0.038104221088272446,-0.12021088663553958,-1.0,0.02489062846010913
0.01148545917721705,1.0,0.03917219314425617,-0.11029862556723236,-1.0,0.025489764370829185
-0.07255774567220591,-1.0,0.0338351177403064,-0.1327576316780386,-1.0,0.022478161673425267
-0.030849958005164213,-1.0,0.03288647173901547,-0.08732461113471224,-1.0,0.021011913156318958
-0.05357008834555277,-1.0,0.02622887297700019,-0.10364730639863401,-1.0,0.019968482187702797
-0.0003237293650804052,-1.0,0.007155615690922229,-0.06640680248468811,-1.0,0.015834715896379067
-0.022043508288615787,-1.0,0.01266729692168767,-0.09835097404721138,-1.0,0.017071213243584436
-0.03732085832407356,-1.0,0.015807228646976507,-0.0581549452269155,-1.0,0.020657064551176826
-0.04604987169282393,-1.0,0.010820110236101764,-0.09503500316346647,-1.0,0.021667035956459944
-0.06637830617037621,-1.0,0.018482089514943782,-0.04456433588432307,-1.0,0.023966295336800374
-0.03089313807482308,-1.0,0.026770235912006907,0.009587156099361116,1.0,0.025001394772145268
-0.013826284947928369,-1.0,0.030618453138565163,0.024117732358483135,1.0,0.025149644883528725
0.031947161329443974,1.0,0.00428501315528754,0.10682380585308027,1.0,0.023908411862031475
0.018136778345815396,1.0,0.007867486300768122,0.076644655931277,1.0,0.025099046191851826
-0.0062069164788554065,-1.0,0.00808121429312146,0.03296723198442175,1.0,0.026987434295974527
-0.04187632091766336,-1.0,0.014414100084375126,0.010708014272472255,1.0,0.0275163087464625
-0.00807772717383426,-1.0,0.03166275122884805,0.02133865893591036,1.0,0.02759591183424768
-0.028951930043858765,-1.0,0.03615334911384973,0.09402008035068016,1.0,0.03227735160003044
0.031743129874272524,1.0,0.03618678304767047,0.077297564849379,1.0,0.03434658303280835
0.030421243002203058,1.0,0.03579993784129551,0.05456661973251958,1.0,0.03341780824494735
0.07310286382912567,1.0,0.011157749801165883,0.07739613330342243,1.0,0.03180897867769209
0.08500983556702713,1.0,0.01577879090515718,0.051474531199832196,1.0,0.030867360129733373
0.03616436175709281,1.0,0.030423316296640943,0.027570875553343976,1.0,0.02975462360548211
-0.004976785321989752,-1.0,0.03890070526621812,-0.0013247228299264613,-1.0,0.030110710077158608
-0.06416863025116404,-1.0,0.007207264843054499,-0.05040078349514154,-1.0,0.026922755322080796
-0.03716921864955125,-1.0,0.019603967820520107,-0.03800737141004207,-1.0,0.02657743981602759
0.054845931887403,1.0,0.040220666200485075,-0.03210819920244867,-1.0,0.02609305959256392
0.024713229659243385,1.0,0.05446463736273349,-0.036323814318355296,-1.0,0.026322477372708965
0.025150233622774965,1.0,0.05446796020755277,-0.05723726886502589,-1.0,0.026151316860868447
-0.04557587709111649,-1.0,0.02857883867367214,-0.11835388495783156,-1.0,0.015787072394837943
0.005920096224725724,1.0,0.009225507602190153,-0.03850185564406383,-1.0,0.015739488749194088
0.003425498823027451,1.0,0.00829241894695811,-0.04494950971813566,-1.0,0.015377415118619685
-0.005617992304223218,-1.0,0.013491854467227409,-0.08132050508982958,-1.0,0.019423445190501064
-0.016865479127946614,-1.0,0.012152157531630988,-0.08804039079315523,-1.0,0.01915016646639543
-0.029413885206293233,-1.0,0.006595500017612997,-0.08599044785552251,-1.0,0.019296928444905832
-0.03576026169451196,-1.0,0.010256886365276049,-0.05833850458055001,-1.0,0.019610665661271048
-0.05009166107437779,-1.0,0.0096622783328796,-0.07548139598094572,-1.0,0.0203372337527404
-0.056399116104535074,-1.0,0.00609638144773846,-0.10511831047158815,-1.0,0.021989573988877124
-0.031399753867979885,-1.0,0.011024129679170686,-0.06326850534910666,-1.0,0.02270174667637524
0.02253518833353485,1.0,0.02328221603235024,-0.04170626803030597,-1.0,0.02222240145338732
0.037437992769665196,1.0,0.018039298233690212,-0.03062750653055757,-1.0,0.022065952627562592
-0.008542497223114509,-1.0,0.039330447921336185,-0.01643774727897873,-1.0,0.02265993227749832
-0.04361843892436568,-1.0,0.026259067785931935,-0.04469332258213854,-1.0,0.020048907794452182
-0.0376154393143594,-1.0,0.028395389647220725,-0.051014478543607966,-1.0,0.01994150969166792
0.017364008205056347,1.0,0.006595282564752157,-0.0328851505717791,-1.0,0.017076148154937187
-0.0043064843157371024,-1.0,0.019084808491343072,-0.030357688858260734,-1.0,0.01710451503033511
-0.04854174782235887,-1.0,0.02363740629180617,-0.07707462345148386,-1.0,0.01942278173325768
-0.040690262463068616,-1.0,0.02804849355894387,-0.09154072541775427,-1.0,0.01873115585603686
-0.016316533123738042,-1.0,0.02726797127013455,-0.08497001003513405,-1.0,0.018317782080141905
0.018091687836495507,1.0,0.01048518245781313,-0.04457031722043214,-1.0,0.016251330821932787
0.015431004202148046,1.0,0.008955889597250287,-0.0556743989855385,-1.0,0.015177496193435966
0.01954813378170228,1.0,0.008273177601738043,-0.06338157170116743,-1.0,0.015083891579956137
0.0170510207566148,1.0,0.009438139183272631,-0.08014943370030403,-1.0,0.015415536622056768
-0.024989900515914876,-1.0,0.016384079650287414,-0.0876830622075011,-1.0,0.014563071215023923
-0.02928280520048787,-1.0,0.014738444848110927,-0.09468302393554029,-1.0,0.014158496611279194
-0.06367558422223529,-1.0,0.01982757539607944,-0.10376307122866923,-1.0,0.014139995835813983
-0.04129156664091882,-1.0,0.020967016346721462,-0.09000473666186792,-1.0,0.013068247378706481
-0.058918805492610415,-1.0,0.016957344945716494,-0.10396695858338012,-1.0,0.012888332653380003
-0.016037441591307156,-1.0,0.011025655776236286,-0.062279238934334846,-1.0,0.00948998640596871
-0.004823936030852849,-1.0,0.01326791193125256,-0.0424675568911449,-1.0,0.0112357013685182
0.005271905210228578,1.0,0.007466004605773521,-0.013798760239874364,-1.0,0.011186916363606745
-0.01748742864337638,-1.0,0.01236310017109731,-0.01748742864337638,-1.0,0.011050098785459778
-0.01657765901981456,-1.0,0.012836760818045979,-0.022099266422491715,-1.0,0.010807216443827193
-0.01175331845267058,-1.0,0.01290070830873893,-0.014911008070722431,-1.0,0.010706577237817797
-0.006562616771750407,-1.0,0.01019619643042373,0.0077006995216353236,1.0,0.009468442928579013
-0.027311574970281693,-1.0,0.00618202004956907,0.007835495523948577,1.0,0.009477908513219403
-0.0385667398483277,-1.0,0.0003661071464427421,0.010389194690518022,1.0,0.009442300015502359
-0.022191751927900905,-1.0,0.009771187948079973,0.015835643661338272,1.0,0.008854479821719165
0.006245613129804206,1.0,0.014488979655223704,0.04524228338952285,1.0,0.008642663586507962
0.03124939285089534,1.0,0.005969129071527995,0.06501199084755438,1.0,0.006795693311638547
0.02875436869965131,1.0,0.0073488403152246196,0.07825219689974816,1.0,0.007556243938558923
0.015544354437800334,1.0,0.005735887896421478,0.04400631464812077,1.0,0.009918999059836127
0.00415965737938051,1.0,0.0009901789412478342,0.011054198626846645,1.0,0.011843415881545492
0.0077006995216353236,1.0,0.0022730871184975794,0.03716019424208117,1.0,0.014116589854708404
0.01335710292662573,1.0,0.0038406736910554964,-0.006347968152706662,-1.0,0.019045409964917003
0.013546884308569873,1.0,0.0037407012231066715,-0.011930942878365713,-1.0,0.019088916979711268
0.0015723273679525418,1.0,0.007538790924255169,-0.009287686563694053,-1.0,0.01917852702088073
0.010095212895292582,1.0,0.012043127460335291,-0.05083127020006617,-1.0,0.021097919094297736
0.016056056308708655,1.0,0.011845268929053063,-0.018699491824146097,-1.0,0.023650064152208064
0.040224801310508984,1.0,0.005949662301865364,-0.040478377208379435,-1.0,0.024911415021143527
0.0050096443884021236,1.0,0.0183834943887243,-0.04261840460085253,-1.0,0.024763001417967154
-0.022708399369812393,-1.0,0.021421764525710457,-0.050172812160181546,-1.0,0.024578297160862003
-0.012337633958015681,-1.0,0.027401277709370203,-0.06931631290644469,-1.0,0.0236744162879576
-0.0348099283630271,-1.0,0.03529988147130821,-0.06470510558025089,-1.0,0.02348293375282758
-0.01882548412583185,-1.0,0.03432635758962405,-0.023638005946709062,-1.0,0.023961757095303033
-0.0387471812841399,-1.0,0.02525552940439288,-0.013265598742605689,-1.0,0.025272472702514953
-0.031126199120733777,-1.0,0.021027668421167992,0.033848482274159264,1.0,0.021927092841007745
0.006778335362789489,1.0,0.03343236967955967,0.03576019540121789,1.0,0.021870491690572248
-0.02961836327673284,-1.0,0.03695820510078919,0.04332035998610506,1.0,0.022122262684958337
0.01830807849450622,1.0,0.03160129299936282,0.10161711878560031,1.0,0.019471477558483233
-0.015417264027326794,-1.0,0.02191344142301402,0.12515145531777205,1.0,0.0230011758467034
0.01138686561244373,1.0,0.009210570790011221,0.1464082515677423,1.0,0.020371542156743597
-0.01707705659099623,-1.0,0.007254623901677847,0.11811893300931164,1.0,0.021686417296782463
0.0038264068436600907,1.0,0.0172102475991515,0.13775972873404363,1.0,0.02153359552588961
0.04371308020582332,1.0,0.026364200909214063,0.1452147958339547,1.0,0.021213880981408164
0.06374365949138305,1.0,0.01598558411848148,0.14073320121177524,1.0,0.021748804978102033
0.0405727172220951,1.0,0.021583525377716666,0.14285960851566937,1.0,0.021829909909332798
0.017838777444570852,1.0,0.009204444787296798,0.10568947257711181,1.0,0.020401566730950987
0.03664243739070727,1.0,0.01425647868975235,0.09271841595510322,1.0,0.020902364407632074
0.09616959527934366,1.0,0.021501923106380084,0.10992449134343008,1.0,0.020667849053467035
0.07346952830490439,1.0,0.0319102449870577,0.09254105377038957,1.0,0.020819820823648295
0.03480989271821755,1.0,0.03879470061556645,0.06775570691000221,1.0,0.02019199919394785
-0.0028089906110552176,-1.0,0.017237959232891144,-0.023952178504463406,-1.0,0.0162721313563498
0.010193409878656134,1.0,0.01634885588510229,-0.020343313981425526,-1.0,0.016192963230735335
0.005537211611467363,1.0,0.0188396948254677,0.024417348958168383,1.0,0.01816742461600677
0.008926286625285829,1.0,0.020387595716081973,0.00944888919793263,1.0,0.017422841901071573
0.004187756948980437,1.0,0.020285033199025092,0.0015724647251653678,1.0,0.017380136853977813
0.015728874234711032,1.0,0.015030259905566775,0.028274778468166395,1.0,0.016458611067246724
0.007637600049855808,1.0,0.010581674068662618,-0.009805716811240983,-1.0,0.015986638423520966
0.004690358637848613,1.0,0.010968912952381072,-0.04323362964373423,-1.0,0.018425262250200473
0.011679728345606266,1.0,0.008764814614228887,-0.01840434180764572,-1.0,0.01937979300642114
-0.037707074568549825,-1.0,0.019853115147655784,-0.03448010869906959,-1.0,0.018759351015084347
-0.03941483944691071,-1.0,0.019429274769061054,-0.0473786824423863,-1.0,0.01908708972236686
-0.008528465233616278,-1.0,0.033185537748206324,-0.04556314091246161,-1.0,0.01912838150932074
0.03059207709134082,1.0,0.018318054188913944,-0.017205893989044152,-1.0,0.016421732328355147
0.03210918858524703,1.0,0.017743806262084508,-0.031126643245556473,-1.0,0.017094200788292938
0.009394641121465375,1.0,0.005326484064579946,-0.0195928957517868,-1.0,0.019326327269666196
-0.010328319383887785,-1.0,0.012146423476729585,-0.0033144382719070276,-1.0,0.020279695344256204
-0.04061833741991916,-1.0,0.02056756864613353,0.0053974188661908284,1.0,0.020350958824489628
-0.03095024604110108,-1.0,0.025769920010348918,0.019717741255638077,1.0,0.02124515637593668
-0.017036791837972798,-1.0,0.025470029015634763,0.034757540424206645,1.0,0.020537761354858918
0.0005453058391965415,1.0,0.016617179293127875,0.08967449440911346,1.0,0.017815272325311913
-0.015479070759209623,-1.0,0.008874872294981578,0.06315338653573588,1.0,0.018055689889446325
-0.020432859858524388,-1.0,0.008485982668624232,0.060593035388067595,1.0,0.01816598279012581
-0.023162800250080884,-1.0,0.009861980608517902,0.0770889093378363,1.0,0.017090897056399698
0.01744177992705853,1.0,0.032156811619841026,0.08314940349424127,1.0,0.017031775609821755
0.044483532808477944,1.0,0.030473194759350175,0.057330931739108526,1.0,0.02028507127364124
0.06863325069699433,1.0,0.018252593948348744,0.0572823910283049,1.0,0.020290004203150688
0.04870527812889025,1.0,0.008723075149901416,-0.03390155167568143,-1.0,0.02191851351498434
0.027743659312225888,1.0,0.012035095822760078,-0.06982944607515762,-1.0,0.02095861481364612
0.04365873812300347,1.0,0.013486710755033252,-0.0783511369290465,-1.0,0.020653890201884576
0.01248539923899672,1.0,0.016072477872522146,-0.08242244702540091,-1.0,0.020161391840404982
0.008798703125888152,1.0,0.016791541738440476,-0.07735540848762334,-1.0,0.020347239979473745
-0.01204027923208062,-1.0,0.005049730963104153,-0.10839407205172591,-1.0,0.01824037751396357
0.004516946199295768,1.0,0.006292467269760455,-0.13920039651688942,-1.0,0.020244197490267155
-0.023694963507483457,-1.0,0.02191206273390436,-0.1298800000791105,-1.0,0.020706269946493067
-0.04296931855961228,-1.0,0.020634396114646823,-0.11090900406190507,-1.0,0.022376757543014724
-0.09960917524286417,-1.0,0.015420112749659811,-0.09703090493800426,-1.0,0.023663563715987327
-0.0826768450057882,-1.0,0.01838961364568091,-0.06484907478820978,-1.0,0.022382419250137345
-0.06700027726035707,-1.0,0.023897350530696953,-0.048763820996922225,-1.0,0.022043319998114628
0.0001843827791707664,1.0,0.017319327107399474,0.012825386501559732,1.0,0.017362497370208303
0.020217696899760162,1.0,0.010595459637293456,0.01856374081197587,1.0,0.016923564598946502
0.013615803000324056,1.0,0.013643480678284995,0.03632740191247397,1.0,0.01733309484896645
-0.04429255025249179,-1.0,0.02236156254226752,0.020258015522505834,1.0,0.016642700768095358
-0.043725888465598994,-1.0,0.022601030316730303,0.013677609050339767,1.0,0.016666276231756743
-0.01455521124225978,-1.0,0.031006066168466472,0.02614647528939984,1.0,0.016372743925480673
0.046686437778180934,1.0,0.009508096075373123,0.06797738849900525,1.0,0.009848186984759711
0.04133596178341725,1.0,0.012590532551646421,0.038571237876934505,1.0,0.013215986926236581
0.019175864505370566,1.0,0.013315533080539958,0.016036144500702787,1.0,0.01212037149105901
0.010247116196699824,1.0,0.008167776005044803,-0.04919488096518421,-1.0,0.01610388687433545
0.0007359705943974504,1.0,0.011677059702274608,-0.05758075916225458,-1.0,0.016126590343065735
0.018090945649039125,1.0,0.014160560030794756,-0.04256763183261869,-1.0,0.01693868019561674
0.0076170118001168685,1.0,0.012880919868921339,-0.0467714494592687,-1.0,0.016609557941201128
0.01533156513812406,1.0,0.009333648911775242,-0.0430315332575153,-1.0,0.016514400866070245
0.003434876377249929,1.0,0.003246981003369623,-0.06104348895677214,-1.0,0.015401791151593491
0.0034268227240076277,1.0,0.003245487725057289,-0.06899287148695155,-1.0,0.015222686327022212
-0.018832259639004256,-1.0,0.01604641002846013,-0.05932362099374111,-1.0,0.015658120452717604
-0.024665542030956833,-1.0,0.014529922077308691,-0.03339759937249942,-1.0,0.01848075989848608
-0.07048583168600853,-1.0,0.020660323550585176,-0.06739940948281897,-1.0,0.020154133562740862
-0.05481603525577183,-1.0,0.02209938128968813,-0.06323507666297534,-1.0,0.019827149041554647
-0.03942791182795091,-1.0,0.02853709956292062,-0.06693379100969943,-1.0,0.01980412158862737
0.012670547702615331,1.0,0.011779134427420002,-0.012833152982986262,-1.0,0.016227025021715177
0.015285196499136733,1.0,0.010302104747913562,-0.0031243923092693082,-1.0,0.016029877664916488
-0.00038491147511432455,-1.0,0.007838115791367749,-0.011028456559231126,-1.0,0.015584003360446954
-0.014604410227565978,-1.0,0.0021012623526967473,-0.013637011487130257,-1.0,0.015456495798225929
-0.000960522598101754,-1.0,0.006641084137624927,0.016378198898641227,1.0,0.016872145802139797
0.03108076596152265,1.0,0.017790372496743374,0.024903862840549795,1.0,0.01687414238017211
0.005020284728140201,1.0,0.030963821364359823,0.0214485434074837,1.0,0.017045593565677312
-0.022743715308238488,-1.0,0.03261936335273667,0.018094008541711615,1.0,0.016977260553748662
-0.05820173366815684,-1.0,0.012914970379841828,-0.03667869583906458,-1.0,0.01609497696114029
-0.015919575186175816,-1.0,0.01563444237227064,-0.017878439671508817,-1.0,0.013810675323939378
0.005294649097934201,1.0,0.008332563037963807,0.0029449319408615393,1.0,0.012426322998786843
0.01647742262251739,1.0,0.0050222231824409045,0.006112608996071689,1.0,0.012316698744508456
0.011866689198471336,1.0,0.002941101933010399,-0.01677395027047368,-1.0,0.01237993553880531
0.03478778770704727,1.0,0.010322910469739268,-0.007459791170011276,-1.0,0.012800523171327335
0.035547407924666596,1.0,0.010096883636635311,-0.029216448399947303,-1.0,0.013416641972971944
0.02048114466704798,1.0,0.016295389109498973,0.023508010390825063,1.0,0.02219558649634187
0.0007552870449686333,1.0,0.00813612773196491,0.02333719277906776,1.0,0.02218055968123016
-0.030501792718091725,-1.0,0.014538470446443519,0.019706902864654596,1.0,0.022144556790875996
-0.034306698350852316,-1.0,0.014558645891798455,0.007173902769866403,1.0,0.02297483792019207
-0.03789279190908856,-1.0,0.012714900531995582,0.06060241563201141,1.0,0.02822517392832023
-0.015410428833020573,-1.0,0.006847024304468355,0.07673159453164846,1.0,0.02700997132667231
-0.01481508578514068,-1.0,0.00651176143683862,0.10859058747221928,1.0,0.026506618242362542
-0.005110074012938615,-1.0,0.01111883113339077,0.10927364919744997,1.0,0.026486603997861694
-0.018851634773501602,-1.0,0.014175030579313963,0.11360245501223432,1.0,0.02633954461523456
0.05214864985977008,1.0,0.03816768669764274,0.15474751661011998,1.0,0.025928554223835228
0.0655847716561263,1.0,0.03763538524827222,0.11631507312159395,1.0,0.028571012510233838
0.0844707591892685,1.0,0.028478238615760543,0.10758160490420587,1.0,0.029397868279094175
0.004147037046089319,1.0,0.02247887181702496,0.08921270496432798,1.0,0.02694667034232169
0.03802050989791228,1.0,0.04039130248318412,0.07293416247943552,1.0,0.02647900197404523
0.02652289894890214,1.0,0.042351953826475254,0.052535159183908386,1.0,0.027376439632507202
0.06710998635150056,1.0,0.03328422775050844,0.06199578774327286,1.0,0.026688325455319004
0.010778441656350002,1.0,0.014246357080061871,-0.03728263862296588,-1.0,0.02437589528921355
0.02146043164756528,1.0,0.010266106452399313,-0.04192066165618402,-1.0,0.0245159541862086
0.031341843352760024,1.0,0.015969001960725347,-0.06673383438167113,-1.0,0.023470351894422876
0.00193134991120536,1.0,0.02871827021350986,-0.10790230996794659,-1.0,0.025374943838069826
-0.024872484881530044,-1.0,0.03223529166974261,-0.11754179435908962,-1.0,0.025161511409973494
-0.013386161786021922,-1.0,0.03885967772345586,-0.14228814451743832,-1.0,0.02258563364214329
0.022203861013967874,1.0,0.03279730980021787,-0.09429333159524733,-1.0,0.023591657334240065
0.02942431346897101,1.0,0.029282710150983226,-0.08755118806886486,-1.0,0.02321781288298029
-0.023069880174965807,-1.0,0.013106363391102788,-0.11156107084947309,-1.0,0.01946869691527659
-0.07219629120448912,-1.0,0.015865010366499403,-0.0936303425934516,-1.0,0.021427634821813587
-0.06793292189119027,-1.0,0.016840549029375644,-0.07940244689091813,-1.0,0.021204378957390444
-0.061619635773443426,-1.0,0.019060362779702807,-0.05674249235992701,-1.0,0.02167300493707362
-0.059841229688630704,-1.0,0.018057307535445852,0.047709524642016055,1.0,0.025880205641448717
-0.05416070105534032,-1.0,0.01928949398097175,0.0619763520718738,1.0,0.02531390699113649
-0.044212466783007165,-1.0,0.022953264394393515,0.11682147702128898,1.0,0.027964233001226683
0.015540328283904614,1.0,0.013790907258505956,0.1916423783785589,1.0,0.023832525354539353
0.00511812140869472,1.0,0.019088673274821142,0.17565508545295072,1.0,0.02567365119132259
0.01734091188194331,1.0,0.02106836431059884,0.27686314513828125,1.0,0.03632455104393996
0.022866850015763607,1.0,0.023014491181457018,0.20493718208788442,1.0,0.04240017499972095
0.037573054646917736,1.0,0.01476056171595183,0.254190059306368,1.0,0.0410060061831508
0.03174869831458027,1.0,0.01438225773400893,0.20643137255577604,1.0,0.043743045077696906
0.06914357603097854,1.0,0.03480953157857004,0.19873349111564026,1.0,0.04367486276022233
0.07344587707160166,1.0,0.03320351408277683,0.2176823726926424,1.0,0.043212870869979055
0.11194433360777256,1.0,0.03255080671977629,0.1594828882594298,1.0,0.047223938476808516
0.08409162404791215,1.0,0.024897655728307214,0.06812517212549735,1.0,0.045936302418602915
0.0595180323257366,1.0,0.03869152540202642,0.06430786723273119,1.0,0.04598839475295532
0.11582920133398511,1.0,0.06479146395118657,0.009491370894752271,1.0,0.043932398154106385
0.028835131993230123,1.0,0.08411520625480114,-0.02885919249182689,-1.0,0.04263041126896302
0.08365309526211201,1.0,0.07894285133997885,0.007422714492767046,1.0,0.042240835305406906
-0.053090860700561904,-1.0,0.043276001181007315,-0.11048962582431143,-1.0,0.026414606674806353
0.01666315904351945,1.0,0.03270548135372872,-0.018703984793771833,-1.0,0.026037060638407914
0.0010653680331921267,1.0,0.027521115443094178,-0.04803667926627109,-1.0,0.024025079967901812
-0.015199785981765968,-1.0,0.036906622462541956,-0.017275966556666023,-1.0,0.02242385092327555
-0.061464742959164376,-1.0,0.032267393422106126,-0.034887259000440596,-1.0,0.02164941997458514
-0.07992862838830955,-1.0,0.022279179115681568,-0.05038102429235236,-1.0,0.02092287442248427
-0.03804718375690497,-1.0,0.01416346449139255,-0.027168553314508848,-1.0,0.01729795086082484
-0.012892740569412087,-1.0,0.001313920722197175,-0.017896086564017144,-1.0,0.016166462464656025
0.002632879585772463,1.0,0.009885226996325368,-0.021484713479164586,-1.0,0.016235802788473686
-0.004151795385078594,-1.0,0.012580009053823062,-0.021780053438698044,-1.0,0.016242628932212795
0.03899033969128518,1.0,0.025954122468054393,-0.006174404263106781,-1.0,0.01668626738885585
0.028193701503073876,1.0,0.026845678051254405,-0.03461015844276499,-1.0,0.016730040162971044
0.040122798567083506,1.0,0.022496376976716276,-0.0584220235233569,-1.0,0.01921123955288071
0.00047988483685068584,1.0,0.001119108555628071,-0.08060286453209964,-1.0,0.015226665999811458
-0.001278976992889147,-1.0,0.00018442735629903753,-0.09022646300938536,-1.0,0.015009945635726916
-0.025092372739608793,-1.0,0.013933097793965047,-0.10633798941051059,-1.0,0.01505912991962296
-0.044473570522740924,-1.0,0.012784082301068927,-0.09981415042477404,-1.0,0.015506639347678054
-0.05103231757512178,-1.0,0.009090634873046715,-0.1124779834266903,-1.0,0.01534290898790648
-0.032658683881094164,-1.0,0.007644272565641103,-0.07539505481824693,-1.0,0.015758451108715297
-0.0011710582685017235,-1.0,0.010553154355635953,-0.056578313240138844,-1.0,0.015229193742838919
-0.010492565377827945,-1.0,0.014170858283310453,-0.045814796987893924,-1.0,0.01540611073900523
-0.04079376546973745,-1.0,0.024188649211707467,-0.05967233148639828,-1.0,0.016094965934563974
-0.03543812057770768,-1.0,0.027029657540656636,-0.07038079676179965,-1.0,0.015361430945905813
-0.02742260306354649,-1.0,0.02677407176160999,-0.0335613577618713,-1.0,0.016725982978120384
-0.007793167320070182,-1.0,0.017623720898952658,0.001586602360155176,1.0,0.012964965877936665
-0.018731401055823715,-1.0,0.011599847356034311,-0.05930308821205443,-1.0,0.016992272704478263
-0.023530497410194084,-1.0,0.012310475877585166,-0.034329738431954304,-1.0,0.0180550769042818
0.0058505618526548675,1.0,0.013326306939300541,-0.0030273373668283643,-1.0,0.018126951664862122
-0.0012377333381057287,-1.0,0.012813502380047123,-0.007271469478334902,-1.0,0.018030677849414468
0.015630868863674596,1.0,0.006854048429760842,-0.0057450786383771435,-1.0,0.017940578306674067
-0.01693596054924551,-1.0,0.012604214631739259,-0.03727810768586581,-1.0,0.018154001516537156
-0.014973541790162526,-1.0,0.013018952826522821,-0.05229949940284895,-1.0,0.018501403815334456
0.0017608738481946773,1.0,0.02028239551211594,-0.059732791909651084,-1.0,0.01832391145058402
0.020465168376816,1.0,0.012004754738018547,-0.047496502928211726,-1.0,0.017747191851751942
-0.024360412027962464,-1.0,0.0327314818071803,-0.055574982530866346,-1.0,0.017691920410703423
-0.028190983733629493,-1.0,0.031082994836252036,-0.07259339405275689,-1.0,0.016093723542799306
-0.012407107047053723,-1.0,0.03432297930523516,-0.059700264948892245,-1.0,0.01685684101629285
0.033300217677895816,1.0,0.00799425352945094,0.0034904049397684878,1.0,0.013093658919255019
0.005054162383383076,1.0,0.01300664880317119,-0.012748305960063822,-1.0,0.01202949575127659
-0.02840020846638258,-1.0,0.010572835660701312,-0.04262940539485094,-1.0,0.011588183335116365
-0.046265763262619775,-1.0,0.003746216235643864,-0.03551097760557809,-1.0,0.01206826782397212
-0.038356844407599344,-1.0,0.008138797226052619,-0.033690480363834485,-1.0,0.011962709073457811
-0.027154355791591422,-1.0,0.006288438718589128,-0.019079952708558445,-1.0,0.010869177217036249
-0.018249024918179924,-1.0,0.002222744373953834,-0.010118130165584605,-1.0,0.010075000453946976
-0.011099728294911126,-1.0,0.006332344760670921,0.01023740909322024,1.0,0.011225974662250419
0.008261406356135481,1.0,0.009359371282456237,0.006389798098771049,1.0,0.01154295689999951
0.03470497544267237,1.0,0.007921595722786822,0.003979162048133089,1.0,0.011705798692542145
0.03165410435906357,1.0,0.009495364383370512,0.021337137388131366,1.0,0.013132091534131838
0.004663752506987584,1.0,0.017408135747229582,0.02127543017388367,1.0,0.013127881243590265
-0.005701164867450759,-1.0,0.012387052978313894,-0.009952164707774491,-1.0,0.012380523007421457
-0.015888012020387587,-1.0,0.012769805088373744,-0.005329425459893233,-1.0,0.012498700018560514
-0.004850755780090088,-1.0,0.009640153894164177,0.001116071544421171,1.0,0.011926240914933765
-0.020872915822626292,-1.0,0.0026723217942009126,-0.02862415984932498,-1.0,0.012936594472593222
0.005571045049455381,1.0,0.013014872067487455,-0.005227793833004202,-1.0,0.013495342805030721
-0.0016846049842619282,-1.0,0.015216832155875442,0.008195240502937295,1.0,0.013701345158769723
-0.00415173270446223,-1.0,0.015790085537105574,0.00955868959155326,1.0,0.0136378555270578
0.0,0.0,0.018182318893654105,0.01525344285168273,1.0,0.01432728554239765
0.0231470384312481,1.0,0.015552880914075438,0.03098735573808309,1.0,0.013756062435818787
0.02077364868676479,1.0,0.016864694702041445,0.03730598701836696,1.0,0.013370789833325791
0.004987541511038973,1.0,0.012080480137498998,0.02901928240110363,1.0,0.012554135790193552
-0.015495606122474914,-1.0,0.0090696095364513,0.05640559327070549,1.0,0.016304039282445327
-0.02437316000900125,-1.0,0.012934058755138854,0.07868826382202221,1.0,0.015505215241641468
-0.015786380393498556,-1.0,0.017494199034312895,0.06802194392912764,1.0,0.015892695947978104
0.0022284131784260364,1.0,0.018680928381295998,0.040978145183654946,1.0,0.019623468262804217
0.01730993361825195,1.0,0.010098472045731837,0.06413513745490307,1.0,0.018121697254405822
0.026052281734142313,1.0,0.014046449492137306,0.05090946933216889,1.0,0.01796489174599501
0.021107510250883865,1.0,0.0142563750265977,0.10368967149300867,1.0,0.024531479382819032
0.02359556472235147,1.0,0.013187793102880102,0.07887979163852643,1.0,0.0267812954781916
0.0137658395494209,1.0,0.007889939455792968,0.0682022374180935,1.0,0.02637831228184808
0.0485652759638705,1.0,0.021258121178811016,0.07906427504442626,1.0,0.026508298548669137
0.06215592549042004,1.0,0.015856812016575746,0.07254518695299539,1.0,0.026790039617841405
0.04399020303906298,1.0,0.02253012902790247,0.06241132772322466,1.0,0.026721794391933913
-0.030923054209525458,-1.0,0.023584495292755674,0.008784829555732787,1.0,0.024985922035393314
-0.03892628637612039,-1.0,0.020274703644069685,-0.00137056728667162,-1.0,0.024796327598931373
-0.032898854990457305,-1.0,0.021639545704061344,-0.007776760873119626,-1.0,0.02499086802238424
0.06493993948777976,1.0,0.034883725042980714,0.030923054209525458,1.0,0.022385482977769412
0.03205458780187531,1.0,0.046980439827728336,0.05371115931173387,1.0,0.023324786197127554
0.04334504982006693,1.0,0.04620653282082384,0.0645829962204133,1.0,0.02336884888338136
-0.00351788619769855,-1.0,0.025354491099068382,-0.012790480664368942,-1.0,0.01580333706173521
0.017260960036820427,1.0,0.013403800908462661,0.07933966399618014,1.0,0.021583905942444137
0.00797492985455206,1.0,0.012330164708877983,0.0965483783838158,1.0,0.022513396982395167
-0.021714169524822968,-1.0,0.008832157555955985,0.07342449840188403,1.0,0.022846712178826806
-0.01175982874924697,-1.0,0.009349412731451559,0.09358354292483134,1.0,0.02232000367192323
-0.02619788555728131,-1.0,0.007978286384410959,0.09212475311855484,1.0,0.02235520357691519
-0.008784829555732787,-1.0,0.007863896020016933,0.1070740184759798,1.0,0.021394316853938857
0.0161554402222851,1.0,0.01872871566632355,0.1249009087168152,1.0,0.021363294200618582
0.039460902103075624,1.0,0.011356936880709424,0.1348317265600767,1.0,0.020599248720908698
0.021226404613885363,1.0,0.020715117950286157,0.11076113096004397,1.0,0.022575521795630684
0.057683092486321585,1.0,0.03919106952354511,0.0809765598814805,1.0,0.022285584260809333
0.07531043198346943,1.0,0.03875091165695149,0.0816322478108083,1.0,0.022298842097385623
0.08269709286855442,1.0,0.0349309844511954,0.07109094000385796,1.0,0.0234344141345782
0.03150483896547163,1.0,0.01855447471531594,0.018771747677215955,1.0,0.015694874347463767
0.0035513045892910933,1.0,0.00931217350861476,-0.030626657578991467,-1.0,0.014246691027981245
0.011935350549272805,1.0,0.005702140262886148,-0.02095719968661852,-1.0,0.014179166852418108
0.019557537042736883,1.0,0.010097123202018452,0.021522619679475608,1.0,0.021127736179200936
0.016509087884240548,1.0,0.011028697595476129,0.021046987064592182,1.0,0.021129643601142334
-0.005097717071668617,-1.0,0.019735590703276067,0.01620087398135378,1.0,0.02120595979238798
-0.027768908613049592,-1.0,0.010505513249384132,-0.0006054185140272339,-1.0,0.02053860778630488
-0.013738576646192768,-1.0,0.016680122955538983,-0.041637214532605105,-1.0,0.024009326073643988
-0.01844378634230065,-1.0,0.019085934009823467,-0.039487126212814305,-1.0,0.02387180854345196
-0.0045217197179429625,-1.0,0.021255691394898323,-0.036920932794160366,-1.0,0.023871470408760028
-0.03694847340633034,-1.0,0.019034606211967918,-0.04094368447361857,-1.0,0.023666927920121702
-0.00935104682192206,-1.0,0.015441669717401248,-0.03777673331987341,-1.0,0.023408346617101238
0.03425571096773128,1.0,0.037669936337303166,-0.038714512180690386,-1.0,0.023364095044398108
0.05522494923287474,1.0,0.02998514071191012,-0.02388751412160861,-1.0,0.02275954441996205
0.04909342421724511,1.0,0.031854987454824124,0.045904597583720896,1.0,0.03113503989630909
-0.002570501150765958,-1.0,0.003210444872014866,0.028141513134126828,1.0,0.028927133843390546
-0.04617511371295674,-1.0,0.024091516715917204,0.032224928092656646,1.0,0.028928805973674445
-0.0607857172658367,-1.0,0.022203087821227256,0.03192871546406867,1.0,0.0289356553674472
-0.06408442289318272,-1.0,0.020622034436649603,0.011590405960276218,1.0,0.029606411094580325
-0.013045046587206233,-1.0,0.013753275674664275,0.039208555172478565,1.0,0.02682024497149691
-0.016733393449359757,-1.0,0.015756754966173334,0.06954049016476926,1.0,0.02593015828582435
-0.006315299104472982,-1.0,0.01795559632608571,0.1444880972627282,1.0,0.03217343727253287
-0.01989230305432038,-1.0,0.015688435667734493,0.29335052401941053,1.0,0.05266383585421401
0.07433028408167225,1.0,0.04096885025168404,0.29616499444625777,1.0,0.052439909458692556
0.10111173628254849,1.0,0.03848579051359187,0.2732015150937675,1.0,0.05349313016842847
0.11133739144714,1.0,0.03338761215839902,0.28858006834869077,1.0,0.05293466918931074
0.03511754209759288,1.0,0.020950354744053056,0.3376665258897072,1.0,0.05852646015113293
-0.019121608324616568,-1.0,0.011905938139392848,0.2732263056296205,1.0,0.06072813601352411
-0.03919148663313482,-1.0,0.007349973966248837,0.271885002718452,1.0,0.06076566499029207
-0.023173942565136108,-1.0,0.01647308549657631,0.27983195750788187,1.0,0.060481458567508944
0.06881326840926927,1.0,0.0453546422912964,0.3101748822103162,1.0,0.059172621158621354
0.24109692225972576,1.0,0.07313657526628704,0.33842430317753497,1.0,0.0579321244963805
0.20989111083212872,1.0,0.08850111006675014,0.25444880897304795,1.0,0.06483542642016384
0.12239811872656631,1.0,0.10058517997011725,0.19967957732361002,1.0,0.06275105584557704
-0.024662758725040174,-1.0,0.01588491032641161,0.05923279400966297,1.0,0.04471905346963114
0.1158318155251217,1.0,0.0719295799111893,0.022050414459518608,1.0,0.04778843386148982
0.10113652681840153,1.0,0.07762756124034438,0.048731300820679085,1.0,0.04758042323888617
0.09464232581690123,1.0,0.07870912292563872,0.028238874110842554,1.0,0.04772168068193933
-0.022717026284232444,-1.0,0.018709546378265614,-0.07022596029761596,-1.0,0.031155329409593646
0.017826968256079115,1.0,0.0047003485435901105,-0.061274201533274994,-1.0,0.030649158742045136
0.027347813825948142,1.0,0.005252558205093928,-0.0674749441593085,-1.0,0.03054580169794851
-0.04855709109997003,-1.0,0.04902827671132379,-0.08934510033585003,-1.0,0.030629525936330535
-0.04168203647743693,-1.0,0.05107799495775333,-0.10132030279716805,-1.0,0.0301522029412286
-0.038094586908146225,-1.0,0.052050500907100034,-0.15256291967845637,-1.0,0.030486537305422976
-0.02250728368140062,-1.0,0.043052773844926506,-0.05916187253351743,-1.0,0.025222118039842045
-0.028550157776364632,-1.0,0.041353788680991,-0.08087257136598017,-1.0,0.024165269757203102
-0.05565667862386059,-1.0,0.03537052136200004,-0.08929566404107961,-1.0,0.023544685614186777
0.02355544076798713,1.0,0.016758422188023096,-0.08360443977250523,-1.0,0.02248461159514847
-0.008868975535552548,-1.0,0.02214258862525134,-0.12619184864253127,-1.0,0.022545116880354207
-0.0010714924532498338,-1.0,0.021226217517043393,-0.14715474212204335,-1.0,0.023354269181983547
-0.041836166322466506,-1.0,0.00963272000016299,-0.17677301616875357,-1.0,0.020832072660853868
-0.022219133007813946,-1.0,0.009894233428067323,-0.1895934491237579,-1.0,0.02145871226153406
-0.057740161693199704,-1.0,0.018889125969800087,-0.11140082475346083,-1.0,0.033970812663020544
-0.018373863297637433,-1.0,0.029876976412033265,-0.15656083198280935,-1.0,0.037440055238148466
-0.02123430504624904,-1.0,0.029657687298047738,-0.10072925721174059,-1.0,0.04228237348676017
0.02517266872923052,1.0,0.012042270432575256,-0.05846579777301236,-1.0,0.04130692252247006
-0.04694985092038842,-1.0,0.031586427186105624,-0.086191295047819,-1.0,0.040519995794986365
-0.07386943505291574,-1.0,0.030187918800997377,-0.11476377981515837,-1.0,0.04111693449405996
-0.11351575670482433,-1.0,0.011858760667937417,-0.12600031336706957,-1.0,0.04080658773563606
-0.06961313562826121,-1.0,0.013518289513705373,-0.09408004789561758,-1.0,0.038885173870499175
-0.07227057601677916,-1.0,0.0142893578738371,0.020229419929880976,1.0,0.04617723001714024
0.03468242491533269,1.0,0.056677607506507736,0.10622862509412662,1.0,0.04720124908650479
-0.02162398213652228,-1.0,0.07313443636492134,0.12970410288948744,1.0,0.04694265619534869
0.06664505890420336,1.0,0.07526766631248322,0.15466331632795013,1.0,0.04534885881318196
-0.004805134712751236,-1.0,0.05976030892260493,0.07513464676906637,1.0,0.04099494363706117
0.05199567363735291,1.0,0.033274036572630276,0.10959567946097587,1.0,0.03660376118394276
-0.03526882764966682,-1.0,0.018407728883900926,0.02493828668036091,1.0,0.035037438184692175
-0.04236184686482669,-1.0,0.015641355986254664,0.008261206210769867,1.0,0.035288985210695754
-0.054838603768187,-1.0,0.014462134723382982,-0.027320371518951947,-1.0,0.037434071071803895
0.061123764692123606,1.0,0.05564066026452658,-0.006561062134812612,-1.0,0.036398941752487646
0.11871318175637185,1.0,0.053323930680518876,-0.030470719866275198,-1.0,0.03720322246429315
0.1541710151568438,1.0,0.03412753471081252,-0.012029358862362782,-1.0,0.036813561429378645
0.062163320381289994,1.0,0.03151658352685617,-0.09221288713044734,-1.0,0.025552247076976974
0.003588446590272437,1.0,0.0128515985633636,-0.1564051923908657,-1.0,0.01648889066663199
-0.04173240556503385,-1.0,0.013602881047303426,-0.18437344084963872,-1.0,0.013788285461208428
-0.06307997074338587,-1.0,0.014580274944146215,-0.1487939987844241,-1.0,0.018512075249129924
-0.07167857527104773,-1.0,0.00961587073227299,-0.10995493616383448,-1.0,0.022942751902264084
-0.0849203773425749,-1.0,0.01498610157444861,-0.033107899100363325,-1.0,0.027109947294392735
-0.06676817646484035,-1.0,0.017719383467819375,0.04708558105165367,1.0,0.02969753148382142
-0.08109377294187176,-1.0,0.01570887680077792,0.03481673786056219,1.0,0.030524895272006875
-0.039547591111597835,-1.0,0.013085621665430236,0.14526809139371952,1.0,0.03213506767987861
-0.024528060303511123,-1.0,0.01658294193577421,0.13634605519375176,1.0,0.03282123083990853
-0.007221290768218647,-1.0,0.006860220025865417,0.16553638993801714,1.0,0.03072504271913129
-0.018173066830432127,-1.0,0.008561339663550972,0.11050501823101838,1.0,0.036687198931442504
0.005582208727313243,1.0,0.022228824112519235,0.0803628472129515,1.0,0.03810039725860592
0.05003870281730366,1.0,0.02518237531610568,0.07535995764523273,1.0,0.03832413551842992
0.10953313618424154,1.0,0.010078259448121244,0.09909090264423098,1.0,0.03789919249749576
0.1327996090926919,1.0,0.008498384458011102,0.07557502486396811,1.0,0.03741902893155653
0.07309309875334893,1.0,0.04283440068911217,0.06911235513391839,1.0,0.037018261959561004
0.09345561315150794,1.0,0.049415297262906305,0.058727785865916066,1.0,0.03606568949248233
0.022492297677257744,1.0,0.05223952514421567,0.032584182221553654,1.0,0.0337589940071319
0.049625879135583195,1.0,0.045727736658720035,0.032157111634531305,1.0,0.03379114490216991
-0.07431066427429897,-1.0,0.029396646533840727,-0.05135632820521449,-1.0,0.02711007623064297
-0.08051126828431138,-1.0,0.029131723450150474,-0.03811171082405748,-1.0,0.02666889862665689
-0.09739772306100306,-1.0,0.02134197638090962,-0.06070846679474132,-1.0,0.027059310835321114
-0.029587182417219526,-1.0,0.019492270580007902,-0.035718082602079204,-1.0,0.023493744856528397
0.0007943863783298477,1.0,0.013604760429882689,-0.020743467098170154,-1.0,0.02251353988599978
0.04379110030598932,1.0,0.01237389591659895,-0.00823383203472039,-1.0,0.022139207239283237
0.06917001940592662,1.0,0.01710088291201369,0.0037135321190194803,1.0,0.022995374422864166
0.08980876645027744,1.0,0.0063774259117425,0.1002788061345061,1.0,0.0370171919487016
0.03613785525396185,1.0,0.03308807507036806,0.07041577358965465,1.0,0.0365639818569969
-0.01662850091962262,-1.0,0.02656796057774615,0.02231578627404615,1.0,0.035459947396081166
-0.04820359536835339,-1.0,0.00926745133215896,0.015842866172460918,1.0,0.03512999315483221
-0.043239699293689426,-1.0,0.006881261660737168,0.09814917049038242,1.0,0.03738320785779521
-0.058672418671163684,-1.0,0.012146125502377899,0.12018950630313287,1.0,0.03663404068020326
-0.06314302455842405,-1.0,0.009892603033368043,0.1152266273576237,1.0,0.03687033619209377
-0.04492308830098213,-1.0,0.014768447528024774,0.13574806060334488,1.0,0.03580669399774111
0.009844432303879158,1.0,0.018157238825103738,0.16456229494936003,1.0,0.0335950116768549
0.1218166596110061,1.0,0.0534959283870427,0.16286369764461345,1.0,0.033713944670374446
0.12244070593036435,1.0,0.053246297322108366,0.17397380847254137,1.0,0.033389392715487735
0.0877722735609533,1.0,0.061914850620087565,0.15958240077490032,1.0,0.033292046762833434
0.005372826488232257,1.0,0.014924338808505484,0.06387985819947439,1.0,0.018801732191647148
0.06387125215468963,1.0,0.034066537400267764,0.06858506559690075,1.0,0.018691199580288923
0.0812452191094641,1.0,0.026429240706080742,0.04063281693286935,1.0,0.022358442375781353
0.0511801658168094,1.0,0.035616264872571975,0.01618177398440246,1.0,0.02200254942657522
-0.005640809180726972,-1.0,0.009245097679761569,-0.03421582126337393,-1.0,0.013691839696682993
-0.014299630024936519,-1.0,0.006309030101083239,-0.022612608490116995,-1.0,0.014763145716037727
-0.015505954271434308,-1.0,0.0069942469605055796,-0.0009054895921457723,-1.0,0.014751446559045535
-0.006697340431785631,-1.0,0.010968684406101926,0.027010570628880376,1.0,0.016820534254029414
0.004864538129419435,1.0,0.012774213760518672,0.05729700961299933,1.0,0.01827228096495537
0.022832820165867046,1.0,0.0024061492012589654,0.037770117181711374,1.0,0.02071737502646839
0.01705196305472373,1.0,0.0031631328266017757,-0.0035369995228977935,-1.0,0.022997442942323667
-0.03117731028107766,-1.0,0.024831318346859,-0.034793107070540244,-1.0,0.023588806480193587
-0.04232525772683968,-1.0,0.022095214855036297,-0.03438963433403264,-1.0,0.023601126744275877
-0.03892963470558505,-1.0,0.023456980446774835,-0.032547251566495156,-1.0,0.02364889563938612
0.01799979368647775,1.0,0.012100723536466218,0.052724334229679135,1.0,0.024533465810565373
0.034092902240261166,1.0,0.005890736635491437,0.1211231519616251,1.0,0.029303285729876068
0.05558558271152733,1.0,0.009082157223546258,0.08989816468445996,1.0,0.03099627962434809
0.0656099880781798,1.0,0.010464918439423813,0.05527620397750922,1.0,0.03154748218591248
0.02316965250242284,1.0,0.034967857034423726,0.013943777026009907,1.0,0.0331463668131399
-0.0372449105835638,-1.0,0.03492061090718108,-0.0061858144887467215,-1.0,0.032164116590817936
-0.08722557855412014,-1.0,0.006064671617813447,-0.04871520446024058,-1.0,0.03107206617997412
-0.049326931349876965,-1.0,0.01949129069964324,-0.006772160214536527,-1.0,0.02990003913149421
-0.011958288988873633,-1.0,0.015664741036391608,0.02672840252384065,1.0,0.02816069966839298
0.05634013101914172,1.0,0.023769225146364016,0.060198373142008266,1.0,0.027175361462269027
0.11318752856881806,1.0,0.029541874023336162,0.040994012736013594,1.0,0.02772072076909146
0.08351578154537007,1.0,0.04627286680288384,0.02366230305354934,1.0,0.028087166497116834
0.020551663434307837,1.0,0.048009940430029895,-0.029478178144725295,-1.0,0.02442621582098227
-0.07308647269535401,-1.0,0.0074136191149909705,-0.09544512766794166,-1.0,0.01360455619576582
-0.04049839646167936,-1.0,0.01986542617331742,-0.058160380282753936,-1.0,0.01366446741457245
-0.03838142035957,-1.0,0.019729974004278655,-0.07129867803166674,-1.0,0.015149566577531805
0.0024537152618764047,1.0,0.013392098896376589,-0.06469487060127589,-1.0,0.014226741272112996
-0.004330693570976429,-1.0,0.012141394593917445,-0.07833594710514616,-1.0,0.013609682325845416
0.02168799904812871,1.0,0.00549502937998773,-0.07008569751497146,-1.0,0.01336992442409524
-0.0015607583993268448,-1.0,0.012746849653087066,-0.06322491398433515,-1.0,0.01419682952929724
-0.015024388459164942,-1.0,0.01422706691043051,-0.06886569760829464,-1.0,0.014063078921701052
-0.03333642026759184,-1.0,0.003711272329589526,-0.07788125756198339,-1.0,0.013283618671249121
-0.0232516118351372,-1.0,0.004353798572093752,-0.053980448534215006,-1.0,0.013841886869384364
0.0016930982090667956,1.0,0.010433267233694513,-0.04837226686443506,-1.0,0.013641809867256096
-0.02126883645263361,-1.0,0.021362181774882003,-0.09628893185987869,-1.0,0.020063848434183015
-0.04233621562868825,-1.0,0.02316389608579447,-0.09983106077674314,-1.0,0.02002327459085162
-0.06067396328407158,-1.0,0.012687032616462686,-0.13528904652903812,-1.0,0.019276743148795187
-0.03716843984287471,-1.0,0.0108742778604775,-0.11514301903724311,-1.0,0.018365027670724548
0.003923671878817148,1.0,0.012855930599129142,-0.0909831242428398,-1.0,0.017846571152675385
0.005139555925875089,1.0,0.012532317237350401,-0.07927407963667327,-1.0,0.018264790316658498
0.01389243900111678,1.0,0.010575137225729407,-0.0657935292667694,-1.0,0.01869015405227659
0.007683707050793298,1.0,0.0072914782566844165,-0.11347584221213183,-1.0,0.018741561253327824
0.005469042284694636,1.0,0.008411068005069194,-0.09773323702450934,-1.0,0.019638939722062414
-0.05174409456548715,-1.0,0.03361408190541382,-0.15816284084923446,-1.0,0.023965570513688392
-0.06910222407766534,-1.0,0.02753892184174851,-0.17145290300418356,-1.0,0.02309108101798935
-0.08522368145553624,-1.0,0.024169604251450597,-0.35714932724933657,-1.0,0.056176408594474835
-0.04012292362999803,-1.0,0.008394401664905465,-0.3491524927366813,-1.0,0.055898731414507005
-0.03348827909478491,-1.0,0.01116521297953653,-0.3611011288442938,-1.0,0.05558299087261223
-0.004658996391706749,-1.0,0.007821158631445776,-0.32463808277557016,-1.0,0.056986381140100066
0.012181049927598997,1.0,0.004240759327097347,-0.32514162549395215,-1.0,0.05697265002877394
-0.018569046090474883,-1.0,0.021956636972935043,-0.38040340024247665,-1.0,0.05688579376645254
-0.013319601461960984,-1.0,0.023547917071515954,-0.4208243852451842,-1.0,0.05564304469764589
-0.07847687258134828,-1.0,0.03488776506993006,-0.40681841909286154,-1.0,0.056744192005717384
-0.05029335374125843,-1.0,0.03647569394889838,-0.383054286170953,-1.0,0.05724683194344965
-0.25394704794013256,-1.0,0.09736493071794185,-0.3887138609463422,-1.0,0.056882296154384004
-0.242733746452934,-1.0,0.09909655252271651,-0.263911853117869,-1.0,0.06286021640001876
-0.25875044991777557,-1.0,0.09307711432941196,-0.19136427616769275,-1.0,0.0680875851356426
-0.05271243698176986,-1.0,0.030201526008490798,-0.007996639805337491,-1.0,0.039370449666711306
-0.01611205638726887,-1.0,0.016958450380092364,0.02559747052664696,1.0,0.03690639299586347
-0.05279055049296777,-1.0,0.03534611867806109,0.05854558573995994,1.0,0.0363834529325655
-0.10084529886132076,-1.0,0.022919790149191814,0.05727749690052397,1.0,0.036358006738406494
-0.0694957436713104,-1.0,0.03982322788625257,0.07037554025753257,1.0,0.03606191004985346
-0.021219932018951226,-1.0,0.02784736064482125,0.17613077211130218,1.0,0.03228119814654134
0.018790922836880997,1.0,0.014459266728927101,0.2166017498102697,1.0,0.02856941609679437
0.06442969339364424,1.0,0.03976398265015621,0.16708384745372762,1.0,0.03151113624196262
0.14139665626200182,1.0,0.036123474454483454,0.09248800166053361,1.0,0.04184342251819734
0.12677017320087214,1.0,0.044564159167597074,0.08935172975622296,1.0,0.04186862954659395
0.046775577191581985,1.0,0.04646897657698125,0.07190295679800596,1.0,0.03987730018836414
-0.008840588010122885,-1.0,0.014457757926715612,0.0020290842267809417,1.0,0.03455524843646974
0.012561699724091602,1.0,0.015108367189646898,0.010366309160656062,1.0,0.03443373977948622
0.028666013343616736,1.0,0.005835062551258072,0.018522223913111535,1.0,0.03420979629679448
0.06479463587837447,1.0,0.024791683245680256,0.018106933481958465,1.0,0.03419671799146579
0.05847895404842496,1.0,0.026213595776389438,-0.018902223065161317,-1.0,0.03480632600162824
0.02721256352488466,1.0,0.03915296302279673,-0.061034714303294324,-1.0,0.03640612314887161
-0.10486270246971979,-1.0,0.044497610230166997,-0.12678631190634232,-1.0,0.03210277364764107
-0.10845909721716573,-1.0,0.04286495986867166,-0.12852066919108485,-1.0,0.032025695065798165
-0.030751197262077423,-1.0,0.06672707335958125,-0.10011792081650406,-1.0,0.03164654823738334
0.050937738828249146,1.0,0.02803477139058537,0.004079828275459829,1.0,0.022448448189894766
0.047784752605305236,1.0,0.02890536816502157,0.02625282027182252,1.0,0.02351248721005343
-0.006605155693312437,-1.0,0.0024982222968411836,-0.1251743966747676,-1.0,0.03415318559284729
0.007237261245054638,1.0,0.009551922869827029,-0.14206188250825436,-1.0,0.03406245903759945
-0.016706832501725777,-1.0,0.018982639173012336,-0.13927178357079784,-1.0,0.03415372244476917
-0.05089092487278912,-1.0,0.02707963204879051,-0.13749603230510854,-1.0,0.03418837520578212
-0.08009860950992631,-1.0,0.011731327018941232,-0.23355306857681912,-1.0,0.03882891691508955
-0.05113949207749857,-1.0,0.02173691950183036,-0.1638242740056366,-1.0,0.04295734732093402
-0.011870642988325075,-1.0,0.010670598040079912,-0.1227344835938794,-1.0,0.04236332444327188
0.026003437712082356,1.0,0.011590781396133567,-0.10346470402573882,-1.0,0.04248798780972633
0.04631439224574163,1.0,0.013435194017838088,-0.109449841783958,-1.0,0.04235910503813687
-0.05580767312034096,-1.0,0.07234212913149873,-0.08946516388512338,-1.0,0.04313603213633164
-0.09520397195546504,-1.0,0.06448033850640568,-0.11327912024045184,-1.0,0.042203803738675216
-0.11773985123731512,-1.0,0.055318467099492355,-0.14113618038642917,-1.0,0.040914815372235326
-0.01892679132365338,-1.0,0.010094105543590016,-0.05829569248879585,-1.0,0.029747206264086813
-0.08425392482351013,-1.0,0.04753553941149542,-0.03992189350221498,-1.0,0.02950569407245686
-0.041259322936564535,-1.0,0.06455172290894116,-0.03762075009265631,-1.0,0.029550515955870507
-0.03612937616155998,-1.0,0.06503287427791804,-0.03330337508821968,-1.0,0.029574478230005818
0.049989755041153994,1.0,0.02449828449793248,0.03517166192263088,1.0,0.016369362665063503
0.0032349401441800207,1.0,0.0026027742508592457,0.010475518840439513,1.0,0.011408455156346718
0.021398676720430942,1.0,0.011412147368894253,0.026923552652400762,1.0,0.012471273167953647
0.016189021497369338,1.0,0.012634141867345128,0.022907086677182997,1.0,0.012496293749969961
0.014628053643270467,1.0,0.01310307294537159,0.018598676290957572,1.0,0.012673649883928603
-0.02463820172401343,-1.0,0.009611258413292495,0.02462504730538928,1.0,0.013559015385437594
-0.02184674521722818,-1.0,0.010600493118252495,0.028148848351524425,1.0,0.013501776243038634
-0.01422442094354226,-1.0,0.01270871751896667,0.023007602224879853,1.0,0.01377857808044038
0.006065526076922789,1.0,0.0019289586523762194,0.03936890116514247,1.0,0.012210440509821239
-0.00916036939866427,-1.0,0.00997171227250524,0.032887866844835134,1.0,0.012470188539778517
0.006836945996531285,1.0,0.01736421913656678,0.03333642026759176,1.0,0.0124757829910235
0.02409755157906046,1.0,0.019465201453405027,0.0030190221179664523,1.0,0.015556201112626627
0.03772517979570611,1.0,0.011614272512340788,-0.0063596480630147,-1.0,0.01656306271944066
0.01135809759469808,1.0,0.012823226664469606,-0.015958322706319805,-1.0,0.015676689631562893
0.01910017137341946,1.0,0.017220425499543734,0.04313337081757551,1.0,0.027337027632290806
0.021430783171710766,1.0,0.016783329499565267,0.025470415480567832,1.0,0.0280603543503454
0.019036979577192747,1.0,0.017758068820941466,-0.0318062237616169,-1.0,0.03386209310535951
-0.009894347864260244,-1.0,0.005040876322637805,-0.0799461872352587,-1.0,0.03299842414464902
-0.01710772672391747,-1.0,0.002798641219902623,-0.09496328546871424,-1.0,0.032943662732741796
-0.0038956029008303528,-1.0,0.005369442641463536,-0.0754846820350683,-1.0,0.03338809621668375
-0.030284352970253225,-1.0,0.017428389506653538,-0.06629479049328624,-1.0,0.03357728242291947
-0.048407884306514104,-1.0,0.01824956336937918,-0.08231653268542194,-1.0,0.03390058103026359
-0.04245779697738028,-1.0,0.021651624793579287,-0.0974983644848777,-1.0,0.03371293976840961
0.06421190027866952,1.0,0.05142829185351636,-0.07120592942669379,-1.0,0.033059042621660005
0.06955524333928864,1.0,0.049121071536416,-0.010343493128240344,-1.0,0.03469799887308807
-0.004489803460599018,-1.0,0.07189556274572328,-0.03249121811910538,-1.0,0.034619233293658506
-0.10397938667941475,-1.0,0.02495771273257758,-0.09213016790436634,-1.0,0.025033492719031828
-0.09900291777757131,-1.0,0.02667973524789612,-0.07306004024718782,-1.0,0.024892346959489785
-0.024641478696258656,-1.0,0.017160773826864307,-0.01172732296399459,-1.0,0.01714635164205453
0.0037570488777122213,1.0,0.012967250860333646,0.007084838970386809,1.0,0.01584745760905845
-0.004460973940625168,-1.0,0.01765452119080475,0.03764612167095449,1.0,0.01583745505352944
-0.025909285350639744,-1.0,0.014072317898748757,0.02218397182766574,1.0,0.01577187785827687
-0.03519549190366078,-1.0,0.009399685908107682,0.0006248047688420799,1.0,0.01643641755903118
0.02356515525066749,1.0,0.025574034088346055,0.031023238297871458,1.0,0.015065938924610148
0.022549349388392037,1.0,0.02594238085437545,0.061333088016808146,1.0,0.015215127345573448
0.04328766180099697,1.0,0.024452582309839203,0.058667848088802876,1.0,0.01536328889896574
0.006838696220341167,1.0,0.014682786439244687,0.015065809675242736,1.0,0.011804627028673706
0.016274091694511772,1.0,0.01073395428987035,0.02881924336898445,1.0,0.01109993867760149
-0.0047643798046616,-1.0,0.0020115490807907518,0.019644585074263476,1.0,0.010230707810276969
0.011703244140571,1.0,0.011436755005411383,0.03809212559578112,1.0,0.011384842745844349
0.009269816095401673,1.0,0.01213660113998391,0.02331870846671047,1.0,0.012723292859539414
-0.0027029853238325074,-1.0,0.016485926972864946,0.0041442247460263815,1.0,0.014520960257054728
-0.0110838573137082,-1.0,0.012018336049285839,-0.0016343210992176838,-1.0,0.014001820637447336
0.013239830838502664,1.0,0.017945595925747904,0.030293107982522716,1.0,0.01598940502559813
0.022847551416300016,1.0,0.012787280787576903,0.04379072526154326,1.0,0.01507069032611851
0.007607726628038769,1.0,0.014976992914254559,0.027683428748416783,1.0,0.015294944625485434
-0.00996449525943166,-1.0,0.004844357280116851,0.02438657727545679,1.0,0.014978036636502684
0.004264398786457568,1.0,0.007574297464126951,0.04535383474471033,1.0,0.015217403076907778
0.029865012140879554,1.0,0.008496283514773046,0.07912841468931053,1.0,0.016226534928732574
0.010773556792237793,1.0,0.01845992700725323,0.01983067818048556,1.0,0.024559047172150253
-0.020264740132898695,-1.0,0.022540458689473835,-0.036735455435300435,-1.0,0.028264509416533152
-0.028023202554427806,-1.0,0.018105140110426035,-0.07640453597409336,-1.0,0.02775635009014622
0.01624421561121392,1.0,0.025475538796448722,-0.07884716974961703,-1.0,0.02784894497559904
0.03694351519168437,1.0,0.014635206767913172,-0.08610946035577383,-1.0,0.028301602112945842
0.018233892533926266,1.0,0.018699947939452642,-0.12437288757865606,-1.0,0.02818493914392343
0.007333300131436737,1.0,0.012513308090307415,-0.14303963757513327,-1.0,0.02636602205790256
0.024410660899467085,1.0,0.01347029849997706,-0.17201218713509348,-1.0,0.026678943589939625
0.05905271256893252,1.0,0.006573918722307365,-0.18179970944252988,-1.0,0.026597187013322972
-0.014520394354402888,-1.0,0.04560604109275971,-0.21092583843195278,-1.0,0.024705452646460423
-0.0778248913935532,-1.0,0.04627842478243701,-0.21409283977279592,-1.0,0.0243366459848162
-0.12566793852252434,-1.0,0.018980145745836622,-0.2647326990927026,-1.0,0.019770878387677254
-0.0879042911378648,-1.0,0.01622335052499887,-0.1915404381307918,-1.0,0.01928030317621638
-0.06963874505337209,-1.0,0.005702560443789427,-0.14716789885340265,-1.0,0.01664862150504497
-0.0759915541589905,-1.0,0.005420683835746073,-0.09139083186605801,-1.0,0.02125741247804407
-0.04794825221430232,-1.0,0.021473375697539206,-0.08918154697517933,-1.0,0.021156502902852165
-0.048959211587635276,-1.0,0.021802941057531666,-0.0572777384627261,-1.0,0.02007329567912722
-0.03919292932994756,-1.0,0.0200823006814668,-0.04232810614134108,-1.0,0.019007098808348655
-0.060552900725382774,-1.0,0.009445533195409353,-0.07727323124407393,-1.0,0.019620515672159163
-0.017669991738235358,-1.0,0.015763573034762512,-0.1007688381906533,-1.0,0.023127540745784825
-0.023880277081240187,-1.0,0.018207464851503066,-0.10340934767943366,-1.0,0.023231112933143814
0.004865005946758094,1.0,0.021761510777292326,-0.06263835247404315,-1.0,0.025469280696050395
-0.010899950474159925,-1.0,0.019771876459594485,-0.06699878432408324,-1.0,0.0252294037442519
0.04767392870412024,1.0,0.019412160643291966,-0.040257008244664716,-1.0,0.024687965069739613
0.014454600017747676,1.0,0.027133749223641604,-0.02855227183635778,-1.0,0.025737342290432792
0.020251415337304457,1.0,0.026426745376189376,-0.040253881856352924,-1.0,0.026009948704108166
-0.026928828434273577,-1.0,0.009963656810539295,-0.06458554787227855,-1.0,0.02356692217613694
-0.03603993648319692,-1.0,0.014167778605364112,-0.057341330803192925,-1.0,0.02333180468655586
-0.09245031131556247,-1.0,0.02150494011685424,-0.027339310096929914,-1.0,0.02563549900442958
-0.10027417086804014,-1.0,0.018321725827182982,-0.009708814126960896,-1.0,0.025532379410994694
-0.045918021955351995,-1.0,0.041401183463883995,0.01720789756881791,1.0,0.02425053332227651
0.016100062128334702,1.0,0.02408902513380732,0.0741453686122816,1.0,0.016783462273277497
0.03927206235352876,1.0,0.01324506297898442,0.10027417086804014,1.0,0.014663677916339683
0.03895108658444346,1.0,0.01306237572971883,0.0682310722188344,1.0,0.013606837361002398
0.01584495199357039,1.0,0.02166416353049828,0.045571132258771185,1.0,0.014812107597898796
0.023345389076506406,1.0,0.021761178714024797,0.060035457883416465,1.0,0.015350512763527979
-0.01433445894908747,-1.0,0.01380734373250681,0.021245858426939046,1.0,0.014138341828737248
0.03316598709672747,1.0,0.020991925151787903,-0.002792943290716443,-1.0,0.017968536293422203
0.027947905311044074,1.0,0.021233033264873972,-0.00831134365079289,-1.0,0.01772829918234606
0.03850929188881391,1.0,0.016906071432380335,0.03190699378924333,1.0,0.019551711051110972
0.009034367393649045,1.0,0.0024640991398653072,-0.08734590347052018,-1.0,0.030461255588854385
0.009708814126960896,1.0,0.002826035723896769,-0.09726330542520689,-1.0,0.030212838759068585
0.005105152694664494,1.0,0.005155816216424301,-0.11562232025830721,-1.0,0.030189508644159216
-0.012474174225175716,-1.0,0.010603862635292366,-0.21986744573282913,-1.0,0.039794790331985054
-0.0009666506310949119,-1.0,0.016641191269657518,-0.21293018527259078,-1.0,0.0402329763228139
-0.008034127207451891,-1.0,0.017851290272725744,-0.20309847038609918,-1.0,0.04063920402404798
-0.03251912355591724,-1.0,0.028597363955174086,-0.15345357279310257,-1.0,0.04330345439867334
-0.04500141245770295,-1.0,0.022630998515468223,-0.21196353464149587,-1.0,0.042836846947684915
-0.0036733235867831837,-1.0,0.03534576409756644,-0.17593767507094882,-1.0,0.044577948130046195
-0.05138697308307627,-1.0,0.061879394873350264,-0.14798277552001582,-1.0,0.0438935543257218
-0.06100405646336993,-1.0,0.06036509597816808,-0.17355884775522346,-1.0,0.04357804845619117
-0.10902002215873663,-1.0,0.04446277451643605,-0.18753630762832552,-1.0,0.04244223274381748
-0.1234871748686599,-1.0,0.05273581002925779,-0.0819628225772484,-1.0,0.03685414150654726
-0.10595806572042299,-1.0,0.059412091310833914,-0.0878915296062256,-1.0,0.0368567583350258
-0.08237099743312748,-1.0,0.06428486408743218,-0.07644680949079818,-1.0,0.0367137045687807
0.05393969871455084,1.0,0.014966339476743086,0.03628111278155921,1.0,0.02134716407032399
0.0,0.0,0.038074117073932184,0.030318731390071685,1.0,0.021156356304764576
0.019126668107698475,1.0,0.04105565471238803,0.04103587538942666,1.0,0.021537227254383007
-0.027048326282830493,-1.0,0.03296077417485598,-0.0008612028664898297,-1.0,0.01927492394958914
-0.0065967255714305395,-1.0,0.02403745126284712,0.015127086613814678,1.0,0.01657446812683907
-0.015271956144159882,-1.0,0.019135865097451212,0.007549397063174812,1.0,0.015705799847649925
0.014632979859691142,1.0,0.02178632797833841,-0.009478743954543623,-1.0,0.017554969353454557
0.024663261685627935,1.0,0.0160041762933551,0.035174307363185164,1.0,0.01778585318637299
0.0020694759787907024,1.0,0.015532347121547514,0.01760092371797617,1.0,0.017291673176073274
-0.005243239509852282,-1.0,0.01135942707549267,0.031176556171603087,1.0,0.01887687283099863
0.01225219527587429,1.0,0.009101160503424471,0.05537944598790845,1.0,0.018674654436351308
0.03511168744709736,1.0,0.004724405206363966,0.032256174370295154,1.0,0.02094507922782085
0.016797383066501803,1.0,0.012003435450767293,0.05400573389054131,1.0,0.022619007175209642
-0.015191644776257007,-1.0,0.020774412492344782,0.08233728301447896,1.0,0.024347498046384503
-0.01435981021855337,-1.0,0.021210643055213085,0.05734849177247314,1.0,0.02449985251184842
-0.035665867370884285,-1.0,0.025527437308146397,0.05774857726854132,1.0,0.02448240306161147
0.013450495177939947,1.0,0.028737531413081614,0.06358133665923282,1.0,0.023893727430931714
-0.005220429489358525,-1.0,0.02643593307993828,0.04081042372725041,1.0,0.02373959164630308
0.05528827998583785,1.0,0.01739246477808378,0.01974426891735881,1.0,0.02688093470794831
0.04486840031035122,1.0,0.016626889091398197,0.00896348346252629,1.0,0.02622333713244232
0.016724726631109688,1.0,0.03152953849627528,0.035983322416130115,1.0,0.027186804969692755
0.01758593820908594,1.0,0.031892920982893216,-0.04846636416237948,-1.0,0.02978906316896715
0.0392100323024448,1.0,0.036723572782558375,-0.03619281090480109,-1.0,0.030661978342384957
0.06020400484927535,1.0,0.02461489308228565,-0.015852760291890977,-1.0,0.029621068976094254
0.02054022644450182,1.0,0.024918796843261946,-0.022384818272532137,-1.0,0.028988088503370202
-0.03394759113150314,-1.0,0.006598094347418438,-0.038654785203226516,-1.0,0.027413871374241755
-0.030897878263776102,-1.0,0.0074696419311592035,-0.04403573319805454,-1.0,0.02754839291011391
-0.0736701757220668,-1.0,0.022671133034908437,-0.019986976084608532,-1.0,0.028171308737999595
-0.04116735801876659,-1.0,0.0324127900030527,0.0033094349013671476,1.0,0.027675410199020926
-0.010047530800478821,-1.0,0.040455872264568093,0.028741543196429964,1.0,0.028181887826064216
-0.01292235309390044,-1.0,0.0420973112129254,0.0572718853384615,1.0,0.02434576854800334
-0.0002878940569761568,-1.0,0.04529806962711157,0.05106298577299051,1.0,0.024206191139878316
-0.035111356076911404,-1.0,0.03939992500948556,0.03608709991317849,1.0,0.02336256075555266
0.043667484098933285,1.0,0.02037065743580654,0.07623821287492838,1.0,0.016602987843257373
0.03674805800401937,1.0,0.018707364803145343,0.007744194733430909,1.0,0.020463487455451214
0.03202103194311179,1.0,0.021393915967291916,0.024111386186330686,1.0,0.02030950210494943
0.022938068632425423,1.0,0.018508399976991045,-0.008810629682154847,-1.0,0.01889266058792219
0.008016628973090523,1.0,0.015567247773282639,-0.053296555839632775,-1.0,0.018960760225383802
0.0418793981307084,1.0,0.008390082016928887,-0.06360105036487251,-1.0,0.019639055276304683
0.003588685701003236,1.0,0.020770736263888086,-0.06453852113757108,-1.0,0.019542631947029016
0.006586192852856776,1.0,0.02107289363831382,-0.06512606522027808,-1.0,0.01951658416372645
-0.0027019740837302963,-1.0,0.017489297076575837,-0.06435864884641251,-1.0,0.01960912206385501
0.0060439744425664355,1.0,0.012474770304545219,-0.06960322186669488,-1.0,0.020042868301887038
-0.04360668509653576,-1.0,0.026633466875122507,-0.12295915484860753,-1.0,0.02260035800224644
-0.04708706980375921,-1.0,0.024998361883660152,-0.1233790211605047,-1.0,0.02256497214178854
-0.04138135845814994,-1.0,0.025601359952361822,-0.07210841349505293,-1.0,0.026643654696219737
-0.024292692569044316,-1.0,0.016330783983848626,-0.0378502241310974,-1.0,0.024125170844122985
-0.05569140460809141,-1.0,0.010425080246882771,-0.045844987595598186,-1.0,0.023916670058090884
-0.03278982282299081,-1.0,0.023638410855560673,-0.053956211477512284,-1.0,0.02411445470014
-0.003812880407554786,-1.0,0.020654872868653116,-0.10711850028872427,-1.0,0.031885049260301675
0.0411217996491684,1.0,0.008857282920048276,-0.06471844736830223,-1.0,0.03240811312851962
-0.0014760150281205586,-1.0,0.023883597613574857,-0.1011086695140142,-1.0,0.031886205176545494
-0.05124689677547267,-1.0,0.034367943004000666,-0.11807693720148227,-1.0,0.03166892432375647
-0.06172234639782248,-1.0,0.02862627690327894,-0.16854636826448632,-1.0,0.030541254171930647
0.0035387828142083855,1.0,0.04323581844634619,-0.12207584070926547,-1.0,0.031775606672455735
0.041502245620974376,1.0,0.023681043821358497,-0.05990959758143566,-1.0,0.030453756167338683
0.030446963761147305,1.0,0.025274788861200055,-0.10444266336759722,-1.0,0.0311057357519481
-0.0232291564406093,-1.0,0.007033950283832762,-0.12294795527655844,-1.0,0.02890556127401489
-0.09356096872667119,-1.0,0.04141246374806745,-0.11930496471645946,-1.0,0.028950615646742762
-0.07456486438079546,-1.0,0.049157201469199066,-0.13488962712874453,-1.0,0.0288424826252357
-0.07994228085949273,-1.0,0.04869520460540136,-0.08517789491343764,-1.0,0.03173267276697599
-0.014771317320312782,-1.0,0.02049293223233705,0.021277398447284712,1.0,0.023937027051767572
-0.06270612124701569,-1.0,0.008230261843532215,0.005741642567675287,1.0,0.023369252484382323
-0.022443186223371825,-1.0,0.02535933964237984,0.0013046316266649427,1.0,0.023755204434207023
0.0069204428445739374,1.0,0.027646218941852083,0.003960401216096976,1.0,0.023632599135546866
0.0023813584990666214,1.0,0.030260565512303463,0.0037395930032886326,1.0,0.023658036443761944
0.0026666682469154157,1.0,0.030352500513298675,-0.04436073624899284,-1.0,0.024048080751387903
-0.017893121514049426,-1.0,0.027329713339869496,-0.0792493716541407,-1.0,0.023524187606075945
0.0,0.0,0.018727292692336892,-0.034217957310341385,-1.0,0.0223043405798314
0.014540903922511506,1.0,0.026823521011249456,-0.05297667838611719,-1.0,0.02114500600793636
0.04702139443707298,1.0,0.027800426890763816,-0.05533106799266485,-1.0,0.021155139272998454
0.06606640531562435,1.0,0.016945327617755378,-0.029657346002699647,-1.0,0.021177163839377927
0.006540245680609846,1.0,0.026313483200476367,-0.10543342586893378,-1.0,0.02024692362393407
-0.03208831455150052,-1.0,0.013669568116674332,-0.16467906182400105,-1.0,0.017453879159008003
-0.06470817081140234,-1.0,0.009956170927567867,-0.17169123649219853,-1.0,0.016958308731856993
-0.0681085540990296,-1.0,0.010622744285822567,-0.14157257667321455,-1.0,0.017536483442561084
-0.07628933002566374,-1.0,0.005932937961592362,-0.15387623352095514,-1.0,0.0178102982158679
-0.035576191814563396,-1.0,0.020290423757153047,-0.11799513822998287,-1.0,0.017721316204572988
-0.005949273890208939,-1.0,0.015162796457714203,-0.05486229572918555,-1.0,0.02095578574497067
0.006025182147426422,1.0,0.008828357801965543,-0.001779043344155129,-1.0,0.023193459780929356
0.004560611307641738,1.0,0.008095965378546233,-0.03981160499506342,-1.0,0.024117683249410035
-0.037915843560305085,-1.0,0.025630493252680485,-0.06376661835898934,-1.0,0.02464513149494749
-0.062326599394263216,-1.0,0.0266528262270713,-0.11284823537053512,-1.0,0.028643066908936796
-0.07596748517387453,-1.0,0.018959832139055294,-0.11918408667365665,-1.0,0.028319585080605707
-0.029598905123670916,-1.0,0.019031569722344984,-0.11664442054464308,-1.0,0.028077034141893557
-0.02128548624845461,-1.0,0.014446321564625353,-0.13724536734332293,-1.0,0.030062841079944037
-0.01101207254918668,-1.0,0.01655839909151301,-0.07608529178604195,-1.0,0.03600792206729526
0.01860172684499939,1.0,0.029025642649281643,-0.08214154155544295,-1.0,0.03586677182079156
0.07580786015113627,1.0,0.016582276455706098,-0.051637086416983946,-1.0,0.03571472585953269
0.04260734142035605,1.0,0.03574771829772035,-0.051715400704307246,-1.0,0.03571265360179834
-0.014853596520012724,-1.0,0.034181241436598946,-0.10769768382914391,-1.0,0.03367155071513543
-0.10504400987895357,-1.0,0.01814164316942718,-0.18488895229920033,-1.0,0.03195799862356719
-0.0748118703709515,-1.0,0.02956156905953761,-0.1634017796536309,-1.0,0.03184675129433695
-0.09079364574595883,-1.0,0.030253168460989955,-0.15159751344982064,-1.0,0.031739708350201484
-0.08672373136705103,-1.0,0.02858248675296326,-0.1652217597931711,-1.0,0.03361161483119183
-0.03286869028625983,-1.0,0.05925151463583243,-0.18817461471211616,-1.0,0.03321142220743798
0.00490397386552921,1.0,0.05438758860524695,-0.10168028251201378,-1.0,0.03704878591430473
0.06432279467788438,1.0,0.03107429344929656,-0.05452269839042523,-1.0,0.03445687738993359
0.013357818532548027,1.0,0.0042906966614755316,-0.1369135172549596,-1.0,0.028823831404092434
-0.006954415428701566,-1.0,0.015958079039659616,-0.13557179325079516,-1.0,0.028872948961811556
-0.057444005731080106,-1.0,0.024449643148811685,-0.16071207246109975,-1.0,0.028273787417399155
-0.0690790375289676,-1.0,0.018701190125837243,-0.16866374295840436,-1.0,0.02786695678578545
-0.05875342614068946,-1.0,0.020225980084588334,-0.13752716712653168,-1.0,0.02862915916692092
-0.08537681737292435,-1.0,0.035535017629231176,-0.09900164641631837,-1.0,0.026906794154391196
-0.09958470542943676,-1.0,0.03170238028328407,-0.0830632061943517,-1.0,0.027438425238081005
-0.04087641480815196,-1.0,0.05909753572906096,-0.06288555629994197,-1.0,0.027821874838014172
0.023975330035694853,1.0,0.03574270039534491,0.007438435041230429,1.0,0.01912744113230047
0.01839240717089674,1.0,0.03798752712874106,0.03185280998187401,1.0,0.01802546091279622
-0.028987536873252173,-1.0,0.013881531512165177,-0.011861452936326344,-1.0,0.011011657657125942
-0.04186657939279015,-1.0,0.01349385510926795,-0.026311233924281252,-1.0,0.012165581515262952
-0.01839240717089674,-1.0,0.009882903323445082,-0.011751016535518799,-1.0,0.01021243199773295
-0.008909789304438087,-1.0,0.013951319027490076,0.0032626456348163746,1.0,0.011327004877758298
0.00426642031370128,1.0,0.00787741227463201,0.0,0.0,0.011818872935303135
0.016521499235085058,1.0,0.008448537731555792,-0.004292875660186768,-1.0,0.011945964968892038
0.015888184685900253,1.0,0.00827056031842187,0.0014120971986373299,1.0,0.01251376632593897
0.021063264084624445,1.0,0.005285500210695957,0.04214562145076339,1.0,0.01620271244437991
0.015331310746788951,1.0,0.0044485636639126904,0.03496216256214013,1.0,0.016059056005191603
0.010147688555463663,1.0,0.002126793318683755,0.027436563227155153,1.0,0.015912660614842016
-0.009774338929816828,-1.0,0.01362875883841533,0.035043403760182334,1.0,0.01600482315133077
-0.025211419346496067,-1.0,0.011981060511917394,0.046394269014167655,1.0,0.016443883442986616
-0.013863438302109454,-1.0,0.018276660583812214,0.04530938700386655,1.0,0.016442465538633672
-0.015555345468508897,-1.0,0.018955477929752818,0.0594683931948512,1.0,0.01511423837834341
-0.01093426629556471,-1.0,0.018450135572014803,0.0903548750399561,1.0,0.014811096762853486
-0.010760337740617132,-1.0,0.018542526583279758,0.056097927210032594,1.0,0.01627053157974861
0.04641204176446467,1.0,0.021347522145039058,0.08423635043180377,1.0,0.01417593993440575
0.05577653745741196,1.0,0.016794657765983646,0.07147544700051567,1.0,0.01565846126976628
0.041912650714418076,1.0,0.0195033234023941,0.04506509646857948,1.0,0.01595304632533109
0.013961046394043386,1.0,0.0033909109986907473,0.04652001563489305,1.0,0.01622757302014588
0.026763417198816475,1.0,0.006865256776671173,0.05625384570952163,1.0,0.016431017686499048
0.028020512332175063,1.0,0.0062675450754794484,0.07346339304155003,1.0,0.016942716552048438
0.014650650504852036,1.0,0.01047138640287421,0.05820139985418704,1.0,0.017313987715451177
0.018749186679292373,1.0,0.012676571136429152,0.0030762494046421285,1.0,0.02101272613041807
-0.0030748980959434125,-1.0,0.01947160068376829,0.004376374599798893,1.0,0.021034395778663895
0.00921261176844368,1.0,0.019561181824973004,0.027815787241588286,1.0,0.021588533076062746
-0.029813694335005136,-1.0,0.015062934486039218,-0.009984888685704352,-1.0,0.021520426338210837
-0.021793168482070246,-1.0,0.013460800753779515,0.005265479475762058,1.0,0.02083385656077111
0.008695706967553951,1.0,0.03065476021745554,-0.007891316707243412,-1.0,0.020777387047011805
0.04055493616641792,1.0,0.024120261722535823,0.07168912947214756,1.0,0.02635704361645383
0.07031094728738863,1.0,0.012981827732863176,0.07990434724439854,1.0,0.026000513035410074
0.025642430613337375,1.0,0.013630300031552533,0.02774991295290219,1.0,0.02461849231371798
-0.02641417910606303,-1.0,0.02936540666748817,0.03237617235173573,1.0,0.024834695612874314
-0.04106650610957607,-1.0,0.022795576626682135,0.007515692997236645,1.0,0.02434063817520379
-0.01573496210774672,-1.0,0.030163776172349745,-0.017021687569430455,-1.0,0.02598945900675226
0.005688048588945893,1.0,0.01834173062261011,0.03534850783982879,1.0,0.02333881971667833
-0.0021857932199802477,-1.0,0.01827842253952251,0.016457712303042937,1.0,0.023833135594629934
-0.02649449218038802,-1.0,0.007819298146691559,0.014045772516902089,1.0,0.023684307996046358
0.05186032382284678,1.0,0.03755500060662041,0.1054913971448268,1.0,0.030717313055465004
0.05284569928656624,1.0,0.03729146981020347,0.07825690266030483,1.0,0.032619621698972756
0.04433693662769955,1.0,0.040164879153165814,0.07092761837487838,1.0,0.03293645136471596
0.001241979046006092,1.0,0.01601748843868003,0.00495868784651865,1.0,0.02812844432887746
-0.0020777069597732734,-1.0,0.01638568689073496,-0.004159739775176918,-1.0,0.028324207892849694
-0.01912916990899527,-1.0,0.02441256350610961,0.009637619118717966,1.0,0.027988143305228322
-0.02344184361796997,-1.0,0.022339963376436577,-0.0315218365458203,-1.0,0.02827255955896626
-0.03212448680376978,-1.0,0.02243176110903717,-0.09918623442055075,-1.0,0.03485554701163266
0.015332497978585824,1.0,0.016682464529137297,-0.04656089118927342,-1.0,0.035008897531335716
0.0758309378939439,1.0,0.04459523447759485,-0.08389736720722119,-1.0,0.03501039898607729
0.05961339713728164,1.0,0.05210190609882624,-0.0921793471480723,-1.0,0.0352436034346271
0.03038735367758827,1.0,0.05573937547686025,-0.12164721218209396,-1.0,0.03444660669146764
-0.04867238547546138,-1.0,0.01277659891117068,-0.17131055178881294,-1.0,0.025198044325809653
-0.029570943148915507,-1.0,0.004015258841240217,-0.14288295498091586,-1.0,0.024889698971270326
-0.016953062628460858,-1.0,0.005393993752203834,-0.13452761293018534,-1.0,0.024972010631430546
-0.03523854534633286,-1.0,0.011616356917251673,-0.12637299791900491,-1.0,0.025255505227209683
-0.0971042016051471,-1.0,0.03710027870034339,-0.061902010902915805,-1.0,0.031248535822532758
-0.07532768021698666,-1.0,0.04722592144912366,-0.03565742783383774,-1.0,0.03250376497223684
-0.07581737427937085,-1.0,0.04721909697841662,-0.023327191657974033,-1.0,0.03198204450002678
-0.025117599531291335,-1.0,0.0257638411489272,0.06361940342580819,1.0,0.022991965556178766
-0.05975382301423471,-1.0,0.005818610678685394,0.05297802550990682,1.0,0.022516619358921134
-0.011582246687647846,-1.0,0.02459596439513515,0.05728635488488987,1.0,0.022049786657601843
0.008909789304438087,1.0,0.01912839831945822,0.071783760581132,1.0,0.020789222359391398
0.01750695292949689,1.0,0.015838509063122348,0.096827795271752,1.0,0.019918971237106335
-0.003734831605653355,-1.0,0.0037832722559550504,0.07277570443734627,1.0,0.019366934625849524
0.05141000092908454,1.0,0.031523547417399364,0.11164325883732151,1.0,0.02109328222611124
0.08191712246788674,1.0,0.025266871292342587,0.1016011127339207,1.0,0.021882897339443718
0.06780726091469802,1.0,0.032409940379485476,0.08255807067284615,1.0,0.022992731988875244
0.02841721272357689,1.0,0.018953573069687212,0.04083973272213415,1.0,0.01793752438815699
0.013307773126757905,1.0,0.013719243224204154,0.00474241026783484,1.0,0.016827512510648658
0.004796172263493048,1.0,0.01860916099833316,0.041521050822753036,1.0,0.017823703629780665
-0.016953242375967514,-1.0,0.015384119707421894,0.012848142477849045,1.0,0.018216106649855908
-0.015904053252389527,-1.0,0.01594404466136453,0.028999720777097115,1.0,0.01954219653956772
0.003907102864808554,1.0,0.009878453809007629,0.041326434472158446,1.0,0.01856723900776532
0.048769287560627594,1.0,0.01890498143875795,0.03192678416612993,1.0,0.019272371124609985
0.02228027039166558,1.0,0.02664953088483915,-0.023231375691211475,-1.0,0.02310041614354211
0.006047534629846529,1.0,0.03030821638559866,0.0056167786464469405,1.0,0.02476155967438173
-0.019393525186102822,-1.0,0.01562866874141131,-0.03917061002433053,-1.0,0.021972556564503806
-0.014941579998199117,-1.0,0.014632215145571406,-0.03448617607116922,-1.0,0.021791362152670614
0.026770241064604905,1.0,0.01801971863898339,0.00043057051257244794,1.0,0.022173246037685505
0.0004256224792917873,1.0,0.022058446062730854,-0.006406171812411543,-1.0,0.021936770885628655
0.03756508363602018,1.0,0.023657469983490113,0.0012894908298717311,1.0,0.02173786366462707
0.0046015559128984584,1.0,0.02224303553799221,-0.022472855852058604,-1.0,0.0202477789626794
0.0021253993123133696,1.0,0.023177606993967034,-0.005119465106190768,-1.0,0.019857771463956574
-0.06813514972069812,-1.0,0.018563596319439282,-0.049245943248775736,-1.0,0.01837373718902558
-0.03180255296090295,-1.0,0.03657694240332005,-0.07090263573413846,-1.0,0.019748164926407442
-0.022328106629832867,-1.0,0.03612067446867972,-0.07218266685505159,-1.0,0.01981838546607706
0.011025470011707839,1.0,0.021829506744418983,0.018453950752319592,1.0,0.021480820594380636
0.0008613264959720368,1.0,0.015971913102836133,-0.04810104363221157,-1.0,0.022362390891257074
0.013370913025816167,1.0,0.014362457326004295,-0.013552119979643118,-1.0,0.02399623527872417
0.02083408690284183,1.0,0.010801580837263137,0.013072081567352845,1.0,0.024326307964662227
0.003866814699973853,1.0,0.003667801474364636,0.03510616376421516,1.0,0.026508779114672528
0.0017123291855125622,1.0,0.002756641723606829,0.020356937068744196,1.0,0.026758559419792882
-0.012970350442627288,-1.0,0.011208623328437884,0.007702220362092449,1.0,0.02718807228355682
-0.0438282239691814,-1.0,0.016020257241262995,0.014051753455650351,1.0,0.027272548528979913
-0.06493780243654745,-1.0,0.006522671289476482,-0.010318234278392069,-1.0,0.02805505531104109
-0.0004352557196027895,-1.0,0.04138263631768618,-0.0017421607193850441,-1.0,0.02770645889777608
-0.00900096085897606,-1.0,0.04455728113084323,0.02346797982710358,1.0,0.026224088344899716
0.03630244024557561,1.0,0.04433378401407175,0.07557393759144149,1.0,0.02682878091419028
0.005643600826741091,1.0,0.03465976700322825,0.05422760068248533,1.0,0.02447100540929833
0.08406853389239877,1.0,0.012114732560540672,0.07697778468358396,1.0,0.021617083694477245
0.04727997007420348,1.0,0.025381727300122746,0.03672912309508902,1.0,0.02129283263044019
0.015464225697581435,1.0,0.030908465716521474,0.013330663975071433,1.0,0.02101105421378326
-0.017187595608590955,-1.0,0.012227246024646437,-0.04897721408112887,-1.0,0.017784507307053273
-0.028962842161623703,-1.0,0.01569427295758858,-0.045081683851505794,-1.0,0.017701511082737157
-0.02241473152410478,-1.0,0.0149699945970166,-0.019367939178055016,-1.0,0.017742869665014246
-0.03441199759772817,-1.0,0.009255655676519273,-0.06869089352904734,-1.0,0.020753990425233744
0.020954369433286102,1.0,0.023142152478925905,-0.10037918530762191,-1.0,0.02463797834673899
0.05553450568226759,1.0,0.01981016995395083,-0.09122090625883383,-1.0,0.024768807697702247
0.04450884399750432,1.0,0.026084630401898894,-0.09544147945219295,-1.0,0.02474189612826197
-0.0025423742507768576,-1.0,0.023175248405371433,-0.15535044001916232,-1.0,0.0214242790848675
-0.03525333588067281,-1.0,0.004340687286605673,-0.18620537773179202,-1.0,0.017900086593701695
-0.041886464872314066,-1.0,0.007400708542736215,-0.1442929116974896,-1.0,0.021704191943081253
-0.034530836872391335,-1.0,0.008735762783978815,-0.14003775469723134,-1.0,0.021712913542088597
-0.017234377455545014,-1.0,0.016040866881804918,-0.12884355109691592,-1.0,0.022176145599201454
-0.03690127505650942,-1.0,0.026417043931552017,-0.11652891187904024,-1.0,0.02191162289118652
-0.08426034361773982,-1.0,0.033959440309499433,-0.151957215468977,-1.0,0.0236991226825598
-0.0942676986048836,-1.0,0.02829530391850867,-0.16500174941225465,-1.0,0.02282383013184609
-0.06116258352087378,-1.0,0.028989323592679073,-0.11050658422636928,-1.0,0.022267993768556902
-0.034016885278254305,-1.0,0.013691475607559034,-0.06565397022143693,-1.0,0.017389860579718867
-0.0394499657906906,-1.0,0.011536691584386225,-0.06562156523413587,-1.0,0.017390870821171883
-0.004342588247792323,-1.0,0.02682199396051943,-0.054415005487053136,-1.0,0.017533995398406655
0.012770311071154117,1.0,0.019773796134624416,-0.030107642891284536,-1.0,0.01613368012902499
0.02210849075420329,1.0,0.018276903561313333,-0.01350358103467375,-1.0,0.016609774100245417
-0.014122465053864719,-1.0,0.007872425298434519,-0.043990290025754275,-1.0,0.014059986847225737
-0.046450297644136995,-1.0,0.023591181077936264,-0.03324543334896646,-1.0,0.014015487459049472
-0.05339257577088374,-1.0,0.020849273590352515,-0.05236798551731603,-1.0,0.014213938196319855
-0.030878947403838453,-1.0,0.028204899931020926,-0.07218580063944091,-1.0,0.015889017982742407
0.0020429016298002534,1.0,0.01129156950600506,-0.04016185118129734,-1.0,0.011444425630713696
0.0051124855732351815,1.0,0.010986055117521216,-0.04400919708138851,-1.0,0.011474216580899522
-0.005071004781557642,-1.0,0.00614829966906865,-0.07018586550079342,-1.0,0.010406595302683785
0.001529442051898089,1.0,0.0025453081626145664,-0.06589999173589223,-1.0,0.010375740404266197
0.01266801840877152,1.0,0.006916462264157065,-0.0724226555620695,-1.0,0.01020214295202218
0.0060821272135065385,1.0,0.00836574296241138,-0.09094756952691418,-1.0,0.010102676592253066
0.009632520613472195,1.0,0.007730599710992762,-0.13681163757477366,-1.0,0.015203003830154204
-0.016755913728438987,-1.0,0.00831973932562293,-0.16080249570653748,-1.0,0.013362369419615265
-0.042317975667551355,-1.0,0.015313704868049338,-0.16677850134339867,-1.0,0.013069258096830913
-0.053366715476467874,-1.0,0.010129727606595466,-0.17909769746337045,-1.0,0.01220367045584542
-0.04503378733495622,-1.0,0.012294933343528358,-0.18509036336208773,-1.0,0.012317493463300359
-0.028879012265190962,-1.0,0.003266644551514367,-0.12446052567584731,-1.0,0.017532056342819353
-0.023695238924794637,-1.0,0.0044840767591744655,-0.12633466446826036,-1.0,0.017532262754789106
-0.023300972907445816,-1.0,0.004554868811689665,-0.1290270524516317,-1.0,0.017491911495426442
-0.025832708807678406,-1.0,0.0059979573103631795,-0.1142623820536981,-1.0,0.01783998759202011
-0.06938220378698334,-1.0,0.021968388174983443,-0.12338452581331238,-1.0,0.017793876322099434
-0.07571182173569646,-1.0,0.019688436944625076,-0.12479771265576822,-1.0,0.017767708145535507
-0.06974880460297794,-1.0,0.021394624603271285,-0.12119922052435816,-1.0,0.01770461293588932
-0.0326535392751246,-1.0,0.0014193471612684323,-0.09425933027099376,-1.0,0.013739861631803673
-0.04104378138398923,-1.0,0.006140874975286773,-0.12052185079598265,-1.0,0.01636114798916563
0.0,0.0,0.027759185086526857,-0.1143560785664044,-1.0,0.016475944944339408
-0.0006036824813577812,-1.0,0.027878598913517447,-0.12451961640643838,-1.0,0.016805371894092872
0.0110295235754998,1.0,0.0241553892698493,-0.11963317494454495,-1.0,0.01658944662937722
-0.018680868643041748,-1.0,0.007069380860153756,-0.14562987131350513,-1.0,0.01163366027496896
-0.02074510026984666,-1.0,0.007879822115620279,-0.11303887223440512,-1.0,0.01510525242155194
-0.01907163311158233,-1.0,0.007705185889559876,-0.19298146291930274,-1.0,0.02749683566017953
-0.03276954727833847,-1.0,0.0031328284941853383,-0.17649912404252133,-1.0,0.028851035389406293
-0.040257008244664716,-1.0,0.006898456094676758,-0.14007025130314443,-1.0,0.030840830638524677
-0.07143595987591089,-1.0,0.013592958946719377,-0.10605088503284676,-1.0,0.03276991753772413
-0.06290566264502417,-1.0,0.01763179958835114,-0.06424524757408068,-1.0,0.03458973390008706
-0.06291382541056922,-1.0,0.017631798192214797,-0.04194586073793105,-1.0,0.034272651230574776
-0.04015510553255153,-1.0,0.009067447049277883,0.0019993342214823517,1.0,0.03248110575064346
-0.03127379274710074,-1.0,0.014061088518398377,0.028375377845833327,1.0,0.03310853334106817
0.010877061690675482,1.0,0.018588539177704033,0.07503518594291392,1.0,0.03285816207930653
-0.062318764399257986,-1.0,0.05963771422890518,0.10660973505825844,1.0,0.032184964871928574
-0.04955012137205794,-1.0,0.06282503994740647,0.1035633215610452,1.0,0.032225728070246866
-0.047776479338585975,-1.0,0.06336323726027375,0.06921822360058116,1.0,0.032533225733928584
0.06785894477487364,1.0,0.004152644400298808,0.16140966704348902,1.0,0.013321765409227875
0.07948432919010218,1.0,0.0034898873464609004,0.1367916744474087,1.0,0.014360666733691204
0.057867382320548666,1.0,0.015634240942018863,0.08102422255684849,1.0,0.018660418718440305
0.036614259378418224,1.0,0.015483925095179105,0.07000525020302528,1.0,0.017848747485397498
0.02971496277488983,1.0,0.01154547246135906,0.036846273385966244,1.0,0.016275903154119458
0.054067221270275745,1.0,0.01106293507808744,0.0006691201320241369,1.0,0.019630488691729862
0.06445529530422456,1.0,0.005159291638106158,0.005312097484889922,1.0,0.019789233292805183
0.04391415096811113,1.0,0.011637420923444152,-0.013097764190063588,-1.0,0.018553585356719266
0.005060099348342728,1.0,0.014462273694135901,-0.03091038103397592,-1.0,0.016850349873268312
-0.007518832414027399,-1.0,0.009234131084516841,-0.03558189848093751,-1.0,0.016437935568709337
-0.016321768485694443,-1.0,0.008190523016288686,-0.0037429862788345147,-1.0,0.019654089155235203
-0.03597048038231865,-1.0,0.018641221925961408,0.005662173038779139,1.0,0.019279011030205313
-0.0235454720655901,-1.0,0.024229469417050932,-0.021615590475940305,-1.0,0.02050380513625244
-0.020461071871340275,-1.0,0.024392339916530736,-0.014021899590318965,-1.0,0.020469183776891282
-0.022487720104275688,-1.0,0.025476049061780803,0.02135312447056892,1.0,0.017881602090583607
-0.028078893339717137,-1.0,0.023031677880103494,-0.009055689309807935,-1.0,0.0179035695965894
-0.02022907480114,-1.0,0.02447765560720424,0.019827960105969877,1.0,0.019418749878668533
0.022487720104275688,1.0,0.002699684861856964,0.05971923470162244,1.0,0.01565367663178672
0.023561299338397124,1.0,0.0032160624239677255,0.06598614831623895,1.0,0.015937861582254405
0.053268928879340205,1.0,0.014443220419140135,0.06938831075922347,1.0,0.01595115928313379
0.04163265342109779,1.0,0.019200869180902205,0.05595865364804453,1.0,0.016258815615656064
0.006447475590969809,1.0,0.029674563745076266,0.02491345716401394,1.0,0.0175663248593335
-0.026600681797178893,-1.0,0.013454884488445291,-0.021479031677124283,-1.0,0.014691733133597736
-0.02027952895052887,-1.0,0.015054999811169426,0.010608523826814098,1.0,0.017034421760658825
-0.01098557089945773,-1.0,0.009696659822220064,0.03162818976837012,1.0,0.015211832001442499
0.013388787824948567,1.0,0.02031320934598754,0.04087334108389751,1.0,0.01537047014414128
0.01587839012677783,1.0,0.020247597239054605,0.04322627222138253,1.0,0.015373759911987847
0.046962944286329744,1.0,0.010315510200377843,0.06842957663053784,1.0,0.014310944359734375
0.029331275852113592,1.0,0.005799811218274298,0.02871608050819563,1.0,0.01386128671944331
0.018727139050697783,1.0,0.01100944188040007,0.022430846988181985,1.0,0.013870353851403927
-0.01751139181382788,-1.0,0.01400989294575823,0.01232301484525622,1.0,0.013208758191670127
-0.03759841355700755,-1.0,0.007230483860169106,-0.029331275852113592,-1.0,0.016310870866388272
-0.0037174764001326466,-1.0,0.025913096535022797,-0.01809721777002582,-1.0,0.016438278885878944
0.013162208195325986,1.0,0.021212866505757006,-0.008235713322229055,-1.0,0.015658426961420144
0.0357516909638429,1.0,0.015765360534625242,0.016466489853580235,1.0,0.015651016786374643
0.012338219444039566,1.0,0.006854562836323303,-0.023870480118696413,-1.0,0.013521522471945806
0.025815815962709987,1.0,0.003195115609992397,-0.01695488025106484,-1.0,0.013616521776334697
0.0012315272492466889,1.0,0.01282034128483472,-0.024954507633579093,-1.0,0.013167091018476617
-0.004917035106422718,-1.0,0.012216959554032522,0.02363030278978706,1.0,0.020781824968148496
-0.009143617498951873,-1.0,0.010220345411258413,-0.0018220472699446155,-1.0,0.021142306753066574
-0.02871608050819563,-1.0,0.021156046511382608,-0.0030816665374080454,-1.0,0.02122058888536898
-0.02180092570751002,-1.0,0.02282967232329096,-0.00990720177707849,-1.0,0.021340228586670097
-0.038070119981313155,-1.0,0.019780320033481454,-0.01294316990389155,-1.0,0.021267982580662273
0.008199352148686279,1.0,0.011667762486217457,0.02748455325894894,1.0,0.018689026120167727
-0.00949073874880324,-1.0,0.013720604712612414,0.01375881617142749,1.0,0.018881504204541676
0.0044430412664902,1.0,0.012487977494001386,0.02945998068848299,1.0,0.018570749252019098
-0.005669306523316431,-1.0,0.00878455206021336,0.03639007751579948,1.0,0.01901870688814781
0.05983900235252304,1.0,0.029066939703443324,0.07115201374952207,1.0,0.01916661104791133
0.04094864894383021,1.0,0.03561897096204817,0.037904506562602025,1.0,0.021732561194790927
0.023104368345417736,1.0,0.039664468889853664,0.03659323013136162,1.0,0.0217393050785474
-0.03845453967328827,-1.0,0.004124865888971869,-0.005403795797506161,-1.0,0.015307870606141888
-0.020264740132898806,-1.0,0.009279175151398852,0.021053409197832273,1.0,0.014908810722518777
0.0018501392881613565,1.0,0.007735461013052394,0.014097689810838254,1.0,0.01574454936435122
0.001865092240995958,1.0,0.007727077911959976,0.007439587940122339,1.0,0.016209898127021123
0.004333030611061384,1.0,0.008238352633855627,0.0037151745518633206,1.0,0.016193606754016203
0.017104876405536817,1.0,0.013807738834307344,-0.011152531950474831,-1.0,0.01622057032431871
0.04790245882929134,1.0,0.009140215231866389,-0.01944244372286641,-1.0,0.01671988339523758
0.012887567140609235,1.0,0.029259765102623146,-0.02375111646816297,-1.0,0.016597146260930742
-0.00546615390775429,-1.0,0.026230461755983824,-0.035134584569967764,-1.0,0.015545345172295345
-0.01671680719450519,-1.0,0.02130061784112636,-0.0648148569267879,-1.0,0.013284187693151176
0.02409755157906046,1.0,0.005901241583000905,-0.048089190396767734,-1.0,0.011255139374208769
0.00060882802489437,1.0,0.019462209708457575,-0.052512063581680035,-1.0,0.011140270060845255
-0.02561115593565977,-1.0,0.017652339636541683,-0.07498827429317911,-1.0,0.010065069951933797
-0.03760297477886776,-1.0,0.010989558029458177,-0.08701137698962991,-1.0,0.00865030099692213
-0.02340008247315173,-1.0,0.007052446803973653,-0.054405413298931116,-1.0,0.008624697956133971
-0.02501693942199279,-1.0,0.0078606107789856,-0.055887558019951156,-1.0,0.008792733623968133
-0.023133260408964906,-1.0,0.008804321067223807,-0.059196408576924986,-1.0,0.008705996463050827
-0.0068771762139561154,-1.0,0.012641837824574217,-0.05638905621558399,-1.0,0.008651673170045737
0.002530045625369848,1.0,0.007565762643985411,-0.06474964749748158,-1.0,0.00991764664957884
-0.011450506787995529,-1.0,0.01079288132606771,-0.06804455467809234,-1.0,0.009760820071962753
-0.02284363291946656,-1.0,0.00479268298108844,-0.05347489707742059,-1.0,0.01223426081106057
-0.026890224560896403,-1.0,0.005063298901692025,-0.03667184803660972,-1.0,0.012871052187996512
-0.014824635013801712,-1.0,0.005375987668024105,0.013977355889904564,1.0,0.017043932537948944
-0.0012845216923567104,-1.0,0.010655418709543509,0.018442494095715523,1.0,0.016988532671439665
-0.006510439662431811,-1.0,0.013331891928085576,0.03193119301767111,1.0,0.016525614066640885
-0.009788006366162838,-1.0,0.013279117295825385,0.04569322765889883,1.0,0.01675100879301717
-0.0253837253898046,-1.0,0.006732702062934207,0.1111918096159461,1.0,0.026755286833542485
-0.03387902889952321,-1.0,0.011623521147165628,0.10294086957654236,1.0,0.027562979394228165
-0.03198140651013226,-1.0,0.01225907945028016,0.1086338410027956,1.0,0.027376537342185956
-0.0039630170757927186,-1.0,0.023733569419632488,0.12617081686300713,1.0,0.027008656046373307
0.030607845086241703,1.0,0.012397064989238121,0.1612681475961224,1.0,0.02464655706253028
0.07057140378000137,1.0,0.014043752954529972,0.11740682708191508,1.0,0.029851724921276787
0.04907375825366955,1.0,0.01917615435809389,0.09645265910841427,1.0,0.02963584492311859
0.04171281649338443,1.0,0.02082024310285945,0.08957471181743282,1.0,0.029663510209662396
0.01689123675519255,1.0,0.0065103927571095324,0.05463156473803954,1.0,0.02807296391324975
0.09146479382787387,1.0,0.03962680434946115,0.06701654470781704,1.0,0.028168449539775944
0.06449923689643944,1.0,0.05066474584085845,0.07563325171012081,1.0,0.028192964198330863
0.05315260697773394,1.0,0.052009559711075425,0.05843276004901732,1.0,0.02825243794810469
-0.010404718142743574,-1.0,0.018914039596907878,0.007447757142053701,1.0,0.018893792680570204
0.02444824912005683,1.0,0.0056066992906508885,0.03758754126189867,1.0,0.01718427732338888
-0.02320842043101279,-1.0,0.03305582458883147,0.0431721718652085,1.0,0.01721950479687104
-0.033681174830385574,-1.0,0.030325757673884745,0.03202103194311179,1.0,0.017008115328031485
-0.04108559069244788,-1.0,0.027888277731020747,0.02610817985945646,1.0,0.016848514935325284
0.007796141436125836,1.0,0.0006878137847046374,0.054479063318833676,1.0,0.010149222014009151
0.019637643853072317,1.0,0.006148897099497742,0.04120653595933321,1.0,0.011148442121646498
0.02777135638607242,1.0,0.005569797274984976,0.0587549019060396,1.0,0.012188785233909726
0.02069243206617033,1.0,0.009595906837812388,0.06811634248545517,1.0,0.012354238786264108
0.03189600626211053,1.0,0.014475123006167469,0.07381329114378055,1.0,0.01279010767586986
0.0264535264482173,1.0,0.014719732360201306,0.0433363134869682,1.0,0.01460750060718987
0.03789201879392512,1.0,0.010614367165118686,0.038961868835438285,1.0,0.014869334673392309
0.014168556658314513,1.0,0.0032234604924277735,0.033176402974153474,1.0,0.014183173236870504
0.012968887717614619,1.0,0.003115819970787678,0.03013168506962649,1.0,0.014153256749908662
-0.01190152897738761,-1.0,0.011856710820243465,-0.006159777607155803,-1.0,0.016677366748978392
-0.02449567081416415,-1.0,0.011371306844300497,0.028897493427228804,1.0,0.01977377372667128
-0.008438868645864739,-1.0,0.020456766673387625,-0.007761132259367143,-1.0,0.022115638498733024
0.021433420602747333,1.0,0.016631649312849578,0.0055716785219519505,1.0,0.021517738302455253
0.05224439903751965,1.0,0.004425105101542855,0.010669521281263084,1.0,0.021310065501053577
0.012352767967001022,1.0,0.02061586372270028,-0.054688883388688714,-1.0,0.024009883537302427
-0.008462041583846558,-1.0,0.019950411711867237,-0.06949124182629052,-1.0,0.023435500083036378
-0.00874088190751654,-1.0,0.019795573426663167,-0.09351103295654517,-1.0,0.02208022240089286
0.013248898030875589,1.0,0.013848130853332738,-0.07609311432216836,-1.0,0.02182290974565318
-0.007229627648668968,-1.0,0.02439856897839381,-0.0740343808322701,-1.0,0.021812810114599245
0.009889647111389843,1.0,0.03256684361653441,-0.10953488595888516,-1.0,0.020443786861795106
-0.024923929611379014,-1.0,0.03856441153916385,-0.11144269575360854,-1.0,0.020351102699428626
-0.00017007284827985636,-1.0,0.03436173429007523,-0.08589373905490016,-1.0,0.019423352353051124
-0.04272364296012987,-1.0,0.015562318524768099,-0.11733209584920523,-1.0,0.014556429677437432
-0.05536661977518631,-1.0,0.0228494996116153,-0.07373454456176787,-1.0,0.01388563178936424
-0.053629499745495135,-1.0,0.023407096443053495,-0.07723548632196175,-1.0,0.013877533022668639
-0.0519361552002886,-1.0,0.02383971781177541,-0.08120832264354783,-1.0,0.013923126425047332
-0.00905146296647863,-1.0,0.0014610528558897606,-0.024219815914706233,-1.0,0.008385488501680145
-0.013005180589826137,-1.0,0.0022586092905023452,-0.04709273620138532,-1.0,0.010756741884960173
-0.024764734909856534,-1.0,0.0074307511254014845,-0.031564538571960954,-1.0,0.011561872129487075
-0.02210068340056459,-1.0,0.008628144565540336,-0.037298072938041216,-1.0,0.01164822112821633
-0.019088985871299036,-1.0,0.008964951199624092,-0.03120733322096969,-1.0,0.011624260175578117
0.002092437221069776,1.0,0.004068484487150367,-0.010030422774092385,-1.0,0.010918914465109198
0.012784221580461663,1.0,0.007423026862251973,-0.015822624020768172,-1.0,0.010970868134363376
0.008488179884658553,1.0,0.00970211330602223,-0.015186698797347686,-1.0,0.010961475946544886
-0.006599869754472465,-1.0,0.011879002624032929,-0.03122131710686693,-1.0,0.011138065064988227
-0.0058518911281246755,-1.0,0.012308237175369285,-0.042588683149168416,-1.0,0.010286989478946653
-0.0234867496249187,-1.0,0.018876626187545015,-0.030850136052386734,-1.0,0.010414989996053836
-0.002292371128701731,-1.0,0.02127854034245481,-0.013206446224275803,-1.0,0.01046331689744593
-0.022129719989813612,-1.0,0.01808858882233032,-0.03800606933811612,-1.0,0.01004271285098617
0.002880222390589493,1.0,0.009320367867572921,-0.010273307509153673,-1.0,0.007296159385739872
-0.0032306191119879646,-1.0,0.006234787981991689,-0.03374756535449519,-1.0,0.007013268898994509
-0.000625234483291548,-1.0,0.004897691608997928,-0.030461140597087155,-1.0,0.006869511078950086
-0.0030683514476770313,-1.0,0.005121665488608168,-0.05144467839971334,-1.0,0.008682770953581284
-0.01909845711170477,-1.0,0.004415849306334756,-0.05895364779404311,-1.0,0.008231899256993209
-0.01398183754793858,-1.0,0.005911364685407285,-0.05482497349376092,-1.0,0.008311394291761967
-0.0071752573703804945,-1.0,0.007959488042299697,-0.05312692971063404,-1.0,0.00835938458993023
0.011415001128118663,1.0,0.0036248880331195017,-0.05575652702894618,-1.0,0.008586995011793455
-0.0012692773170723815,-1.0,0.010687810620993441,-0.04229768165681658,-1.0,0.01001781961988484
-0.0029099210816856402,-1.0,0.010382018775979723,0.010118554106458566,1.0,0.020037714349418156
-0.02283349025892112,-1.0,0.008678799591025294,0.01035567582559671,1.0,0.020044776950017336
-0.014584791248784645,-1.0,0.007528511632514212,0.043310798097359715,1.0,0.02028554881869959
-0.03829114849997017,-1.0,0.008462855027211688,0.03259566294705207,1.0,0.020576860764279167
-0.02843670155153588,-1.0,0.010265365824204509,0.05188014980546707,1.0,0.02001536388995239
-0.024989067379965313,-1.0,0.011267031125930829,0.12304584865606549,1.0,0.026648606296907424
-0.004750602758597733,-1.0,0.0010283162675877133,0.17685420693368692,1.0,0.025352769237492957
-0.01590133634660784,-1.0,0.007464335637637708,0.18122084121776916,1.0,0.02510882382810116
-0.0014545457109942372,-1.0,0.013729687189232485,0.2005325444628896,1.0,0.024602029019027735
0.05607022644671211,1.0,0.03547657905523819,0.20509810942181406,1.0,0.024336125995207486
0.07752720398266155,1.0,0.02669005429619194,0.19381274266300963,1.0,0.025816480667537604
0.08433920243710391,1.0,0.025375225394634836,0.10259767115381302,1.0,0.037462476109529776
0.019567187758907867,1.0,0.014346552420568568,0.07235556214211014,1.0,0.03487371515270259
0.01869098372094924,1.0,0.0143244467354151,0.10237710863421623,1.0,0.03604880139380583
0.06515025930992113,1.0,0.039748418548768386,0.03566153608962375,1.0,0.03908017818811263
0.10596739548666467,1.0,0.030164312124009093,0.0307939564536992,1.0,0.03923282803318481
0.10090398986076621,1.0,0.032612165608225906,0.052793660630480854,1.0,0.03994907464672944
0.05249762842685879,1.0,0.01547614745972673,0.04364633119403072,1.0,0.03871860812004984
0.023493299729529404,1.0,0.009191569232334943,-0.012208131200550199,-1.0,0.03828669282305971
-0.0033094349013673696,-1.0,0.02215865737475902,0.02286436021254512,1.0,0.039812765351619636
-0.09938941902007081,-1.0,0.04117641015932074,-0.01871763466797649,-1.0,0.0400566632493592
-0.0766723208329918,-1.0,0.05195980986136737,-0.025425560799436253,-1.0,0.040026306910416254
-0.013908430046131848,-1.0,0.06352222533525659,-0.0016034948557528406,-1.0,0.03936248482769943
0.017403067372914638,1.0,0.0455451761365059,0.07708488096715671,1.0,0.030915306997706855
-0.021994417929503074,-1.0,0.04227405997149544,0.03638218571242402,1.0,0.030777851400212882
-0.030892464282786136,-1.0,0.037603820000679265,0.024842905319902187,1.0,0.02976460869485171
0.0731350544143281,1.0,0.03560307693429802,0.12613954885758183,1.0,0.029131706026692114
0.06296530783241527,1.0,0.041035788568298585,0.09250622211599713,1.0,0.03298112802550069
0.07097468944283047,1.0,0.04203301390453017,0.04568448175110529,1.0,0.033046562478901906
-0.00986633743514842,-1.0,0.03460598880675787,0.049325066562501574,1.0,0.03359787567259375
0.01027587013064335,1.0,0.030477701091834192,0.044711467212875666,1.0,0.03396497148246961
-0.02777728996966533,-1.0,0.012102849146727475,0.035736967095078453,1.0,0.033265211248529755
-0.003586903384937612,-1.0,0.0021040202158373535,0.03544455658423207,1.0,0.033286226894303016
-0.01486457432113153,-1.0,0.008332274244767731,0.03875088573711882,1.0,0.03324431642166887
0.01253797012952318,1.0,0.020435727754461747,0.0007744219880341241,1.0,0.03545718437802389
0.06645773526333976,1.0,0.034857792689818985,-0.03734067491040283,-1.0,0.03703813148307231
0.034129618474070034,1.0,0.05241776248347332,-0.0542230345066137,-1.0,0.037821453808923766
-0.010050887851583035,-1.0,0.05245285830617357,-0.07882298441766844,-1.0,0.03666471556165327
-0.0036794278807521508,-1.0,0.05600063703620498,-0.13504002316312902,-1.0,0.03129249028012101
0.015170552929293812,1.0,0.04894223878265091,-0.07144290295022349,-1.0,0.030086082735718018
0.06102717478680364,1.0,0.04507349065293617,-0.06299411928619691,-1.0,0.029872552445514865
-0.023746847413417926,-1.0,0.030921550489277635,-0.14549194572595137,-1.0,0.02148275222102042
0.004315288654886507,1.0,0.025617691773739914,-0.1594771735972671,-1.0,0.022761004376174333
-0.06273983507670966,-1.0,0.019858139294932783,-0.20760740721788218,-1.0,0.018773400128556585
-0.0763721348795725,-1.0,0.02216711522621574,-0.19111120257880332,-1.0,0.018882851266056506
-0.10783849456486405,-1.0,0.0041265240340339895,-0.21156867511703537,-1.0,0.018215518498642842
-0.06705943627617938,-1.0,0.02078867450392898,-0.1921792184547304,-1.0,0.016927335068893764
-0.031241612989386436,-1.0,0.01819088664881963,-0.15078018514623603,-1.0,0.016446936850411927
0.016909750030460247,1.0,0.009755682828702825,-0.1128361491145804,-1.0,0.016149787772454145
0.005777977279888491,1.0,0.013543098975058633,-0.09703825674317579,-1.0,0.017683358981067866
-0.014131350443574497,-1.0,0.01948855542647592,-0.08833632992142548,-1.0,0.018158915510272593
-0.0728637177177498,-1.0,0.016333514015050524,-0.0990023624714953,-1.0,0.017099349976725582
-0.08358611314488162,-1.0,0.012198958958589794,-0.09044841360317335,-1.0,0.01721081991002687
-0.06936610426626988,-1.0,0.017629376875863936,-0.0696879685067131,-1.0,0.016748603253356316
-0.04777621286488176,-1.0,0.007737517260653006,-0.049682916489973694,-1.0,0.013506938898461067
-0.04731164631355789,-1.0,0.007605691832487674,-0.03287504525358598,-1.0,0.012497437803929689
-0.03604111744700522,-1.0,0.014111630655786602,-0.05062617956657589,-1.0,0.01400592434781481
-0.009105968562409084,-1.0,0.014710608613202622,-0.01956749992239515,-1.0,0.013618116704161179
0.028081525435375232,1.0,0.006901661293625974,-0.00895237022662232,-1.0,0.01262730199284097
0.031202242235424116,1.0,0.00591801214615113,-0.005083963054088647,-1.0,0.012815244926654833
0.030743536673545346,1.0,0.006069906645817935,0.020145699196498335,1.0,0.01579306188578835
0.01236782041989093,1.0,0.004617102383526506,-0.005226037501722791,-1.0,0.01521123088088571
0.00451701097113788,1.0,0.0040163068384408964,-0.007465385705325289,-1.0,0.015119824197015245
-0.023544271736228195,-1.0,0.012205596819300422,-0.003993306865272883,-1.0,0.015292914994586865
-0.02601274479529425,-1.0,0.011597097811465708,-0.012758827267492334,-1.0,0.015543192317686482
-0.050304315326132665,-1.0,0.011467402533634926,-0.0034181452776804733,-1.0,0.015808288883295104
-0.017660796297303216,-1.0,0.01783264694738681,0.01625415203323355,1.0,0.014307709251134067
-0.02338897128659423,-1.0,0.017776125384657414,0.020980476111154722,1.0,0.014222938872814136
0.009501099065482022,1.0,0.010919099974809688,0.05492919510112193,1.0,0.011611302136411008
0.0306072305564844,1.0,0.020660763174669486,0.028070396334253678,1.0,0.012845339616735486
0.03180785816027476,1.0,0.020096448617457217,0.05440878778300018,1.0,0.012915646321889006
0.028820819584187474,1.0,0.02035125709321409,0.094145016229356,1.0,0.018013989794663628
0.006604530611774129,1.0,0.009238171208271938,0.09334158795274905,1.0,0.01791804647012959
0.004835030654121386,1.0,0.010232844515565923,0.10374144302600086,1.0,0.017318878880627907
0.008564251398782696,1.0,0.01107170112077402,0.040230172852476764,1.0,0.026006113879536327
-0.003296812837721763,-1.0,0.009460591886821095,-0.017381552719460736,-1.0,0.029790879303368604
0.007726558583352805,1.0,0.0057213896506858155,-0.02508051208689155,-1.0,0.030071565511360195
0.008043025052669739,1.0,0.005896273105224357,0.057736090769568094,1.0,0.04051150964017482
-0.005844551996283087,-1.0,0.012950836117927987,-0.003567609920275272,-1.0,0.045091243407859916
0.010039340385251228,1.0,0.017327516932749178,-0.015776076867794808,-1.0,0.04519445591762862
0.048716920193716096,1.0,0.03202420735703185,-0.00836609551714762,-1.0,0.04540142555576477
0.09587842217497977,1.0,0.015471909263405617,-0.007911899251142884,-1.0,0.04538755795671088
0.08114051340327544,1.0,0.023075713861396323,-0.007649081163950244,-1.0,0.04539690808163517
-0.025094023792691766,-1.0,0.04561548275338062,-0.09079739660603114,-1.0,0.04362880996803463
-0.10411861006043566,-1.0,0.032416270612727595,-0.12710201960561696,-1.0,0.04193649930627994
-0.12398692445877102,-1.0,0.02117114410326489,-0.13907138556417653,-1.0,0.04174530135827046
0.026070169315874026,1.0,0.07348294858838711,-0.08534559589054425,-1.0,0.03906956414293922
0.0105171299614637,1.0,0.07976403911007596,-0.029319797445865214,-1.0,0.03703180022090591
0.017030993802449546,1.0,0.07898620878071588,0.004201826971058198,1.0,0.03704703832215927
-0.058059161234045975,-1.0,0.04072281521620085,-0.11476150592600765,-1.0,0.023996348503680952
-0.0101888413271507,-1.0,0.017482824554881166,-0.05269993526387173,-1.0,0.016953421184040265
0.01816633608909579,1.0,0.018840866003762106,0.010718356320951417,1.0,0.023347976852696874
-0.03371438089516743,-1.0,0.026537964146613673,-0.046698518366766306,-1.0,0.02560683403026751
-0.0233116981794943,-1.0,0.026342940572156685,-0.019087331418662812,-1.0,0.025689981166115344
-0.05028179099695085,-1.0,0.01617684415431898,-0.04055855436668887,-1.0,0.024997081961255066
-0.019642223077204868,-1.0,0.002770662452528193,-0.04868990851743571,-1.0,0.02602888093011505
-0.006336387900683915,-1.0,0.009130397054118658,-0.05717422461657429,-1.0,0.026180323022593113
0.01928628807646371,1.0,0.010353150317547707,-0.062432810088973945,-1.0,0.026314535321290602
-0.003345740719589374,-1.0,0.02298007813331227,-0.11571462414788125,-1.0,0.030388046104183632
-0.012863007856542819,-1.0,0.021712106761233044,-0.13751939519971224,-1.0,0.029884165377568477
0.023547523152342764,1.0,0.04059985034004348,-0.15186820623155572,-1.0,0.028962794868831226
0.010003826325195364,1.0,0.046743492737139694,-0.20239725331050007,-1.0,0.034434709307898166
0.023423762518058222,1.0,0.046690764122625614,-0.19896731185750616,-1.0,0.03458769806442592
-0.033110574598544495,-1.0,0.02700945530152243,-0.24486246453135796,-1.0,0.028230777379958785
-0.03570577104583683,-1.0,0.028442885506951305,-0.19160066118236885,-1.0,0.02891146512602871
-0.061398591377405776,-1.0,0.020423927034571538,-0.18169278161387092,-1.0,0.029904494263918596
-0.07215604671923592,-1.0,0.016762765657946817,-0.19642402494648148,-1.0,0.029717394464491686
-0.08666693870765041,-1.0,0.025137034646514917,-0.1822373498131462,-1.0,0.02881288605134237
-0.08668155848382186,-1.0,0.02513264158808818,-0.1811696058164718,-1.0,0.028819276564558405
-0.07014910806611807,-1.0,0.03086676103797025,-0.18278389101203185,-1.0,0.02882245511518853
-0.09002836988220819,-1.0,0.04208069107843738,-0.19267573439231445,-1.0,0.030259521491360717
-0.07431092451433674,-1.0,0.04591303517819125,-0.23165656209979657,-1.0,0.03203475129226009
-0.06944673514745947,-1.0,0.047370070699299154,-0.18797743439007375,-1.0,0.03675377756649765
0.020800418453326586,1.0,0.0052877888833781,-0.04460783205633101,-1.0,0.038005605527584196
0.040698292761693455,1.0,0.0077627596200250054,-0.05727149513322738,-1.0,0.0380105347155447
0.015327864986331985,1.0,0.02135987677302951,-0.09095991503553158,-1.0,0.038351683108087856
-0.026342459676614194,-1.0,0.026994102016695557,-0.09139756195698556,-1.0,0.03833109462582659
-0.06087541558000664,-1.0,0.008329714668321341,-0.13686132255792893,-1.0,0.037392199086305034
-0.058515912784786295,-1.0,0.00862511760358608,-0.12446008626358473,-1.0,0.037335878168149775
-0.09710532328681865,-1.0,0.030744552692585976,-0.09756938195216103,-1.0,0.03690701692943806
-0.13716851476714664,-1.0,0.026319304624528497,-0.0925934232502148,-1.0,0.036878821422112525
-0.07534265144415997,-1.0,0.06138107912883002,-0.07021371774071072,-1.0,0.03695472994410449
0.058039532453775244,1.0,0.06328203008645554,0.026282360747762468,1.0,0.03247712604126192
0.10007414245223245,1.0,0.03952241095283243,0.07116209093030257,1.0,0.027822769921336223
0.0275707842070827,1.0,0.049533098858156835,0.02666086603693163,1.0,0.024923048536559113
-0.025989311447327967,-1.0,0.01973083238937774,-0.0464157853442253,-1.0,0.014976737813101364
-0.0388915346630081,-1.0,0.021716019643924174,-0.026273647589542204,-1.0,0.015262582320181366
-0.01817230624172117,-1.0,0.017837989062767328,-0.016876489696090236,-1.0,0.014051590704780332
-0.03251427967178966,-1.0,0.011288794627097002,-0.014573690843070253,-1.0,0.014265770573374728
-0.01660751627229251,-1.0,0.002848446021031386,-0.025534888441766324,-1.0,0.016069252771634974
-0.004269544261912284,-1.0,0.006803590155843679,-0.028750571015654813,-1.0,0.01617623635711193
0.02674641941310485,1.0,0.018417222459437277,-0.0061458429781628965,-1.0,0.0174519702777402
0.026586999413370727,1.0,0.018489374599151905,0.0009351038646610021,1.0,0.017304640063319648
0.021531932333482384,1.0,0.01912950824520012,-0.021625513676940322,-1.0,0.01784548728048902
-0.014658613638212525,-1.0,0.004866649994885692,-0.0927465850367839,-1.0,0.01858980004740194
0.0026384039323876785,1.0,0.008448672764636836,-0.056113993759631775,-1.0,0.021361343658471442
-0.015966571525939166,-1.0,0.013768440424963132,-0.07375090555700847,-1.0,0.021561480025414078
0.005852783053827082,1.0,0.01734661443479815,-0.09307476403908588,-1.0,0.02237737673839382
-0.03815277551523222,-1.0,0.024869389149197327,-0.11473254141321076,-1.0,0.021731719101543017
-0.030046387561285748,-1.0,0.024465718169274498,-0.13402043220021342,-1.0,0.0230744597623076
-0.024086431806882302,-1.0,0.02748616950917589,-0.20212053679123265,-1.0,0.02456062816177633
0.009862476034134815,1.0,0.015411108256776714,-0.2077119774549976,-1.0,0.024977683084944875
0.0028555130768022075,1.0,0.018583913980646165,-0.2603835755307693,-1.0,0.027979904555555466
-0.059854322645516156,-1.0,0.021064761640428243,-0.27376848189040226,-1.0,0.02637477331272337
-0.03046209821092205,-1.0,0.03604004665798123,-0.26796925050714426,-1.0,0.026866277650320583
-0.030593459546585766,-1.0,0.036052194377152014,-0.23423035129476277,-1.0,0.02916718957792889
-0.014986792640514501,-1.0,0.029631377085152615,-0.13801812455849838,-1.0,0.03494940165722217
-0.05598014372119131,-1.0,0.007437060990616731,-0.15836717544454126,-1.0,0.03327292872797596
-0.07623609816914412,-1.0,0.01251383559108431,-0.14089449252330422,-1.0,0.0334774452801906
-0.10319298969831969,-1.0,0.020896963264049006,-0.04414524074476622,-1.0,0.04044238663373918
-0.13113221155701904,-1.0,0.008845300809345548,-0.10884268583268142,-1.0,0.04566492852856573
-0.15640953089184162,-1.0,0.011213599258544012,-0.0772614564307954,-1.0,0.04480047592255548
-0.09573437690605191,-1.0,0.035405929152603294,0.019342962843130973,1.0,0.044196953231985796
-0.05039479701801186,-1.0,0.03953808957883807,0.06619278123359784,1.0,0.04219202595657691
0.02900873731280873,1.0,0.006376092949117021,0.11627036330149698,1.0,0.03701879733222046
0.07589603468638773,1.0,0.02537087735728981,0.08292952936534803,1.0,0.038469773506666395
0.07913997685168095,1.0,0.02412078669549906,0.07257069283483508,1.0,0.03862888818388951
0.06274239922487279,1.0,0.02873801368731887,0.06825577465354016,1.0,0.03853803220326573
0.07888609117321765,1.0,0.03799299542598335,-0.004907285168823883,-1.0,0.035935941889799206
-0.006455654109331466,-1.0,0.0734803072870433,-0.01524315716162361,-1.0,0.03582960631509834
-0.012603062076635307,-1.0,0.07345239903880105,-0.02780022308065888,-1.0,0.03595430682506609
-0.039704786110422496,-1.0,0.06025727034051421,-0.08585476048931096,-1.0,0.02847725875054954
0.04390325550926022,1.0,0.025173962816965434,-0.034328710352028224,-1.0,0.019450051372031305
0.03712228884045077,1.0,0.028038365348093067,-0.079766618428315,-1.0,0.023934192301349314
-0.03214781038383485,-1.0,0.016608730822871655,-0.0742848224504069,-1.0,0.024993281766890738
-0.04401688541677462,-1.0,0.010799368089762403,-0.07952631210306293,-1.0,0.02479337666951587
-0.019005851335148094,-1.0,0.019567183355955493,-0.07318528715976935,-1.0,0.02472747695049302
-0.011940779847784189,-1.0,0.016046114430505784,-0.024720874350798727,-1.0,0.02505888711157731
-0.008673873144777744,-1.0,0.016031405174959806,-0.049620053887208915,-1.0,0.026341765084746616
-0.03331359850932625,-1.0,0.00874755357321246,-0.06909707029837797,-1.0,0.025808368136679315
-0.0020613841472694183,-1.0,0.011985194546011472,-0.04576306073558678,-1.0,0.025567134514142668
-0.02554120729973608,-1.0,0.018894125637424916,-0.06707880744401606,-1.0,0.026159256350820313
-0.06456945742429143,-1.0,0.03163073068752485,-0.0527597494957619,-1.0,0.026167218948838975
-0.028134848071518448,-1.0,0.051574794397655055,-0.06659650496397562,-1.0,0.025685294284158486
-0.001294346241774491,-1.0,0.04969258220987017,-0.07240885926008422,-1.0,0.026144891230675996
0.04370362010899642,1.0,0.029459534503583792,-0.04053329305618325,-1.0,0.02252780292001913
0.017416137715773328,1.0,0.014530674195685565,-0.08063243464704684,-1.0,0.016267582054059437
-0.0141106272009206,-1.0,0.02609408101082834,-0.06669949480919302,-1.0,0.017361314198486407
-0.014917634473756713,-1.0,0.026118633212212448,-0.011436865190945777,-1.0,0.02347854330075105
-0.03298296623257224,-1.0,0.017413906647494808,-0.006626775398717477,-1.0,0.023942974854710176
-0.026132626701584893,-1.0,0.013708326180207177,0.057993985359765965,1.0,0.023957015668604184
-0.016976277706710174,-1.0,0.015267151048244373,0.09216819119968989,1.0,0.024470275332361686
-0.02289482837565826,-1.0,0.013705241309158775,0.06983882095600968,1.0,0.025601763324552974
-0.03087125911580424,-1.0,0.018268009052004822,0.082547723721623,1.0,0.024529757223099052
-0.052343000984712784,-1.0,0.014713799475239852,0.07999567032116639,1.0,0.024583820419999288
-0.04217077775458966,-1.0,0.020212502716484244,0.06407125109678136,1.0,0.02550428730033318
0.004415018209116717,1.0,0.018207693934036952,0.0996679848658446,1.0,0.022788673442571718
0.0728000479742339,1.0,0.02191928747879671,0.16258336041174992,1.0,0.023133698922569973
0.09142179696410269,1.0,0.017236835722273487,0.14865797130175773,1.0,0.02376626592422043
0.11058285296803838,1.0,0.011385955700879925,0.1501329097770645,1.0,0.02378676355008256
0.08868742191687895,1.0,0.004290433750815113,0.10737143273880179,1.0,0.020799795054606083
0.04348263012215492,1.0,0.028685270412715572,0.08772071747850063,1.0,0.020022497132897575
-0.0015788883397278575,-1.0,0.024450833243229404,0.05843473819955358,1.0,0.01809838861292993
-0.02914879858523367,-1.0,0.00910077840726572,0.06237747064384935,1.0,0.018573051524809748
-0.028662398234886588,-1.0,0.008870970664987451,0.05349101165515169,1.0,0.01973873325352548
-0.013750997971582635,-1.0,0.011743396232269108,0.07373705525904306,1.0,0.019196835116690104
0.030244689105870748,1.0,0.031222480512801527,0.07511543146705923,1.0,0.019159338877859013
0.04241594245038671,1.0,0.02615069360712028,0.14393564814195559,1.0,0.021440007930417886
0.054879943120336616,1.0,0.024773657794800674,0.1195741605421583,1.0,0.023301439223624824
0.01758812030128576,1.0,0.011279396126079321,0.04675398208915338,1.0,0.023179095821969507
0.030484543140845588,1.0,0.0057787893028277085,0.010519492140706355,1.0,0.02664545126833901
0.018884681390527458,1.0,0.0009940880869860735,-0.03684917738189375,-1.0,0.0275614767918078
0.04369345982192652,1.0,0.014515231880888794,-0.030596792338164924,-1.0,0.027816323005327433
0.009252924298805976,1.0,0.029329875346253455,-0.04144992963644789,-1.0,0.02764696923846751
0.013723428719761621,1.0,0.029605062096622746,-0.010363894249878491,-1.0,0.029898507897089175
-0.01641083776202379,-1.0,0.019344049203143403,-0.05800109604405046,-1.0,0.02836482980972794
0.06178223825191731,1.0,0.026622540539974263,-0.04836679413770639,-1.0,0.027803260448494606
0.03208610731153261,1.0,0.03642045200849595,-0.05428858264362013,-1.0,0.02758927642148001
0.0018832397279648916,1.0,0.043803411624996666,-0.036580991573015975,-1.0,0.02838264344618933
-0.09100021355086252,-1.0,0.011027432373318794,-0.09219997374276678,-1.0,0.022747135401270848
-0.10154339480371544,-1.0,0.007053298798826073,-0.08626400314337346,-1.0,0.022518248773393992
-0.059762654126032544,-1.0,0.028845638965664114,-0.009135360429100015,-1.0,0.02638623981985541
-0.021484878636308657,-1.0,0.021849113563400493,0.040063040793085314,1.0,0.0230116049898579
0.045369964522542716,1.0,0.020095374033001268,0.07301563766227703,1.0,0.020420645958531873
0.01628915611604098,1.0,0.02748285524814518,0.05819353408024819,1.0,0.020430383766013104
0.002336059797547474,1.0,0.03077583506053452,0.03941773470207943,1.0,0.02181413788223264
-0.03020125967398002,-1.0,0.012000685830259948,-0.00215030724721732,-1.0,0.019242273818040792
0.005009266709010696,1.0,0.018331419900480067,0.015168221473171428,1.0,0.018556383490688444
0.01794905864685692,1.0,0.011925919222252961,0.017294036789376133,1.0,0.018368898791587977
0.00011068681177928141,1.0,0.016963537759658698,-0.026470814305884716,-1.0,0.021874497326430965
0.029328870871880852,1.0,0.03350092611965506,-0.03909906076613767,-1.0,0.021057404547285084
0.04126280098498958,1.0,0.03157915444461608,-0.046348533168554695,-1.0,0.021205429116446635
0.057736246001935054,1.0,0.02508739295839898,-0.03376798045817209,-1.0,0.020964637085518177
0.007566240383315659,1.0,0.004672953476756861,-0.12417207304463584,-1.0,0.016854296099107904
-0.02213018472731454,-1.0,0.013241239367567941,-0.1518145967579314,-1.0,0.01610242276683483
-0.029795980386951637,-1.0,0.010951173977695168,-0.13204005700645371,-1.0,0.018601327146216005
-0.02673615649103578,-1.0,0.012125973549703064,-0.10440712698674348,-1.0,0.021317010855482654
-0.019787638115155826,-1.0,0.008312887605257712,-0.0663960625733071,-1.0,0.021905117583673677
-0.054521766732647414,-1.0,0.02061210562779959,-0.07368581642165495,-1.0,0.021997745144616204
-0.049258015530298405,-1.0,0.023126911054001987,-0.07953208537512291,-1.0,0.021890472481492063
-0.04569351131107391,-1.0,0.023289080095796964,-0.03545800741704719,-1.0,0.023874787419247263
-0.0071864793405080896,-1.0,0.009115627054537247,0.0477179173849791,1.0,0.024215339914548505
-0.05574414140661732,-1.0,0.021215901338361938,0.050654888910608875,1.0,0.024255018295963274
-0.06420326260438713,-1.0,0.020438021502008765,0.043944685857160604,1.0,0.02473388003947383
-0.040535830546346574,-1.0,0.03279847630894568,0.04455628412352208,1.0,0.024722932706395293
0.027331186441208022,1.0,0.025603651841503244,0.09125214330522402,1.0,0.020051335316134112
0.06328834945730977,1.0,0.005074888291791143,0.1129498784569547,1.0,0.0181892333981806
0.02855826019784713,1.0,0.019752502235765558,0.07463579794941477,1.0,0.019084969417027333
-0.0018611148794152044,-1.0,0.014533801650900452,0.040649986700448615,1.0,0.018468779582162226
0.011150417041104088,1.0,0.02186970716107972,-0.003897746537337987,-1.0,0.02019464950197335
0.06688196707398664,1.0,0.024638491234818687,0.01220650807843704,1.0,0.019840381589283175
0.08092895875543338,1.0,0.01706289494395478,0.043849192769704004,1.0,0.021051420125156036
0.03370918196313388,1.0,0.03096342004715701,-0.015277916594961027,-1.0,0.02159982058162435
-0.01034811260196511,-1.0,0.014082727425380238,-0.06595550493475999,-1.0,0.01646081012783551
-0.015146887012002175,-1.0,0.012060136631050385,-0.07362076544870844,-1.0,0.015981737568989456
0.004801929995406962,1.0,0.002635131418830859,-0.10729506994503035,-1.0,0.02065149691744574
-0.010456316720453884,-1.0,0.011060341371059995,-0.07843809772346777,-1.0,0.023199062967591867
-0.023270970163567384,-1.0,0.008740871606138161,-0.09125214330522402,-1.0,0.02294491653667672
-0.05355927553698292,-1.0,0.010375629713341447,-0.1074797377884944,-1.0,0.022849947728738346
-0.033871029673130604,-1.0,0.016453339774939155,-0.1194994891106651,-1.0,0.02344876723948444
0.0013380911898401848,1.0,0.02800249300245224,-0.09927921539739692,-1.0,0.024279243148569257
-0.00022975301651895208,-1.0,0.02882873479690096,-0.07709888661156894,-1.0,0.02338737118352016
-0.011280045939210392,-1.0,0.02883877734421281,-0.09125523264504931,-1.0,0.023194474775966895
-0.03654099946297906,-1.0,0.016531750808832256,-0.13509267319147522,-1.0,0.020595851215389177
-0.05830797138693544,-1.0,0.028828089694852056,-0.06099089982553574,-1.0,0.02493729358307375
-0.02283070539067289,-1.0,0.04091708193580851,-0.053006704217069434,-1.0,0.02497353804336005
-0.03277826486851776,-1.0,0.04020610774878304,-0.06075465801002533,-1.0,0.024906611315616643
0.0046172621519429136,1.0,0.02312754265185506,0.023233064256102498,1.0,0.02205883546484527
-0.05151770810765122,-1.0,0.0100460171271708,-0.00011843429871127853,-1.0,0.020529294506550177
-0.03129804225574029,-1.0,0.020339414973143222,0.01799077994728604,1.0,0.020518549071348403
-0.02317842436005746,-1.0,0.019980751201410803,0.040273899137940106,1.0,0.01989637613436658
-0.0056267732075148125,-1.0,0.011974236144201433,0.08642932899581446,1.0,0.017577442300691595
-0.03447536660423811,-1.0,0.005193581094394924,0.055719712533316645,1.0,0.019026849512898437
0.01587823376951425,1.0,0.03329190571606368,0.05338787341806128,1.0,0.01916575140341875
0.026968482488769485,1.0,0.031194121394710932,0.0518010024725819,1.0,0.019284148628224647
0.03779701571847083,1.0,0.027017445232608833,0.0742172956237579,1.0,0.018071395754861806
0.025915992694702794,1.0,0.020229450037365444,0.02341405536766894,1.0,0.01401741727571885
0.030057564527685265,1.0,0.019524165494064466,0.023521981879995657,1.0,0.014016427955613319
0.04596717308879361,1.0,0.014381220048136484,0.027020484358000196,1.0,0.013865836983015847
0.02165809703378052,1.0,0.002520772259120055,0.012299114355236895,1.0,0.011470604987505484
0.03503005518687452,1.0,0.00559743908108296,0.007551658306384379,1.0,0.011416708969303885
0.0064308903302903175,1.0,0.019012939842359855,0.00549805444175,1.0,0.011283562891230572
-0.010064450079936282,-1.0,0.019133680030154435,0.010079445816387977,1.0,0.011611173664650563
-0.04025509973074737,-1.0,0.005015032275184335,-0.03538544226637175,-1.0,0.012853315791756146
-0.01597778351379686,-1.0,0.009365490607473813,0.004767173727916685,1.0,0.01352264653334572
-0.014095584280878093,-1.0,0.009040387678072703,0.04158387781966244,1.0,0.015232404831314307
-0.0013105381038167607,-1.0,0.006360126588027367,-0.029481415070512718,-1.0,0.02924292290157734
-0.009399795547286871,-1.0,0.003937601152922353,-0.04480710755532513,-1.0,0.02920592847675916
0.01480105168227075,1.0,0.010540225500854507,-0.012846085772423521,-1.0,0.030293199571870946
0.014087240954073987,1.0,0.010694030576214951,0.022048880012330407,1.0,0.03208931924806291
0.024444743172543415,1.0,0.008546692709588882,0.0707208059209532,1.0,0.034446753298510276
0.019438428494931603,1.0,0.006110089374541312,0.051205138174684084,1.0,0.034337779316648886
-0.007907045385881606,-1.0,0.02160995443696208,0.04077027107141795,1.0,0.034590109971909755
0.0057000096164570024,1.0,0.02584849038398086,0.00882700272557635,1.0,0.035454636108993964
0.02143998192333818,1.0,0.030146688645160603,-0.008218114427438916,-1.0,0.03530588686059022
-0.03435107253488834,-1.0,0.06226781280406168,-0.007850641010914039,-1.0,0.035280699547738076
-0.06555206479703868,-1.0,0.05641339988983923,-0.01649063742397594,-1.0,0.034879622663780155
-0.06852554787296405,-1.0,0.05511921329897829,-0.040408375156972376,-1.0,0.033732680678780894
0.050219756979026364,1.0,0.023761503559391002,0.04155256756224457,1.0,0.02252160177211545
0.10612811792899146,1.0,0.010608174020527987,0.07478893915313822,1.0,0.02276026938485318
0.07885227562937835,1.0,0.025523106628440203,0.0702165465285467,1.0,0.02245907937192942
0.03280863201316153,1.0,0.030564211294716183,0.014931697061583371,1.0,0.021475051716901103
-0.037449060022833436,-1.0,0.011010899882869431,-0.04732654431568539,-1.0,0.016685355801728377
-0.0399848241071914,-1.0,0.009911296064184845,-0.05014786935373117,-1.0,0.016684038900159973
-0.0565279574682136,-1.0,0.011980708837324806,-0.03141019337481765,-1.0,0.01690864386946686
-0.019617630533095287,-1.0,0.019876233429638363,-0.03758467938370336,-1.0,0.017704693262326328
-0.01075027880619528,-1.0,0.020833360473841503,-0.03440665685653288,-1.0,0.017696332731996573
0.01505213603827027,1.0,0.007020045246855052,0.019980566572530112,1.0,0.017890607775378604
0.025727511780075485,1.0,0.012961085659321346,0.0,0.0,0.017711428126285483
0.04209937381255502,1.0,0.01336404164837756,-0.02257432203853904,-1.0,0.018458117961246735
0.023598886478365166,1.0,0.024004793543521575,-0.012904932541225822,-1.0,0.018695651960123058
-0.015987365539832155,-1.0,0.022123277970276793,-0.0014951983923077172,-1.0,0.02026937408388641
-0.04151214025289951,-1.0,0.007520601936472704,0.015757156771727843,1.0,0.022343048405355285
-0.013533258423239491,-1.0,0.012282096744981005,0.01934296284313053,1.0,0.022057254589260153
-0.0277071950908514,-1.0,0.01963076526944672,0.03206249935999628,1.0,0.021412767540277367
-0.02424361160999311,-1.0,0.020067339802327187,0.03903102924739166,1.0,0.02126836614447177
-0.005137197520865833,-1.0,0.028899429867647767,0.02359278541097254,1.0,0.021409325316398286
0.01796704885060807,1.0,0.018650932663898872,0.056144038994884404,1.0,0.01882749892809169
0.00108205601179856,1.0,0.024010067925361336,0.03858202826701351,1.0,0.020031375112891436
-0.017833363075485664,-1.0,0.01365051933900155,0.009784585924959899,1.0,0.018555364302051527
0.024232313387767768,1.0,0.026737118102234295,0.03031414979453917,1.0,0.018674894121084334
0.0804308526228219,1.0,0.016022446503060495,0.041657982403878524,1.0,0.017761573182584076
0.05584678186272152,1.0,0.030188755843743472,0.04303118259023053,1.0,0.017800427165872122
0.01757033221247184,1.0,0.028025904139087548,-0.014608955468825346,-1.0,0.0163714038416968
-0.018238267777235695,-1.0,0.00914791199309713,-0.07827024681291572,-1.0,0.012604461195447463
-0.009283435855397482,-1.0,0.0044402653648842605,-0.06158293525824643,-1.0,0.012356870766615012
-0.0036256554559632725,-1.0,0.005239746115419423,-0.06085084057093404,-1.0,0.012366857200602769
-0.024692612590371255,-1.0,0.010798300392481908,-0.06532172447910911,-1.0,0.012214611909255026
-0.018945397006878473,-1.0,0.01154268656068334,-0.07166118845199465,-1.0,0.012435091320704765
-0.007862840349737166,-1.0,0.016334893440336166,-0.07382860840284344,-1.0,0.012323297703969397
0.004158010148663571,1.0,0.01059609114185394,-0.06589746878014857,-1.0,0.011742223651336698
0.01541323358978497,1.0,0.011043385293697921,-0.07021901161935906,-1.0,0.011674948761234621
-0.020690791875596748,-1.0,0.01637022146592625,-0.091211509272207,-1.0,0.010029327111034544
-0.039497376593972344,-1.0,0.019913432403682162,-0.09610579359311533,-1.0,0.010122336719931777
-0.048767335985755444,-1.0,0.01458647918927984,-0.09588105382793488,-1.0,0.010158323896701675
-0.028671552889636853,-1.0,0.014571404235636189,-0.05967611127157779,-1.0,0.01066653947873502
-0.005289745443429084,-1.0,0.0019422827649782939,-0.06042230415453709,-1.0,0.01080328367930024
-0.019361689049145703,-1.0,0.006182163519881741,-0.04222618383178611,-1.0,0.012749401399556519
-0.016603423287872676,-1.0,0.007114185478319196,-0.06082746690734009,-1.0,0.013755804597666014
-0.025268356891410715,-1.0,0.007260435736492035,-0.04764568914766398,-1.0,0.014454317267737736
-0.017503220174242884,-1.0,0.005715763511061734,-0.020242606770902505,-1.0,0.014952070408249292
-0.025245741219100726,-1.0,0.002902629846148875,-0.007113103329443593,-1.0,0.015545575706777543
-0.026050314664303187,-1.0,0.0033415818816351825,0.002222771969754511,1.0,0.015176384847301081
-0.01024880861879085,-1.0,0.011812136332828035,0.004095060633637626,1.0,0.015118466017844383
0.010844606125032463,1.0,0.013928542940554466,0.009355772103118554,1.0,0.014934032139703268
-0.0038138871553941023,-1.0,0.022355548985681685,0.022334679970861693,1.0,0.014354792243835564
0.004887534010393324,1.0,0.024957175572742726,0.0219925618582284,1.0,0.014337543729683544
-0.02982290852539915,-1.0,0.024936742557957997,0.011218757867267115,1.0,0.01388937636443022
0.007486869563444021,1.0,0.02118378589738194,0.05934258477665377,1.0,0.01188845760741172
0.002621888011737905,1.0,0.01944033794504809,0.026036389597651866,1.0,0.012273160802443998
0.03711094029002382,1.0,0.0018433064719191874,0.04263412094613406,1.0,0.010110040926906807
0.02460010422600778,1.0,0.00903108279371898,0.029153678028604357,1.0,0.010041733774733146
0.006834447230297247,1.0,0.009332232081082548,0.010666106327693825,1.0,0.009542670160432695
-0.008776865786538579,-1.0,0.0009121519881312461,-0.008404449420742033,-1.0,0.00890788885036939
-0.005938406663196005,-1.0,0.0023508810647715622,0.007741022866341041,1.0,0.009829491747787723
0.007648692605799923,1.0,0.006342010489741983,0.012185516033365484,1.0,0.009723566199909628
0.012707591889181025,1.0,0.004762407129425842,0.005448255180706685,1.0,0.010137257297971155
0.03319401765039798,1.0,0.009408236366386354,-0.0036049513837039804,-1.0,0.010455611344625979
0.00893136174981679,1.0,0.017874530609524895,-0.010749470284048268,-1.0,0.010033501017192177
0.0015924545534677925,1.0,0.018473890046914715,-0.004669460438134099,-1.0,0.010366085007882461
-0.022702037184605395,-1.0,0.006175473574292529,-0.04054195531293647,-1.0,0.008630655583834815
-0.012748395258220135,-1.0,0.0009255427407757976,-0.01596105093133282,-1.0,0.008634323817665825
-0.013927630076852271,-1.0,0.001438208546374237,-0.010582109330536937,-1.0,0.00857245176708212
0.003187449063744463,1.0,0.011163085408552938,0.003921573653181909,1.0,0.009216111053146557
0.008353856935968906,1.0,0.010191151834521643,0.01043146232734804,1.0,0.009085469847944864
0.0050758388149101386,1.0,0.01168096098625862,0.023914316413946146,1.0,0.008983322928016967
-0.017284380913241026,-1.0,0.005432502178317839,0.013977742006614946,1.0,0.008207685329122772
-0.01528629371161383,-1.0,0.006582763890676773,0.005490162024277101,1.0,0.008626211509633235
0.002589876270340241,1.0,0.008599572093515787,0.008974182792601315,1.0,0.008319611710591273
-0.0037429862788345147,-1.0,0.012090929005756179,0.01630470902494352,1.0,0.00783952112648047
0.003719781102532238,1.0,0.013879120387294129,0.003719781102532238,1.0,0.008489610586340984
-0.004320194338935046,-1.0,0.012470991456313876,-0.0012324379178894063,-1.0,0.008167707571623526
0.021761491781512987,1.0,0.0058930896866776225,0.005236266795246802,1.0,0.007276894055353047
0.013644118000460725,1.0,0.005899485111711539,-0.006705600688279301,-1.0,0.006646803580375812
0.020568795667630813,1.0,0.004766670583098245,-0.0043389394297776995,-1.0,0.0067156664505840106
0.0132436174171775,1.0,0.0028172968512309993,-0.014165415159884898,-1.0,0.005681800675069925
0.0034125566328979673,1.0,0.008095272518518389,-0.014263121424744618,-1.0,0.005677157909704413
-0.009864294806434692,-1.0,0.0063941675503398805,-0.015140704372878844,-1.0,0.005560644975496356
-0.014957413894912452,-1.0,0.0035296460833443566,-0.026169260536291095,-1.0,0.005524825077284401
-0.017056674633358693,-1.0,0.004500107541144761,-0.013104100317535394,-1.0,0.005561437094536284
-0.00761674444015048,-1.0,0.006952289834810747,0.008773054928520096,1.0,0.007201334781234271
-0.014811428508531232,-1.0,0.007433110725600463,0.041987695615674614,1.0,0.011520552845178899
-0.006705600688279301,-1.0,0.005943462685053802,0.07416101176548429,1.0,0.011808848636974225
-0.007426695850823339,-1.0,0.005594892939440976,0.11199770816462529,1.0,0.015520362357912994
0.0023598098263812872,1.0,0.0025018044372579267,0.11121254584800022,1.0,0.015602878177846986
0.006086597263995408,1.0,0.0007315304115792339,0.12007848586711001,1.0,0.015226635507664461
0.009767030724529668,1.0,0.0028487038033939843,0.11721689760023812,1.0,0.015370434539902198
0.001239772040771303,1.0,0.006885608613010438,0.07421429857593775,1.0,0.02133254589838238
0.004571577740107191,1.0,0.0074509422931975655,0.07558410460188236,1.0,0.021310226693901098
0.014049464494964248,1.0,0.011533497411689202,0.07784465471746138,1.0,0.021322561287962366
0.053199542257053256,1.0,0.013603915786280653,0.07974720925611578,1.0,0.021219681006995023
0.07020843744966099,1.0,0.008127971260935575,0.09640783787087459,1.0,0.021647736749117363
0.09560790879595471,1.0,0.009674008463450557,0.08641473334514593,1.0,0.02150433689187618
0.054413421723794375,1.0,0.025479929355584855,0.04771547303966672,1.0,0.02029673054509654
0.03921187341334642,1.0,0.02581452944395974,0.02362135718422964,1.0,0.019520358781414865
-0.002207506415210503,-1.0,0.00800356627117648,-0.04544955397483763,-1.0,0.0168277085242262
-0.03463843744568118,-1.0,0.026178549678475705,-0.06646888033822629,-1.0,0.018445140628802544
-0.03840778400123224,-1.0,0.024912226330197615,-0.07739428414359883,-1.0,0.018041941690707906
-0.029605212158247074,-1.0,0.027552553488636902,-0.05800374991135637,-1.0,0.019482877708897617
0.00677268272094933,1.0,0.007007302448351339,-0.02803266951709471,-1.0,0.01595501558518604
0.02539531100909942,1.0,0.01343449480498678,-0.05160155300083291,-1.0,0.016659442020607273
0.0226195431226488,1.0,0.013495081071768172,-0.06331004770236914,-1.0,0.016157593356352723
0.021167806040604198,1.0,0.014185210418586945,-0.06816787317592254,-1.0,0.01621449725023202
-0.0025780432369839623,-1.0,0.006386090755765289,-0.09050811574368645,-1.0,0.013898616840609626
-0.036256378524028854,-1.0,0.013672775328332833,-0.0731583329024672,-1.0,0.01615735391388991
-0.059770931654098636,-1.0,0.015554900085719222,-0.03267408877969302,-1.0,0.01985027286482285
-0.061803767914482055,-1.0,0.014385182746341424,-0.03181386824519761,-1.0,0.019854601778997928
-0.014761702351729244,-1.0,0.02475734122318964,0.009073742838521248,1.0,0.018645804798548934
0.0037977733754503973,1.0,0.016137037554052575,0.026054753970977007,1.0,0.016626026983060725
-0.012615052858466314,-1.0,0.02091562494300267,0.02313060404309475,1.0,0.01674650593235532
-0.034911509949259845,-1.0,0.008779340728541887,0.020743544645199563,1.0,0.016533032844955907
-0.033362520937878504,-1.0,0.008833142189910917,0.024802394442386078,1.0,0.016276389200329217
-0.013511251733754115,-1.0,0.004889978901221845,0.0463056621982334,1.0,0.014675335639875286
0.012771257922550738,1.0,0.01720940403952702,0.04666881900804354,1.0,0.014660484352945813
0.05666159043683372,1.0,0.01768765210825989,0.05816491538026458,1.0,0.014033080273814388
0.056116204261504876,1.0,0.017988526404106687,0.058661912648586334,1.0,0.014016225461340268
0.0459756972169596,1.0,0.017620883112763244,0.0032271587202221674,1.0,0.01631553097509184
-0.0010420889034286063,-1.0,0.013196836032484066,-0.03929941084539612,-1.0,0.012525397613650817
-0.006859295626189699,-1.0,0.013789552609957156,-0.043451641420182874,-1.0,0.012518949642396596
-0.0030919005450509296,-1.0,0.015917357937330512,-0.07784412016502618,-1.0,0.012242719620807882
0.002545413846859468,1.0,0.01399294679313535,-0.059915304396114255,-1.0,0.012451835228059446
0.010560005296672337,1.0,0.012430231467193943,-0.08265148945096179,-1.0,0.014363850408914747
-0.00898623558641587,-1.0,0.004279168845082213,-0.1043542807380935,-1.0,0.012300315355488329
0.0,0.0,0.002214281246320179,-0.08989386002313049,-1.0,0.013111559269585167
-0.0011550012834011802,-1.0,0.002036458105479117,-0.11602422312196703,-1.0,0.013721661452494574
-0.030670402365270633,-1.0,0.01892672131403922,-0.08978214767698,-1.0,0.016723367037181233
-0.04080273578882698,-1.0,0.016541535680342286,-0.09305942138769119,-1.0,0.016589516975761134
-0.04599734980726433,-1.0,0.014579639124896926,-0.07634179456378742,-1.0,0.017936623099764373
-0.035095581668288744,-1.0,0.008357162739101531,-0.04728175585010952,-1.0,0.01601018157515131
-0.02165798245414674,-1.0,0.01308735353582443,-0.0541608435845542,-1.0,0.016313612842763375
-0.046059143656968615,-1.0,0.01797680416836478,-0.03974359910827774,-1.0,0.016773991389661163
-0.02960206111811825,-1.0,0.017830809904532213,-0.021866305085383342,-1.0,0.01581132745269603
-0.027433141780156767,-1.0,0.01874398015137956,-0.03542963041438307,-1.0,0.015778988856091056
-0.022812728374332902,-1.0,0.016230373734445042,-0.01893123818609288,-1.0,0.013834406086931867
0.005585897474697621,1.0,0.02479411753772996,0.014910561812774059,1.0,0.01635914643289976
-0.0031655613645606984,-1.0,0.02440305582287727,0.020645087329157708,1.0,0.01662352484966259
0.038527427274778425,1.0,0.013146201470301705,0.04907408499446264,1.0,0.0143215515595612
0.011829989461599855,1.0,0.010979861905435538,0.025991716823288158,1.0,0.012930900106848386
-0.0019041579856899915,-1.0,0.016185021366044963,0.018720315522088526,1.0,0.01329748669960051
-0.009399154351754646,-1.0,0.012308137899557496,0.014857274653705677,1.0,0.012942242811436001
-0.009680130903562567,-1.0,0.012307666890465354,0.0107019438536895,1.0,0.013120254735770677
-0.0029267692839756165,-1.0,0.00915099202703473,0.007594973217444956,1.0,0.013498514818347872
-0.025246782734783757,-1.0,0.004975595189548511,-0.026021876430738722,-1.0,0.014986291548131612
0.007174805780039151,1.0,0.023273937279464425,-0.049194490466257346,-1.0,0.016553419129468436
0.028641575963384014,1.0,0.021354337249370775,-0.04763115721938194,-1.0,0.016519568667795463
0.04519259480622262,1.0,0.013062020073177989,-0.06633075984713166,-1.0,0.01826098541219789
0.01666705248521172,1.0,0.006345168829534136,-0.06731003246329204,-1.0,0.01809338320984132
-0.005090333171629879,-1.0,0.006507862920896584,-0.08769835650298985,-1.0,0.017149189731071535
0.004310616934021461,1.0,0.010915309110998748,-0.07987815279411281,-1.0,0.017729310893294277
-0.0034597835079988037,-1.0,0.012068203686006387,-0.12031491708425746,-1.0,0.01992771970667941
-0.013029500290333562,-1.0,0.015864838129990993,-0.1289542384308957,-1.0,0.020044776445601174
-0.050278305436199044,-1.0,0.00882570048607184,-0.15051141265920664,-1.0,0.01866732644754421
-0.06957656522350941,-1.0,0.004081092218772291,-0.16210399626331373,-1.0,0.01866304149848472
-0.05815289972080251,-1.0,0.010603907951160348,-0.18267470867815883,-1.0,0.020066653134755134
-0.0655556661511767,-1.0,0.01298663061542198,-0.15453845208054995,-1.0,0.020521514140945205
-0.010940736216995539,-1.0,0.030194315521336633,-0.13337975110478428,-1.0,0.020154956908458515
-0.011425623320223899,-1.0,0.030224058939422378,-0.11128853313681919,-1.0,0.021509304152082933
0.03164520185924147,1.0,0.01792753170551025,-0.06882532850439294,-1.0,0.020931508695507365
-0.0363378321357537,-1.0,0.02577697516470101,-0.12334920912538339,-1.0,0.018703310223884363
-0.04634621509953574,-1.0,0.025562497524502566,-0.10736032085468183,-1.0,0.01945980690558223
-0.06632264293107237,-1.0,0.015967070264172618,-0.12987117807604998,-1.0,0.0184017663619818
-0.04524886268705508,-1.0,0.005451373303460851,-0.0937115695594497,-1.0,0.016029450088078503
-0.06674997053759668,-1.0,0.015484071998094234,-0.08508228962106834,-1.0,0.015737044710150815
-0.05430534485754235,-1.0,0.02141339839719603,-0.07811599355126075,-1.0,0.01579588721883072
-0.04085232006497996,-1.0,0.02258748165876608,-0.06805756354659254,-1.0,0.015348065082013664
0.013233275820537127,1.0,0.010119256789283906,0.0006053268949970381,1.0,0.01449302141556044
0.02015745742498032,1.0,0.010627698411041291,0.0007538635863997278,1.0,0.014496416284847683
-0.0009101942375946415,-1.0,0.022670792801609278,0.0007578628631019768,1.0,0.014496282005549851
-0.007497411038086543,-1.0,0.020694970001394607,-0.019306783709734265,-1.0,0.013768277933764532
-0.029400647712415573,-1.0,0.017388682391785773,-0.05562053346542806,-1.0,0.01480448247464903
-0.006700192569820018,-1.0,0.009909927255947564,-0.03113691735223112,-1.0,0.0131306355234098
-0.024068183865922244,-1.0,0.003948785726819439,-0.03336193105738161,-1.0,0.012977426679837697
-0.014567458406283151,-1.0,0.003747645556848406,-0.022787745098424406,-1.0,0.012698434402171927
-0.019594856674197914,-1.0,0.0040569663825501265,-0.034823975871701496,-1.0,0.013310789062248975
0.018937645978468698,1.0,0.020350175002093147,0.020147201614294286,1.0,0.01917014901775708
0.024564512280118134,1.0,0.019461333569920986,0.04322873455081977,1.0,0.019926705652420326
0.02796310634471455,1.0,0.018034403611619065,0.060312949692983064,1.0,0.019576022423300123
-0.006678834784194176,-1.0,0.005197642408296198,0.05015800571310569,1.0,0.01861904886073583
-0.036216939626847466,-1.0,0.01185672389436344,0.04968688045470282,1.0,0.018620476728194703
-0.03280497445292774,-1.0,0.012946303259056182,0.08909254319345461,1.0,0.020212936384376573
-0.02155255838573389,-1.0,0.016575302375843443,0.08478786915844116,1.0,0.020492929339586637
0.0034321406545880784,1.0,0.004316329397155848,-0.2734585530320426,-1.0,0.11512308875129137
-0.010387251089290395,-1.0,0.011137279723843919,-0.266254709558972,-1.0,0.11526074526223813
0.029440948805753653,1.0,0.032142810541244585,-0.46163537957521905,-1.0,0.12434517274987074
0.051449021242961024,1.0,0.03100808933262758,-0.48940888962190465,-1.0,0.12383728103938646
0.07554206889048665,1.0,0.01906908861482601,-0.2723490841292815,-1.0,0.14230956594446253
0.0489484500772801,1.0,0.006924527322015054,-0.33586800699557884,-1.0,0.14069771205950737
0.031022658184001184,1.0,0.00818422209073762,-0.3830119763165012,-1.0,0.1398541191262665
0.056742699845186095,1.0,0.015410427646083219,-0.5108745223259379,-1.0,0.14136605593454463
0.027951028661141297,1.0,0.02240661266157505,-0.6746149324310173,-1.0,0.1427442780545281
-0.35936237311359287,-1.0,0.22985845426448157,-0.5637833588162473,-1.0,0.15032964044947025
-0.38815222720535436,-1.0,0.22063616566172933,-0.5928723401262426,-1.0,0.14913280011412572
-0.5679758071193941,-1.0,0.1946681534993589,-0.6422737308360387,-1.0,0.14861108355291222
-0.212518195935274,-1.0,0.1039730643153942,-0.3466304773359332,-1.0,0.10772298515514261
-0.016481625659599874,-1.0,0.19634629808247414,-0.3719109808967036,-1.0,0.10723918692912934
0.15520832138539387,1.0,0.12969658825084782,-0.174353387144778,-1.0,0.09521856613136116
0.15784593454836449,1.0,0.1288865985875125,-0.11340998942510128,-1.0,0.09602450748671118
-0.16298336930616975,-1.0,0.05656415059996783,-0.3625679935239048,-1.0,0.06959759742156751
-0.2897984753581584,-1.0,0.06247361646090097,-0.4062053397287042,-1.0,0.07001753366932989
-0.14974872431574493,-1.0,0.14261968808033754,-0.4125415080038386,-1.0,0.06997612387143212
-0.02525511795511859,-1.0,0.12980023696393356,-0.1540691835556678,-1.0,0.08040710682134516
0.06029223025611996,1.0,0.08748212876714867,-0.04565947666929482,-1.0,0.06965022613597589
-0.14220949163327878,-1.0,0.047741363803007225,-0.15272360718212985,-1.0,0.05924971650159589
-0.1671908679758154,-1.0,0.03431423410646166,-0.19331455741750947,-1.0,0.05930260342089054
-0.10005546342813343,-1.0,0.04968911716561449,-0.189153351085658,-1.0,0.05904141965186112
0.02070229197555795,1.0,0.0261992383542584,-0.09214841992953104,-1.0,0.05467655635673313
-0.007138638286801058,-1.0,0.04113910786579486,-0.09442142252467045,-1.0,0.05472685954647996
-0.07664363119853235,-1.0,0.05062534782928893,-0.12242341521288536,-1.0,0.05457320315038238
-0.14128558403037283,-1.0,0.014507664323354458,-0.19757677034220267,-1.0,0.05354340338392639
0.04551544066206725,1.0,0.10821901602460864,-0.16480424296492435,-1.0,0.052628087018968504
0.070747387701251,1.0,0.09997770480683901,-0.14195412447337974,-1.0,0.05114544002534692
0.11006917650596382,1.0,0.09118932070266536,-0.0730747970646517,-1.0,0.05249264235177109
-0.06450049181696027,-1.0,0.02474464258345031,-0.253108882269768,-1.0,0.026589590336765914
-0.08320164416024323,-1.0,0.03162591204736959,-0.2281828386939071,-1.0,0.026290339215694822
-0.08163430438067998,-1.0,0.032489517682841515,-0.2661883609058946,-1.0,0.025125476751648296
-0.06829773308297638,-1.0,0.03167762181819917,-0.24334936301185417,-1.0,0.02488358917238161
-0.03332552755536078,-1.0,0.0171467906854156,-0.1960399031594946,-1.0,0.022573131445897347
-0.08472605843711367,-1.0,0.012635995524967303,-0.1826401803429305,-1.0,0.024194146090512476
-0.07752145872705496,-1.0,0.014842786813479334,-0.1646288372527831,-1.0,0.02427849402962867
-0.09617434045902673,-1.0,0.014914636613771076,-0.06025093749229571,-1.0,0.03719038221953661
-0.016783610752821865,-1.0,0.03838789973402274,0.2671007092872011,1.0,0.08981517514105489
-0.042789198642776416,-1.0,0.044093432586120876,0.335365373960411,1.0,0.08940015527284674
-0.015481326519276362,-1.0,0.039165532197828534,0.138457061618404,1.0,0.11661236381277756
-0.08304438733527908,-1.0,0.015235291593326681,0.11039015888662185,1.0,0.11634452808706336
-0.05474097255904642,-1.0,0.011018060160293898,0.12193799702920671,1.0,0.1159383681742783
-0.05105870862583073,-1.0,0.012340944574921719,0.12584030197025964,1.0,0.11587882200338134
0.0019138761822841133,1.0,0.018723525061798786,0.09705021852419815,1.0,0.11710590897610917
0.010422792676094694,1.0,0.016155680785324145,0.10419569316153332,1.0,0.1170085915991383
0.10246343811183811,1.0,0.04565016424104971,0.12892737802675036,1.0,0.11691732551358633
0.3650148311930179,1.0,0.1479208814423879,0.06764077872640328,1.0,0.11771495540176607
0.42247275248613914,1.0,0.12549045254298435,0.03694351519168437,1.0,0.11828070558263475
0.10253365865167297,1.0,0.26046803996304346,-0.0540084133076606,-1.0,0.1154595848206694
-0.1734941611534011,-1.0,0.15530636753252197,-0.2779078564785409,-1.0,0.0757622205981522
-0.2562165755739807,-1.0,0.1311974198751921,-0.2899499328165014,-1.0,0.074730981654989
-0.02809808616742071,-1.0,0.019114881863118532,-0.07298170804818405,-1.0,0.034330620772195175
-0.09638432769770278,-1.0,0.02637195757946209,-0.08051645422799503,-1.0,0.03410661604054734
-0.07248327642671981,-1.0,0.030809024987530353,-0.0022790177534717238,-1.0,0.03673482464370148
-0.047971632569340006,-1.0,0.03956892049372363,-0.0019672137491690833,-1.0,0.036729540612439396
-0.027495563615510754,-1.0,0.02845981501360731,0.07693528486769541,1.0,0.031834137513713334
-0.05682938529375425,-1.0,0.03148941748997699,0.16349747154831906,1.0,0.03806734857422521
-0.08047235322257285,-1.0,0.01789621598828499,0.13871552625456074,1.0,0.03851753147469605
0.019466195988073753,1.0,0.049070023125280936,0.2767215818091464,1.0,0.04237769312690873
0.09557930447795338,1.0,0.03446373064427209,0.26133885706307103,1.0,0.044471671377792024
0.08356036391114952,1.0,0.04116647563915157,0.29547287423954893,1.0,0.04359465144343041
0.02389724109714475,1.0,0.030365936159167883,0.23061643590001868,1.0,0.04272834380412419
0.031454339489048966,1.0,0.034529476429634,0.18215336236079382,1.0,0.04275203267147811
0.04291640813159425,1.0,0.03009643802058808,0.24998127250419788,1.0,0.04240125038924555
0.06106741139798766,1.0,0.027831667215708598,0.33871866038175424,1.0,0.04620099214591332
0.09329321287507097,1.0,0.045122486764605584,0.2786781645247989,1.0,0.04701926086576031
0.09271110743438982,1.0,0.04536796277557511,0.31782698703343426,1.0,0.0460905554723438
0.17229073332594025,1.0,0.056886863148943756,0.40331641798195195,1.0,0.05118392376419379
0.04101200022099771,1.0,0.07673846766653074,0.19959043177278346,1.0,0.0657549354485851
0.07628499476241535,1.0,0.07455544285083823,0.20606768462835,1.0,0.06556558256034864
-0.026638949921053978,-1.0,0.03927166274918816,0.06859532183318562,1.0,0.06192337631926162
0.01639380977567617,1.0,0.019424313057875287,0.13246214064254813,1.0,0.05936331581494401
0.038068762175798465,1.0,0.031914128437966045,0.19298146291930296,1.0,0.06335536172384107
0.13199946557888032,1.0,0.048746670914613585,0.23855438959818143,1.0,0.06339718035783572
0.12797914165305402,1.0,0.05086960921381305,0.21033407672751547,1.0,0.06499871805980743
0.11076212266083063,1.0,0.050683332095135494,0.19829084052993773,1.0,0.06455165966850342
0.12566516899818536,1.0,0.058569350908627686,0.10501899393128555,1.0,0.06041389245146889
0.014205480123055558,1.0,0.11618052567524201,0.13909678480485121,1.0,0.0601870418010565
-0.019048194970694432,-1.0,0.11380041780011663,0.06674530341267282,1.0,0.0615349297492191
-0.16243036282282608,-1.0,0.062333655225559614,-0.06234690426584377,-1.0,0.05337737055128001
-0.026116290909237616,-1.0,0.02698695561196031,0.03700147605299886,1.0,0.03934920228796486
0.0631987730533683,1.0,0.06385888670423076,-0.012739025777429802,-1.0,0.04232285200880529
0.14332011784394183,1.0,0.03778957132034934,0.07645484016353743,1.0,0.042936766623823036
0.09426574586064351,1.0,0.06251332373455766,0.030484169729315003,1.0,0.04426615910468615
0.043378139786433234,1.0,0.04329642447185045,-0.013574348546339543,-1.0,0.03786727941854061
-0.001535930088015558,-1.0,0.03656070509375972,0.016525707679760693,1.0,0.04174004586188762
0.05674184973038976,1.0,0.020754671999035308,0.035921318840995475,1.0,0.04054126925264442
-0.02078341445643428,-1.0,0.031572231401964426,0.07053799372779679,1.0,0.044275818805464565
-0.041700729198943964,-1.0,0.03272768541945415,0.10179686112418063,1.0,0.044591851752902825
-0.0878898286287968,-1.0,0.009345142640849435,0.06703058400532891,1.0,0.0447067207067096
-0.09853252416079705,-1.0,0.015484067789441282,0.039856381012470354,1.0,0.047810118335996944
-0.023628618393444878,-1.0,0.052350905894883386,-0.005509655810969516,-1.0,0.05182829783122815
-0.032633597232921474,-1.0,0.053920188649855504,-0.005404783454125983,-1.0,0.05182408757553518
0.062363450284458555,1.0,0.046165385821255366,0.05865028751271728,1.0,0.049419341225706605
0.08339098536016509,1.0,0.0538792021795587,0.0009372071913742452,1.0,0.04734374038677761
0.09970289497232399,1.0,0.04483019204522643,0.021320726169260062,1.0,0.046429406112317634
0.12749048206056957,1.0,0.05073612927641514,-0.017054495821603677,-1.0,0.04451774354064748
0.08373522335640438,1.0,0.044079318168355724,-0.1450270186214082,-1.0,0.04061656480131496
0.08785111489472319,1.0,0.04204209615706023,-0.17302890435975726,-1.0,0.04165838724110042
-0.05146502717176071,-1.0,0.047710102164695775,-0.30274878672096994,-1.0,0.03313289045093664
-0.1490072461340941,-1.0,0.03267193662183757,-0.30569336583521434,-1.0,0.03271309027206798
-0.1603251960882517,-1.0,0.02614371363345813,-0.31522230585450606,-1.0,0.03247027140209598
-0.07973861766055013,-1.0,0.04166350992270335,-0.26798328483845024,-1.0,0.02980492361871308
-0.017181755391101117,-1.0,0.018361755156310073,-0.1951101658943979,-1.0,0.02649648216239548
-0.0059080876095354284,-1.0,0.013473301484262427,-0.1461323316625478,-1.0,0.028971740167490396
-0.013341333049862403,-1.0,0.009281131791016917,-0.1497042518701237,-1.0,0.028702819862772285
-0.06257324045261736,-1.0,0.03211318588904854,-0.1632079669397677,-1.0,0.028743318771284197
-0.09464673555669334,-1.0,0.033023691537170156,-0.18341245736933143,-1.0,0.029229683044561538
-0.1582038088387967,-1.0,0.007510490291486511,-0.16179844840694724,-1.0,0.0312503978367884
-0.07693112385740175,-1.0,0.044214548856320146,-0.1243490474272737,-1.0,0.0282982727897909
-0.0543422866000256,-1.0,0.04133218535264955,-0.08025985822486614,-1.0,0.026313859921002384
-0.016699525289241013,-1.0,0.02631488057038642,0.02130064149107902,1.0,0.024717349334568334
-0.03842404619327766,-1.0,0.013781878746879528,-0.0010775863111702755,-1.0,0.023642495162749286
0.008764778103706572,1.0,0.022847773470911586,-0.0019275787325923055,-1.0,0.02371363866927511
0.03854041530777641,1.0,0.011612920109278673,0.020556279381152898,1.0,0.02287652458688067
0.014720443563529084,1.0,0.02359184221517587,0.026233728635908893,1.0,0.022965957159692012
-0.04318821331631906,-1.0,0.021701182155163153,0.030879081147076715,1.0,0.023432536229062433
-0.025435529586685934,-1.0,0.03170167336010105,0.0045803663535797234,1.0,0.02392299993061143
-0.02371432094012338,-1.0,0.031382852550525274,0.00960358595155375,1.0,0.023561075460844585
0.008505863587771945,1.0,0.02339835832735059,0.052417377631149176,1.0,0.021232847371489953
0.024895281059229557,1.0,0.03227418867673586,0.049713099168033015,1.0,0.020977576663091663
0.04634033725870168,1.0,0.024681078738339985,0.06688260955901582,1.0,0.019807287334958616
0.023989992892248235,1.0,0.03347998074547956,0.05519588956165,1.0,0.020385123381285855
-0.017443887399167135,-1.0,0.014320370258032344,0.013152786578300102,1.0,0.016197142204229055
-0.011112731246198493,-1.0,0.01645067681876278,-0.0013486178712933672,-1.0,0.016624008812344233
0.04157143798337559,1.0,0.014610875282354616,-0.004696789957569614,-1.0,0.017053721156220857
0.022564502280203236,1.0,0.023456098048296393,-0.05859890482700347,-1.0,0.022468458153240202
-0.0019096991208260583,-1.0,0.02682424162647352,-0.058939615418113434,-1.0,0.022449857986201135
-0.021649916832246596,-1.0,0.015429508686689302,-0.08063780803162857,-1.0,0.020104294177781677
0.019697203227767357,1.0,0.020564031429436188,-0.06554260929479883,-1.0,0.019905990696128237
0.033564702667338686,1.0,0.013342211912823115,-0.05934540213645256,-1.0,0.019695099358375528
0.011284375518272771,1.0,0.018887405777864994,-0.06358427964208246,-1.0,0.019427255332394238
-0.011665031530503356,-1.0,0.007004395583713389,-0.09128560609253755,-1.0,0.017019995816201144
-0.021890890171607502,-1.0,0.007939791485789301,-0.05704968864277715,-1.0,0.020572116981254537
-0.03590268662697138,-1.0,0.013783763813637837,-0.059723344946613466,-1.0,0.020668279102019498
-0.08919557880447071,-1.0,0.01998359073893244,-0.05932546608481459,-1.0,0.020680574398568324
-0.06870372879301856,-1.0,0.03001977939176118,-0.05577808567390541,-1.0,0.020594584247976645
-0.03436958009068336,-1.0,0.034613432922957404,-0.0549291576019213,-1.0,0.02051701305684173
0.015620797812407883,1.0,0.005752323082474188,-0.002627355182381219,-1.0,0.014262403279209223
-0.002315485839165188,-1.0,0.009094427147310869,-0.021034956119397208,-1.0,0.014238753502129947
-0.004596388442700494,-1.0,0.007936326315896036,-0.03737661346166865,-1.0,0.013933043255775636
-0.006045793569971369,-1.0,0.007971414807092686,0.01566314237306976,1.0,0.021089606377613257
0.0358604161610141,1.0,0.018290717184897696,0.031096500748072575,1.0,0.020838726673146592
0.01514531021374177,1.0,0.024363239017389064,0.009742197396104046,1.0,0.02139255592945991
0.020295108477219603,1.0,0.023697249611291472,0.04461496536321885,1.0,0.023142029176541037
-0.02061928720273576,-1.0,0.008435555455457886,-0.0058881426252224145,-1.0,0.022018851372090583
-0.03110849928227921,-1.0,0.013651695607426951,0.00903450526796501,1.0,0.021581370424127732
-0.032497467902037336,-1.0,0.013017724668508288,0.006205943754153509,1.0,0.021578784828694488
-0.03396059923851036,-1.0,0.012915063836759126,0.004271685265303304,1.0,0.021659542536465837
-0.016817035950430714,-1.0,0.005729240584273895,0.03025731466570125,1.0,0.020157359755193928
0.03391129536785886,1.0,0.034921108706589765,0.05100093946659667,1.0,0.020880047889143685
0.049815971028304595,1.0,0.031067016290229527,0.007940050536614063,1.0,0.026494764084133045
0.0425224224150722,1.0,0.034061818150731484,0.014180444412797755,1.0,0.02637657299283766
0.02290602942017772,1.0,0.023541534238042543,-0.06719817242385107,-1.0,0.022394608116043654
-0.0011242272122808927,-1.0,0.028071270866169725,-0.05960688146292181,-1.0,0.022852042092941255
0.014437618085602733,1.0,0.025320556118970997,-0.007728677371658055,-1.0,0.025531663518759153
-0.018113913131845738,-1.0,0.010473176801994557,-0.0475068123756488,-1.0,0.02340314867442269
-0.01045945931221004,-1.0,0.006064891786152904,-0.02160402386527549,-1.0,0.02317230725477422
-0.00988568988454297,-1.0,0.006262244252162177,-0.005919679020299995,-1.0,0.023752750511610965
0.012297527810405828,1.0,0.016244175242325982,0.028006821515585756,1.0,0.025684334445346423
-0.0302922339671996,-1.0,0.03858174835061598,0.02802088624215715,1.0,0.025683697882269374
-0.03289390620333421,-1.0,0.03823063925079061,0.029644228871832823,1.0,0.025681083348731804
-0.08428781652258888,-1.0,0.0258326536894186,0.010225320542788019,1.0,0.02496652434278389
-0.01773096097123128,-1.0,0.021979968185215193,0.06821146882949325,1.0,0.018309792459357304
0.020613300630616394,1.0,0.033817768345764145,0.05117595104078365,1.0,0.019534034358510255
0.04259738946837999,1.0,0.022341780192451696,0.05440118277238959,1.0,0.019039051470498145
0.03687863038536543,1.0,0.02267181155890206,0.04089354831084746,1.0,0.018858688136621154
0.016246616436960792,1.0,0.01219224185888197,0.027771691300144674,1.0,0.017033621362596816
0.05739972075938882,1.0,0.013029740031578233,0.011231219569500794,1.0,0.01852908750255677
0.0391654507952226,1.0,0.022078493397302005,0.06534638438333973,1.0,0.025588895664616557
0.025678218007589848,1.0,0.022473339158283024,-0.08955914906842821,-1.0,0.04847913563797778
-0.005483973162391909,-1.0,0.0074680915450229205,-0.02016364405456006,-1.0,0.057154818496464754
0.009898348620136499,1.0,0.001445219157673363,0.11842757322300868,1.0,0.06816475708510361
-0.011362184034383382,-1.0,0.012815647850844901,0.1348738364176829,1.0,0.0681741504785628
-0.040111954292987306,-1.0,0.016357336361256095,0.0850848592615372,1.0,0.07025742089381667
-0.04504888148987707,-1.0,0.013612629676659152,0.07483079078702692,1.0,0.07034829239631867
-0.002790959110022584,-1.0,0.02516515345673672,0.1758906664636637,1.0,0.07311253192377412
-0.0005725737345088078,-1.0,0.02404362838369531,0.1854648655686435,1.0,0.07267291406043376
0.0613314664578577,1.0,0.04321204699761388,0.1652912707564025,1.0,0.07329363015051561
-0.1010842239316121,-1.0,0.10060893552429563,0.10773332715565109,1.0,0.07445512037780691
0.026004857135327963,1.0,0.12921406821895545,0.09785821685541585,1.0,0.07490990274926616
0.09224663963489155,1.0,0.14725951450224242,0.01283783344157774,1.0,0.07336891155719658
0.250111203493701,1.0,0.05699956270067783,0.16679240730984768,1.0,0.058710426595098605
0.09976453015370534,1.0,0.0887047679616472,0.09139628048318871,1.0,0.051985542069702115
-0.03369843381584525,-1.0,0.03378696135062183,-0.05499494105631486,-1.0,0.03578099399609581
0.029654646011597396,1.0,0.06639126246748599,-0.08856677464150442,-1.0,0.03505705668802787
0.060268052014119,1.0,0.05441309651718196,-0.009387358038973836,-1.0,0.03424360130497088
0.045411598479498494,1.0,0.05841067405518907,-0.02832321149361139,-1.0,0.03490154395854395
-0.07094829841803518,-1.0,0.00893607451723882,-0.09816605383975352,-1.0,0.023372183072643774
-0.08817922244773646,-1.0,0.007986849164229088,-0.0778458832780915,-1.0,0.023413276894561626
-0.09112197085696705,-1.0,0.006288540436321639,-0.074257276024702,-1.0,0.02324488469781617
-0.04202514377741551,-1.0,0.025976557823155947,-0.04254870399879929,-1.0,0.021561913121161028
0.019542920763100824,1.0,0.026360774398272103,0.020815347452148192,1.0,0.02112554152094952
0.024413865136998947,1.0,0.02363196728941305,0.027779564107075938,1.0,0.02046615231059892
-0.005247978457651126,-1.0,0.025287036894933203,0.05250951340455412,1.0,0.022982458242553766
-0.0010191083684572,-1.0,0.02772201583173154,-0.0038270234233017675,-1.0,0.023605356010820297
-0.00702670425314178,-1.0,0.02980118706523251,0.01569567793539539,1.0,0.02292035431763864
0.020055366813348297,1.0,0.02840698422248921,0.015662027274987445,1.0,0.02292244829097016
-0.008190473224998662,-1.0,0.019219003150553023,-0.02477546078385018,-1.0,0.020952900056964253
-0.0005224660515921187,-1.0,0.014964366285797757,0.008322544786941943,1.0,0.019919544044000027
-0.01533094857708095,-1.0,0.010302785187138397,-0.007506182518850935,-1.0,0.019572112564672898
0.01048200828250323,1.0,0.02337839321193811,-0.012933444638648872,-1.0,0.01953465043673463
0.01091486927481089,1.0,0.023193109185932058,-0.015536849729448576,-1.0,0.019735948286055217
0.0530330736259379,1.0,0.029796979424386635,-0.01158822554239114,-1.0,0.0197543450414333
-0.005099450112349135,-1.0,0.03669947455415212,-0.021075053985227132,-1.0,0.018594937806666833
0.0123299789653184,1.0,0.034586378659616154,-0.019575204205553476,-1.0,0.018494145580275217
-0.0420954645872178,-1.0,0.015128473614986232,-0.05172468668016217,-1.0,0.013589202226112084
-0.02196754572900561,-1.0,0.00794869005494318,-0.04496314074613039,-1.0,0.012576043004662134
-0.014399837401595228,-1.0,0.01213889022101742,-0.08494791915535327,-1.0,0.015964422218039665
-0.0031128429804900826,-1.0,0.009025749121680384,-0.07277401478191159,-1.0,0.015843259679749908
0.003651542920202644,1.0,0.00662602519316491,-0.08106666175043209,-1.0,0.016153385647937814
-0.02438186056798264,-1.0,0.009593092022687327,-0.07277401478191159,-1.0,0.017034798199929962
-0.019412991600621154,-1.0,0.011188092571520768,-0.04462891990472517,-1.0,0.019269173257733658
0.00234039893592497,1.0,0.01945290632334435,-0.05622465693156897,-1.0,0.01946925158930701
0.0068765147987059905,1.0,0.017166677050014265,-0.052019896437236035,-1.0,0.019220757451629523
0.01289661248816687,1.0,0.01743988781905157,-0.05667547632423364,-1.0,0.01913121047699051
-0.028987536873252395,-1.0,0.015652087345342444,-0.06769501277135159,-1.0,0.018089894879967684
-0.05304273598448139,-1.0,0.02361994534619971,-0.045842483332089845,-1.0,0.01819989629676254
-0.06314479268896722,-1.0,0.018268562555085112,-0.05620513957842688,-1.0,0.017836694287893175
-0.05807106673330731,-1.0,0.018341753635417606,-0.023810648693718406,-1.0,0.017388554987200974
-0.0022259330281535483,-1.0,0.017185776320171674,0.026331746248707155,1.0,0.013307327045356513
0.025032251896696334,1.0,0.022418084815276206,0.01876434746848643,1.0,0.013709079266846946
0.02849354773906576,1.0,0.020453953234044624,0.05270912359192215,1.0,0.012982253834841721
-0.0036277422233070844,-1.0,0.022735202949336564,0.035571465784867584,1.0,0.012381458364273304
-0.031459548020129624,-1.0,0.006689116433346776,0.01670297452540792,1.0,0.010356723414238326
-0.00912995690385765,-1.0,0.01182031595037488,0.02179328964626137,1.0,0.009771137458292386
0.01305392790385218,1.0,0.006235296189497851,0.03407859312713857,1.0,0.00839804031033131
0.013366949233973635,1.0,0.006055840704998337,0.019709173719176132,1.0,0.010122622200750041
0.014896827204380791,1.0,0.006623833213690479,0.02984478864025375,1.0,0.01113320005954041
0.019131493596315607,1.0,0.0077016623537187094,-0.0011043623430531113,-1.0,0.013313425994985547
0.011824694357946086,1.0,0.011911225655467575,0.0016583751727758944,1.0,0.013292124546574682
0.018448705552333244,1.0,0.01406581616380326,0.001641587235952091,1.0,0.013290972042996898
0.007013786508006881,1.0,0.013453453836898497,0.007013786508006881,1.0,0.013787333788107592
0.022970878953617824,1.0,0.008502472522548847,0.009522585901752034,1.0,0.013633828795914774
-0.0024222862065950146,-1.0,0.0074079795527773355,-0.037523229962238336,-1.0,0.01527570165594501
-0.005120614881036101,-1.0,0.007424718546168463,-0.037523229962238336,-1.0,0.01527570165594501
-0.028453348826361413,-1.0,0.007277034744618741,-0.021877982669972873,-1.0,0.016738372106854412
-0.0010784579098652713,-1.0,0.018092644820316993,-0.01739647025191715,-1.0,0.01662336396183541
-0.0221290275663395,-1.0,0.02289730541965918,-0.012780595448204313,-1.0,0.016645234986848074
-0.004683849312426602,-1.0,0.021328318122830377,-0.0074493378006099675,-1.0,0.016242614476184133
-0.013306374199920867,-1.0,0.01744162610102964,-0.013306374199920867,-1.0,0.01568475862189554
0.0272496424473756,1.0,0.008318510179445838,-0.0011055833077495691,-1.0,0.0144289163690681
0.019688905086922226,1.0,0.012443472650378458,-0.006372095255162691,-1.0,0.014496629716827842
-0.020716111645857183,-1.0,0.023525199688155665,-0.04730138776403692,-1.0,0.016436139078861798
-0.037523229962238336,-1.0,0.015781513123629236,-0.05270912359192215,-1.0,0.01588026459281523
-0.008429689618107084,-1.0,0.026137378412524476,-0.04599148461651126,-1.0,0.015887447062031792
0.01770447350372617,1.0,0.013928338660923517,-0.003354769710505412,-1.0,0.014113767946526842
0.019622019632997922,1.0,0.013561264592951877,-0.00981637387548373,-1.0,0.01422495567707734
-0.014024703956998508,-1.0,0.006895345931924938,-0.06341044838462251,-1.0,0.014873579343647369
0.0030116381421310123,1.0,0.012410012560109625,-0.09363896943193328,-1.0,0.017055402183402922
-0.010454015425884755,-1.0,0.014217825683531003,-0.08985165096720582,-1.0,0.017285133202527628
-0.0036066067669793256,-1.0,0.012671971596735603,-0.074129274811229,-1.0,0.017519704974558566
-0.04730138776403692,-1.0,0.01339431562829075,-0.06873905694592075,-1.0,0.018113229576686887
-0.02435389783679698,-1.0,0.021254475993568344,-0.06247575335148303,-1.0,0.018020283584220587
-0.01993048427442634,-1.0,0.0217280895294662,-0.06903257687299202,-1.0,0.018112309914813746
0.023230506407674323,1.0,0.007214313817817142,-0.03410912206502825,-1.0,0.016458583259177394
0.0053695197542000805,1.0,0.009648159155468034,-0.05624206019663269,-1.0,0.015949788049101323
-0.025848653386218334,-1.0,0.022170205152211436,-0.0641038740924702,-1.0,0.015926621760961154
-0.0725797262177017,-1.0,0.015408805891913542,-0.1065747314703871,-1.0,0.016339641517462436
-0.06041325745872417,-1.0,0.02241659441166842,-0.09545111419959751,-1.0,0.016798474734408778
-0.024743530383604995,-1.0,0.02260878148018617,-0.06273624745999395,-1.0,0.015153478137625383
0.027911550628143544,1.0,0.007862817589280476,,,
0.016921882189838033,1.0,0.011900973203798921,,,
0.001490091171257646,1.0,0.015751537558760333,,,
-0.012671452883144418,-1.0,0.007907372354788217,,,
-0.01812020468194664,-1.0,0.008843296152175181,,,
-0.01500178149390452,-1.0,0.008016985539080295,,,
-0.04923510299768452,-1.0,0.011886888614334441,,,
-0.033839534248764735,-1.0,0.017542070682419413,,,
-0.024481026753742086,-1.0,0.019068311991408828,,,
,,,,,
,,,,,
,,,,,
