timestamp,open,high,low,close,volume,funding_rate
2024-12-31 12:00:00+00:00,2.4866,2.5255,2.3869,2.5124,3076786.0,0.0001
2024-12-31 16:00:00+00:00,2.5124,2.5549,2.4422,2.4924,2541686.0,0.0001
2024-12-31 20:00:00+00:00,2.4924,2.5352,2.4588,2.4717,1589514.0,0.0001
2025-01-01 00:00:00+00:00,2.4717,2.5387,2.466,2.5061,1179237.0,0.0001
2025-01-01 04:00:00+00:00,2.5061,2.5299,2.4766,2.5116,869256.0,0.0001
2025-01-01 08:00:00+00:00,2.5116,2.5333,2.4565,2.4944,2417338.0,0.0001
2025-01-01 12:00:00+00:00,2.4944,2.5147,2.4595,2.5055,1114669.0,0.0001
2025-01-01 16:00:00+00:00,2.5055,2.5935,2.4463,2.5636,1828597.0,0.0001
2025-01-01 20:00:00+00:00,2.5636,2.6787,2.5543,2.6434,1647101.0,0.0001
2025-01-02 00:00:00+00:00,2.6434,2.8351,2.6146,2.7952,2386413.0,0.0001
2025-01-02 04:00:00+00:00,2.7952,2.96,2.7882,2.9322,2386358.0,0.0001
2025-01-02 08:00:00+00:00,2.9322,3.0037,2.9084,2.9772,2437613.0,0.0001
2025-01-02 12:00:00+00:00,2.9772,3.2635,2.9746,3.2462,8338298.0,0.0001
2025-01-02 16:00:00+00:00,3.2462,3.3291,3.1115,3.2999,7253492.0,0.0001
2025-01-02 20:00:00+00:00,3.2999,3.4166,3.2133,3.318,5504844.0,0.0001
2025-01-03 00:00:00+00:00,3.318,3.3709,3.239,3.2448,2941613.0,0.0001
2025-01-03 04:00:00+00:00,3.2448,3.2881,3.1023,3.122,3428704.0,0.0001
2025-01-03 08:00:00+00:00,3.122,3.3071,3.0677,3.2722,3966057.0,0.0001
2025-01-03 12:00:00+00:00,3.2722,3.2735,3.1329,3.1948,2894783.0,0.0001
2025-01-03 16:00:00+00:00,3.1948,3.216,3.1447,3.1551,2496722.0,0.00013654
2025-01-03 20:00:00+00:00,3.1551,3.168,3.1156,3.1596,1372993.0,0.00013654
2025-01-04 00:00:00+00:00,3.1596,3.2113,2.9688,3.0475,2851752.0,0.00036986
2025-01-04 04:00:00+00:00,3.0475,3.0844,2.9757,3.0619,1405415.0,0.00036986
2025-01-04 08:00:00+00:00,3.0619,3.1225,3.0006,3.048,1557248.0,0.00017673
2025-01-04 12:00:00+00:00,3.048,3.0739,2.9548,2.9754,2194480.0,0.00017673
2025-01-04 16:00:00+00:00,2.9754,3.0698,2.9609,3.0352,1215746.0,0.00020104
2025-01-04 20:00:00+00:00,3.0352,3.1694,3.0352,3.0978,1859236.0,0.00020104
2025-01-05 00:00:00+00:00,3.0978,3.1124,3.0519,3.0711,1209423.0,0.0001
2025-01-05 04:00:00+00:00,3.0711,3.1048,3.0328,3.043,1250604.0,0.0001
2025-01-05 08:00:00+00:00,3.043,3.1,2.9817,3.0797,1560444.0,0.0001
2025-01-05 12:00:00+00:00,3.0797,3.1018,3.0025,3.0132,1683665.0,0.0001
2025-01-05 16:00:00+00:00,3.0132,3.0692,2.9902,3.0165,994607.0,0.0001
2025-01-05 20:00:00+00:00,3.0165,3.1031,2.9918,3.0633,1050751.0,0.0001
2025-01-06 00:00:00+00:00,3.0633,3.098,3.0208,3.0562,1387392.0,0.0001
2025-01-06 04:00:00+00:00,3.0562,3.0662,2.889,2.955,2407344.0,0.0001
2025-01-06 08:00:00+00:00,2.955,3.2717,2.9543,3.2572,2530975.0,0.0001
2025-01-06 12:00:00+00:00,3.2572,3.2779,3.0757,3.2263,4031669.0,0.0001
2025-01-06 16:00:00+00:00,3.2263,3.2548,2.9842,3.0328,3302439.0,0.00011314
2025-01-06 20:00:00+00:00,3.0328,3.0396,2.9313,3.0097,2069591.0,0.00011314
2025-01-07 00:00:00+00:00,3.0097,3.0417,2.95,3.025,1580478.0,0.00013107
2025-01-07 04:00:00+00:00,3.025,3.0462,2.8829,2.8889,2835145.0,0.00013107
2025-01-07 08:00:00+00:00,2.8889,2.9193,2.8449,2.8816,2157201.0,0.00020153
2025-01-07 12:00:00+00:00,2.8816,2.9379,2.8156,2.855,4613968.0,0.00020153
2025-01-07 16:00:00+00:00,2.855,2.9091,2.8208,2.8536,2260779.0,0.0001
2025-01-07 20:00:00+00:00,2.8536,2.8652,2.7918,2.8033,1177441.0,0.0001
2025-01-08 00:00:00+00:00,2.8033,2.8423,2.736,2.767,1376821.0,0.0001
2025-01-08 04:00:00+00:00,2.767,2.7783,2.6427,2.6857,1835811.0,0.0001
2025-01-08 08:00:00+00:00,2.6857,2.7449,2.656,2.6719,1616971.0,0.0001
2025-01-08 12:00:00+00:00,2.6719,2.6921,2.5671,2.5827,2418531.0,0.0001
2025-01-08 16:00:00+00:00,2.5827,2.601,2.4164,2.5643,3838958.0,0.0001
2025-01-08 20:00:00+00:00,2.5643,2.6454,2.5589,2.6302,1371733.0,0.0001
2025-01-09 00:00:00+00:00,2.6302,2.7126,2.5495,2.5565,1692893.0,0.0001
2025-01-09 04:00:00+00:00,2.5565,2.5767,2.4721,2.4833,1221141.0,0.0001
2025-01-09 08:00:00+00:00,2.4833,2.5669,2.4638,2.4676,1061622.0,0.0001
2025-01-09 12:00:00+00:00,2.4676,2.5143,2.3749,2.498,1818949.0,0.0001
2025-01-09 16:00:00+00:00,2.498,2.5309,2.3864,2.3983,1423886.0,0.0001
2025-01-09 20:00:00+00:00,2.3983,2.4294,2.342,2.3954,1978744.0,0.0001
2025-01-10 00:00:00+00:00,2.3954,2.4559,2.3858,2.4452,969271.0,0.0001
2025-01-10 04:00:00+00:00,2.4452,2.5459,2.4039,2.5048,1488249.0,0.0001
2025-01-10 08:00:00+00:00,2.5048,2.5554,2.4801,2.5078,1677120.0,0.0001
2025-01-10 12:00:00+00:00,2.5078,2.5098,2.3699,2.4233,2665677.0,0.0001
2025-01-10 16:00:00+00:00,2.4233,2.5338,2.3849,2.495,1878500.0,0.0001
2025-01-10 20:00:00+00:00,2.495,2.4952,2.435,2.4393,599351.0,0.0001
2025-01-11 00:00:00+00:00,2.4393,2.4528,2.3992,2.4058,619589.0,0.0001
2025-01-11 04:00:00+00:00,2.4058,2.4374,2.3867,2.4157,540133.0,0.0001
2025-01-11 08:00:00+00:00,2.4157,2.448,2.3892,2.4182,702500.0,0.0001
2025-01-11 12:00:00+00:00,2.4182,2.4232,2.3872,2.3953,550138.0,0.0001
2025-01-11 16:00:00+00:00,2.3953,2.4117,2.3725,2.4053,520290.0,0.0001
2025-01-11 20:00:00+00:00,2.4053,2.4927,2.3965,2.4076,890910.0,0.0001
2025-01-12 00:00:00+00:00,2.4076,2.4128,2.3307,2.3547,782852.0,0.0001
2025-01-12 04:00:00+00:00,2.3547,2.3708,2.334,2.3617,472859.0,0.0001
2025-01-12 08:00:00+00:00,2.3617,2.3772,2.3365,2.3746,544070.0,0.0001
2025-01-12 12:00:00+00:00,2.3746,2.5161,2.3676,2.511,1961458.0,0.0001
2025-01-12 16:00:00+00:00,2.511,2.54,2.4494,2.4686,1396732.0,0.0001
2025-01-12 20:00:00+00:00,2.4686,2.4913,2.3959,2.4161,1108795.0,0.0001
2025-01-13 00:00:00+00:00,2.4161,2.5215,2.3725,2.4077,1490795.0,0.0001
2025-01-13 04:00:00+00:00,2.4077,2.4676,2.3202,2.355,1707015.0,0.0001
2025-01-13 08:00:00+00:00,2.355,2.3585,2.2424,2.2442,1506342.0,0.0001
2025-01-13 12:00:00+00:00,2.2442,2.5118,2.2407,2.4861,3743002.0,0.0001
2025-01-13 16:00:00+00:00,2.4861,2.5702,2.4163,2.5418,3236794.0,0.0001
2025-01-13 20:00:00+00:00,2.5418,2.6859,2.5085,2.6531,3365083.0,0.0001
2025-01-14 00:00:00+00:00,2.6531,2.7061,2.6206,2.6806,1731004.0,0.0001
2025-01-14 04:00:00+00:00,2.6806,2.7685,2.6798,2.689,1826648.0,0.0001
2025-01-14 08:00:00+00:00,2.689,2.8107,2.6871,2.7898,2319622.0,0.0001
2025-01-14 12:00:00+00:00,2.7898,2.8572,2.7351,2.7811,2536693.0,0.0001
2025-01-14 16:00:00+00:00,2.7811,2.8189,2.7541,2.8123,1472561.0,0.0001
2025-01-14 20:00:00+00:00,2.8123,2.8493,2.7921,2.8097,605444.0,0.0001
2025-01-15 00:00:00+00:00,2.8097,2.8528,2.7963,2.8421,1016561.0,0.0001
2025-01-15 04:00:00+00:00,2.8421,2.8744,2.8109,2.8328,1181090.0,0.0001
2025-01-15 08:00:00+00:00,2.8328,2.8666,2.7569,2.7865,1424753.0,0.0001
2025-01-15 12:00:00+00:00,2.7865,2.8632,2.7231,2.7333,3418599.0,5e-05
2025-01-15 16:00:00+00:00,2.7333,2.8272,2.7193,2.8143,1482726.0,5e-05
2025-01-15 20:00:00+00:00,2.8143,2.9202,2.7859,2.846,2119423.0,5e-05
2025-01-16 00:00:00+00:00,2.846,2.8636,2.6707,2.6817,1349448.0,5e-05
2025-01-16 04:00:00+00:00,2.6817,2.7631,2.6817,2.7331,778713.0,5e-05
2025-01-16 08:00:00+00:00,2.7331,2.7373,2.6306,2.7039,1918256.0,5e-05
2025-01-16 12:00:00+00:00,2.7039,2.7039,2.5718,2.6186,3132054.0,5e-05
2025-01-16 16:00:00+00:00,2.6186,2.6508,2.571,2.6057,1549421.0,5e-05
2025-01-16 20:00:00+00:00,2.6057,2.6088,2.5113,2.5219,1108952.0,5e-05
2025-01-17 00:00:00+00:00,2.5219,2.561,2.4936,2.5005,1483310.0,5e-05
2025-01-17 04:00:00+00:00,2.5005,2.5132,2.4326,2.4541,1912985.0,5e-05
2025-01-17 08:00:00+00:00,2.4541,2.5878,2.4465,2.5818,2156575.0,4.709e-05
2025-01-17 12:00:00+00:00,2.5818,2.5844,2.4936,2.5317,2097269.0,5e-05
2025-01-17 16:00:00+00:00,2.5317,2.5813,2.4705,2.4992,1709247.0,5e-05
2025-01-17 20:00:00+00:00,2.4992,2.7132,2.4955,2.6715,3021594.0,5e-05
2025-01-18 00:00:00+00:00,2.6715,2.6904,2.509,2.5093,2265700.0,5e-05
2025-01-18 04:00:00+00:00,2.5093,2.5882,2.3156,2.3313,4771605.0,5e-05
2025-01-18 08:00:00+00:00,2.3313,2.4958,2.3061,2.4794,2644422.0,5e-05
2025-01-18 12:00:00+00:00,2.4794,2.597,2.455,2.5394,2601248.0,5e-05
2025-01-18 16:00:00+00:00,2.5394,2.5829,2.387,2.4022,2174711.0,5e-05
2025-01-18 20:00:00+00:00,2.4022,2.4992,2.3548,2.4634,1244366.0,5e-05
2025-01-19 00:00:00+00:00,2.4634,2.5308,2.4368,2.4612,1319721.0,5e-05
2025-01-19 04:00:00+00:00,2.4612,2.5534,2.4191,2.5265,2474371.0,5e-05
2025-01-19 08:00:00+00:00,2.5265,2.5406,2.3349,2.4432,4744449.0,5e-05
2025-01-19 12:00:00+00:00,2.4432,2.5816,2.4384,2.4788,2303519.0,5e-05
2025-01-19 16:00:00+00:00,2.4788,2.5083,2.4214,2.4544,1083081.0,5e-05
2025-01-19 20:00:00+00:00,2.4544,2.4841,2.1805,2.2406,4796683.0,5e-05
2025-01-20 00:00:00+00:00,2.2406,2.2473,2.0736,2.129,4075149.0,5e-05
2025-01-20 04:00:00+00:00,2.129,2.3249,2.1167,2.2655,2682164.0,5e-05
2025-01-20 08:00:00+00:00,2.2655,2.3147,2.1505,2.1896,2031426.0,5e-05
2025-01-20 12:00:00+00:00,2.1896,2.1904,2.0652,2.0787,1642115.0,5e-05
2025-01-20 16:00:00+00:00,2.0787,2.1293,1.951,2.0811,4017256.0,5e-05
2025-01-20 20:00:00+00:00,2.0811,2.0909,2.0078,2.0377,932562.0,5e-05
2025-01-21 00:00:00+00:00,2.0377,2.0486,1.921,1.9452,2062140.0,5e-05
2025-01-21 04:00:00+00:00,1.9452,1.9452,1.8701,1.8892,1490752.0,5e-05
2025-01-21 08:00:00+00:00,1.8892,1.9125,1.8172,1.8929,2588489.0,5e-05
2025-01-21 12:00:00+00:00,1.8929,1.8931,1.7878,1.8113,2878612.0,5e-05
2025-01-21 16:00:00+00:00,1.8113,2.0452,1.7939,1.9632,6000647.0,5e-05
2025-01-21 20:00:00+00:00,1.9632,1.9916,1.8956,1.9348,2957526.0,5e-05
2025-01-22 00:00:00+00:00,1.9348,2.0444,1.9285,2.0253,1973370.0,5e-05
2025-01-22 04:00:00+00:00,2.0253,2.0925,1.9977,2.0798,1414084.0,5e-05
2025-01-22 08:00:00+00:00,2.0798,2.0886,1.9759,2.0586,1744870.0,5e-05
2025-01-22 12:00:00+00:00,2.0586,2.1332,2.0282,2.1215,2562291.0,5e-05
2025-01-22 16:00:00+00:00,2.1215,2.1604,2.0545,2.1348,2395147.0,5e-05
2025-01-22 20:00:00+00:00,2.1348,2.189,2.0079,2.0142,1655361.0,5e-05
2025-01-23 00:00:00+00:00,2.0142,2.031,1.9513,1.9572,1558382.0,5e-05
2025-01-23 04:00:00+00:00,1.9572,1.9984,1.9307,1.9841,1269594.0,5e-05
2025-01-23 08:00:00+00:00,1.9841,1.9919,1.9352,1.9595,890964.0,5e-05
2025-01-23 12:00:00+00:00,1.9595,2.0416,1.9249,1.9805,1884575.0,5e-05
2025-01-23 16:00:00+00:00,1.9805,2.0247,1.9049,1.9108,1345273.0,5e-05
2025-01-23 20:00:00+00:00,1.9108,2.0062,1.895,1.9623,1542575.0,5e-05
2025-01-24 00:00:00+00:00,1.9623,1.9915,1.8616,1.8678,1476528.0,5e-05
2025-01-24 04:00:00+00:00,1.8678,1.978,1.8608,1.9513,1054625.0,5e-05
2025-01-24 08:00:00+00:00,1.9513,1.9772,1.9215,1.972,627685.0,5e-05
2025-01-24 12:00:00+00:00,1.972,1.9779,1.9161,1.9316,662360.0,5e-05
2025-01-24 16:00:00+00:00,1.9316,1.9687,1.9104,1.9612,1015107.0,5e-05
2025-01-24 20:00:00+00:00,1.9612,2.0042,1.8964,1.9092,1304464.0,5e-05
2025-01-25 00:00:00+00:00,1.9092,1.9092,1.8419,1.9049,839166.0,5e-05
2025-01-25 04:00:00+00:00,1.9049,1.905,1.8166,1.8235,472977.0,5e-05
2025-01-25 08:00:00+00:00,1.8235,1.9726,1.821,1.9636,1520375.0,5e-05
2025-01-25 12:00:00+00:00,1.9636,2.0668,1.9268,2.0349,2429408.0,5e-05
2025-01-25 16:00:00+00:00,2.0349,2.1248,2.0222,2.0887,1544104.0,5e-05
2025-01-25 20:00:00+00:00,2.0887,2.1163,2.0623,2.0857,836499.0,5e-05
2025-01-26 00:00:00+00:00,2.0857,2.1316,2.0692,2.108,672123.0,5e-05
2025-01-26 04:00:00+00:00,2.108,2.1085,2.0505,2.0662,710022.0,5e-05
2025-01-26 08:00:00+00:00,2.0662,2.0721,2.0201,2.0555,591986.0,5e-05
2025-01-26 12:00:00+00:00,2.0555,2.09,2.0408,2.0684,449525.0,5e-05
2025-01-26 16:00:00+00:00,2.0684,2.1119,2.0514,2.0952,524383.0,5e-05
2025-01-26 20:00:00+00:00,2.0952,2.0978,1.9702,1.976,1597679.0,5e-05
2025-01-27 00:00:00+00:00,1.976,1.987,1.8587,1.8678,2027019.0,5e-05
2025-01-27 04:00:00+00:00,1.8678,1.8681,1.669,1.7106,2530999.0,5e-05
2025-01-27 08:00:00+00:00,1.7106,1.768,1.6737,1.7255,2067179.0,5e-05
2025-01-27 12:00:00+00:00,1.7255,1.8863,1.7255,1.8336,2385905.0,5e-05
2025-01-27 16:00:00+00:00,1.8336,1.9101,1.7323,1.8011,2305445.0,5e-05
2025-01-27 20:00:00+00:00,1.8011,1.9245,1.7896,1.8844,1591194.0,5e-05
2025-01-28 00:00:00+00:00,1.8844,1.9214,1.8455,1.8763,728231.0,5e-05
2025-01-28 04:00:00+00:00,1.8763,1.9464,1.851,1.8532,908258.0,5e-05
2025-01-28 08:00:00+00:00,1.8532,1.8659,1.8266,1.8544,678181.0,5e-05
2025-01-28 12:00:00+00:00,1.8544,1.8639,1.7797,1.8035,1333262.0,5e-05
2025-01-28 16:00:00+00:00,1.8035,1.8055,1.7064,1.7215,1177442.0,5e-05
2025-01-28 20:00:00+00:00,1.7215,1.7291,1.61,1.6306,1362850.0,5e-05
2025-01-29 00:00:00+00:00,1.6306,1.704,1.6248,1.6918,828675.0,5e-05
2025-01-29 04:00:00+00:00,1.6918,1.7309,1.6696,1.7268,601152.0,5e-05
2025-01-29 08:00:00+00:00,1.7268,1.7477,1.701,1.7184,777289.0,5e-05
2025-01-29 12:00:00+00:00,1.7184,1.7226,1.6505,1.6758,935300.0,5e-05
2025-01-29 16:00:00+00:00,1.6758,1.7616,1.6363,1.7323,1810161.0,5e-05
2025-01-29 20:00:00+00:00,1.7323,1.8114,1.693,1.6995,1477076.0,5e-05
2025-01-30 00:00:00+00:00,1.6995,1.753,1.6827,1.7524,805754.0,5e-05
2025-01-30 04:00:00+00:00,1.7524,1.7768,1.7211,1.7406,937900.0,5e-05
2025-01-30 08:00:00+00:00,1.7406,1.7694,1.7245,1.7677,468746.0,5e-05
2025-01-30 12:00:00+00:00,1.7677,1.7855,1.7342,1.7437,810862.0,5e-05
2025-01-30 16:00:00+00:00,1.7437,1.7654,1.7162,1.7309,795491.0,5e-05
2025-01-30 20:00:00+00:00,1.7309,1.7441,1.7035,1.7053,576426.0,5e-05
2025-01-31 00:00:00+00:00,1.7053,1.7109,1.6103,1.6525,1055862.0,5e-05
2025-01-31 04:00:00+00:00,1.6525,1.6928,1.6223,1.6771,795693.0,5e-05
2025-01-31 08:00:00+00:00,1.6771,1.787,1.6551,1.7838,1472557.0,5e-05
2025-01-31 12:00:00+00:00,1.7838,1.7977,1.7221,1.7656,1384709.0,5e-05
2025-01-31 16:00:00+00:00,1.7656,1.7717,1.6648,1.6863,926376.0,5e-05
2025-01-31 20:00:00+00:00,1.6863,1.6863,1.6367,1.6408,630853.0,5e-05
2025-02-01 00:00:00+00:00,1.6408,1.6989,1.6202,1.6715,1053038.0,5e-05
2025-02-01 04:00:00+00:00,1.6715,1.7468,1.6478,1.693,1200524.0,5e-05
2025-02-01 08:00:00+00:00,1.693,1.6991,1.5701,1.6511,2340928.0,5e-05
2025-02-01 12:00:00+00:00,1.6511,1.6861,1.6066,1.6237,1313761.0,5e-05
2025-02-01 16:00:00+00:00,1.6237,1.634,1.5354,1.5637,1417917.0,5e-05
2025-02-01 20:00:00+00:00,1.5637,1.5637,1.417,1.4268,4239364.0,5e-05
2025-02-02 00:00:00+00:00,1.4268,1.4882,1.4004,1.4162,1853641.0,5e-05
2025-02-02 04:00:00+00:00,1.4162,1.47,1.4102,1.4398,1062491.0,5e-05
2025-02-02 08:00:00+00:00,1.4398,1.5039,1.436,1.4403,1961193.0,5e-05
2025-02-02 12:00:00+00:00,1.4403,1.4867,1.4122,1.4549,1249595.0,5e-05
2025-02-02 16:00:00+00:00,1.4549,1.459,1.2655,1.3566,5363218.0,5e-05
2025-02-02 20:00:00+00:00,1.3566,1.3711,1.2565,1.3104,2760762.0,5e-05
2025-02-03 00:00:00+00:00,1.3104,1.3152,0.906,1.108,13501737.0,5e-05
2025-02-03 04:00:00+00:00,1.108,1.1877,1.0796,1.1794,5450122.0,5e-05
2025-02-03 08:00:00+00:00,1.1794,1.2324,1.1476,1.1934,2992353.0,5e-05
2025-02-03 12:00:00+00:00,1.1934,1.3635,1.1416,1.3456,5549527.0,5e-05
2025-02-03 16:00:00+00:00,1.3456,1.4842,1.3013,1.439,3632527.0,5e-05
2025-02-03 20:00:00+00:00,1.439,1.5042,1.4055,1.4946,2476422.0,4.487e-05
2025-02-04 00:00:00+00:00,1.4946,1.4978,1.4191,1.4194,1326030.0,5e-05
2025-02-04 04:00:00+00:00,1.4194,1.4357,1.3184,1.3454,2459922.0,5e-05
2025-02-04 08:00:00+00:00,1.3454,1.399,1.3208,1.3711,1631332.0,5e-05
2025-02-04 12:00:00+00:00,1.3711,1.4669,1.3711,1.437,2144538.0,5e-05
2025-02-04 16:00:00+00:00,1.437,1.4454,1.3477,1.3488,1475387.0,5e-05
2025-02-04 20:00:00+00:00,1.3488,1.3883,1.3337,1.365,1792191.0,5e-05
2025-02-05 00:00:00+00:00,1.365,1.4343,1.3642,1.3996,1177198.0,-8.32e-06
2025-02-05 04:00:00+00:00,1.3996,1.417,1.375,1.4094,780249.0,-1.231e-05
2025-02-05 08:00:00+00:00,1.4094,1.4877,1.392,1.4674,2063261.0,-0.000154
2025-02-05 12:00:00+00:00,1.4674,1.4699,1.3977,1.4078,1635872.0,-3.37e-06
2025-02-05 16:00:00+00:00,1.4078,1.427,1.3619,1.4057,1857402.0,-4.781e-05
2025-02-05 20:00:00+00:00,1.4057,1.4141,1.3538,1.365,865857.0,-0.00046602
2025-02-06 00:00:00+00:00,1.365,1.3818,1.3346,1.3452,963351.0,-0.00028369
2025-02-06 04:00:00+00:00,1.3452,1.3723,1.3338,1.3513,576722.0,-3.371e-05
2025-02-06 08:00:00+00:00,1.3513,1.38,1.3243,1.3566,1398782.0,-0.00048789
2025-02-06 12:00:00+00:00,1.3566,1.3823,1.2869,1.2949,2416464.0,-0.0001169
2025-02-06 16:00:00+00:00,1.2949,1.308,1.2292,1.2329,1619061.0,5e-05
2025-02-06 20:00:00+00:00,1.2329,1.2657,1.2113,1.229,1395149.0,5e-05
2025-02-07 00:00:00+00:00,1.229,1.2847,1.228,1.2498,701944.0,5e-05
2025-02-07 04:00:00+00:00,1.2498,1.2592,1.1949,1.2293,1342294.0,5e-05
2025-02-07 08:00:00+00:00,1.2293,1.2614,1.2246,1.2404,856491.0,5e-05
2025-02-07 12:00:00+00:00,1.2404,1.29,1.2,1.2071,2004800.0,5e-05
2025-02-07 16:00:00+00:00,1.2071,1.2144,1.1591,1.1756,1752661.0,5e-05
2025-02-07 20:00:00+00:00,1.1756,1.1785,1.132,1.1684,1242889.0,-0.00037704
2025-02-08 00:00:00+00:00,1.1684,1.2852,1.1586,1.2754,1769733.0,-0.00098285
2025-02-08 04:00:00+00:00,1.2754,1.3818,1.2572,1.3718,3750166.0,-0.00291297
2025-02-08 08:00:00+00:00,1.3718,1.4461,1.3301,1.4224,3755569.0,-0.00100587
2025-02-08 12:00:00+00:00,1.4224,1.4628,1.3998,1.4045,4640220.0,-0.00105287
2025-02-08 16:00:00+00:00,1.4045,1.4717,1.3804,1.4292,3389067.0,-0.00049896
2025-02-08 20:00:00+00:00,1.4292,1.4974,1.4188,1.4718,2306145.0,2.237e-05
2025-02-09 00:00:00+00:00,1.4718,1.5043,1.439,1.485,2359789.0,-0.00116905
2025-02-09 04:00:00+00:00,1.485,1.4908,1.419,1.4571,1511531.0,-0.00064408
2025-02-09 08:00:00+00:00,1.4571,1.4682,1.4211,1.4314,897645.0,-7.2e-07
2025-02-09 12:00:00+00:00,1.4314,1.4497,1.3985,1.4097,1279083.0,-0.00015583
2025-02-09 16:00:00+00:00,1.4097,1.418,1.3843,1.3871,664802.0,-0.00014275
2025-02-09 20:00:00+00:00,1.3871,1.419,1.3434,1.4182,1750305.0,5e-05
2025-02-10 00:00:00+00:00,1.4182,1.7074,1.3995,1.4714,5847020.0,5e-05
2025-02-10 04:00:00+00:00,1.4714,1.5108,1.4597,1.4733,1272878.0,-2.15e-06
2025-02-10 08:00:00+00:00,1.4733,1.509,1.4613,1.4779,1386794.0,5e-05
2025-02-10 12:00:00+00:00,1.4779,1.5489,1.4643,1.5051,1638749.0,-2.17e-06
2025-02-10 16:00:00+00:00,1.5051,1.5445,1.4537,1.4642,1573410.0,-3.563e-05
2025-02-10 20:00:00+00:00,1.4642,1.5042,1.4474,1.4783,1267893.0,-0.00023877
2025-02-11 00:00:00+00:00,1.4783,1.52,1.453,1.4969,830224.0,-0.00094162
2025-02-11 04:00:00+00:00,1.4969,1.5437,1.4892,1.5123,957383.0,-0.00032572
2025-02-11 08:00:00+00:00,1.5123,1.5186,1.486,1.5046,687621.0,5e-05
2025-02-11 12:00:00+00:00,1.5046,1.5682,1.4797,1.5204,2011424.0,-0.00059876
2025-02-11 16:00:00+00:00,1.5204,1.5297,1.4282,1.4423,1435883.0,-0.00104487
2025-02-11 20:00:00+00:00,1.4423,1.5677,1.439,1.5564,3153068.0,-0.00154929
2025-02-12 00:00:00+00:00,1.5564,1.5568,1.5167,1.5451,1441305.0,-0.00253281
2025-02-12 04:00:00+00:00,1.5451,1.5758,1.5127,1.541,954902.0,-0.00178861
2025-02-12 08:00:00+00:00,1.541,1.5527,1.4602,1.4655,897752.0,-0.00065531
2025-02-12 12:00:00+00:00,1.4655,1.5074,1.4064,1.4886,3508959.0,-0.00035534
2025-02-12 16:00:00+00:00,1.4886,1.5277,1.451,1.4979,1529529.0,-0.00290968
2025-02-12 20:00:00+00:00,1.4979,1.6112,1.4687,1.5482,2555334.0,-0.00014205
2025-02-13 00:00:00+00:00,1.5482,1.6162,1.5167,1.6103,1403724.0,5e-05
2025-02-13 04:00:00+00:00,1.6103,1.6407,1.5346,1.5503,1544753.0,5e-05
2025-02-13 08:00:00+00:00,1.5503,1.5648,1.5341,1.5492,612023.0,5e-05
2025-02-13 12:00:00+00:00,1.5492,1.6254,1.5352,1.6022,1751590.0,5e-05
2025-02-13 16:00:00+00:00,1.6022,1.6384,1.5472,1.5873,1441908.0,5e-05
2025-02-13 20:00:00+00:00,1.5873,1.6084,1.5479,1.5684,1293668.0,5e-05
2025-02-14 00:00:00+00:00,1.5684,1.6523,1.5448,1.6462,1052738.0,5e-05
2025-02-14 04:00:00+00:00,1.6462,1.6674,1.595,1.634,1569743.0,5e-05
2025-02-14 08:00:00+00:00,1.634,1.6914,1.6079,1.6785,1310979.0,5e-05
2025-02-14 12:00:00+00:00,1.6785,1.7222,1.6385,1.6727,1547750.0,5e-05
2025-02-14 16:00:00+00:00,1.6727,1.7484,1.6705,1.7056,1261160.0,5e-05
2025-02-14 20:00:00+00:00,1.7056,1.8574,1.6923,1.8328,3302581.0,5e-05
2025-02-15 00:00:00+00:00,1.8328,1.8592,1.5586,1.602,5340158.0,1.9e-06
2025-02-15 04:00:00+00:00,1.602,1.6342,1.5661,1.6007,2234964.0,-0.0001617
2025-02-15 08:00:00+00:00,1.6007,1.64,1.5422,1.5567,1593113.0,5e-05
2025-02-15 12:00:00+00:00,1.5567,1.5844,1.5002,1.5201,1366107.0,5e-05
2025-02-15 16:00:00+00:00,1.5201,1.6045,1.5138,1.598,843156.0,5e-05
2025-02-15 20:00:00+00:00,1.598,1.6731,1.5889,1.6212,1881206.0,-0.00020733
2025-02-16 00:00:00+00:00,1.6212,1.6417,1.5868,1.6301,866181.0,-0.0008197
2025-02-16 04:00:00+00:00,1.6301,1.6309,1.5805,1.5973,487889.0,5e-05
2025-02-16 08:00:00+00:00,1.5973,1.6573,1.5876,1.6439,868576.0,5e-05
2025-02-16 12:00:00+00:00,1.6439,1.6478,1.6066,1.6297,633852.0,5e-05
2025-02-16 16:00:00+00:00,1.6297,1.6395,1.5804,1.6009,587656.0,5e-05
2025-02-16 20:00:00+00:00,1.6009,1.6532,1.5863,1.637,563789.0,5e-05
2025-02-17 00:00:00+00:00,1.637,1.6521,1.5848,1.592,524592.0,5e-05
2025-02-17 04:00:00+00:00,1.592,1.6106,1.5401,1.567,887933.0,5e-05
2025-02-17 08:00:00+00:00,1.567,1.6273,1.5581,1.5839,558058.0,5e-05
2025-02-17 12:00:00+00:00,1.5839,1.6437,1.5747,1.5749,629591.0,5e-05
2025-02-17 16:00:00+00:00,1.5749,1.6121,1.5235,1.5354,1186394.0,5e-05
2025-02-17 20:00:00+00:00,1.5354,1.6766,1.5341,1.6411,826096.0,5e-05
2025-02-18 00:00:00+00:00,1.6411,1.7031,1.6389,1.6935,782606.0,5e-05
2025-02-18 04:00:00+00:00,1.6935,1.7051,1.5849,1.614,1180251.0,5e-05
2025-02-18 08:00:00+00:00,1.614,1.6435,1.5622,1.6384,859968.0,5e-05
2025-02-18 12:00:00+00:00,1.6384,1.6528,1.5756,1.5887,969643.0,5e-05
2025-02-18 16:00:00+00:00,1.5887,1.6702,1.5321,1.6505,1307901.0,5e-05
2025-02-18 20:00:00+00:00,1.6505,1.6822,1.611,1.6793,722818.0,5e-05
2025-02-19 00:00:00+00:00,1.6793,1.7386,1.6793,1.6919,968812.0,5e-05
2025-02-19 04:00:00+00:00,1.6919,1.7818,1.6382,1.7403,1519668.0,5e-05
2025-02-19 08:00:00+00:00,1.7403,1.8204,1.7359,1.7725,1885891.0,5e-05
2025-02-19 12:00:00+00:00,1.7725,1.7948,1.7035,1.7124,2023315.0,5e-05
2025-02-19 16:00:00+00:00,1.7124,1.7336,1.6855,1.7143,873380.0,5e-05
2025-02-19 20:00:00+00:00,1.7143,1.7739,1.6823,1.7402,814087.0,5e-05
2025-02-20 00:00:00+00:00,1.7402,1.8119,1.7402,1.8062,749500.0,5e-05
2025-02-20 04:00:00+00:00,1.8062,1.8566,1.7968,1.8174,821959.0,5e-05
2025-02-20 08:00:00+00:00,1.8174,1.9177,1.798,1.9046,1011713.0,5e-05
2025-02-20 12:00:00+00:00,1.9046,1.9224,1.8444,1.8584,1260159.0,5e-05
2025-02-20 16:00:00+00:00,1.8584,1.94,1.8417,1.9357,1110431.0,5e-05
2025-02-20 20:00:00+00:00,1.9357,2.0199,1.8618,2.0025,1807963.0,5e-05
2025-02-21 00:00:00+00:00,2.0025,2.1016,1.9635,2.0357,1638915.0,5e-05
2025-02-21 04:00:00+00:00,2.0357,2.1097,2.0229,2.0929,828001.0,5e-05
2025-02-21 08:00:00+00:00,2.0929,2.19,2.0431,2.1599,1847970.0,5e-05
2025-02-21 12:00:00+00:00,2.1599,2.1882,1.7814,1.8242,8828250.0,5e-05
2025-02-21 16:00:00+00:00,1.8242,2.2239,1.7973,2.0372,12388314.0,5e-05
2025-02-21 20:00:00+00:00,2.0372,2.0918,2.0097,2.0196,2017684.0,0.00034121
2025-02-22 00:00:00+00:00,2.0196,2.169,1.9738,2.1135,1401000.0,0.00038832
2025-02-22 04:00:00+00:00,2.1135,2.1821,2.0874,2.0915,970009.0,8.976e-05
2025-02-22 08:00:00+00:00,2.0915,2.1795,2.0915,2.1698,775190.0,5e-05
2025-02-22 12:00:00+00:00,2.1698,2.2413,2.1344,2.2137,1547543.0,5e-05
2025-02-22 16:00:00+00:00,2.2137,2.2734,2.1929,2.2081,843691.0,5e-05
2025-02-22 20:00:00+00:00,2.2081,2.2081,2.1415,2.1633,846810.0,5e-05
2025-02-23 00:00:00+00:00,2.1633,2.2274,2.1433,2.1482,644731.0,5e-05
2025-02-23 04:00:00+00:00,2.1482,2.1806,2.134,2.1767,422488.0,5e-05
2025-02-23 08:00:00+00:00,2.1767,2.1955,2.1538,2.179,239377.0,5e-05
2025-02-23 12:00:00+00:00,2.179,2.1824,2.0108,2.0131,939176.0,5e-05
2025-02-23 16:00:00+00:00,2.0131,2.0232,1.9658,1.9861,531989.0,5e-05
2025-02-23 20:00:00+00:00,1.9861,1.9861,1.9173,1.9362,617123.0,5e-05
2025-02-24 00:00:00+00:00,1.9362,2.0038,1.8574,1.8597,1370587.0,5e-05
2025-02-24 04:00:00+00:00,1.8597,1.9326,1.8329,1.9251,1049552.0,5e-05
2025-02-24 08:00:00+00:00,1.9251,1.9313,1.8559,1.892,883152.0,5e-05
2025-02-24 12:00:00+00:00,1.892,1.9613,1.8455,1.8796,1885486.0,5e-05
2025-02-24 16:00:00+00:00,1.8796,1.9108,1.8265,1.8514,624029.0,5e-05
2025-02-24 20:00:00+00:00,1.8514,1.8805,1.7262,1.7567,1772512.0,5e-05
2025-02-25 00:00:00+00:00,1.7567,1.7913,1.7077,1.7221,1026571.0,5e-05
2025-02-25 04:00:00+00:00,1.7221,1.7478,1.6319,1.6686,970969.0,5e-05
2025-02-25 08:00:00+00:00,1.6686,1.7854,1.6651,1.783,1210078.0,5e-05
2025-02-25 12:00:00+00:00,1.783,1.8069,1.7283,1.7982,1105679.0,5e-05
2025-02-25 16:00:00+00:00,1.7982,1.8391,1.7477,1.807,1065957.0,5e-05
2025-02-25 20:00:00+00:00,1.807,1.8265,1.7795,1.789,433576.0,5e-05
2025-02-26 00:00:00+00:00,1.789,1.8182,1.7731,1.7897,456433.0,5e-05
2025-02-26 04:00:00+00:00,1.7897,1.7963,1.6715,1.6759,679449.0,5e-05
2025-02-26 08:00:00+00:00,1.6759,1.7569,1.6539,1.6859,1204883.0,5e-05
2025-02-26 12:00:00+00:00,1.6859,1.7477,1.6544,1.7286,944877.0,5e-05
2025-02-26 16:00:00+00:00,1.7286,1.7444,1.6682,1.7435,2551458.0,5e-05
2025-02-26 20:00:00+00:00,1.7435,1.8545,1.6957,1.7894,2030232.0,5e-05
2025-02-27 00:00:00+00:00,1.7894,1.84,1.78,1.8347,585044.0,5e-05
2025-02-27 04:00:00+00:00,1.8347,1.97,1.8085,1.9612,1184136.0,5e-05
2025-02-27 08:00:00+00:00,1.9612,2.0713,1.9462,2.0258,2433555.0,5e-05
2025-02-27 12:00:00+00:00,2.0258,2.0588,1.9559,2.0324,2279242.0,5e-05
2025-02-27 16:00:00+00:00,2.0324,2.058,1.9438,1.9601,1128527.0,5e-05
2025-02-27 20:00:00+00:00,1.9601,2.0078,1.9104,1.9369,960995.0,5e-05
2025-02-28 00:00:00+00:00,1.9369,1.9477,1.8376,1.8508,1590538.0,5e-05
2025-02-28 04:00:00+00:00,1.8508,1.9522,1.8138,1.8292,2160527.0,5e-05
2025-02-28 08:00:00+00:00,1.8292,1.9198,1.8275,1.8964,1152920.0,5e-05
2025-02-28 12:00:00+00:00,1.8964,2.2258,1.8869,2.1922,4155451.0,5e-05
2025-02-28 16:00:00+00:00,2.1922,2.2395,2.1695,2.2091,1641217.0,5e-05
2025-02-28 20:00:00+00:00,2.2091,2.2232,2.1569,2.192,810244.0,5e-05
2025-03-01 00:00:00+00:00,2.192,2.2534,2.1381,2.2359,1000381.0,5e-05
2025-03-01 04:00:00+00:00,2.2359,2.3014,2.2098,2.2249,1570248.0,5e-05
2025-03-01 08:00:00+00:00,2.2249,2.3639,2.2249,2.34,2570743.0,5e-05
2025-03-01 12:00:00+00:00,2.34,2.403,2.2821,2.3674,3932816.0,5e-05
2025-03-01 16:00:00+00:00,2.3674,2.5298,2.3585,2.4811,4215525.0,5e-05
2025-03-01 20:00:00+00:00,2.4811,2.4974,2.3624,2.3704,3224022.0,5e-05
2025-03-02 00:00:00+00:00,2.3704,2.4893,2.359,2.4252,2540689.0,5e-05
2025-03-02 04:00:00+00:00,2.4252,2.4779,2.3942,2.4681,1542862.0,5e-05
2025-03-02 08:00:00+00:00,2.4681,2.5299,2.43,2.4983,3280278.0,5e-05
2025-03-02 12:00:00+00:00,2.4983,2.5613,2.4408,2.5221,3504252.0,5e-05
2025-03-02 16:00:00+00:00,2.5221,2.7382,2.5084,2.6715,4073537.0,5e-05
2025-03-02 20:00:00+00:00,2.6715,2.7857,2.6302,2.7476,1453622.0,5e-05
2025-03-03 00:00:00+00:00,2.7476,2.7929,2.6372,2.6855,1125773.0,5e-05
2025-03-03 04:00:00+00:00,2.6855,2.6948,2.5396,2.5553,1198143.0,5e-05
2025-03-03 08:00:00+00:00,2.5553,2.5617,2.4628,2.534,2258018.0,5e-05
2025-03-03 12:00:00+00:00,2.534,2.6791,2.5065,2.586,2495921.0,5e-05
2025-03-03 16:00:00+00:00,2.586,2.5932,2.4238,2.5038,2712934.0,5e-05
2025-03-03 20:00:00+00:00,2.5038,2.5288,2.3562,2.3752,1860361.0,5e-05
2025-03-04 00:00:00+00:00,2.3752,2.4344,2.244,2.3452,2756674.0,5e-05
2025-03-04 04:00:00+00:00,2.3452,2.5047,2.3087,2.393,1678655.0,5e-05
2025-03-04 08:00:00+00:00,2.393,2.4805,2.294,2.4522,2602674.0,5e-05
2025-03-04 12:00:00+00:00,2.4522,2.5299,2.3276,2.4753,2816885.0,5e-05
2025-03-04 16:00:00+00:00,2.4753,2.5089,2.3686,2.4276,3390802.0,5e-05
2025-03-04 20:00:00+00:00,2.4276,2.4276,2.2488,2.3069,2436407.0,5e-05
2025-03-05 00:00:00+00:00,2.3069,2.3667,2.2575,2.2889,1140386.0,5e-05
2025-03-05 04:00:00+00:00,2.2889,2.3347,2.2503,2.3339,763282.0,5e-05
2025-03-05 08:00:00+00:00,2.3339,2.4206,2.25,2.408,1815600.0,4.361e-05
2025-03-05 12:00:00+00:00,2.408,2.5636,2.3659,2.402,2847310.0,-5.22e-06
2025-03-05 16:00:00+00:00,2.402,2.478,2.3234,2.4533,1563326.0,4.218e-05
2025-03-05 20:00:00+00:00,2.4533,2.487,2.3995,2.419,822894.0,-1.013e-05
2025-03-06 00:00:00+00:00,2.419,2.5182,2.3611,2.4368,1449798.0,5e-05
2025-03-06 04:00:00+00:00,2.4368,2.445,2.2616,2.2756,2218814.0,-3.175e-05
2025-03-06 08:00:00+00:00,2.2756,2.3289,2.2645,2.285,2113963.0,-6.52e-06
2025-03-06 12:00:00+00:00,2.285,2.2853,2.2063,2.2655,2625814.0,-3.827e-05
2025-03-06 16:00:00+00:00,2.2655,2.2699,2.1737,2.2089,1211096.0,-5.598e-05
2025-03-06 20:00:00+00:00,2.2089,2.231,2.1503,2.1808,1020285.0,-8.541e-05
2025-03-07 00:00:00+00:00,2.1808,2.2075,2.0636,2.1161,2053435.0,-0.00012935
2025-03-07 04:00:00+00:00,2.1161,2.2122,2.114,2.1575,1268730.0,-0.00014735
2025-03-07 08:00:00+00:00,2.1575,2.1893,2.0949,2.0954,1053098.0,-1.812e-05
2025-03-07 12:00:00+00:00,2.0954,2.2054,2.0741,2.1983,1256725.0,5e-05
2025-03-07 16:00:00+00:00,2.1983,2.3499,2.1147,2.2495,1653802.0,5e-05
2025-03-07 20:00:00+00:00,2.2495,2.3151,2.1209,2.1378,1105461.0,5e-05
2025-03-08 00:00:00+00:00,2.1378,2.2077,2.1245,2.1417,757154.0,5e-05
2025-03-08 04:00:00+00:00,2.1417,2.1609,2.0913,2.126,773152.0,5e-05
2025-03-08 08:00:00+00:00,2.126,2.1598,2.0984,2.1156,663484.0,5e-05
2025-03-08 12:00:00+00:00,2.1156,2.1343,2.0765,2.1056,930219.0,5e-05
2025-03-08 16:00:00+00:00,2.1056,2.1086,2.0221,2.0428,872854.0,5e-05
2025-03-08 20:00:00+00:00,2.0428,2.0508,1.9635,1.9932,751842.0,5e-05
2025-03-09 00:00:00+00:00,1.9932,2.0413,1.993,2.0194,483587.0,5e-05
2025-03-09 04:00:00+00:00,2.0194,2.0737,1.9887,2.0569,844933.0,5e-05
2025-03-09 08:00:00+00:00,2.0569,2.0724,2.0127,2.0227,699151.0,5e-05
2025-03-09 12:00:00+00:00,2.0227,2.0311,1.8493,1.8693,1812629.0,5e-05
2025-03-09 16:00:00+00:00,1.8693,1.885,1.6802,1.7636,5367391.0,5e-05
2025-03-09 20:00:00+00:00,1.7636,1.7944,1.6847,1.7074,1098661.0,5e-05
2025-03-10 00:00:00+00:00,1.7074,1.7904,1.694,1.7477,1065076.0,5e-05
2025-03-10 04:00:00+00:00,1.7477,1.7932,1.7401,1.7839,597759.0,4.583e-05
2025-03-10 08:00:00+00:00,1.7839,1.8365,1.729,1.7833,1197368.0,9.44e-06
2025-03-10 12:00:00+00:00,1.7833,1.7838,1.6539,1.7175,1920083.0,5e-05
2025-03-10 16:00:00+00:00,1.7175,1.7235,1.4638,1.5148,5016040.0,3.555e-05
2025-03-10 20:00:00+00:00,1.5148,1.5391,1.4968,1.51,1312682.0,1.407e-05
2025-03-11 00:00:00+00:00,1.51,1.5436,1.3949,1.4919,2361616.0,5e-05
2025-03-11 04:00:00+00:00,1.4919,1.5244,1.4542,1.478,1739974.0,5e-05
2025-03-11 08:00:00+00:00,1.478,1.4941,1.4259,1.4466,1230269.0,5e-05
2025-03-11 12:00:00+00:00,1.4466,1.4516,1.3517,1.4052,3680489.0,1.674e-05
2025-03-11 16:00:00+00:00,1.4052,1.5132,1.3943,1.4601,2830476.0,5e-05
2025-03-11 20:00:00+00:00,1.4601,1.4601,1.3112,1.3325,3056969.0,5e-05
2025-03-12 00:00:00+00:00,1.3325,1.396,1.3127,1.3181,1914973.0,5e-05
2025-03-12 04:00:00+00:00,1.3181,1.3277,1.2429,1.278,2274477.0,5e-05
2025-03-12 08:00:00+00:00,1.278,1.3322,1.2524,1.285,2574160.0,5e-05
2025-03-12 12:00:00+00:00,1.285,1.376,1.2183,1.2577,4227207.0,5e-05
2025-03-12 16:00:00+00:00,1.2577,1.3694,1.2508,1.3604,1901953.0,-4.914e-05
2025-03-12 20:00:00+00:00,1.3604,1.3879,1.323,1.378,1550078.0,5e-05
2025-03-13 00:00:00+00:00,1.378,1.3793,1.2998,1.3162,1345332.0,5e-05
2025-03-13 04:00:00+00:00,1.3162,1.3609,1.3061,1.3462,1499404.0,1.666e-05
2025-03-13 08:00:00+00:00,1.3462,1.3804,1.3037,1.3227,1795094.0,5e-05
2025-03-13 12:00:00+00:00,1.3227,1.35,1.2946,1.3326,1640636.0,-0.00013498
2025-03-13 16:00:00+00:00,1.3326,1.3739,1.3102,1.348,2143390.0,-9.478e-05
2025-03-13 20:00:00+00:00,1.348,1.3666,1.3214,1.3505,615376.0,4.306e-05
2025-03-14 00:00:00+00:00,1.3505,1.42,1.3481,1.3901,2020400.0,3.13e-06
2025-03-14 04:00:00+00:00,1.3901,1.4659,1.387,1.4466,2102667.0,-0.00022535
2025-03-14 08:00:00+00:00,1.4466,1.5181,1.4256,1.5129,2162855.0,-5.207e-05
2025-03-14 12:00:00+00:00,1.5129,1.6345,1.4909,1.6058,5866183.0,5e-05
2025-03-14 16:00:00+00:00,1.6058,1.6191,1.4842,1.4954,3306101.0,5e-05
2025-03-14 20:00:00+00:00,1.4954,1.5206,1.4553,1.4797,2171937.0,-0.00016116
2025-03-15 00:00:00+00:00,1.4797,1.5189,1.4723,1.4974,1282427.0,-0.00017465
2025-03-15 04:00:00+00:00,1.4974,1.5284,1.4839,1.519,1120024.0,5e-05
2025-03-15 08:00:00+00:00,1.519,1.522,1.4918,1.5093,917468.0,-4.09e-05
2025-03-15 12:00:00+00:00,1.5093,1.518,1.473,1.5071,934970.0,-0.00012952
2025-03-15 16:00:00+00:00,1.5071,1.5097,1.4582,1.484,950160.0,-5.348e-05
2025-03-15 20:00:00+00:00,1.484,1.5039,1.4528,1.4618,601643.0,9.62e-06
2025-03-16 00:00:00+00:00,1.4618,1.4672,1.4313,1.4406,716848.0,-5.876e-05
2025-03-16 04:00:00+00:00,1.4406,1.4427,1.413,1.4236,840533.0,-0.00013013
2025-03-16 08:00:00+00:00,1.4236,1.4338,1.3681,1.3757,1153616.0,5e-05
2025-03-16 12:00:00+00:00,1.3757,1.3988,1.353,1.3761,929935.0,-1.422e-05
2025-03-16 16:00:00+00:00,1.3761,1.4075,1.339,1.3508,1253910.0,8.59e-06
2025-03-16 20:00:00+00:00,1.3508,1.3878,1.3465,1.3758,483769.0,-0.00011557
2025-03-17 00:00:00+00:00,1.3758,1.3951,1.3695,1.3886,640330.0,-9.87e-06
2025-03-17 04:00:00+00:00,1.3886,1.3992,1.3537,1.3724,739983.0,-3.858e-05
2025-03-17 08:00:00+00:00,1.3724,1.3863,1.3437,1.3744,890035.0,-3.739e-05
2025-03-17 12:00:00+00:00,1.3744,1.3936,1.3394,1.3624,1331635.0,-4.805e-05
2025-03-17 16:00:00+00:00,1.3624,1.3841,1.345,1.3707,677431.0,-0.00010793
2025-03-17 20:00:00+00:00,1.3707,1.3953,1.3434,1.3731,822009.0,-2.694e-05
2025-03-18 00:00:00+00:00,1.3731,1.4043,1.3239,1.337,965524.0,5e-05
2025-03-18 04:00:00+00:00,1.337,1.3537,1.3099,1.3296,642636.0,-0.00013423
2025-03-18 08:00:00+00:00,1.3296,1.3307,1.3006,1.3086,548506.0,-0.0001135
2025-03-18 12:00:00+00:00,1.3086,1.3191,1.2841,1.288,1019911.0,5e-05
2025-03-18 16:00:00+00:00,1.288,1.32,1.277,1.3172,1202090.0,5e-05
2025-03-18 20:00:00+00:00,1.3172,1.3244,1.2984,1.3021,357661.0,3.98e-05
2025-03-19 00:00:00+00:00,1.3021,1.3202,1.2828,1.3009,553533.0,6.52e-06
2025-03-19 04:00:00+00:00,1.3009,1.3109,1.2651,1.2755,479932.0,-0.00013697
2025-03-19 08:00:00+00:00,1.2755,1.3371,1.2613,1.3076,1653471.0,3.652e-05
2025-03-19 12:00:00+00:00,1.3076,1.3277,1.2755,1.3128,1470740.0,-1.153e-05
2025-03-19 16:00:00+00:00,1.3128,1.3365,1.265,1.3167,1732750.0,-2.711e-05
2025-03-19 20:00:00+00:00,1.3167,1.3468,1.3079,1.3312,662838.0,-0.00010915
2025-03-20 00:00:00+00:00,1.3312,1.3465,1.2989,1.3046,614147.0,5e-05
2025-03-20 04:00:00+00:00,1.3046,1.3088,1.2875,1.2938,423040.0,1.054e-05
2025-03-20 08:00:00+00:00,1.2938,1.3079,1.2432,1.2892,1771246.0,5e-05
2025-03-20 12:00:00+00:00,1.2892,1.326,1.285,1.3102,1928218.0,-0.00033815
2025-03-20 16:00:00+00:00,1.3102,1.3186,1.2894,1.3112,856972.0,-0.00012824
2025-03-20 20:00:00+00:00,1.3112,1.316,1.3001,1.3089,482913.0,-4.561e-05
2025-03-21 00:00:00+00:00,1.3089,1.3196,1.2963,1.3056,775623.0,2.001e-05
2025-03-21 04:00:00+00:00,1.3056,1.3173,1.2701,1.2773,1179324.0,-3.786e-05
2025-03-21 08:00:00+00:00,1.2773,1.2815,1.2242,1.236,1090917.0,-0.00015988
2025-03-21 12:00:00+00:00,1.236,1.2515,1.2287,1.2374,767680.0,5e-05
2025-03-21 16:00:00+00:00,1.2374,1.2729,1.2294,1.2553,1179563.0,5e-05
2025-03-21 20:00:00+00:00,1.2553,1.2803,1.2439,1.2776,633349.0,-4.288e-05
2025-03-22 00:00:00+00:00,1.2776,1.3083,1.2721,1.3046,546003.0,5e-05
2025-03-22 04:00:00+00:00,1.3046,1.3399,1.3009,1.3304,564227.0,5e-05
2025-03-22 08:00:00+00:00,1.3304,1.347,1.3182,1.3253,501560.0,5e-05
2025-03-22 12:00:00+00:00,1.3253,1.3283,1.305,1.3121,437146.0,5e-05
2025-03-22 16:00:00+00:00,1.3121,1.3706,1.3051,1.3576,716520.0,5e-05
2025-03-22 20:00:00+00:00,1.3576,1.3707,1.3221,1.3312,576968.0,-0.00010352
2025-03-23 00:00:00+00:00,1.3312,1.3904,1.3245,1.3851,701576.0,-5.888e-05
2025-03-23 04:00:00+00:00,1.3851,1.4288,1.377,1.415,1131582.0,-4.53e-06
2025-03-23 08:00:00+00:00,1.415,1.453,1.4128,1.4196,849762.0,-0.00012523
2025-03-23 12:00:00+00:00,1.4196,1.4279,1.3741,1.3832,859838.0,-9.32e-05
2025-03-23 16:00:00+00:00,1.3832,1.4006,1.3515,1.3521,813560.0,5e-05
2025-03-23 20:00:00+00:00,1.3521,1.3924,1.3521,1.3883,422774.0,5e-05
2025-03-24 00:00:00+00:00,1.3883,1.4398,1.366,1.4133,870490.0,-2.5e-05
2025-03-24 04:00:00+00:00,1.4133,1.4277,1.407,1.42,767062.0,5e-05
2025-03-24 08:00:00+00:00,1.42,1.5176,1.42,1.5146,1817564.0,-2.96e-05
2025-03-24 12:00:00+00:00,1.5146,1.5373,1.4807,1.5107,1794090.0,5e-05
2025-03-24 16:00:00+00:00,1.5107,1.5107,1.4829,1.5,452079.0,5e-05
2025-03-24 20:00:00+00:00,1.5,1.517,1.4894,1.5078,311810.0,2.09e-05
2025-03-25 00:00:00+00:00,1.5078,1.5243,1.4288,1.4408,1102382.0,5e-05
2025-03-25 04:00:00+00:00,1.4408,1.4632,1.425,1.4278,608350.0,-9.716e-05
2025-03-25 08:00:00+00:00,1.4278,1.4599,1.4217,1.4574,539807.0,5e-05
2025-03-25 12:00:00+00:00,1.4574,1.4976,1.4574,1.4843,670067.0,5e-05
2025-03-25 16:00:00+00:00,1.4843,1.5763,1.4756,1.5668,916402.0,5e-05
2025-03-25 20:00:00+00:00,1.5668,1.5814,1.5401,1.572,775155.0,-5.604e-05
2025-03-26 00:00:00+00:00,1.572,1.6066,1.554,1.569,846188.0,-0.00013379
2025-03-26 04:00:00+00:00,1.569,1.6028,1.5614,1.5905,705954.0,-0.00017478
2025-03-26 08:00:00+00:00,1.5905,1.6175,1.5813,1.5821,802239.0,5e-05
2025-03-26 12:00:00+00:00,1.5821,1.583,1.457,1.5041,2404860.0,5e-05
2025-03-26 16:00:00+00:00,1.5041,1.5251,1.4739,1.4947,660980.0,3.711e-05
2025-03-26 20:00:00+00:00,1.4947,1.5218,1.491,1.5061,571410.0,5e-05
2025-03-27 00:00:00+00:00,1.5061,1.5446,1.4952,1.54,486234.0,5e-05
2025-03-27 04:00:00+00:00,1.54,1.5671,1.4965,1.5011,618640.0,5e-05
2025-03-27 08:00:00+00:00,1.5011,1.5285,1.4857,1.5009,774156.0,3.779e-05
2025-03-27 12:00:00+00:00,1.5009,1.5485,1.4921,1.5269,796884.0,5e-05
2025-03-27 16:00:00+00:00,1.5269,1.5354,1.4938,1.4996,421720.0,5e-05
2025-03-27 20:00:00+00:00,1.4996,1.5042,1.4778,1.4911,316514.0,5e-05
2025-03-28 00:00:00+00:00,1.4911,1.5863,1.4703,1.5638,1548821.0,5e-05
2025-03-28 04:00:00+00:00,1.5638,1.6236,1.5315,1.62,3453216.0,5e-05
2025-03-28 08:00:00+00:00,1.62,1.6642,1.5894,1.639,4154523.0,5e-05
2025-03-28 12:00:00+00:00,1.639,1.6471,1.5408,1.5514,3186619.0,5e-05
2025-03-28 16:00:00+00:00,1.5514,1.5588,1.5011,1.5301,1506407.0,-9.376e-05
2025-03-28 20:00:00+00:00,1.5301,1.5937,1.5135,1.5707,1405439.0,4.632e-05
2025-03-29 00:00:00+00:00,1.5707,1.7128,1.5487,1.7063,5339941.0,5e-05
2025-03-29 04:00:00+00:00,1.7063,1.7456,1.6778,1.7025,5290102.0,5e-05
2025-03-29 08:00:00+00:00,1.7025,1.7194,1.6557,1.6994,3083909.0,5e-05
2025-03-29 12:00:00+00:00,1.6994,1.7579,1.6764,1.681,3453248.0,-3.93e-06
2025-03-29 16:00:00+00:00,1.681,1.6999,1.6422,1.6862,2966104.0,-3.817e-05
2025-03-29 20:00:00+00:00,1.6862,1.6868,1.6091,1.6226,2465458.0,-5.131e-05
2025-03-30 00:00:00+00:00,1.6226,1.7132,1.5956,1.7101,2624566.0,5e-05
2025-03-30 04:00:00+00:00,1.7101,1.7988,1.7082,1.7589,3635329.0,4.446e-05
2025-03-30 08:00:00+00:00,1.7589,1.7868,1.7304,1.7667,2177278.0,5e-05
2025-03-30 12:00:00+00:00,1.7667,1.7713,1.7083,1.727,1480222.0,1.06e-05
2025-03-30 16:00:00+00:00,1.727,1.7349,1.6675,1.7095,2226059.0,2.008e-05
2025-03-30 20:00:00+00:00,1.7095,1.7481,1.6511,1.6949,2395189.0,-0.00013471
2025-03-31 00:00:00+00:00,1.6949,1.7669,1.6574,1.6838,2759165.0,-5.346e-05
2025-03-31 04:00:00+00:00,1.6838,1.7481,1.6785,1.6982,1244607.0,5e-05
2025-03-31 08:00:00+00:00,1.6982,1.7274,1.6165,1.6517,2140392.0,5e-05
2025-03-31 12:00:00+00:00,1.6517,1.7293,1.6231,1.7235,2519275.0,5e-05
2025-03-31 16:00:00+00:00,1.7235,1.7347,1.689,1.7201,1163811.0,-2.302e-05
2025-03-31 20:00:00+00:00,1.7201,1.7868,1.6914,1.7783,1553429.0,-3.461e-05
2025-04-01 00:00:00+00:00,1.7783,1.795,1.7057,1.751,1813957.0,-1.55e-05
2025-04-01 04:00:00+00:00,1.751,1.7914,1.7215,1.7524,1284705.0,5e-05
2025-04-01 08:00:00+00:00,1.7524,1.8333,1.736,1.7599,2222859.0,5e-05
2025-04-01 12:00:00+00:00,1.7599,1.7816,1.6751,1.76,3158148.0,5e-05
2025-04-01 16:00:00+00:00,1.76,1.9439,1.7528,1.8431,5321286.0,5e-05
2025-04-01 20:00:00+00:00,1.8431,1.8835,1.8127,1.8578,1658057.0,5e-05
2025-04-02 00:00:00+00:00,1.8578,1.8777,1.7862,1.795,895140.0,5e-05
2025-04-02 04:00:00+00:00,1.795,1.83,1.787,1.8003,912237.0,5e-05
2025-04-02 08:00:00+00:00,1.8003,1.8858,1.7991,1.8747,1282992.0,5e-05
2025-04-02 12:00:00+00:00,1.8747,1.9276,1.8448,1.9004,2369423.0,5e-05
2025-04-02 16:00:00+00:00,1.9004,1.9961,1.8623,1.9268,2683352.0,5e-05
2025-04-02 20:00:00+00:00,1.9268,1.981,1.6577,1.6614,5765509.0,5e-05
2025-04-03 00:00:00+00:00,1.6614,1.7122,1.6013,1.6148,1628001.0,-4.746e-05
2025-04-03 04:00:00+00:00,1.6148,1.6246,1.5169,1.5212,1838572.0,5e-05
2025-04-03 08:00:00+00:00,1.5212,1.5732,1.5065,1.5482,1672100.0,5e-05
2025-04-03 12:00:00+00:00,1.5482,1.5616,1.4872,1.5251,1275490.0,5e-05
2025-04-03 16:00:00+00:00,1.5251,1.6956,1.5158,1.6836,2390891.0,5e-05
2025-04-03 20:00:00+00:00,1.6836,1.7905,1.6106,1.7732,4276194.0,5e-05
2025-04-04 00:00:00+00:00,1.7732,1.9278,1.7728,1.9109,4415085.0,5e-05
2025-04-04 04:00:00+00:00,1.9109,1.9576,1.869,1.9187,5260692.0,-0.00026136
2025-04-04 08:00:00+00:00,1.9187,1.9556,1.8573,1.9053,8878228.0,-0.0004017
2025-04-04 12:00:00+00:00,1.9053,1.9449,1.8402,1.8788,10116056.0,-0.00014082
2025-04-04 16:00:00+00:00,1.8788,1.918,1.8436,1.8895,6223723.0,-0.00014228
2025-04-04 20:00:00+00:00,1.8895,1.918,1.8698,1.9035,2084343.0,5e-05
2025-04-05 00:00:00+00:00,1.9035,1.9375,1.8667,1.8759,1668429.0,5e-05
2025-04-05 04:00:00+00:00,1.8759,1.8923,1.8231,1.8715,2258801.0,5e-05
2025-04-05 08:00:00+00:00,1.8715,1.9199,1.8571,1.8728,1673707.0,5e-05
2025-04-05 12:00:00+00:00,1.8728,1.8864,1.8121,1.8332,2520482.0,5e-05
2025-04-05 16:00:00+00:00,1.8332,1.8482,1.7951,1.8164,1064696.0,5e-05
2025-04-05 20:00:00+00:00,1.8164,1.8396,1.7901,1.8232,974205.0,5e-05
2025-04-06 00:00:00+00:00,1.8232,1.8738,1.7723,1.7842,1171216.0,5e-05
2025-04-06 04:00:00+00:00,1.7842,1.7913,1.5826,1.6112,6460899.0,5e-05
2025-04-06 08:00:00+00:00,1.6112,1.7157,1.5997,1.6646,2811145.0,-0.00010729
2025-04-06 12:00:00+00:00,1.6646,1.6993,1.6364,1.6708,1734899.0,-0.00010513
2025-04-06 16:00:00+00:00,1.6708,1.6722,1.5172,1.5481,3802123.0,3.707e-05
2025-04-06 20:00:00+00:00,1.5481,1.6437,1.5445,1.6104,2624170.0,-0.0001403
2025-04-07 00:00:00+00:00,1.6104,1.6224,1.5701,1.5967,1363258.0,5e-05
2025-04-07 04:00:00+00:00,1.5967,1.6723,1.544,1.5629,3795341.0,5e-05
2025-04-07 08:00:00+00:00,1.5629,1.8286,1.558,1.7805,6778843.0,5e-05
2025-04-07 12:00:00+00:00,1.7805,1.9114,1.7721,1.8198,7844652.0,5e-05
2025-04-07 16:00:00+00:00,1.8198,1.8658,1.7836,1.8084,2343050.0,-0.00011752
2025-04-07 20:00:00+00:00,1.8084,1.8482,1.7921,1.8208,1067243.0,5e-05
2025-04-08 00:00:00+00:00,1.8208,1.8911,1.8105,1.8539,2020517.0,5e-05
2025-04-08 04:00:00+00:00,1.8539,1.8567,1.8202,1.8357,2170179.0,-6.694e-05
2025-04-08 08:00:00+00:00,1.8357,1.89,1.8115,1.8879,1818347.0,-0.00019667
2025-04-08 12:00:00+00:00,1.8879,1.8934,1.7512,1.7607,3447313.0,-0.00020086
2025-04-08 16:00:00+00:00,1.7607,1.7617,1.6408,1.6526,3681825.0,-1.025e-05
2025-04-08 20:00:00+00:00,1.6526,1.6843,1.6265,1.6349,2610598.0,-6.17e-06
2025-04-09 00:00:00+00:00,1.6349,1.7071,1.5965,1.6134,3610550.0,1.195e-05
2025-04-09 04:00:00+00:00,1.6134,1.7139,1.5942,1.7044,2941967.0,1.886e-05
2025-04-09 08:00:00+00:00,1.7044,1.7061,1.5825,1.6023,2659016.0,5e-05
2025-04-09 12:00:00+00:00,1.6023,1.6155,1.5081,1.5629,6427849.0,5e-05
2025-04-09 16:00:00+00:00,1.5629,1.7676,1.5624,1.6702,7105405.0,5e-05
2025-04-09 20:00:00+00:00,1.6702,1.7172,1.5728,1.6176,3723450.0,5e-05
2025-04-10 00:00:00+00:00,1.6176,1.6235,1.5368,1.5507,3251496.0,5e-05
2025-04-10 04:00:00+00:00,1.5507,1.6026,1.52,1.5585,3395347.0,-6.74e-06
2025-04-10 08:00:00+00:00,1.5585,1.6888,1.5561,1.6821,3801752.0,-5.276e-05
2025-04-10 12:00:00+00:00,1.6821,1.7839,1.5262,1.5323,9150741.0,2.531e-05
2025-04-10 16:00:00+00:00,1.5323,1.6315,1.5089,1.6062,5371203.0,-6.391e-05
2025-04-10 20:00:00+00:00,1.6062,1.6228,1.5736,1.6132,2005295.0,5e-05
2025-04-11 00:00:00+00:00,1.6132,1.669,1.5903,1.6432,3410625.0,6.7e-07
2025-04-11 04:00:00+00:00,1.6432,1.6445,1.5726,1.6009,2578460.0,4.626e-05
2025-04-11 08:00:00+00:00,1.6009,1.645,1.5703,1.6055,4256062.0,-8.49e-06
2025-04-11 12:00:00+00:00,1.6055,1.6112,1.5414,1.5881,3974543.0,5e-05
2025-04-11 16:00:00+00:00,1.5881,1.75,1.5753,1.733,4114635.0,5e-05
2025-04-11 20:00:00+00:00,1.733,1.7509,1.6863,1.7218,1914822.0,5e-05
2025-04-12 00:00:00+00:00,1.7218,1.7312,1.6215,1.6325,2214874.0,4.533e-05
2025-04-12 04:00:00+00:00,1.6325,1.6518,1.6105,1.6297,1984072.0,5e-05
2025-04-12 08:00:00+00:00,1.6297,1.6478,1.578,1.606,1921989.0,-3.543e-05
2025-04-12 12:00:00+00:00,1.606,1.7287,1.6019,1.684,3971547.0,-0.00012526
2025-04-12 16:00:00+00:00,1.684,1.725,1.6547,1.7195,1717284.0,5e-05
2025-04-12 20:00:00+00:00,1.7195,1.774,1.7157,1.752,1658446.0,3.597e-05
2025-04-13 00:00:00+00:00,1.752,1.7595,1.6968,1.7049,860404.0,2.8e-07
2025-04-13 04:00:00+00:00,1.7049,1.7051,1.6597,1.6642,1113164.0,5e-05
2025-04-13 08:00:00+00:00,1.6642,1.6905,1.6364,1.6469,1188171.0,5e-05
2025-04-13 12:00:00+00:00,1.6469,1.6635,1.5975,1.6088,2129424.0,-3.776e-05
2025-04-13 16:00:00+00:00,1.6088,1.6545,1.5054,1.5215,3621013.0,-6.139e-05
2025-04-13 20:00:00+00:00,1.5215,1.5323,1.4544,1.4954,3153747.0,-0.00011788
2025-04-14 00:00:00+00:00,1.4954,1.5904,1.4895,1.5624,2097648.0,-7.188e-05
2025-04-14 04:00:00+00:00,1.5624,1.5995,1.553,1.5995,1091209.0,3.95e-05
2025-04-14 08:00:00+00:00,1.5995,1.6752,1.598,1.6458,3354788.0,-3.15e-05
2025-04-14 12:00:00+00:00,1.6458,1.6551,1.565,1.5702,2801404.0,5e-05
2025-04-14 16:00:00+00:00,1.5702,1.6374,1.5678,1.6284,1874620.0,3.031e-05
2025-04-14 20:00:00+00:00,1.6284,1.6899,1.6174,1.6287,2199323.0,5e-05
2025-04-15 00:00:00+00:00,1.6287,1.6493,1.6003,1.6377,1068506.0,5e-05
2025-04-15 04:00:00+00:00,1.6377,1.6396,1.602,1.6199,999115.0,3.89e-06
2025-04-15 08:00:00+00:00,1.6199,1.6279,1.5882,1.6109,1223499.0,3.776e-05
2025-04-15 12:00:00+00:00,1.6109,1.6389,1.595,1.6213,1853989.0,4.524e-05
2025-04-15 16:00:00+00:00,1.6213,1.6346,1.5898,1.6104,1161710.0,1.007e-05
2025-04-15 20:00:00+00:00,1.6104,1.6638,1.6081,1.6424,1124934.0,4.15e-05
2025-04-16 00:00:00+00:00,1.6424,1.6866,1.6294,1.6628,980732.0,5e-05
2025-04-16 04:00:00+00:00,1.6628,1.6816,1.6092,1.6281,1160965.0,5e-05
2025-04-16 08:00:00+00:00,1.6281,1.6782,1.6232,1.6626,1074407.0,1.619e-05
2025-04-16 12:00:00+00:00,1.6626,1.686,1.6396,1.6789,1382549.0,5e-05
2025-04-16 16:00:00+00:00,1.6789,1.7204,1.6285,1.6926,2454760.0,5e-05
2025-04-16 20:00:00+00:00,1.6926,1.7023,1.6487,1.6706,802860.0,4.731e-05
2025-04-17 00:00:00+00:00,1.6706,1.702,1.6495,1.6596,803200.0,-1.892e-05
2025-04-17 04:00:00+00:00,1.6596,1.7362,1.6557,1.7197,1172883.0,-5.047e-05
2025-04-17 08:00:00+00:00,1.7197,1.7293,1.6613,1.6817,896112.0,5e-05
2025-04-17 12:00:00+00:00,1.6817,1.7,1.6416,1.6954,1429189.0,1.784e-05
2025-04-17 16:00:00+00:00,1.6954,1.7284,1.664,1.6842,1294575.0,5e-05
2025-04-17 20:00:00+00:00,1.6842,1.7085,1.6801,1.6962,470923.0,3.108e-05
2025-04-18 00:00:00+00:00,1.6962,1.7053,1.6749,1.6907,529103.0,5e-05
2025-04-18 04:00:00+00:00,1.6907,1.7043,1.6833,1.699,387595.0,5e-05
2025-04-18 08:00:00+00:00,1.699,1.725,1.6549,1.6828,972777.0,5e-05
2025-04-18 12:00:00+00:00,1.6828,1.6875,1.6491,1.6536,668806.0,-2.878e-05
2025-04-18 16:00:00+00:00,1.6536,1.68,1.6469,1.6611,543752.0,-0.00014818
2025-04-18 20:00:00+00:00,1.6611,1.6659,1.6271,1.6417,602726.0,4.597e-05
2025-04-19 00:00:00+00:00,1.6417,1.6897,1.6361,1.687,455427.0,-7.97e-06
2025-04-19 04:00:00+00:00,1.687,1.6981,1.6609,1.6616,664726.0,5e-05
2025-04-19 08:00:00+00:00,1.6616,1.6717,1.6539,1.6582,507318.0,5e-05
2025-04-19 12:00:00+00:00,1.6582,1.6712,1.6425,1.6694,781381.0,5e-05
2025-04-19 16:00:00+00:00,1.6694,1.6879,1.6497,1.6778,520595.0,8.16e-06
2025-04-19 20:00:00+00:00,1.6778,1.718,1.6761,1.7162,733864.0,2.812e-05
2025-04-20 00:00:00+00:00,1.7162,1.75,1.7049,1.7067,1246411.0,5e-05
2025-04-20 04:00:00+00:00,1.7067,1.7602,1.7037,1.7413,736813.0,5e-05
2025-04-20 08:00:00+00:00,1.7413,1.7442,1.7047,1.7137,590819.0,1.715e-05
2025-04-20 12:00:00+00:00,1.7137,1.7573,1.6852,1.6936,1015257.0,5e-05
2025-04-20 16:00:00+00:00,1.6936,1.7123,1.6835,1.707,392343.0,5e-05
2025-04-20 20:00:00+00:00,1.707,1.7248,1.6875,1.7121,397185.0,5e-05
2025-04-21 00:00:00+00:00,1.7121,1.7523,1.699,1.7012,537050.0,5e-05
2025-04-21 04:00:00+00:00,1.7012,1.7287,1.6911,1.6962,466987.0,5e-05
2025-04-21 08:00:00+00:00,1.6962,1.7189,1.6911,1.7008,478135.0,5e-05
2025-04-21 12:00:00+00:00,1.7008,1.7069,1.6274,1.6289,1366687.0,5e-05
2025-04-21 16:00:00+00:00,1.6289,1.655,1.5963,1.6355,1501986.0,5e-05
2025-04-21 20:00:00+00:00,1.6355,1.6405,1.5767,1.5845,595683.0,5e-05
2025-04-22 00:00:00+00:00,1.5845,1.615,1.5581,1.596,1075148.0,5e-05
2025-04-22 04:00:00+00:00,1.596,1.6086,1.5702,1.605,831767.0,5e-05
2025-04-22 08:00:00+00:00,1.605,1.6181,1.569,1.6064,808841.0,4.878e-05
2025-04-22 12:00:00+00:00,1.6064,1.7267,1.595,1.6562,2790891.0,5e-05
2025-04-22 16:00:00+00:00,1.6562,1.67,1.6267,1.644,680186.0,5e-05
2025-04-22 20:00:00+00:00,1.644,1.7,1.591,1.6816,2209116.0,5e-05
2025-04-23 00:00:00+00:00,1.6816,1.7478,1.6682,1.726,1474454.0,5e-05
2025-04-23 04:00:00+00:00,1.726,1.7369,1.653,1.6642,1554187.0,5e-05
2025-04-23 08:00:00+00:00,1.6642,1.7236,1.633,1.7179,1549996.0,5e-05
2025-04-23 12:00:00+00:00,1.7179,1.7456,1.653,1.7409,4423983.0,5e-05
2025-04-23 16:00:00+00:00,1.7409,1.7468,1.6776,1.6945,2417201.0,5e-05
2025-04-23 20:00:00+00:00,1.6945,1.7296,1.686,1.7187,645637.0,5e-05
2025-04-24 00:00:00+00:00,1.7187,1.7311,1.6414,1.6424,1012151.0,5e-05
2025-04-24 04:00:00+00:00,1.6424,1.6814,1.6413,1.6579,497450.0,5e-05
2025-04-24 08:00:00+00:00,1.6579,1.6807,1.641,1.6594,767920.0,5e-05
2025-04-24 12:00:00+00:00,1.6594,1.6982,1.6339,1.6815,1059338.0,5e-05
2025-04-24 16:00:00+00:00,1.6815,1.6914,1.6206,1.6613,917968.0,5e-05
2025-04-24 20:00:00+00:00,1.6613,1.6676,1.637,1.657,560237.0,5e-05
2025-04-25 00:00:00+00:00,1.657,1.7429,1.6301,1.7187,4099926.0,5e-05
2025-04-25 04:00:00+00:00,1.7187,1.9014,1.7158,1.8265,7068761.0,5e-05
2025-04-25 08:00:00+00:00,1.8265,1.8944,1.7867,1.8453,3291063.0,5e-05
2025-04-25 12:00:00+00:00,1.8453,1.8538,1.7768,1.8037,4108938.0,5e-05
2025-04-25 16:00:00+00:00,1.8037,1.8146,1.7459,1.7551,2267194.0,5e-05
2025-04-25 20:00:00+00:00,1.7551,1.773,1.7268,1.748,1589325.0,5e-05
2025-04-26 00:00:00+00:00,1.748,1.8439,1.742,1.8287,2138435.0,5e-05
2025-04-26 04:00:00+00:00,1.8287,1.88,1.78,1.8234,2011579.0,5e-05
2025-04-26 08:00:00+00:00,1.8234,1.8537,1.7514,1.7609,2213370.0,5e-05
2025-04-26 12:00:00+00:00,1.7609,1.7763,1.7294,1.7634,1660652.0,5e-05
2025-04-26 16:00:00+00:00,1.7634,1.7634,1.7304,1.7471,1142136.0,5e-05
2025-04-26 20:00:00+00:00,1.7471,1.7563,1.7276,1.7509,575898.0,5e-05
2025-04-27 00:00:00+00:00,1.7509,1.7613,1.6331,1.6613,2294688.0,5e-05
2025-04-27 04:00:00+00:00,1.6613,1.6779,1.6303,1.6541,1127193.0,5e-05
2025-04-27 08:00:00+00:00,1.6541,1.671,1.6475,1.653,567916.0,5e-05
2025-04-27 12:00:00+00:00,1.653,1.701,1.6332,1.6985,1035693.0,5e-05
2025-04-27 16:00:00+00:00,1.6985,1.7068,1.6686,1.678,489792.0,5e-05
2025-04-27 20:00:00+00:00,1.678,1.6791,1.6424,1.6453,560760.0,5e-05
2025-04-28 00:00:00+00:00,1.6453,1.6475,1.5703,1.631,1391334.0,5e-05
2025-04-28 04:00:00+00:00,1.631,1.6797,1.6297,1.674,554150.0,5e-05
2025-04-28 08:00:00+00:00,1.674,1.6793,1.636,1.6516,1039992.0,5e-05
2025-04-28 12:00:00+00:00,1.6516,1.6678,1.5911,1.6115,1399501.0,5e-05
2025-04-28 16:00:00+00:00,1.6115,1.6458,1.5953,1.644,548362.0,5e-05
2025-04-28 20:00:00+00:00,1.644,1.6464,1.6224,1.632,372432.0,5e-05
2025-04-29 00:00:00+00:00,1.632,1.6517,1.6236,1.6336,437296.0,5e-05
2025-04-29 04:00:00+00:00,1.6336,1.6358,1.601,1.6318,603578.0,5e-05
2025-04-29 08:00:00+00:00,1.6318,1.6526,1.6058,1.6305,1063881.0,5e-05
2025-04-29 12:00:00+00:00,1.6305,1.6375,1.608,1.6185,695042.0,5e-05
2025-04-29 16:00:00+00:00,1.6185,1.6485,1.6136,1.6332,549774.0,5e-05
2025-04-29 20:00:00+00:00,1.6332,1.6358,1.5631,1.595,895328.0,5e-05
2025-04-30 00:00:00+00:00,1.595,1.6132,1.5826,1.606,362254.0,5e-05
2025-04-30 04:00:00+00:00,1.606,1.618,1.5826,1.5834,410944.0,5e-05
2025-04-30 08:00:00+00:00,1.5834,1.5988,1.5507,1.59,920533.0,5e-05
2025-04-30 12:00:00+00:00,1.59,1.5951,1.4783,1.5214,2553069.0,5e-05
2025-04-30 16:00:00+00:00,1.5214,1.5629,1.5101,1.553,553311.0,5e-05
2025-04-30 20:00:00+00:00,1.553,1.5716,1.5433,1.563,301649.0,5e-05
2025-05-01 00:00:00+00:00,1.563,1.5761,1.5542,1.5607,427028.0,5e-05
2025-05-01 04:00:00+00:00,1.5607,1.5738,1.5556,1.567,251173.0,5e-05
2025-05-01 08:00:00+00:00,1.567,1.5944,1.5644,1.5819,747537.0,5e-05
2025-05-01 12:00:00+00:00,1.5819,1.5927,1.5595,1.5615,1153637.0,5e-05
2025-05-01 16:00:00+00:00,1.5615,1.6184,1.5613,1.6002,1078628.0,5e-05
2025-05-01 20:00:00+00:00,1.6002,1.6097,1.5726,1.5902,364355.0,5e-05
2025-05-02 00:00:00+00:00,1.5902,1.594,1.5688,1.5778,378802.0,5e-05
2025-05-02 04:00:00+00:00,1.5778,1.5858,1.5301,1.5445,1004656.0,5e-05
2025-05-02 08:00:00+00:00,1.5445,1.5687,1.542,1.5575,311975.0,5e-05
2025-05-02 12:00:00+00:00,1.5575,1.5863,1.5412,1.5649,622711.0,5e-05
2025-05-02 16:00:00+00:00,1.5649,1.5771,1.52,1.5361,710903.0,5e-05
2025-05-02 20:00:00+00:00,1.5361,1.549,1.5231,1.538,294845.0,5e-05
2025-05-03 00:00:00+00:00,1.538,1.5405,1.5083,1.5355,484445.0,5e-05
2025-05-03 04:00:00+00:00,1.5355,1.5431,1.5255,1.5372,354372.0,5e-05
2025-05-03 08:00:00+00:00,1.5372,1.5405,1.511,1.512,493047.0,5e-05
2025-05-03 12:00:00+00:00,1.512,1.5367,1.5114,1.5253,361802.0,5e-05
2025-05-03 16:00:00+00:00,1.5253,1.5262,1.475,1.5129,987534.0,5e-05
2025-05-03 20:00:00+00:00,1.5129,1.5176,1.485,1.4854,298899.0,5e-05
2025-05-04 00:00:00+00:00,1.4854,1.5048,1.4683,1.473,662208.0,5e-05
2025-05-04 04:00:00+00:00,1.473,1.5017,1.4692,1.4894,563571.0,5e-05
2025-05-04 08:00:00+00:00,1.4894,1.4899,1.4591,1.4775,606695.0,5e-05
2025-05-04 12:00:00+00:00,1.4775,1.4887,1.42,1.4663,1797781.0,5e-05
2025-05-04 16:00:00+00:00,1.4663,1.4746,1.4477,1.4584,610485.0,5e-05
2025-05-04 20:00:00+00:00,1.4584,1.4816,1.4179,1.4313,904595.0,5e-05
2025-05-05 00:00:00+00:00,1.4313,1.4522,1.4045,1.4333,909785.0,5e-05
2025-05-05 04:00:00+00:00,1.4333,1.4609,1.4243,1.4245,533986.0,5e-05
2025-05-05 08:00:00+00:00,1.4245,1.4295,1.3688,1.3804,944213.0,5e-05
2025-05-05 12:00:00+00:00,1.3804,1.4001,1.3689,1.3807,783533.0,5e-05
2025-05-05 16:00:00+00:00,1.3807,1.4153,1.3797,1.3962,460888.0,5e-05
2025-05-05 20:00:00+00:00,1.3962,1.4132,1.3662,1.3982,654021.0,5e-05
2025-05-06 00:00:00+00:00,1.3982,1.4537,1.3947,1.4495,840927.0,5e-05
2025-05-06 04:00:00+00:00,1.4495,1.5112,1.4423,1.482,1111885.0,5e-05
2025-05-06 08:00:00+00:00,1.482,1.4987,1.463,1.47,1691106.0,4.143e-05
2025-05-06 12:00:00+00:00,1.47,1.4825,1.4358,1.4514,1689861.0,5e-05
2025-05-06 16:00:00+00:00,1.4514,1.5026,1.4326,1.4917,1699798.0,5e-05
2025-05-06 20:00:00+00:00,1.4917,1.5278,1.4496,1.5095,1253024.0,2.484e-05
2025-05-07 00:00:00+00:00,1.5095,1.5193,1.4821,1.5067,630769.0,5e-05
2025-05-07 04:00:00+00:00,1.5067,1.5096,1.4835,1.507,783553.0,5e-05
2025-05-07 08:00:00+00:00,1.507,1.5299,1.4932,1.5008,638424.0,5e-05
2025-05-07 12:00:00+00:00,1.5008,1.513,1.4791,1.4825,762656.0,3.142e-05
2025-05-07 16:00:00+00:00,1.4825,1.4999,1.4425,1.4677,1259937.0,5e-05
2025-05-07 20:00:00+00:00,1.4677,1.5298,1.4626,1.5169,599136.0,5e-05
2025-05-08 00:00:00+00:00,1.5169,1.5376,1.4954,1.5147,624063.0,5e-05
2025-05-08 04:00:00+00:00,1.5147,1.5798,1.5101,1.5685,833714.0,5e-05
2025-05-08 08:00:00+00:00,1.5685,1.5812,1.5602,1.5644,606846.0,5e-05
2025-05-08 12:00:00+00:00,1.5644,1.6063,1.5379,1.5791,1354826.0,5e-05
2025-05-08 16:00:00+00:00,1.5791,1.5998,1.5525,1.5663,828030.0,5e-05
2025-05-08 20:00:00+00:00,1.5663,1.5983,1.533,1.5884,1113341.0,5e-05
2025-05-09 00:00:00+00:00,1.5884,1.6141,1.5571,1.56,1115677.0,5e-05
2025-05-09 04:00:00+00:00,1.56,1.6789,1.5559,1.6408,2445025.0,5e-05
2025-05-09 08:00:00+00:00,1.6408,1.6755,1.5888,1.6315,3048958.0,5e-05
2025-05-09 12:00:00+00:00,1.6315,1.6456,1.5711,1.6015,1530325.0,5e-05
2025-05-09 16:00:00+00:00,1.6015,1.6104,1.5618,1.5938,959639.0,5e-05
2025-05-09 20:00:00+00:00,1.5938,1.6334,1.5846,1.63,447052.0,5e-05
2025-05-10 00:00:00+00:00,1.63,1.6699,1.6121,1.6413,693078.0,5e-05
2025-05-10 04:00:00+00:00,1.6413,1.6963,1.6333,1.6879,838136.0,5e-05
2025-05-10 08:00:00+00:00,1.6879,1.7085,1.6112,1.6151,1183098.0,5e-05
2025-05-10 12:00:00+00:00,1.6151,1.6525,1.6151,1.6204,598249.0,5e-05
2025-05-10 16:00:00+00:00,1.6204,1.6691,1.6156,1.6525,776068.0,5e-05
2025-05-10 20:00:00+00:00,1.6525,1.6817,1.6369,1.6811,490222.0,5e-05
2025-05-11 00:00:00+00:00,1.6811,1.6909,1.5895,1.6205,1410192.0,5e-05
2025-05-11 04:00:00+00:00,1.6205,1.6448,1.5411,1.5615,1408609.0,5e-05
2025-05-11 08:00:00+00:00,1.5615,1.5951,1.5401,1.5898,807291.0,5e-05
2025-05-11 12:00:00+00:00,1.5898,1.6049,1.5326,1.5688,1908079.0,5e-05
2025-05-11 16:00:00+00:00,1.5688,1.628,1.5467,1.6161,1058967.0,5e-05
2025-05-11 20:00:00+00:00,1.6161,1.6491,1.6027,1.6435,702201.0,5e-05
2025-05-12 00:00:00+00:00,1.6435,1.6694,1.6112,1.6663,1120871.0,5e-05
2025-05-12 04:00:00+00:00,1.6663,1.7016,1.6389,1.6619,1455881.0,5e-05
2025-05-12 08:00:00+00:00,1.6619,1.6922,1.6262,1.6292,1339356.0,5e-05
2025-05-12 12:00:00+00:00,1.6292,1.6658,1.5966,1.6106,2034300.0,5e-05
2025-05-12 16:00:00+00:00,1.6106,1.6566,1.5231,1.5639,1924363.0,5e-05
2025-05-12 20:00:00+00:00,1.5639,1.6064,1.5534,1.5953,464738.0,5e-05
2025-05-13 00:00:00+00:00,1.5953,1.5987,1.4851,1.4921,1189252.0,5e-05
2025-05-13 04:00:00+00:00,1.4921,1.5628,1.4875,1.5542,982377.0,5e-05
2025-05-13 08:00:00+00:00,1.5542,1.6353,1.5488,1.6324,1232722.0,5e-05
2025-05-13 12:00:00+00:00,1.6324,1.6509,1.5756,1.6163,1488714.0,5e-05
2025-05-13 16:00:00+00:00,1.6163,1.8707,1.6138,1.7968,5300709.0,5e-05
2025-05-13 20:00:00+00:00,1.7968,1.8273,1.7112,1.8085,3126398.0,5e-05
2025-05-14 00:00:00+00:00,1.8085,1.993,1.7908,1.9175,3479532.0,5e-05
2025-05-14 04:00:00+00:00,1.9175,2.1878,1.888,2.0906,10474589.0,5e-05
2025-05-14 08:00:00+00:00,2.0906,2.28,2.0501,2.2595,11406537.0,5e-05
2025-05-14 12:00:00+00:00,2.2595,2.3976,2.0768,2.1428,14502118.0,5e-05
2025-05-14 16:00:00+00:00,2.1428,2.1869,2.0218,2.0452,9463078.0,5e-05
2025-05-14 20:00:00+00:00,2.0452,2.1358,2.0,2.0256,4643108.0,5e-05
2025-05-15 00:00:00+00:00,2.0256,2.1,1.9694,2.0005,4465488.0,5e-05
2025-05-15 04:00:00+00:00,2.0005,2.0205,1.8301,1.8456,5083280.0,5e-05
2025-05-15 08:00:00+00:00,1.8456,1.9441,1.84,1.9368,3071519.0,5e-05
2025-05-15 12:00:00+00:00,1.9368,2.0582,1.8963,2.013,5509963.0,5e-05
2025-05-15 16:00:00+00:00,2.013,2.0594,1.9317,1.9705,2640161.0,5e-05
2025-05-15 20:00:00+00:00,1.9705,1.9834,1.8315,1.8995,2010583.0,5e-05
2025-05-16 00:00:00+00:00,1.8995,1.9335,1.853,1.9036,1058621.0,5e-05
2025-05-16 04:00:00+00:00,1.9036,1.921,1.8342,1.8546,1109950.0,5e-05
2025-05-16 08:00:00+00:00,1.8546,1.9856,1.8008,1.9588,2574501.0,5e-05
2025-05-16 12:00:00+00:00,1.9588,1.9953,1.917,1.9846,2329965.0,5e-05
2025-05-16 16:00:00+00:00,1.9846,2.0109,1.9248,1.9519,1511219.0,5e-05
2025-05-16 20:00:00+00:00,1.9519,1.9697,1.8651,1.9191,1433054.0,5e-05
2025-05-17 00:00:00+00:00,1.9191,1.92,1.8156,1.8844,1078230.0,5e-05
2025-05-17 04:00:00+00:00,1.8844,1.9392,1.8436,1.9049,1357275.0,5e-05
2025-05-17 08:00:00+00:00,1.9049,1.9641,1.8766,1.9565,1540746.0,5e-05
2025-05-17 12:00:00+00:00,1.9565,1.9871,1.9172,1.9472,1686599.0,5e-05
2025-05-17 16:00:00+00:00,1.9472,1.9669,1.8785,1.8854,1071118.0,5e-05
2025-05-17 20:00:00+00:00,1.8854,1.9158,1.8484,1.8941,1345525.0,5e-05
2025-05-18 00:00:00+00:00,1.8941,1.9594,1.8917,1.9444,597772.0,5e-05
2025-05-18 04:00:00+00:00,1.9444,2.1249,1.9357,2.1188,2207827.0,5e-05
2025-05-18 08:00:00+00:00,2.1188,2.1637,1.9924,2.0048,2762502.0,5e-05
2025-05-18 12:00:00+00:00,2.0048,2.2288,1.9889,2.182,3191711.0,5e-05
2025-05-18 16:00:00+00:00,2.182,2.1971,2.0446,2.05,3684117.0,5e-05
2025-05-18 20:00:00+00:00,2.05,2.1793,2.0234,2.1635,1433649.0,-7.808e-05
2025-05-19 00:00:00+00:00,2.1635,2.1812,2.0102,2.0413,1465359.0,5e-05
2025-05-19 04:00:00+00:00,2.0413,2.0423,1.8706,1.8889,3274677.0,-9.498e-05
2025-05-19 08:00:00+00:00,1.8889,1.9233,1.8528,1.878,1642576.0,-7.124e-05
2025-05-19 12:00:00+00:00,1.878,1.9936,1.8383,1.9488,2486298.0,4.971e-05
2025-05-19 16:00:00+00:00,1.9488,1.9947,1.9077,1.9601,1460353.0,5e-05
2025-05-19 20:00:00+00:00,1.9601,2.063,1.9444,2.0508,1535212.0,5e-05
2025-05-20 00:00:00+00:00,2.0508,2.1034,1.9968,2.0677,1153978.0,5e-05
2025-05-20 04:00:00+00:00,2.0677,2.07,2.0065,2.0162,1073741.0,5e-05
2025-05-20 08:00:00+00:00,2.0162,2.0911,2.0145,2.037,990772.0,5e-05
2025-05-20 12:00:00+00:00,2.037,2.0688,1.9828,2.0402,1582334.0,5e-05
2025-05-20 16:00:00+00:00,2.0402,2.1873,1.9982,2.1629,3011785.0,5e-05
2025-05-20 20:00:00+00:00,2.1629,2.2799,2.1115,2.2535,3597076.0,5e-05
2025-05-21 00:00:00+00:00,2.2535,2.32,2.1886,2.2258,2034522.0,5e-05
2025-05-21 04:00:00+00:00,2.2258,2.2899,2.1815,2.2312,1575652.0,5e-05
2025-05-21 08:00:00+00:00,2.2312,2.3499,2.2232,2.3418,2161939.0,5e-05
2025-05-21 12:00:00+00:00,2.3418,2.4985,2.2925,2.4884,5293727.0,5e-05
2025-05-21 16:00:00+00:00,2.4884,2.5693,2.3421,2.4169,4369108.0,5e-05
2025-05-21 20:00:00+00:00,2.4169,2.497,2.3718,2.4869,1083236.0,5e-05
2025-05-22 00:00:00+00:00,2.4869,2.599,2.4714,2.5827,1531222.0,5e-05
2025-05-22 04:00:00+00:00,2.5827,2.6085,2.4843,2.573,2319228.0,5e-05
2025-05-22 08:00:00+00:00,2.573,2.5852,2.4892,2.5135,1379238.0,5e-05
2025-05-22 12:00:00+00:00,2.5135,2.5381,2.4406,2.4505,1673501.0,5e-05
2025-05-22 16:00:00+00:00,2.4505,2.488,2.4443,2.4552,733473.0,5e-05
2025-05-22 20:00:00+00:00,2.4552,2.4718,2.4254,2.4662,670478.0,5e-05
2025-05-23 00:00:00+00:00,2.4662,2.4778,2.4002,2.4655,988748.0,5e-05
2025-05-23 04:00:00+00:00,2.4655,2.4806,2.3936,2.4405,1069935.0,5e-05
2025-05-23 08:00:00+00:00,2.4405,2.5173,2.2849,2.3038,2866151.0,5e-05
2025-05-23 12:00:00+00:00,2.3038,2.392,2.2489,2.3482,2351544.0,5e-05
2025-05-23 16:00:00+00:00,2.3482,2.3866,2.3009,2.3063,790729.0,5e-05
2025-05-23 20:00:00+00:00,2.3063,2.3076,2.1963,2.2068,804919.0,5e-05
2025-05-24 00:00:00+00:00,2.2068,2.3001,2.2043,2.285,483726.0,5e-05
2025-05-24 04:00:00+00:00,2.285,2.3086,2.2562,2.2667,461396.0,5e-05
2025-05-24 08:00:00+00:00,2.2667,2.3232,2.245,2.31,510026.0,5e-05
2025-05-24 12:00:00+00:00,2.31,2.3477,2.3008,2.3397,471499.0,5e-05
2025-05-24 16:00:00+00:00,2.3397,2.3665,2.295,2.3304,475098.0,5e-05
2025-05-24 20:00:00+00:00,2.3304,2.3414,2.2766,2.3031,254650.0,5e-05
2025-05-25 00:00:00+00:00,2.3031,2.3116,2.1656,2.2104,905963.0,5e-05
2025-05-25 04:00:00+00:00,2.2104,2.2192,2.115,2.1196,601410.0,5e-05
2025-05-25 08:00:00+00:00,2.1196,2.1213,2.0595,2.0888,738490.0,5e-05
2025-05-25 12:00:00+00:00,2.0888,2.1508,2.0321,2.0475,1167558.0,5e-05
2025-05-25 16:00:00+00:00,2.0475,2.1388,2.0283,2.1268,850022.0,5e-05
2025-05-25 20:00:00+00:00,2.1268,2.3531,2.1138,2.3382,1494033.0,5e-05
2025-05-26 00:00:00+00:00,2.3382,2.4234,2.3068,2.3305,1535076.0,5e-05
2025-05-26 04:00:00+00:00,2.3305,2.4218,2.3035,2.4201,1006554.0,5e-05
2025-05-26 08:00:00+00:00,2.4201,2.4599,2.3837,2.4307,1528311.0,5e-05
2025-05-26 12:00:00+00:00,2.4307,2.4982,2.4136,2.4542,3689617.0,5e-05
2025-05-26 16:00:00+00:00,2.4542,2.4726,2.364,2.3765,2213599.0,5e-05
2025-05-26 20:00:00+00:00,2.3765,2.406,2.3394,2.361,777923.0,5e-05
2025-05-27 00:00:00+00:00,2.361,2.3782,2.2653,2.3041,1385309.0,5e-05
2025-05-27 04:00:00+00:00,2.3041,2.3321,2.251,2.3133,1008728.0,5e-05
2025-05-27 08:00:00+00:00,2.3133,2.4238,2.3117,2.3172,1863153.0,5e-05
2025-05-27 12:00:00+00:00,2.3172,2.4044,2.2867,2.3491,1838517.0,5e-05
2025-05-27 16:00:00+00:00,2.3491,2.373,2.3,2.3064,577337.0,5e-05
2025-05-27 20:00:00+00:00,2.3064,2.3177,2.2165,2.2631,918831.0,5e-05
2025-05-28 00:00:00+00:00,2.2631,2.3171,2.2532,2.3049,494537.0,5e-05
2025-05-28 04:00:00+00:00,2.3049,2.3167,2.2593,2.2782,473012.0,5e-05
2025-05-28 08:00:00+00:00,2.2782,2.2923,2.2226,2.2537,476112.0,5e-05
2025-05-28 12:00:00+00:00,2.2537,2.2889,2.1198,2.1472,1315068.0,5e-05
2025-05-28 16:00:00+00:00,2.1472,2.2464,2.1472,2.1545,973641.0,5e-05
2025-05-28 20:00:00+00:00,2.1545,2.1884,2.151,2.1665,552873.0,5e-05
2025-05-29 00:00:00+00:00,2.1665,2.2009,2.1409,2.1533,818521.0,5e-05
2025-05-29 04:00:00+00:00,2.1533,2.1605,2.0933,2.1009,1081190.0,5e-05
2025-05-29 08:00:00+00:00,2.1009,2.1702,2.093,2.1505,730650.0,5e-05
2025-05-29 12:00:00+00:00,2.1505,2.1549,2.081,2.121,1288067.0,5e-05
2025-05-29 16:00:00+00:00,2.121,2.1311,2.05,2.063,1098064.0,5e-05
2025-05-29 20:00:00+00:00,2.063,2.0942,2.03,2.0456,515096.0,5e-05
2025-05-30 00:00:00+00:00,2.0456,2.0598,1.9369,2.0327,1204319.0,5e-05
2025-05-30 04:00:00+00:00,2.0327,2.0433,1.9654,1.976,820913.0,5e-05
2025-05-30 08:00:00+00:00,1.976,2.0095,1.9461,1.9745,921764.0,5e-05
2025-05-30 12:00:00+00:00,1.9745,1.978,1.8935,1.9063,1421273.0,5e-05
2025-05-30 16:00:00+00:00,1.9063,1.9161,1.827,1.9048,1575290.0,5e-05
2025-05-30 20:00:00+00:00,1.9048,1.9064,1.6351,1.6743,6784038.0,5e-05
2025-05-31 00:00:00+00:00,1.6743,1.718,1.6589,1.696,1913646.0,-0.00014787
2025-05-31 04:00:00+00:00,1.696,1.7865,1.6382,1.7676,1538905.0,-0.00016462
2025-05-31 08:00:00+00:00,1.7676,1.814,1.7565,1.7791,994654.0,-1.214e-05
2025-05-31 12:00:00+00:00,1.7791,1.8374,1.7705,1.8008,1268839.0,5e-05
2025-05-31 16:00:00+00:00,1.8008,1.8457,1.7732,1.7914,875403.0,1.573e-05
2025-05-31 20:00:00+00:00,1.7914,1.8364,1.7812,1.8201,602578.0,-7.026e-05
2025-06-01 00:00:00+00:00,1.8201,1.8438,1.794,1.812,636551.0,5e-05
2025-06-01 04:00:00+00:00,1.812,1.8371,1.7603,1.773,522544.0,5e-05
2025-06-01 08:00:00+00:00,1.773,1.7834,1.7084,1.7384,1025605.0,5e-05
2025-06-01 12:00:00+00:00,1.7384,1.7948,1.7138,1.7679,852998.0,4.005e-05
2025-06-01 16:00:00+00:00,1.7679,1.808,1.7328,1.7753,825912.0,5e-05
2025-06-01 20:00:00+00:00,1.7753,1.8192,1.7616,1.7938,436873.0,5e-05
2025-06-02 00:00:00+00:00,1.7938,1.8072,1.7544,1.7804,291855.0,5e-05
2025-06-02 04:00:00+00:00,1.7804,1.7932,1.7468,1.7883,290111.0,5e-05
2025-06-02 08:00:00+00:00,1.7883,1.8011,1.733,1.7504,465492.0,5e-05
2025-06-02 12:00:00+00:00,1.7504,1.7633,1.7111,1.7375,663939.0,5e-05
2025-06-02 16:00:00+00:00,1.7375,1.7396,1.6813,1.694,822302.0,5e-05
2025-06-02 20:00:00+00:00,1.694,1.7968,1.6939,1.7473,1204150.0,5e-05
2025-06-03 00:00:00+00:00,1.7473,1.8295,1.7388,1.789,806804.0,5e-05
2025-06-03 04:00:00+00:00,1.789,1.8294,1.7765,1.8107,844827.0,5e-05
2025-06-03 08:00:00+00:00,1.8107,1.8366,1.7829,1.7955,940169.0,5e-05
2025-06-03 12:00:00+00:00,1.7955,1.838,1.7679,1.8239,1665568.0,2.539e-05
2025-06-03 16:00:00+00:00,1.8239,1.826,1.7681,1.8108,750063.0,1.499e-05
2025-06-03 20:00:00+00:00,1.8108,1.8108,1.712,1.759,1874814.0,5e-05
2025-06-04 00:00:00+00:00,1.759,1.8132,1.7396,1.8005,756855.0,5e-05
2025-06-04 04:00:00+00:00,1.8005,1.8095,1.7743,1.7965,314501.0,5e-05
2025-06-04 08:00:00+00:00,1.7965,1.8658,1.7848,1.8185,1864966.0,5e-05
2025-06-04 12:00:00+00:00,1.8185,1.954,1.7925,1.9299,3730547.0,5e-05
2025-06-04 16:00:00+00:00,1.9299,1.989,1.9043,1.9423,3045485.0,5e-05
2025-06-04 20:00:00+00:00,1.9423,1.9617,1.8859,1.9554,2113775.0,5e-05
2025-06-05 00:00:00+00:00,1.9554,1.9914,1.9234,1.9377,2012489.0,-6.227e-05
2025-06-05 04:00:00+00:00,1.9377,1.966,1.8701,1.8835,1904705.0,-0.00015526
2025-06-05 08:00:00+00:00,1.8835,1.902,1.8628,1.874,1855432.0,7.07e-06
2025-06-05 12:00:00+00:00,1.874,1.9044,1.8113,1.8442,2036890.0,-7.75e-06
2025-06-05 16:00:00+00:00,1.8442,1.8502,1.7705,1.7772,1551752.0,-2.162e-05
2025-06-05 20:00:00+00:00,1.7772,1.7928,1.6975,1.7791,2106662.0,5e-05
2025-06-06 00:00:00+00:00,1.7791,1.8857,1.7582,1.8731,1432866.0,-5.896e-05
2025-06-06 04:00:00+00:00,1.8731,2.0183,1.8629,1.9891,3255451.0,5e-05
2025-06-06 08:00:00+00:00,1.9891,2.0341,1.979,2.0134,2011053.0,-2.409e-05
2025-06-06 12:00:00+00:00,2.0134,2.0761,1.9924,2.0642,2871238.0,5e-05
2025-06-06 16:00:00+00:00,2.0642,2.0738,1.9883,2.0471,2804224.0,-6.25e-06
2025-06-06 20:00:00+00:00,2.0471,2.166,2.0342,2.1402,5310460.0,-7.06e-06
2025-06-07 00:00:00+00:00,2.1402,2.2399,2.1342,2.207,5108744.0,-0.00012654
2025-06-07 04:00:00+00:00,2.207,2.2189,2.1565,2.1866,2484695.0,-8.635e-05
2025-06-07 08:00:00+00:00,2.1866,2.2,2.1311,2.1473,2087449.0,5e-05
2025-06-07 12:00:00+00:00,2.1473,2.1892,2.1401,2.1455,1786363.0,5e-05
2025-06-07 16:00:00+00:00,2.1455,2.1623,2.0938,2.1348,1532736.0,5e-05
2025-06-07 20:00:00+00:00,2.1348,2.137,2.1037,2.1133,411864.0,5e-05
2025-06-08 00:00:00+00:00,2.1133,2.1308,2.0922,2.1016,710134.0,2.084e-05
2025-06-08 04:00:00+00:00,2.1016,2.1174,2.0804,2.086,607845.0,5e-05
2025-06-08 08:00:00+00:00,2.086,2.114,2.0636,2.1057,870136.0,5e-05
2025-06-08 12:00:00+00:00,2.1057,2.1127,2.008,2.0086,1453405.0,5e-05
2025-06-08 16:00:00+00:00,2.0086,2.0497,1.9544,1.9659,3288276.0,5e-05
2025-06-08 20:00:00+00:00,1.9659,1.9921,1.8854,1.8958,2934735.0,5e-05
2025-06-09 00:00:00+00:00,1.8958,1.9539,1.8902,1.9512,1546770.0,5e-05
2025-06-09 04:00:00+00:00,1.9512,1.9834,1.9178,1.9642,1397011.0,5e-05
2025-06-09 08:00:00+00:00,1.9642,2.0211,1.948,1.9987,2091859.0,5e-05
2025-06-09 12:00:00+00:00,1.9987,2.0177,1.9811,1.9828,921926.0,5e-05
2025-06-09 16:00:00+00:00,1.9828,2.0584,1.9828,2.0369,896791.0,2.89e-06
2025-06-09 20:00:00+00:00,2.0369,2.12,2.0305,2.0516,1411865.0,5e-05
2025-06-10 00:00:00+00:00,2.0516,2.0519,2.0159,2.0328,855276.0,5e-05
2025-06-10 04:00:00+00:00,2.0328,2.0758,2.013,2.0648,756573.0,5e-05
2025-06-10 08:00:00+00:00,2.0648,2.0648,1.9954,2.054,1379581.0,5e-05
2025-06-10 12:00:00+00:00,2.054,2.1545,1.992,2.0296,3247827.0,5e-05
2025-06-10 16:00:00+00:00,2.0296,2.0714,1.9835,2.0419,1102522.0,5e-05
2025-06-10 20:00:00+00:00,2.0419,2.0768,2.007,2.0685,1137659.0,4.094e-05
2025-06-11 00:00:00+00:00,2.0685,2.0685,1.9934,2.036,1641900.0,5e-05
2025-06-11 04:00:00+00:00,2.036,2.0408,2.0016,2.02,492415.0,-3.094e-05
2025-06-11 08:00:00+00:00,2.02,2.0268,1.97,1.9908,960919.0,5e-05
2025-06-11 12:00:00+00:00,1.9908,2.066,1.9626,2.0648,1633453.0,7.88e-06
2025-06-11 16:00:00+00:00,2.0648,2.0655,1.9038,1.9119,1768584.0,5e-05
2025-06-11 20:00:00+00:00,1.9119,1.9464,1.6699,1.7576,10758371.0,-4.62e-06
2025-06-12 00:00:00+00:00,1.7576,1.7851,1.7349,1.7827,2440938.0,-0.00041002
2025-06-12 04:00:00+00:00,1.7827,1.8104,1.6888,1.7017,5391015.0,-9.173e-05
2025-06-12 08:00:00+00:00,1.7017,1.7314,1.6888,1.7101,2364715.0,-0.00029221
2025-06-12 12:00:00+00:00,1.7101,1.7496,1.697,1.714,2271775.0,2.119e-05
2025-06-12 16:00:00+00:00,1.714,1.7658,1.6863,1.7085,1876396.0,5e-05
2025-06-12 20:00:00+00:00,1.7085,1.7142,1.6483,1.6749,1725716.0,-5.92e-06
2025-06-13 00:00:00+00:00,1.6749,1.6781,1.4711,1.5732,6667921.0,1.25e-05
2025-06-13 04:00:00+00:00,1.5732,1.6129,1.5585,1.597,1712071.0,-0.00028151
2025-06-13 08:00:00+00:00,1.597,1.6194,1.5829,1.6081,1346098.0,-0.00033009
2025-06-13 12:00:00+00:00,1.6081,1.6425,1.5748,1.6187,1221021.0,-0.00027253
2025-06-13 16:00:00+00:00,1.6187,1.648,1.5825,1.597,1079391.0,-5.786e-05
2025-06-13 20:00:00+00:00,1.597,1.6399,1.5934,1.6285,524753.0,-7.852e-05
2025-06-14 00:00:00+00:00,1.6285,1.6511,1.6084,1.6197,447402.0,2.359e-05
2025-06-14 04:00:00+00:00,1.6197,1.6484,1.6155,1.6422,485592.0,-0.00015424
2025-06-14 08:00:00+00:00,1.6422,1.6562,1.6263,1.6394,520721.0,-0.00034119
2025-06-14 12:00:00+00:00,1.6394,1.6538,1.6038,1.621,861305.0,-0.00025745
2025-06-14 16:00:00+00:00,1.621,1.6277,1.5752,1.578,772091.0,-0.00033306
2025-06-14 20:00:00+00:00,1.578,1.596,1.5337,1.5721,1610850.0,-9.263e-05
2025-06-15 00:00:00+00:00,1.5721,1.5912,1.5719,1.5828,519590.0,-0.00012251
2025-06-15 04:00:00+00:00,1.5828,1.6033,1.5719,1.5755,445612.0,-0.00027451
2025-06-15 08:00:00+00:00,1.5755,1.5908,1.5619,1.5879,606684.0,-0.00019395
2025-06-15 12:00:00+00:00,1.5879,1.6152,1.5683,1.5925,710794.0,-0.00016551
2025-06-15 16:00:00+00:00,1.5925,1.6294,1.5893,1.6247,430005.0,-0.00015368
2025-06-15 20:00:00+00:00,1.6247,1.643,1.5924,1.6416,670811.0,-0.000184
2025-06-16 00:00:00+00:00,1.6416,1.6613,1.614,1.6353,717954.0,-5.98e-06
2025-06-16 04:00:00+00:00,1.6353,1.6875,1.6353,1.6756,1060900.0,-6.98e-05
2025-06-16 08:00:00+00:00,1.6756,1.6827,1.6086,1.6267,1827513.0,-0.00011994
2025-06-16 12:00:00+00:00,1.6267,1.6496,1.6125,1.6177,2180848.0,5e-05
2025-06-16 16:00:00+00:00,1.6177,1.6375,1.598,1.6088,1399686.0,5e-05
2025-06-16 20:00:00+00:00,1.6088,1.6248,1.5086,1.5335,2876845.0,5e-05
2025-06-17 00:00:00+00:00,1.5335,1.5566,1.4835,1.5482,1833232.0,5e-05
2025-06-17 04:00:00+00:00,1.5482,1.551,1.486,1.4959,1013675.0,5e-05
2025-06-17 08:00:00+00:00,1.4959,1.5003,1.4666,1.4859,1199193.0,5e-05
2025-06-17 12:00:00+00:00,1.4859,1.4991,1.4377,1.4508,1543048.0,5e-05
2025-06-17 16:00:00+00:00,1.4508,1.4744,1.4081,1.4585,1539329.0,5e-05
2025-06-17 20:00:00+00:00,1.4585,1.4764,1.3944,1.4316,1359388.0,5e-05
2025-06-18 00:00:00+00:00,1.4316,1.4482,1.4159,1.4397,662895.0,-3.93e-05
2025-06-18 04:00:00+00:00,1.4397,1.453,1.4187,1.4344,732829.0,5e-05
2025-06-18 08:00:00+00:00,1.4344,1.4462,1.391,1.4075,957833.0,9.86e-06
2025-06-18 12:00:00+00:00,1.4075,1.4164,1.3516,1.3986,1740363.0,5e-05
2025-06-18 16:00:00+00:00,1.3986,1.4081,1.3718,1.3775,1109308.0,5e-05
2025-06-18 20:00:00+00:00,1.3775,1.4282,1.3722,1.4232,692651.0,-1.484e-05
2025-06-19 00:00:00+00:00,1.4232,1.4554,1.4124,1.4297,688139.0,3.759e-05
2025-06-19 04:00:00+00:00,1.4297,1.4381,1.3962,1.4006,532781.0,2.541e-05
2025-06-19 08:00:00+00:00,1.4006,1.4199,1.3909,1.3981,371877.0,5e-05
2025-06-19 12:00:00+00:00,1.3981,1.404,1.3613,1.3668,628361.0,3.815e-05
2025-06-19 16:00:00+00:00,1.3668,1.389,1.3523,1.3629,638872.0,8.53e-06
2025-06-19 20:00:00+00:00,1.3629,1.3776,1.2826,1.3324,2269956.0,5e-05
2025-06-20 00:00:00+00:00,1.3324,1.3414,1.299,1.2998,710093.0,5e-05
2025-06-20 04:00:00+00:00,1.2998,1.3539,1.2914,1.3458,1570695.0,5e-05
2025-06-20 08:00:00+00:00,1.3458,1.3586,1.3287,1.357,857370.0,5e-05
2025-06-20 12:00:00+00:00,1.357,1.3659,1.3072,1.3158,920570.0,-3.275e-05
2025-06-20 16:00:00+00:00,1.3158,1.3173,1.2209,1.2485,4434374.0,-0.00013969
2025-06-20 20:00:00+00:00,1.2485,1.2687,1.218,1.2308,904663.0,3.09e-05
2025-06-21 00:00:00+00:00,1.2308,1.2417,1.212,1.2127,653592.0,4.306e-05
2025-06-21 04:00:00+00:00,1.2127,1.2305,1.2011,1.2214,821531.0,5e-05
2025-06-21 08:00:00+00:00,1.2214,1.2251,1.1828,1.1926,1221328.0,8.37e-06
2025-06-21 12:00:00+00:00,1.1926,1.2002,1.1323,1.1448,3492570.0,5e-05
2025-06-21 16:00:00+00:00,1.1448,1.1638,1.1117,1.1137,2575959.0,5e-05
2025-06-21 20:00:00+00:00,1.1137,1.1392,1.0848,1.1389,1826275.0,5e-05
2025-06-22 00:00:00+00:00,1.1389,1.1498,1.103,1.1177,1124845.0,5e-05
2025-06-22 04:00:00+00:00,1.1177,1.1586,1.1098,1.1494,869585.0,3.173e-05
2025-06-22 08:00:00+00:00,1.1494,1.1551,1.1179,1.1426,840288.0,-3.406e-05
2025-06-22 12:00:00+00:00,1.1426,1.1473,1.082,1.0952,2303433.0,-0.00021782
2025-06-22 16:00:00+00:00,1.0952,1.1161,1.0852,1.1018,881763.0,2.498e-05
2025-06-22 20:00:00+00:00,1.1018,1.1302,1.064,1.1242,1522152.0,5e-05
2025-06-23 00:00:00+00:00,1.1242,1.1372,1.1051,1.1171,860575.0,5e-05
2025-06-23 04:00:00+00:00,1.1171,1.2006,1.116,1.191,2000533.0,9.9e-06
2025-06-23 08:00:00+00:00,1.191,1.2004,1.156,1.1651,1982181.0,-0.0001097
2025-06-23 12:00:00+00:00,1.1651,1.1868,1.1251,1.1259,1971492.0,-0.00031186
2025-06-23 16:00:00+00:00,1.1259,1.167,1.0966,1.1601,2433670.0,-5.875e-05
2025-06-23 20:00:00+00:00,1.1601,1.2134,1.1164,1.2053,3479132.0,-0.00013463
2025-06-24 00:00:00+00:00,1.2053,1.2091,1.1612,1.1664,1224787.0,5e-05
2025-06-24 04:00:00+00:00,1.1664,1.2309,1.1654,1.1873,1423873.0,5e-05
2025-06-24 08:00:00+00:00,1.1873,1.1971,1.1704,1.1869,1404429.0,1.017e-05
2025-06-24 12:00:00+00:00,1.1869,1.1982,1.1584,1.17,1809913.0,-8.356e-05
2025-06-24 16:00:00+00:00,1.17,1.206,1.163,1.2051,1642632.0,-0.00016213
2025-06-24 20:00:00+00:00,1.2051,1.2679,1.1932,1.2205,2315072.0,-0.00031023
2025-06-25 00:00:00+00:00,1.2205,1.2212,1.1828,1.1864,1519842.0,5e-05
2025-06-25 04:00:00+00:00,1.1864,1.2473,1.1823,1.2463,1318122.0,5e-05
2025-06-25 08:00:00+00:00,1.2463,1.2473,1.19,1.2173,1769376.0,3.641e-05
2025-06-25 12:00:00+00:00,1.2173,1.2433,1.1851,1.1936,2116976.0,-4.68e-05
2025-06-25 16:00:00+00:00,1.1936,1.215,1.169,1.2012,1363424.0,-0.000174
2025-06-25 20:00:00+00:00,1.2012,1.2432,1.1917,1.2366,1011616.0,-0.00020351
2025-06-26 00:00:00+00:00,1.2366,1.2652,1.2157,1.222,2016860.0,-0.0007516
2025-06-26 04:00:00+00:00,1.222,1.2592,1.2095,1.2316,1106621.0,-0.00021451
2025-06-26 08:00:00+00:00,1.2316,1.2766,1.2315,1.2715,1685906.0,-0.00020126
2025-06-26 12:00:00+00:00,1.2715,1.2762,1.2116,1.2278,2169379.0,-0.00052329
2025-06-26 16:00:00+00:00,1.2278,1.2337,1.1718,1.1733,1574478.0,-0.00032949
2025-06-26 20:00:00+00:00,1.1733,1.1991,1.15,1.1939,1601442.0,-0.00011412
2025-06-27 00:00:00+00:00,1.1939,1.2579,1.1858,1.227,1466610.0,-0.00025483
2025-06-27 04:00:00+00:00,1.227,1.2288,1.1461,1.1746,2326003.0,-0.00060019
2025-06-27 08:00:00+00:00,1.1746,1.1792,1.1231,1.1397,2039785.0,-0.00049743
2025-06-27 12:00:00+00:00,1.1397,1.1621,1.1342,1.1478,1098711.0,-6.003e-05
2025-06-27 16:00:00+00:00,1.1478,1.1664,1.1034,1.1294,2343428.0,-0.00015129
2025-06-27 20:00:00+00:00,1.1294,1.1672,1.1271,1.1497,1189190.0,-0.00062944
2025-06-28 00:00:00+00:00,1.1497,1.173,1.1404,1.1514,1085329.0,-0.0007848
2025-06-28 04:00:00+00:00,1.1514,1.1744,1.143,1.1728,843282.0,-0.00107322
2025-06-28 08:00:00+00:00,1.1728,1.1844,1.162,1.1818,800850.0,-0.0004425
2025-06-28 12:00:00+00:00,1.1818,1.1862,1.1568,1.1801,897009.0,-0.00025978
2025-06-28 16:00:00+00:00,1.1801,1.1881,1.1511,1.1721,1035269.0,-0.00064768
2025-06-28 20:00:00+00:00,1.1721,1.1955,1.171,1.1744,462668.0,-0.00061646
2025-06-29 00:00:00+00:00,1.1744,1.1755,1.154,1.1612,893219.0,-6.769e-05
2025-06-29 04:00:00+00:00,1.1612,1.1806,1.1461,1.1794,1110217.0,3.785e-05
2025-06-29 08:00:00+00:00,1.1794,1.207,1.1663,1.17,1509628.0,5.01e-06
2025-06-29 12:00:00+00:00,1.17,1.1823,1.1517,1.163,1439721.0,5e-05
2025-06-29 16:00:00+00:00,1.163,1.1754,1.1568,1.1663,769993.0,5e-05
2025-06-29 20:00:00+00:00,1.1663,1.1988,1.1551,1.1945,1110288.0,5e-05
2025-06-30 00:00:00+00:00,1.1945,1.2204,1.1849,1.202,1326039.0,5e-05
2025-06-30 04:00:00+00:00,1.202,1.2064,1.1558,1.1627,1098581.0,5e-05
2025-06-30 08:00:00+00:00,1.1627,1.1665,1.1488,1.1633,987906.0,5e-05
2025-06-30 12:00:00+00:00,1.1633,1.1647,1.1045,1.1326,2840422.0,5e-05
2025-06-30 16:00:00+00:00,1.1326,1.1348,1.0616,1.0901,4123471.0,-0.00021439
2025-06-30 20:00:00+00:00,1.0901,1.0949,1.0102,1.0464,5572368.0,-0.00029055
2025-07-01 00:00:00+00:00,1.0464,1.0633,1.0005,1.0324,3740382.0,-0.00041036
2025-07-01 04:00:00+00:00,1.0324,1.0365,0.9811,0.9903,4714200.0,-0.00064559
2025-07-01 08:00:00+00:00,0.9903,0.9903,0.9613,0.9655,4133396.0,-0.00075497
2025-07-01 12:00:00+00:00,0.9655,1.017,0.9618,1.0006,4852238.0,-0.00093117
2025-07-01 16:00:00+00:00,1.0006,1.0345,0.9906,0.9971,2439736.0,-0.00034287
2025-07-01 20:00:00+00:00,0.9971,1.0123,0.9876,0.9988,843288.0,-0.00027963
2025-07-02 00:00:00+00:00,0.9988,1.0436,0.9904,1.0183,1791392.0,-0.00010599
2025-07-02 04:00:00+00:00,1.0183,1.0646,1.0017,1.048,3764603.0,-0.00010346
2025-07-02 08:00:00+00:00,1.048,1.143,1.0423,1.1358,5675042.0,-0.0003221
2025-07-02 12:00:00+00:00,1.1358,1.1538,1.0904,1.1088,5060114.0,-0.00058674
2025-07-02 16:00:00+00:00,1.1088,1.1467,1.0888,1.1133,3223609.0,-0.00044394
2025-07-02 20:00:00+00:00,1.1133,1.1304,1.1011,1.1133,1733112.0,-0.00030853
2025-07-03 00:00:00+00:00,1.1133,1.1418,1.0972,1.1363,1571071.0,-0.0001536
2025-07-03 04:00:00+00:00,1.1363,1.1764,1.1151,1.1677,3067933.0,-0.00046272
2025-07-03 08:00:00+00:00,1.1677,1.1901,1.1352,1.1464,3061326.0,-0.00047928
2025-07-03 12:00:00+00:00,1.1464,1.1541,1.064,1.0746,5004100.0,-0.00019865
2025-07-03 16:00:00+00:00,1.0746,1.1259,1.0741,1.1034,2324432.0,-0.00067089
2025-07-03 20:00:00+00:00,1.1034,1.143,1.1002,1.1377,1499545.0,-0.00052562
2025-07-04 00:00:00+00:00,1.1377,1.1379,1.1098,1.122,958127.0,-0.00047628
2025-07-04 04:00:00+00:00,1.122,1.1283,1.0792,1.0848,2710981.0,-0.00029604
2025-07-04 08:00:00+00:00,1.0848,1.1172,1.0755,1.087,1758382.0,-0.0006844
2025-07-04 12:00:00+00:00,1.087,1.1227,1.0722,1.1085,2103618.0,-0.00034995
2025-07-04 16:00:00+00:00,1.1085,1.1321,1.0881,1.1197,1626315.0,-0.00045793
2025-07-04 20:00:00+00:00,1.1197,1.1241,1.0938,1.0988,720754.0,-0.00027486
2025-07-05 00:00:00+00:00,1.0988,1.1072,1.0859,1.0922,498698.0,-0.00022022
2025-07-05 04:00:00+00:00,1.0922,1.1089,1.0867,1.0947,1000447.0,-0.00028279
2025-07-05 08:00:00+00:00,1.0947,1.1158,1.0888,1.1017,1019983.0,-0.000146
2025-07-05 12:00:00+00:00,1.1017,1.11,1.0791,1.0817,1077330.0,-3.146e-05
2025-07-05 16:00:00+00:00,1.0817,1.0889,1.0525,1.0824,1637655.0,6.12e-06
2025-07-05 20:00:00+00:00,1.0824,1.1104,1.0768,1.1047,924892.0,-0.00017666
2025-07-06 00:00:00+00:00,1.1047,1.1057,1.0817,1.0879,553772.0,-0.00039217
2025-07-06 04:00:00+00:00,1.0879,1.132,1.0863,1.1065,1526779.0,2.53e-06
2025-07-06 08:00:00+00:00,1.1065,1.109,1.0889,1.0949,915249.0,-0.00034211
2025-07-06 12:00:00+00:00,1.0949,1.1283,1.0879,1.101,1583922.0,-0.00033649
2025-07-06 16:00:00+00:00,1.101,1.1162,1.0849,1.0916,892182.0,-8.977e-05
2025-07-06 20:00:00+00:00,1.0916,1.135,1.0911,1.1051,1349600.0,3.138e-05
2025-07-07 00:00:00+00:00,1.1051,1.1203,1.0894,1.1108,988154.0,-0.00031115
2025-07-07 04:00:00+00:00,1.1108,1.1585,1.1108,1.1519,1958136.0,-3.42e-05
2025-07-07 08:00:00+00:00,1.1519,1.1633,1.1333,1.1576,1409570.0,-0.00035482
2025-07-07 12:00:00+00:00,1.1576,1.258,1.1481,1.2158,9851319.0,-0.00029751
2025-07-07 16:00:00+00:00,1.2158,1.2384,1.1729,1.1935,6048134.0,-0.00018597
2025-07-07 20:00:00+00:00,1.1935,1.1956,1.1553,1.1708,2220124.0,5e-05
2025-07-08 00:00:00+00:00,1.1708,1.1925,1.138,1.1662,2356962.0,5e-05
2025-07-08 04:00:00+00:00,1.1662,1.1749,1.1431,1.1558,1499896.0,5e-05
2025-07-08 08:00:00+00:00,1.1558,1.1586,1.1331,1.1386,1896821.0,-4.979e-05
2025-07-08 12:00:00+00:00,1.1386,1.1472,1.1332,1.1417,1178252.0,-3.137e-05
2025-07-08 16:00:00+00:00,1.1417,1.1717,1.1359,1.1714,1279628.0,-0.00015546
2025-07-08 20:00:00+00:00,1.1714,1.211,1.1708,1.1978,1611341.0,5e-05
2025-07-09 00:00:00+00:00,1.1978,1.1981,1.156,1.1568,1011458.0,5e-05
2025-07-09 04:00:00+00:00,1.1568,1.1786,1.1454,1.1714,1144588.0,5e-05
2025-07-09 08:00:00+00:00,1.1714,1.2017,1.1682,1.1879,1262398.0,5e-05
2025-07-09 12:00:00+00:00,1.1879,1.2032,1.0947,1.1332,6168236.0,5e-05
2025-07-09 16:00:00+00:00,1.1332,1.1487,1.1112,1.1372,1958440.0,-0.00043565
2025-07-09 20:00:00+00:00,1.1372,1.17,1.1301,1.1613,1573921.0,-0.00015605
2025-07-10 00:00:00+00:00,1.1613,1.1674,1.1412,1.1518,1020820.0,2.01e-05
2025-07-10 04:00:00+00:00,1.1518,1.1668,1.1255,1.145,2100448.0,-5.417e-05
2025-07-10 08:00:00+00:00,1.145,1.1497,1.1268,1.1488,1518145.0,-4.642e-05
2025-07-10 12:00:00+00:00,1.1488,1.1688,1.1406,1.1442,1380698.0,5e-05
2025-07-10 16:00:00+00:00,1.1442,1.1986,1.1442,1.1762,2272704.0,5e-05
2025-07-10 20:00:00+00:00,1.1762,1.2482,1.1759,1.2237,4450660.0,5e-05
2025-07-11 00:00:00+00:00,1.2237,1.2581,1.2158,1.2296,2949191.0,5e-05
2025-07-11 04:00:00+00:00,1.2296,1.2655,1.2003,1.2284,3919673.0,5e-05
2025-07-11 08:00:00+00:00,1.2284,1.261,1.2156,1.2228,1948763.0,5e-05
2025-07-11 12:00:00+00:00,1.2228,1.2564,1.1846,1.1978,2517231.0,5e-05
2025-07-11 16:00:00+00:00,1.1978,1.2423,1.1938,1.2404,1249602.0,5e-05
2025-07-11 20:00:00+00:00,1.2404,1.2553,1.1512,1.1778,3258597.0,5e-05
2025-07-12 00:00:00+00:00,1.1778,1.1863,1.1443,1.1571,1424837.0,5e-05
2025-07-12 04:00:00+00:00,1.1571,1.1597,1.1134,1.1461,2200513.0,5e-05
2025-07-12 08:00:00+00:00,1.1461,1.1564,1.1228,1.1246,1519079.0,5e-05
2025-07-12 12:00:00+00:00,1.1246,1.1321,1.0632,1.089,4345678.0,5e-05
2025-07-12 16:00:00+00:00,1.089,1.1207,1.08,1.1101,1305293.0,-2.913e-05
2025-07-12 20:00:00+00:00,1.1101,1.1162,1.091,1.1139,872560.0,5e-05
2025-07-13 00:00:00+00:00,1.1139,1.1328,1.1036,1.1113,658768.0,5e-05
2025-07-13 04:00:00+00:00,1.1113,1.1222,1.0948,1.1189,835200.0,5e-05
2025-07-13 08:00:00+00:00,1.1189,1.119,1.097,1.1099,1041212.0,2.646e-05
2025-07-13 12:00:00+00:00,1.1099,1.1503,1.1035,1.1327,2335568.0,-0.00016599
2025-07-13 16:00:00+00:00,1.1327,1.1726,1.1203,1.1498,1819310.0,-0.00024058
2025-07-13 20:00:00+00:00,1.1498,1.1589,1.1153,1.1431,1489573.0,1.868e-05
2025-07-14 00:00:00+00:00,1.1431,1.1731,1.1236,1.1636,1373025.0,-5.977e-05
2025-07-14 04:00:00+00:00,1.1636,1.189,1.1463,1.1766,1890381.0,-0.00014415
2025-07-14 08:00:00+00:00,1.1766,1.2234,1.164,1.1902,2299079.0,-5.781e-05
2025-07-14 12:00:00+00:00,1.1902,1.1967,1.1239,1.135,3305520.0,-0.00012415
2025-07-14 16:00:00+00:00,1.135,1.1508,1.1007,1.1069,2639304.0,1.642e-05
2025-07-14 20:00:00+00:00,1.1069,1.1247,1.0885,1.1231,1279645.0,-0.00027735
2025-07-15 00:00:00+00:00,1.1231,1.1294,1.0654,1.0851,1983888.0,-0.00036545
2025-07-15 04:00:00+00:00,1.0851,1.1079,1.0675,1.0863,1426722.0,-0.00032673
2025-07-15 08:00:00+00:00,1.0863,1.0864,1.0614,1.0843,2140463.0,-0.00044655
2025-07-15 12:00:00+00:00,1.0843,1.1182,1.0654,1.1044,4001541.0,-0.00063511
2025-07-15 16:00:00+00:00,1.1044,1.1669,1.102,1.1136,3447478.0,-0.00048162
2025-07-15 20:00:00+00:00,1.1136,1.1888,1.1122,1.1702,2264000.0,-2.225e-05
2025-07-16 00:00:00+00:00,1.1702,1.1755,1.1293,1.1318,1562890.0,5e-05
2025-07-16 04:00:00+00:00,1.1318,1.1645,1.1175,1.141,1693103.0,5e-05
2025-07-16 08:00:00+00:00,1.141,1.1546,1.1315,1.1423,1417741.0,5e-05
2025-07-16 12:00:00+00:00,1.1423,1.153,1.117,1.1372,1941171.0,5e-05
2025-07-16 16:00:00+00:00,1.1372,1.1954,1.1372,1.1772,2161654.0,5e-05
2025-07-16 20:00:00+00:00,1.1772,1.2103,1.17,1.1871,1830087.0,5e-05
2025-07-17 00:00:00+00:00,1.1871,1.2091,1.1201,1.1296,2281236.0,5e-05
2025-07-17 04:00:00+00:00,1.1296,1.1591,1.1266,1.1546,1980170.0,-3.68e-06
2025-07-17 08:00:00+00:00,1.1546,1.1905,1.1541,1.1667,2150526.0,5e-05
2025-07-17 12:00:00+00:00,1.1667,1.1745,1.1313,1.1455,2676650.0,5e-05
2025-07-17 16:00:00+00:00,1.1455,1.1489,1.0801,1.088,3765841.0,5e-05
2025-07-17 20:00:00+00:00,1.088,1.1304,1.0716,1.1012,2686615.0,5e-05
2025-07-18 00:00:00+00:00,1.1012,1.1751,1.0919,1.1606,3198962.0,5e-05
2025-07-18 04:00:00+00:00,1.1606,1.1802,1.14,1.143,2396581.0,5e-05
2025-07-18 08:00:00+00:00,1.143,1.1595,1.122,1.1364,2451272.0,5e-05
2025-07-18 12:00:00+00:00,1.1364,1.1626,1.0824,1.0975,4452118.0,5e-05
2025-07-18 16:00:00+00:00,1.0975,1.1186,1.0404,1.0691,3250650.0,5e-05
2025-07-18 20:00:00+00:00,1.0691,1.0824,1.028,1.069,3120105.0,5e-05
2025-07-19 00:00:00+00:00,1.069,1.0796,1.0333,1.0789,1619842.0,5e-05
2025-07-19 04:00:00+00:00,1.0789,1.0861,1.053,1.0621,1446138.0,5e-05
2025-07-19 08:00:00+00:00,1.0621,1.0623,1.0381,1.0424,1749820.0,5e-05
2025-07-19 12:00:00+00:00,1.0424,1.0455,1.0136,1.0264,2493072.0,5e-05
2025-07-19 16:00:00+00:00,1.0264,1.066,1.0227,1.065,1007710.0,5e-05
2025-07-19 20:00:00+00:00,1.065,1.0746,1.0467,1.0619,1116633.0,5e-05
2025-07-20 00:00:00+00:00,1.0619,1.0744,1.0551,1.0656,831957.0,5e-05
2025-07-20 04:00:00+00:00,1.0656,1.0786,1.0445,1.0612,1486789.0,5e-05
2025-07-20 08:00:00+00:00,1.0612,1.1025,1.0607,1.0928,2323073.0,5e-05
2025-07-20 12:00:00+00:00,1.0928,1.1163,1.0851,1.1155,1873076.0,5e-05
2025-07-20 16:00:00+00:00,1.1155,1.1563,1.1025,1.1427,4817030.0,5e-05
2025-07-20 20:00:00+00:00,1.1427,1.164,1.0909,1.1364,5370813.0,5e-05
2025-07-21 00:00:00+00:00,1.1364,1.1489,1.0992,1.1469,2492515.0,5e-05
2025-07-21 04:00:00+00:00,1.1469,1.1622,1.1364,1.1553,2021176.0,5e-05
2025-07-21 08:00:00+00:00,1.1553,1.2202,1.1501,1.2116,7791944.0,5e-05
2025-07-21 12:00:00+00:00,1.2116,1.2248,1.1248,1.1503,7023566.0,5e-05
2025-07-21 16:00:00+00:00,1.1503,1.155,1.1159,1.1325,5054131.0,5e-05
2025-07-21 20:00:00+00:00,1.1325,1.1659,1.1238,1.1512,1875303.0,5e-05
2025-07-22 00:00:00+00:00,1.1512,1.1904,1.1173,1.1408,4351104.0,5e-05
2025-07-22 04:00:00+00:00,1.1408,1.1527,1.1,1.1249,3978401.0,5e-05
2025-07-22 08:00:00+00:00,1.1249,1.1292,1.1001,1.1286,2656767.0,5e-05
2025-07-22 12:00:00+00:00,1.1286,1.1414,1.1005,1.1116,3745519.0,5e-05
2025-07-22 16:00:00+00:00,1.1116,1.1317,1.0883,1.1032,3096882.0,5e-05
2025-07-22 20:00:00+00:00,1.1032,1.138,1.0979,1.135,1438789.0,5e-05
2025-07-23 00:00:00+00:00,1.135,1.1356,1.1053,1.113,1729448.0,5e-05
2025-07-23 04:00:00+00:00,1.113,1.1391,1.1045,1.1094,1721205.0,5e-05
2025-07-23 08:00:00+00:00,1.1094,1.1206,1.0808,1.0947,2829041.0,5e-05
2025-07-23 12:00:00+00:00,1.0947,1.1,1.0223,1.048,6837528.0,5e-05
2025-07-23 16:00:00+00:00,1.048,1.048,0.9718,1.0092,6243755.0,5e-05
2025-07-23 20:00:00+00:00,1.0092,1.0114,0.91,0.9729,6661403.0,-0.00026154
2025-07-24 00:00:00+00:00,0.9729,0.9883,0.9653,0.9742,2262423.0,-0.00091316
2025-07-24 04:00:00+00:00,0.9742,0.9749,0.8734,0.921,7966207.0,-0.00088256
2025-07-24 08:00:00+00:00,0.921,0.9641,0.9135,0.9539,3328724.0,-0.00046444
2025-07-24 12:00:00+00:00,0.9539,0.9652,0.9211,0.9399,3434089.0,-0.00100765
2025-07-24 16:00:00+00:00,0.9399,0.9468,0.9129,0.9301,2085222.0,-0.0006336
2025-07-24 20:00:00+00:00,0.9301,0.944,0.8966,0.9045,1790296.0,-0.00054975
2025-07-25 00:00:00+00:00,0.9045,0.9061,0.875,0.8911,2375302.0,-0.00034134
2025-07-25 04:00:00+00:00,0.8911,0.9362,0.8775,0.9261,2910169.0,-0.00052648
2025-07-25 08:00:00+00:00,0.9261,0.9651,0.9212,0.9619,2448983.0,-0.00085452
2025-07-25 12:00:00+00:00,0.9619,0.9619,0.9082,0.9243,2775851.0,-0.00037266
2025-07-25 16:00:00+00:00,0.9243,0.9331,0.9154,0.9237,1135997.0,-0.00057748
2025-07-25 20:00:00+00:00,0.9237,0.9591,0.9218,0.9558,1103898.0,-0.00068695
2025-07-26 00:00:00+00:00,0.9558,0.9568,0.9354,0.9497,1199086.0,-0.00070329
2025-07-26 04:00:00+00:00,0.9497,0.9626,0.9475,0.9563,856172.0,-0.00067051
2025-07-26 08:00:00+00:00,0.9563,0.9597,0.9273,0.9323,1847112.0,-0.00054369
2025-07-26 12:00:00+00:00,0.9323,0.9347,0.9216,0.931,1376817.0,-7.646e-05
2025-07-26 16:00:00+00:00,0.931,0.9359,0.9162,0.9309,1288517.0,-0.00017364
2025-07-26 20:00:00+00:00,0.9309,0.9356,0.911,0.9126,984195.0,-0.00013927
2025-07-27 00:00:00+00:00,0.9126,0.9421,0.9106,0.9409,1055070.0,-0.00021633
2025-07-27 04:00:00+00:00,0.9409,0.9473,0.9321,0.9387,1613190.0,-0.00064754
2025-07-27 08:00:00+00:00,0.9387,0.9458,0.9209,0.9332,1711411.0,-0.00027286
2025-07-27 12:00:00+00:00,0.9332,0.9432,0.9197,0.9339,1419542.0,-0.00019651
2025-07-27 16:00:00+00:00,0.9339,0.953,0.9274,0.9364,1740496.0,5e-05
2025-07-27 20:00:00+00:00,0.9364,0.964,0.927,0.9509,1780533.0,5e-05
2025-07-28 00:00:00+00:00,0.9509,0.9597,0.918,0.9416,1884339.0,5e-05
2025-07-28 04:00:00+00:00,0.9416,0.9515,0.9276,0.9416,1528456.0,5e-05
2025-07-28 08:00:00+00:00,0.9416,0.9589,0.935,0.947,1740950.0,8.23e-06
2025-07-28 12:00:00+00:00,0.947,0.9528,0.8888,0.9048,4389067.0,5e-05
2025-07-28 16:00:00+00:00,0.9048,0.9069,0.8623,0.8744,3255823.0,-0.00031208
2025-07-28 20:00:00+00:00,0.8744,0.8745,0.8279,0.8377,4744205.0,5e-05
2025-07-29 00:00:00+00:00,0.8377,0.8474,0.8104,0.8346,3552088.0,-0.00016623
2025-07-29 04:00:00+00:00,0.8346,0.8777,0.8297,0.8742,1975598.0,-0.00023591
2025-07-29 08:00:00+00:00,0.8742,0.8742,0.8277,0.8313,2890753.0,-0.00039248
2025-07-29 12:00:00+00:00,0.8313,0.847,0.8023,0.8093,4154743.0,1.25e-06
2025-07-29 16:00:00+00:00,0.8093,0.8315,0.8021,0.8117,2180232.0,-0.00042493
2025-07-29 20:00:00+00:00,0.8117,0.833,0.8001,0.8234,1336800.0,-0.00018292
2025-07-30 00:00:00+00:00,0.8234,0.8314,0.8118,0.8204,794684.0,-0.00015311
2025-07-30 04:00:00+00:00,0.8204,0.8244,0.772,0.7767,5010918.0,-0.00017352
2025-07-30 08:00:00+00:00,0.7767,0.7819,0.76,0.7666,3612520.0,-0.00021949
2025-07-30 12:00:00+00:00,0.7666,0.7695,0.7286,0.7479,4847881.0,-0.0004123
2025-07-30 16:00:00+00:00,0.7479,0.7985,0.7365,0.795,4321693.0,-0.00010244
2025-07-30 20:00:00+00:00,0.795,0.8124,0.7855,0.7985,2082986.0,-0.00070946
2025-07-31 00:00:00+00:00,0.7985,0.8058,0.7904,0.8027,1224452.0,-0.00102059
2025-07-31 04:00:00+00:00,0.8027,0.8087,0.7953,0.7988,1171431.0,-0.00028563
2025-07-31 08:00:00+00:00,0.7988,0.8097,0.7905,0.7927,1783357.0,-0.0001915
2025-07-31 12:00:00+00:00,0.7927,0.7942,0.7434,0.76,3911707.0,5e-05
2025-07-31 16:00:00+00:00,0.76,0.7753,0.7441,0.7538,2024045.0,5e-05
2025-07-31 20:00:00+00:00,0.7538,0.7547,0.7171,0.7219,2992709.0,5e-05
2025-08-01 00:00:00+00:00,0.7219,0.7255,0.6884,0.7068,3612834.0,5e-05
2025-08-01 04:00:00+00:00,0.7068,0.7079,0.686,0.7063,1944765.0,5e-05
2025-08-01 08:00:00+00:00,0.7063,0.7081,0.6893,0.7005,1949069.0,5e-05
2025-08-01 12:00:00+00:00,0.7005,0.717,0.6812,0.7035,3036020.0,-2.746e-05
2025-08-01 16:00:00+00:00,0.7035,0.7088,0.6771,0.7008,2406208.0,9.92e-06
2025-08-01 20:00:00+00:00,0.7008,0.7054,0.6526,0.687,3019977.0,-5.96e-06
2025-08-02 00:00:00+00:00,0.687,0.6992,0.6825,0.687,748637.0,1.399e-05
2025-08-02 04:00:00+00:00,0.687,0.6911,0.6677,0.6873,1140437.0,-0.00028383
2025-08-02 08:00:00+00:00,0.6873,0.7007,0.6706,0.6895,1366157.0,-4.792e-05
2025-08-02 12:00:00+00:00,0.6895,0.6959,0.6649,0.6693,1416109.0,-0.00037784
2025-08-02 16:00:00+00:00,0.6693,0.675,0.6404,0.6521,2606176.0,5e-05
2025-08-02 20:00:00+00:00,0.6521,0.668,0.651,0.663,738555.0,5e-05
2025-08-03 00:00:00+00:00,0.663,0.6804,0.6548,0.6747,1028154.0,5e-05
2025-08-03 04:00:00+00:00,0.6747,0.6797,0.6691,0.6785,584531.0,5e-05
2025-08-03 08:00:00+00:00,0.6785,0.6818,0.673,0.6741,678884.0,-0.00016069
2025-08-03 12:00:00+00:00,0.6741,0.6741,0.6611,0.6622,1005699.0,4.119e-05
2025-08-03 16:00:00+00:00,0.6622,0.6714,0.6583,0.6649,968543.0,5e-05
2025-08-03 20:00:00+00:00,0.6649,0.6795,0.6589,0.6713,1112641.0,-6.506e-05
2025-08-04 00:00:00+00:00,0.6713,0.6897,0.6656,0.6701,1142842.0,2.377e-05
2025-08-04 04:00:00+00:00,0.6701,0.6782,0.6631,0.6695,1185682.0,5e-05
2025-08-04 08:00:00+00:00,0.6695,0.6735,0.6559,0.6606,1549267.0,5e-05
2025-08-04 12:00:00+00:00,0.6606,0.6772,0.6587,0.6638,1966442.0,5e-05
2025-08-04 16:00:00+00:00,0.6638,0.6817,0.6525,0.6571,1728870.0,5e-05
2025-08-04 20:00:00+00:00,0.6571,0.68,0.6568,0.6751,1157285.0,5e-05
2025-08-05 00:00:00+00:00,0.6751,0.6948,0.671,0.6766,1728964.0,5e-05
2025-08-05 04:00:00+00:00,0.6766,0.6972,0.6582,0.6629,2464654.0,5e-05
2025-08-05 08:00:00+00:00,0.6629,0.6862,0.6595,0.6847,1819413.0,2.847e-05
2025-08-05 12:00:00+00:00,0.6847,0.6869,0.6453,0.6491,2423494.0,5e-05
2025-08-05 16:00:00+00:00,0.6491,0.6697,0.6462,0.6545,3137886.0,5e-05
2025-08-05 20:00:00+00:00,0.6545,0.6738,0.65,0.6699,1309596.0,5e-05
2025-08-06 00:00:00+00:00,0.6699,0.674,0.6451,0.6494,1491137.0,5e-05
2025-08-06 04:00:00+00:00,0.6494,0.6834,0.6432,0.6822,1835590.0,5e-05
2025-08-06 08:00:00+00:00,0.6822,0.6823,0.6633,0.6665,1897462.0,5e-05
2025-08-06 12:00:00+00:00,0.6665,0.689,0.6594,0.6875,2478007.0,5e-05
2025-08-06 16:00:00+00:00,0.6875,0.6896,0.6727,0.6771,1533217.0,5e-05
2025-08-06 20:00:00+00:00,0.6771,0.6789,0.6681,0.6725,699492.0,5e-05
2025-08-07 00:00:00+00:00,0.6725,0.6871,0.6643,0.6644,1111947.0,5e-05
2025-08-07 04:00:00+00:00,0.6644,0.6776,0.66,0.6739,1126431.0,5e-05
2025-08-07 08:00:00+00:00,0.6739,0.7019,0.6727,0.6961,2157512.0,5e-05
2025-08-07 12:00:00+00:00,0.6961,0.7006,0.6853,0.7001,2350302.0,5e-05
2025-08-07 16:00:00+00:00,0.7001,0.7326,0.6829,0.7076,3173218.0,5e-05
2025-08-07 20:00:00+00:00,0.7076,0.7317,0.7076,0.7288,1879381.0,5e-05
2025-08-08 00:00:00+00:00,0.7288,0.7338,0.7145,0.718,2167147.0,5e-05
2025-08-08 04:00:00+00:00,0.718,0.7263,0.7046,0.7231,1387350.0,5e-05
2025-08-08 08:00:00+00:00,0.7231,0.7474,0.7225,0.729,2911368.0,5e-05
2025-08-08 12:00:00+00:00,0.729,0.7424,0.7074,0.7158,2662804.0,5e-05
2025-08-08 16:00:00+00:00,0.7158,0.7514,0.7158,0.7454,2031920.0,5e-05
2025-08-08 20:00:00+00:00,0.7454,0.7472,0.7352,0.7449,995869.0,5e-05
2025-08-09 00:00:00+00:00,0.7449,0.758,0.7329,0.7495,1304608.0,5e-05
2025-08-09 04:00:00+00:00,0.7495,0.8459,0.746,0.8383,4726318.0,-0.00016766
2025-08-09 08:00:00+00:00,0.8383,0.911,0.8261,0.8506,11131595.0,-9.05e-05
2025-08-09 12:00:00+00:00,0.8506,0.8558,0.8156,0.8366,4553858.0,5e-05
2025-08-09 16:00:00+00:00,0.8366,0.8544,0.8184,0.8469,2482778.0,5e-05
2025-08-09 20:00:00+00:00,0.8469,0.87,0.8322,0.8483,2868265.0,-6.432e-05
2025-08-10 00:00:00+00:00,0.8483,0.8638,0.8293,0.8426,2638867.0,5e-05
2025-08-10 04:00:00+00:00,0.8426,0.851,0.8065,0.8085,3102401.0,5e-05
2025-08-10 08:00:00+00:00,0.8085,0.8233,0.7938,0.8002,2694026.0,5e-05
2025-08-10 12:00:00+00:00,0.8002,0.8082,0.7775,0.7962,3344062.0,5e-05
2025-08-10 16:00:00+00:00,0.7962,0.8438,0.7936,0.8335,2029349.0,5e-05
2025-08-10 20:00:00+00:00,0.8335,0.8401,0.8139,0.8344,1942083.0,-2.187e-05
2025-08-11 00:00:00+00:00,0.8344,0.8596,0.8201,0.8588,2487299.0,-7.35e-06
2025-08-11 04:00:00+00:00,0.8588,0.8631,0.812,0.8144,2382519.0,1.057e-05
2025-08-11 08:00:00+00:00,0.8144,0.8284,0.7826,0.7836,2756245.0,5e-05
2025-08-11 12:00:00+00:00,0.7836,0.8126,0.7764,0.7872,3269976.0,-1.215e-05
2025-08-11 16:00:00+00:00,0.7872,0.8014,0.7621,0.7735,2786495.0,5e-05
2025-08-11 20:00:00+00:00,0.7735,0.7746,0.7423,0.762,1943910.0,-0.00011949
2025-08-12 00:00:00+00:00,0.762,0.7781,0.7581,0.7642,1172422.0,-7.774e-05
2025-08-12 04:00:00+00:00,0.7642,0.776,0.7441,0.7732,1621791.0,-2.71e-05
2025-08-12 08:00:00+00:00,0.7732,0.7749,0.7487,0.7621,1645544.0,5e-05
2025-08-12 12:00:00+00:00,0.7621,0.8064,0.7484,0.802,4120013.0,5e-05
2025-08-12 16:00:00+00:00,0.802,0.8225,0.7797,0.8097,3229337.0,5e-05
2025-08-12 20:00:00+00:00,0.8097,0.8189,0.7975,0.7997,1187458.0,5e-05
2025-08-13 00:00:00+00:00,0.7997,0.8223,0.7911,0.8101,1755820.0,5e-05
2025-08-13 04:00:00+00:00,0.8101,0.819,0.7893,0.806,1255466.0,5e-05
2025-08-13 08:00:00+00:00,0.806,0.8335,0.8034,0.8137,2105549.0,5e-05
2025-08-13 12:00:00+00:00,0.8137,0.8278,0.7846,0.7987,3624704.0,5e-05
2025-08-13 16:00:00+00:00,0.7987,0.8082,0.7818,0.8001,1758024.0,5e-05
2025-08-13 20:00:00+00:00,0.8001,0.8199,0.7884,0.8055,1575746.0,5e-05
2025-08-14 00:00:00+00:00,0.8055,0.8285,0.7961,0.8268,1658538.0,5e-05
2025-08-14 04:00:00+00:00,0.8268,0.832,0.7841,0.7908,2586028.0,5e-05
2025-08-14 08:00:00+00:00,0.7908,0.7909,0.752,0.7671,3578258.0,-0.00010398
2025-08-14 12:00:00+00:00,0.7671,0.7671,0.6919,0.7199,8072918.0,-0.00032859
2025-08-14 16:00:00+00:00,0.7199,0.7248,0.6969,0.7167,3076776.0,-3.134e-05
2025-08-14 20:00:00+00:00,0.7167,0.7217,0.693,0.713,1516721.0,-0.00022582
2025-08-15 00:00:00+00:00,0.713,0.7552,0.7099,0.751,1715584.0,-5.178e-05
2025-08-15 04:00:00+00:00,0.751,0.7832,0.7473,0.7669,2799185.0,-0.00016381
2025-08-15 08:00:00+00:00,0.7669,0.7743,0.7504,0.7737,2435816.0,3.641e-05
2025-08-15 12:00:00+00:00,0.7737,0.7806,0.7467,0.7601,3747124.0,5e-05
2025-08-15 16:00:00+00:00,0.7601,0.7766,0.7415,0.7466,2679271.0,5e-05
2025-08-15 20:00:00+00:00,0.7466,0.7764,0.7439,0.7537,1849507.0,5e-05
2025-08-16 00:00:00+00:00,0.7537,0.7739,0.7471,0.7671,1821926.0,-1.467e-05
2025-08-16 04:00:00+00:00,0.7671,0.8066,0.7596,0.8054,3299760.0,-0.00011548
2025-08-16 08:00:00+00:00,0.8054,0.8076,0.7492,0.751,4190369.0,-8.943e-05
2025-08-16 12:00:00+00:00,0.751,0.7732,0.7499,0.762,1426790.0,-1.118e-05
2025-08-16 16:00:00+00:00,0.762,0.772,0.754,0.7546,1195303.0,5e-05
2025-08-16 20:00:00+00:00,0.7546,0.7616,0.7525,0.7582,754078.0,5e-05
2025-08-17 00:00:00+00:00,0.7582,0.7679,0.7462,0.7635,1018046.0,-7.769e-05
2025-08-17 04:00:00+00:00,0.7635,0.7763,0.7618,0.7698,1370511.0,5e-05
2025-08-17 08:00:00+00:00,0.7698,0.78,0.7631,0.7672,1272999.0,5e-05
2025-08-17 12:00:00+00:00,0.7672,0.7805,0.762,0.7803,986266.0,5e-05
2025-08-17 16:00:00+00:00,0.7803,0.7869,0.743,0.75,1711257.0,5e-05
2025-08-17 20:00:00+00:00,0.75,0.7769,0.7485,0.7638,681223.0,5e-05
2025-08-18 00:00:00+00:00,0.7638,0.7652,0.703,0.714,3211273.0,-4.332e-05
2025-08-18 04:00:00+00:00,0.714,0.7248,0.7002,0.71,1587173.0,-0.00016796
2025-08-18 08:00:00+00:00,0.71,0.7148,0.6997,0.7101,1313894.0,-0.00016444
2025-08-18 12:00:00+00:00,0.7101,0.721,0.6961,0.7082,2093481.0,-7.399e-05
2025-08-18 16:00:00+00:00,0.7082,0.7236,0.6978,0.7155,2421091.0,5e-05
2025-08-18 20:00:00+00:00,0.7155,0.7293,0.7136,0.717,856454.0,-3.696e-05
2025-08-19 00:00:00+00:00,0.717,0.7465,0.7028,0.743,2275893.0,-0.00016497
2025-08-19 04:00:00+00:00,0.743,0.744,0.7111,0.7217,1784870.0,2.226e-05
2025-08-19 08:00:00+00:00,0.7217,0.7332,0.7125,0.7256,1009748.0,5e-05
2025-08-19 12:00:00+00:00,0.7256,0.7622,0.7212,0.7588,3825656.0,5e-05
2025-08-19 16:00:00+00:00,0.7588,0.7673,0.729,0.736,4364346.0,5e-05
2025-08-19 20:00:00+00:00,0.736,0.7486,0.7187,0.7208,1372510.0,5e-05
2025-08-20 00:00:00+00:00,0.7208,0.7878,0.7205,0.7795,3253056.0,-8.014e-05
2025-08-20 04:00:00+00:00,0.7795,0.8041,0.7689,0.7782,5467545.0,5e-05
2025-08-20 08:00:00+00:00,0.7782,0.8261,0.7774,0.8189,6118417.0,-0.00017211
2025-08-20 12:00:00+00:00,0.8189,0.8463,0.7965,0.8115,6529870.0,-3.765e-05
2025-08-20 16:00:00+00:00,0.8115,0.8204,0.7806,0.8036,3611115.0,5e-05
2025-08-20 20:00:00+00:00,0.8036,0.8128,0.7905,0.795,1346636.0,5e-05
2025-08-21 00:00:00+00:00,0.795,0.8064,0.7844,0.7872,1431506.0,-0.00021259
2025-08-21 04:00:00+00:00,0.7872,0.8104,0.7868,0.8015,1775745.0,3.498e-05
2025-08-21 08:00:00+00:00,0.8015,0.8015,0.7777,0.7817,1721249.0,-8.565e-05
2025-08-21 12:00:00+00:00,0.7817,0.8083,0.7757,0.7969,2093376.0,5e-05
2025-08-21 16:00:00+00:00,0.7969,0.8091,0.781,0.7945,1711572.0,-2.957e-05
2025-08-21 20:00:00+00:00,0.7945,0.8402,0.7939,0.822,2736004.0,-0.00028554
2025-08-22 00:00:00+00:00,0.822,0.8253,0.7793,0.7794,1932305.0,3.541e-05
2025-08-22 04:00:00+00:00,0.7794,0.8014,0.7739,0.7899,2254676.0,-0.00013307
2025-08-22 08:00:00+00:00,0.7899,0.799,0.7804,0.788,1230426.0,-0.00031068
2025-08-22 12:00:00+00:00,0.788,0.8214,0.7646,0.8132,7221941.0,-0.00030406
2025-08-22 16:00:00+00:00,0.8132,0.8456,0.8109,0.8373,3664866.0,-8.879e-05
2025-08-22 20:00:00+00:00,0.8373,0.8505,0.828,0.8351,1732507.0,-8.713e-05
2025-08-23 00:00:00+00:00,0.8351,0.84,0.7871,0.8022,2476039.0,5e-05
2025-08-23 04:00:00+00:00,0.8022,0.8416,0.8022,0.8177,2014758.0,-0.00034871
2025-08-23 08:00:00+00:00,0.8177,0.8248,0.8005,0.8115,1840900.0,4.096e-05
2025-08-23 12:00:00+00:00,0.8115,0.8217,0.8029,0.8182,1262900.0,5e-05
2025-08-23 16:00:00+00:00,0.8182,0.8242,0.8111,0.8143,783359.0,-0.00016026
2025-08-23 20:00:00+00:00,0.8143,0.818,0.8062,0.8117,556864.0,5e-05
2025-08-24 00:00:00+00:00,0.8117,0.8178,0.7989,0.8048,688512.0,-7.193e-05
2025-08-24 04:00:00+00:00,0.8048,0.8132,0.79,0.7911,1055186.0,-0.00018418
2025-08-24 08:00:00+00:00,0.7911,0.7936,0.7786,0.7863,1439309.0,-0.00054919
2025-08-24 12:00:00+00:00,0.7863,0.8078,0.7834,0.807,1342451.0,-0.00019774
2025-08-24 16:00:00+00:00,0.807,0.8299,0.7845,0.7969,3413775.0,3.195e-05
2025-08-24 20:00:00+00:00,0.7969,0.802,0.7749,0.7815,1656668.0,-1.822e-05
2025-08-25 00:00:00+00:00,0.7815,0.8031,0.766,0.793,1385930.0,2.929e-05
2025-08-25 04:00:00+00:00,0.793,0.7951,0.7492,0.7536,1864893.0,5e-05
2025-08-25 08:00:00+00:00,0.7536,0.7625,0.7422,0.7541,1565875.0,-9.634e-05
2025-08-25 12:00:00+00:00,0.7541,0.7711,0.7474,0.76,1167689.0,-0.00040658
2025-08-25 16:00:00+00:00,0.76,0.7606,0.7146,0.7172,2589763.0,-0.00036858
2025-08-25 20:00:00+00:00,0.7172,0.7212,0.6888,0.7074,3038141.0,-0.00045102
2025-08-26 00:00:00+00:00,0.7074,0.723,0.7011,0.7227,1221289.0,-0.00037443
2025-08-26 04:00:00+00:00,0.7227,0.7426,0.7184,0.7396,1339464.0,-0.00040439
2025-08-26 08:00:00+00:00,0.7396,0.7449,0.7263,0.7309,1107188.0,-0.00035994
2025-08-26 12:00:00+00:00,0.7309,0.7621,0.729,0.752,3061245.0,-0.00016858
2025-08-26 16:00:00+00:00,0.752,0.7763,0.748,0.7746,1819926.0,-0.00011721
2025-08-26 20:00:00+00:00,0.7746,0.7755,0.7582,0.7672,1476874.0,5e-05
2025-08-27 00:00:00+00:00,0.7672,0.7721,0.7554,0.7626,810125.0,-0.00030939
2025-08-27 04:00:00+00:00,0.7626,0.7726,0.7452,0.7571,1099888.0,-0.00029246
2025-08-27 08:00:00+00:00,0.7571,0.7652,0.7498,0.7625,1040657.0,-0.00039578
2025-08-27 12:00:00+00:00,0.7625,0.7704,0.7567,0.7641,1061977.0,-0.00042843
2025-08-27 16:00:00+00:00,0.7641,0.7724,0.7553,0.7602,1486239.0,-0.00041772
2025-08-27 20:00:00+00:00,0.7602,0.77,0.7528,0.7596,1948122.0,-0.00046637
2025-08-28 00:00:00+00:00,0.7596,0.766,0.7544,0.7609,838963.0,2.605e-05
2025-08-28 04:00:00+00:00,0.7609,0.769,0.7585,0.7655,826900.0,5e-05
2025-08-28 08:00:00+00:00,0.7655,0.7696,0.76,0.7679,818264.0,5e-05
2025-08-28 12:00:00+00:00,0.7679,0.7803,0.7653,0.767,1478157.0,5e-05
2025-08-28 16:00:00+00:00,0.767,0.7744,0.7515,0.7543,1382841.0,5e-05
2025-08-28 20:00:00+00:00,0.7543,0.7758,0.7534,0.7749,692031.0,-7.393e-05
2025-08-29 00:00:00+00:00,0.7749,0.778,0.7614,0.7674,673754.0,5e-05
2025-08-29 04:00:00+00:00,0.7674,0.7685,0.7424,0.7465,1403557.0,5e-05
2025-08-29 08:00:00+00:00,0.7465,0.7548,0.7311,0.7487,1090258.0,-4.612e-05
2025-08-29 12:00:00+00:00,0.7487,0.7654,0.7452,0.7562,2078300.0,-0.00036393
2025-08-29 16:00:00+00:00,0.7562,0.76,0.7418,0.7584,1117954.0,5e-05
2025-08-29 20:00:00+00:00,0.7584,0.7664,0.7511,0.7622,1185509.0,-0.00018874
2025-08-30 00:00:00+00:00,0.7622,0.768,0.7464,0.7668,924171.0,5e-05
2025-08-30 04:00:00+00:00,0.7668,0.7677,0.757,0.7629,757397.0,5e-05
2025-08-30 08:00:00+00:00,0.7629,0.766,0.7495,0.7561,1477861.0,5e-05
2025-08-30 12:00:00+00:00,0.7561,0.7648,0.7483,0.7637,1220852.0,-6.239e-05
2025-08-30 16:00:00+00:00,0.7637,0.765,0.7528,0.7568,351677.0,-8.242e-05
2025-08-30 20:00:00+00:00,0.7568,0.7601,0.7507,0.76,243327.0,5e-05
2025-08-31 00:00:00+00:00,0.76,0.7657,0.7588,0.7636,503130.0,5e-05
2025-08-31 04:00:00+00:00,0.7636,0.7655,0.7549,0.7605,487089.0,5e-05
2025-08-31 08:00:00+00:00,0.7605,0.7655,0.7576,0.7648,519719.0,5e-05
2025-08-31 12:00:00+00:00,0.7648,0.7724,0.7585,0.7721,1078778.0,-1.225e-05
2025-08-31 16:00:00+00:00,0.7721,0.7908,0.7659,0.7814,1577890.0,5e-05
2025-08-31 20:00:00+00:00,0.7814,0.7951,0.7614,0.7618,1160975.0,5e-05
2025-09-01 00:00:00+00:00,0.7618,0.763,0.7424,0.7482,1311863.0,5e-05
2025-09-01 04:00:00+00:00,0.7482,0.7612,0.7426,0.7607,1257212.0,-0.00031763
2025-09-01 08:00:00+00:00,0.7607,0.7649,0.7437,0.7453,1632145.0,-0.00010444
2025-09-01 12:00:00+00:00,0.7453,0.7498,0.7315,0.7324,1164718.0,-1.826e-05
2025-09-01 16:00:00+00:00,0.7324,0.7329,0.7125,0.7222,2018470.0,-0.00020789
2025-09-01 20:00:00+00:00,0.7222,0.7222,0.6912,0.7157,1843150.0,-0.00017258
2025-09-02 00:00:00+00:00,0.7157,0.7325,0.7076,0.7322,772081.0,-0.00017178
2025-09-02 04:00:00+00:00,0.7322,0.7488,0.7299,0.7334,1109191.0,2.627e-05
2025-09-02 08:00:00+00:00,0.7334,0.7417,0.7296,0.7349,909381.0,5e-05
2025-09-02 12:00:00+00:00,0.7349,0.7463,0.717,0.725,2498362.0,5e-05
2025-09-02 16:00:00+00:00,0.725,0.7372,0.7067,0.7134,1493647.0,-8.561e-05
2025-09-02 20:00:00+00:00,0.7134,0.7225,0.7085,0.7215,875811.0,5e-05
2025-09-03 00:00:00+00:00,0.7215,0.7315,0.7135,0.7282,627147.0,5e-05
2025-09-03 04:00:00+00:00,0.7282,0.7294,0.712,0.7193,563087.0,5e-05
2025-09-03 08:00:00+00:00,0.7193,0.7282,0.713,0.7209,976369.0,5e-05
2025-09-03 12:00:00+00:00,0.7209,0.7432,0.7203,0.7332,1464418.0,5e-05
2025-09-03 16:00:00+00:00,0.7332,0.7438,0.7285,0.741,698630.0,5e-05
2025-09-03 20:00:00+00:00,0.741,0.7453,0.7367,0.7397,559430.0,5e-05
2025-09-04 00:00:00+00:00,0.7397,0.7448,0.7186,0.7193,1289966.0,5e-05
2025-09-04 04:00:00+00:00,0.7193,0.723,0.7085,0.7141,1039792.0,5e-05
2025-09-04 08:00:00+00:00,0.7141,0.7179,0.7044,0.7092,974339.0,5e-05
2025-09-04 12:00:00+00:00,0.7092,0.714,0.6953,0.6988,1232336.0,5e-05
2025-09-04 16:00:00+00:00,0.6988,0.7035,0.6851,0.6883,1277123.0,5e-05
2025-09-04 20:00:00+00:00,0.6883,0.7069,0.6867,0.6982,742727.0,2.942e-05
2025-09-05 00:00:00+00:00,0.6982,0.71,0.6971,0.7084,663173.0,4.524e-05
2025-09-05 04:00:00+00:00,0.7084,0.7211,0.7045,0.7193,872476.0,5e-05
2025-09-05 08:00:00+00:00,0.7193,0.7239,0.7144,0.7207,797543.0,5e-05
2025-09-05 12:00:00+00:00,0.7207,0.7314,0.7018,0.7114,2189522.0,5e-05
2025-09-05 16:00:00+00:00,0.7114,0.7175,0.7051,0.7175,803556.0,5e-05
2025-09-05 20:00:00+00:00,0.7175,0.7227,0.7093,0.7096,593147.0,5e-05
2025-09-06 00:00:00+00:00,0.7096,0.7192,0.7095,0.7134,309156.0,5e-05
2025-09-06 04:00:00+00:00,0.7134,0.7149,0.7031,0.7088,635356.0,5e-05
2025-09-06 08:00:00+00:00,0.7088,0.7102,0.7029,0.7054,464478.0,5e-05
2025-09-06 12:00:00+00:00,0.7054,0.7075,0.6945,0.697,1031063.0,5e-05
2025-09-06 16:00:00+00:00,0.697,0.7036,0.6942,0.6971,544977.0,5e-05
2025-09-06 20:00:00+00:00,0.6971,0.7083,0.6962,0.7048,487779.0,5e-05
2025-09-07 00:00:00+00:00,0.7048,0.7125,0.703,0.7105,330600.0,5e-05
2025-09-07 04:00:00+00:00,0.7105,0.721,0.7065,0.7075,1056390.0,5e-05
2025-09-07 08:00:00+00:00,0.7075,0.7153,0.7047,0.7152,609307.0,5e-05
2025-09-07 12:00:00+00:00,0.7152,0.7159,0.7044,0.7056,1218549.0,5e-05
2025-09-07 16:00:00+00:00,0.7056,0.7077,0.6917,0.6944,1144264.0,5e-05
2025-09-07 20:00:00+00:00,0.6944,0.7097,0.69,0.7035,830659.0,5e-05
2025-09-08 00:00:00+00:00,0.7035,0.7212,0.7011,0.7154,914765.0,5e-05
2025-09-08 04:00:00+00:00,0.7154,0.7155,0.702,0.7042,722587.0,5e-05
2025-09-08 08:00:00+00:00,0.7042,0.7193,0.7034,0.7115,1052454.0,5e-05
2025-09-08 12:00:00+00:00,0.7115,0.7258,0.7075,0.7195,1628271.0,5e-05
2025-09-08 16:00:00+00:00,0.7195,0.7284,0.712,0.717,2018441.0,5e-05
2025-09-08 20:00:00+00:00,0.717,0.7383,0.7106,0.7369,1355330.0,5e-05
2025-09-09 00:00:00+00:00,0.7369,0.7729,0.7302,0.7531,3106303.0,5e-05
2025-09-09 04:00:00+00:00,0.7531,0.7731,0.7522,0.7635,2388619.0,5e-05
2025-09-09 08:00:00+00:00,0.7635,0.7956,0.7634,0.7869,3289270.0,5e-05
2025-09-09 12:00:00+00:00,0.7869,0.7932,0.7519,0.7627,5580944.0,5e-05
2025-09-09 16:00:00+00:00,0.7627,0.784,0.7526,0.777,2352142.0,5e-05
2025-09-09 20:00:00+00:00,0.777,0.8202,0.7734,0.7962,3813696.0,5e-05
2025-09-10 00:00:00+00:00,0.7962,0.8079,0.7633,0.7834,2253608.0,5e-05
2025-09-10 04:00:00+00:00,0.7834,0.79,0.7673,0.7876,982481.0,5e-05
2025-09-10 08:00:00+00:00,0.7876,0.7884,0.7688,0.7788,1457107.0,5e-05
2025-09-10 12:00:00+00:00,0.7788,0.7943,0.7767,0.7781,2105123.0,5e-05
2025-09-10 16:00:00+00:00,0.7781,0.7781,0.7605,0.7713,1712012.0,5e-05
2025-09-10 20:00:00+00:00,0.7713,0.7764,0.7605,0.7714,1213340.0,5e-05
2025-09-11 00:00:00+00:00,0.7714,0.7822,0.7696,0.7801,973278.0,5e-05
2025-09-11 04:00:00+00:00,0.7801,0.7846,0.7683,0.7786,1346708.0,5e-05
2025-09-11 08:00:00+00:00,0.7786,0.7878,0.7716,0.7779,1758825.0,5e-05
2025-09-11 12:00:00+00:00,0.7779,0.8404,0.7619,0.8245,8941010.0,5e-05
2025-09-11 16:00:00+00:00,0.8245,0.8423,0.8151,0.8355,5505478.0,5e-05
2025-09-11 20:00:00+00:00,0.8355,0.8557,0.8253,0.8479,2743972.0,5e-05
2025-09-12 00:00:00+00:00,0.8479,0.855,0.8219,0.8283,2357777.0,-6.151e-05
2025-09-12 04:00:00+00:00,0.8283,0.8331,0.8103,0.82,2786032.0,5e-05
2025-09-12 08:00:00+00:00,0.82,0.8218,0.8102,0.8156,1603671.0,5e-05
2025-09-12 12:00:00+00:00,0.8156,0.8185,0.8056,0.8113,1674662.0,5e-05
2025-09-12 16:00:00+00:00,0.8113,0.8393,0.807,0.8343,1828258.0,5e-05
2025-09-12 20:00:00+00:00,0.8343,0.8392,0.8255,0.8389,1291721.0,5e-05
2025-09-13 00:00:00+00:00,0.8389,0.8389,0.8258,0.8367,1004204.0,5e-05
2025-09-13 04:00:00+00:00,0.8367,0.8792,0.8333,0.8551,2915156.0,5e-05
2025-09-13 08:00:00+00:00,0.8551,0.8684,0.8466,0.8598,2006456.0,5e-05
2025-09-13 12:00:00+00:00,0.8598,0.8685,0.8289,0.8424,3484919.0,5e-05
2025-09-13 16:00:00+00:00,0.8424,0.8453,0.8151,0.8275,1962046.0,5e-05
2025-09-13 20:00:00+00:00,0.8275,0.838,0.8269,0.8322,709669.0,5e-05
2025-09-14 00:00:00+00:00,0.8322,0.8332,0.812,0.815,1139750.0,5e-05
2025-09-14 04:00:00+00:00,0.815,0.8233,0.8071,0.8203,1390281.0,5e-05
2025-09-14 08:00:00+00:00,0.8203,0.8251,0.7968,0.8046,1771911.0,5e-05
2025-09-14 12:00:00+00:00,0.8046,0.8092,0.7806,0.7903,2105405.0,5e-05
2025-09-14 16:00:00+00:00,0.7903,0.8008,0.7866,0.7928,785651.0,5e-05
2025-09-14 20:00:00+00:00,0.7928,0.805,0.7896,0.7929,704463.0,5e-05
2025-09-15 00:00:00+00:00,0.7929,0.7998,0.7785,0.7982,817035.0,5e-05
2025-09-15 04:00:00+00:00,0.7982,0.8049,0.7691,0.7774,1865360.0,5e-05
2025-09-15 08:00:00+00:00,0.7774,0.7774,0.7479,0.7616,4078388.0,5e-05
2025-09-15 12:00:00+00:00,0.7616,0.7691,0.75,0.7615,1085339.0,5e-05
2025-09-15 16:00:00+00:00,0.7615,0.7684,0.7497,0.7665,965566.0,5e-05
2025-09-15 20:00:00+00:00,0.7665,0.7724,0.7625,0.7649,583535.0,5e-05
2025-09-16 00:00:00+00:00,0.7649,0.7667,0.757,0.7589,601863.0,5e-05
2025-09-16 04:00:00+00:00,0.7589,0.7891,0.7539,0.7855,1581525.0,5e-05
2025-09-16 08:00:00+00:00,0.7855,0.7932,0.7724,0.7795,1416403.0,5e-05
2025-09-16 12:00:00+00:00,0.7795,0.8112,0.7753,0.8037,3106675.0,5e-05
2025-09-16 16:00:00+00:00,0.8037,0.8423,0.7965,0.8287,3706029.0,5e-05
2025-09-16 20:00:00+00:00,0.8287,0.8349,0.818,0.822,916563.0,5e-05
2025-09-17 00:00:00+00:00,0.822,0.8374,0.8105,0.8123,1145837.0,5e-05
2025-09-17 04:00:00+00:00,0.8123,0.8246,0.804,0.8146,1682139.0,5e-05
2025-09-17 08:00:00+00:00,0.8146,0.8152,0.7956,0.8053,1242634.0,5e-05
2025-09-17 12:00:00+00:00,0.8053,0.8081,0.793,0.7956,1054907.0,5e-05
2025-09-17 16:00:00+00:00,0.7956,0.8235,0.789,0.8209,3497943.0,5e-05
2025-09-17 20:00:00+00:00,0.8209,0.8271,0.8018,0.8188,1338025.0,5e-05
2025-09-18 00:00:00+00:00,0.8188,0.8492,0.808,0.8446,2585462.0,5e-05
2025-09-18 04:00:00+00:00,0.8446,0.8758,0.8413,0.872,5613826.0,5e-05
2025-09-18 08:00:00+00:00,0.872,0.9131,0.8577,0.8942,6859033.0,5e-05
2025-09-18 12:00:00+00:00,0.8942,0.9133,0.8808,0.8858,4171916.0,5e-05
2025-09-18 16:00:00+00:00,0.8858,0.927,0.8854,0.9008,3497857.0,5e-05
2025-09-18 20:00:00+00:00,0.9008,0.925,0.8889,0.8955,3189202.0,5e-05
2025-09-19 00:00:00+00:00,0.8955,0.9153,0.8796,0.8843,2169405.0,5e-05
2025-09-19 04:00:00+00:00,0.8843,0.8954,0.8736,0.8802,2020789.0,5e-05
2025-09-19 08:00:00+00:00,0.8802,0.8835,0.8538,0.8576,2134077.0,5e-05
2025-09-19 12:00:00+00:00,0.8576,0.8638,0.8354,0.8555,2501144.0,5e-05
2025-09-19 16:00:00+00:00,0.8555,0.8901,0.8544,0.8646,2710831.0,5e-05
2025-09-19 20:00:00+00:00,0.8646,0.9118,0.8643,0.9006,2079343.0,5e-05
2025-09-20 00:00:00+00:00,0.9006,0.9009,0.8659,0.8802,1675229.0,5e-05
2025-09-20 04:00:00+00:00,0.8802,0.9107,0.878,0.8953,1896995.0,5e-05
2025-09-20 08:00:00+00:00,0.8953,0.898,0.8647,0.877,1359895.0,5e-05
2025-09-20 12:00:00+00:00,0.877,0.887,0.8667,0.886,1510287.0,5e-05
2025-09-20 16:00:00+00:00,0.886,0.889,0.864,0.8733,1035402.0,5e-05
2025-09-20 20:00:00+00:00,0.8733,0.8866,0.8724,0.8781,466026.0,5e-05
2025-09-21 00:00:00+00:00,0.8781,0.8899,0.8752,0.8823,622433.0,5e-05
2025-09-21 04:00:00+00:00,0.8823,0.9202,0.8823,0.9191,2659058.0,5e-05
2025-09-21 08:00:00+00:00,0.9191,0.9214,0.8797,0.9076,1910327.0,5e-05
2025-09-21 12:00:00+00:00,0.9076,0.9374,0.9067,0.9236,2830811.0,5e-05
2025-09-21 16:00:00+00:00,0.9236,0.9548,0.9056,0.9249,3449834.0,5e-05
2025-09-21 20:00:00+00:00,0.9249,0.954,0.9193,0.9245,1285188.0,5e-05
2025-09-22 00:00:00+00:00,0.9245,0.9266,0.8373,0.847,6355790.0,5e-05
2025-09-22 04:00:00+00:00,0.847,0.8479,0.7545,0.7724,9030896.0,5e-05
2025-09-22 08:00:00+00:00,0.7724,0.7882,0.728,0.7511,6836446.0,5e-05
2025-09-22 12:00:00+00:00,0.7511,0.7527,0.7217,0.7297,3401459.0,-7.782e-05
2025-09-22 16:00:00+00:00,0.7297,0.7418,0.7208,0.7324,2598523.0,-4.049e-05
2025-09-22 20:00:00+00:00,0.7324,0.7476,0.7288,0.738,1261791.0,5e-05
2025-09-23 00:00:00+00:00,0.738,0.7398,0.7058,0.7328,3343821.0,5e-05
2025-09-23 04:00:00+00:00,0.7328,0.7586,0.7161,0.758,2876439.0,5e-05
2025-09-23 08:00:00+00:00,0.758,0.7802,0.7463,0.7705,5634028.0,5e-05
2025-09-23 12:00:00+00:00,0.7705,0.8073,0.7636,0.7872,4310980.0,5e-05
2025-09-23 16:00:00+00:00,0.7872,0.8077,0.7736,0.7961,3358796.0,5e-05
2025-09-23 20:00:00+00:00,0.7961,0.8475,0.7928,0.8348,4056344.0,-3.15e-05
2025-09-24 00:00:00+00:00,0.8348,0.8967,0.8348,0.8733,3872629.0,5e-05
2025-09-24 04:00:00+00:00,0.8733,0.8847,0.8353,0.8599,5745900.0,5e-05
2025-09-24 08:00:00+00:00,0.8599,0.8897,0.8556,0.8801,2663720.0,5e-05
2025-09-24 12:00:00+00:00,0.8801,0.9049,0.8616,0.8651,3458752.0,5e-05
2025-09-24 16:00:00+00:00,0.8651,0.8829,0.8611,0.8761,1611881.0,5e-05
2025-09-24 20:00:00+00:00,0.8761,0.9114,0.8683,0.9022,2682996.0,5e-05
2025-09-25 00:00:00+00:00,0.9022,0.9167,0.86,0.8857,2455579.0,5e-05
2025-09-25 04:00:00+00:00,0.8857,0.8922,0.8417,0.8432,2887423.0,5e-05
2025-09-25 08:00:00+00:00,0.8432,0.859,0.7996,0.8087,3802094.0,5e-05
2025-09-25 12:00:00+00:00,0.8087,0.85,0.793,0.8331,3861307.0,5e-05
2025-09-25 16:00:00+00:00,0.8331,0.8381,0.788,0.7964,3483907.0,5e-05
2025-09-25 20:00:00+00:00,0.7964,0.8032,0.7677,0.7805,1910075.0,5e-05
2025-09-26 00:00:00+00:00,0.7805,0.8054,0.773,0.7762,2249514.0,5e-05
2025-09-26 04:00:00+00:00,0.7762,0.7881,0.7639,0.7871,1721816.0,5e-05
2025-09-26 08:00:00+00:00,0.7871,0.7873,0.7591,0.773,1421853.0,5e-05
2025-09-26 12:00:00+00:00,0.773,0.8015,0.7597,0.7953,2120553.0,5e-05
2025-09-26 16:00:00+00:00,0.7953,0.8641,0.7921,0.8532,4218023.0,5e-05
2025-09-26 20:00:00+00:00,0.8532,0.8716,0.8327,0.8577,3745108.0,5e-05
2025-09-27 00:00:00+00:00,0.8577,0.9087,0.852,0.894,2381612.0,5e-05
2025-09-27 04:00:00+00:00,0.894,0.9295,0.8863,0.9172,3916701.0,5e-05
2025-09-27 08:00:00+00:00,0.9172,0.9445,0.9095,0.9296,6699536.0,5e-05
2025-09-27 12:00:00+00:00,0.9296,0.9382,0.8759,0.8866,5564125.0,5e-05
2025-09-27 16:00:00+00:00,0.8866,0.9073,0.8839,0.8987,2716934.0,5e-05
2025-09-27 20:00:00+00:00,0.8987,0.908,0.8904,0.8942,1359760.0,5e-05
2025-09-28 00:00:00+00:00,0.8942,0.8944,0.8476,0.8556,2866154.0,5e-05
2025-09-28 04:00:00+00:00,0.8556,0.8604,0.8347,0.8354,2105713.0,5e-05
2025-09-28 08:00:00+00:00,0.8354,0.8386,0.8206,0.8297,2349498.0,5e-05
2025-09-28 12:00:00+00:00,0.8297,0.8439,0.8173,0.8417,1853521.0,5e-05
2025-09-28 16:00:00+00:00,0.8417,0.8754,0.8396,0.8713,2517578.0,5e-05
2025-09-28 20:00:00+00:00,0.8713,0.94,0.8605,0.9376,3930618.0,5e-05
2025-09-29 00:00:00+00:00,0.9376,1.0476,0.9347,0.9574,13463817.0,5e-05
2025-09-29 04:00:00+00:00,0.9574,0.9702,0.8852,0.9018,6485989.0,5e-05
2025-09-29 08:00:00+00:00,0.9018,0.9067,0.8852,0.9053,2986303.0,5e-05
2025-09-29 12:00:00+00:00,0.9053,0.9183,0.8757,0.8842,3635556.0,-3.174e-05
2025-09-29 16:00:00+00:00,0.8842,0.898,0.8716,0.8905,1982038.0,5e-05
2025-09-29 20:00:00+00:00,0.8905,0.9002,0.8696,0.8742,1822756.0,-8.558e-05
2025-09-30 00:00:00+00:00,0.8742,0.8825,0.8416,0.8512,3852559.0,5e-05
2025-09-30 04:00:00+00:00,0.8512,0.8549,0.8189,0.8204,2732871.0,-6.97e-05
2025-09-30 08:00:00+00:00,0.8204,0.8227,0.7908,0.81,3760978.0,-0.00011516
2025-09-30 12:00:00+00:00,0.81,0.8181,0.7598,0.7654,4372263.0,-0.00010065
2025-09-30 16:00:00+00:00,0.7654,0.7707,0.7462,0.768,3612258.0,5e-05
2025-09-30 20:00:00+00:00,0.768,0.7758,0.7512,0.7689,2584198.0,5e-05
2025-10-01 00:00:00+00:00,0.7689,0.8012,0.7584,0.7768,4624335.0,3.377e-05
2025-10-01 04:00:00+00:00,0.7768,0.8035,0.7721,0.7827,2779805.0,5e-05
2025-10-01 08:00:00+00:00,0.7827,0.8157,0.7764,0.7976,3578652.0,5e-05
2025-10-01 12:00:00+00:00,0.7976,0.8118,0.7747,0.7974,5809357.0,5e-05
2025-10-01 16:00:00+00:00,0.7974,0.7992,0.7788,0.7905,2011409.0,5e-05
2025-10-01 20:00:00+00:00,0.7905,0.7907,0.7709,0.7836,1652279.0,5e-05
2025-10-02 00:00:00+00:00,0.7836,0.8063,0.7782,0.8023,1750857.0,5e-05
2025-10-02 04:00:00+00:00,0.8023,0.814,0.7967,0.8028,1657805.0,5e-05
2025-10-02 08:00:00+00:00,0.8028,0.808,0.7957,0.7986,1000574.0,5e-05
2025-10-02 12:00:00+00:00,0.7986,0.8139,0.779,0.798,3399323.0,5e-05
2025-10-02 16:00:00+00:00,0.798,0.8924,0.7961,0.8736,8903150.0,5e-05
2025-10-02 20:00:00+00:00,0.8736,0.9415,0.8622,0.9365,4456647.0,5e-05
2025-10-03 00:00:00+00:00,0.9365,0.9437,0.785,0.8089,9947924.0,5e-05
2025-10-03 04:00:00+00:00,0.8089,0.8299,0.8075,0.8254,3360901.0,5e-05
2025-10-03 08:00:00+00:00,0.8254,0.8256,0.8083,0.8155,2817546.0,5e-05
2025-10-03 12:00:00+00:00,0.8155,0.8638,0.8112,0.8628,3074246.0,5e-05
2025-10-03 16:00:00+00:00,0.8628,0.8859,0.8309,0.8817,6273201.0,5e-05
2025-10-03 20:00:00+00:00,0.8817,0.9165,0.8817,0.8975,3446113.0,5e-05
2025-10-04 00:00:00+00:00,0.8975,0.9036,0.8831,0.8995,1804789.0,5e-05
2025-10-04 04:00:00+00:00,0.8995,0.9163,0.8864,0.8923,1730743.0,5e-05
2025-10-04 08:00:00+00:00,0.8923,0.9096,0.8714,0.8956,2328128.0,5e-05
2025-10-04 12:00:00+00:00,0.8956,0.9102,0.8466,0.8551,3509962.0,5e-05
2025-10-04 16:00:00+00:00,0.8551,0.903,0.8549,0.8894,2844009.0,5e-05
2025-10-04 20:00:00+00:00,0.8894,0.8901,0.8744,0.8828,1258326.0,5e-05
2025-10-05 00:00:00+00:00,0.8828,0.8888,0.8346,0.8688,4221032.0,5e-05
2025-10-05 04:00:00+00:00,0.8688,0.9037,0.8652,0.886,2724485.0,5e-05
2025-10-05 08:00:00+00:00,0.886,0.8911,0.8483,0.8566,3431280.0,5e-05
2025-10-05 12:00:00+00:00,0.8566,0.8659,0.8441,0.8639,1733705.0,5e-05
2025-10-05 16:00:00+00:00,0.8639,0.8716,0.8279,0.8296,2747133.0,5e-05
2025-10-05 20:00:00+00:00,0.8296,0.8415,0.8272,0.8378,810986.0,5e-05
2025-10-06 00:00:00+00:00,0.8378,0.8574,0.8315,0.8528,1659920.0,5e-05
2025-10-06 04:00:00+00:00,0.8528,0.8896,0.8438,0.8731,3257635.0,5e-05
2025-10-06 08:00:00+00:00,0.8731,0.8875,0.8669,0.8714,2224564.0,5e-05
2025-10-06 12:00:00+00:00,0.8714,0.894,0.8684,0.887,2329642.0,5e-05
2025-10-06 16:00:00+00:00,0.887,0.8942,0.87,0.8925,2413702.0,5e-05
2025-10-06 20:00:00+00:00,0.8925,0.9,0.8751,0.88,1717670.0,5e-05
2025-10-07 00:00:00+00:00,0.88,0.8891,0.8661,0.8692,756610.0,5e-05
2025-10-07 04:00:00+00:00,0.8692,0.8811,0.8465,0.856,1888654.0,5e-05
2025-10-07 08:00:00+00:00,0.856,0.8803,0.8413,0.8755,1672911.0,5e-05
2025-10-07 12:00:00+00:00,0.8755,0.8857,0.8259,0.8389,4312159.0,5e-05
2025-10-07 16:00:00+00:00,0.8389,0.8788,0.8285,0.8542,5342373.0,5e-05
2025-10-07 20:00:00+00:00,0.8542,0.8771,0.8378,0.8398,1741263.0,5e-05
2025-10-08 00:00:00+00:00,0.8398,0.863,0.8294,0.8383,988952.0,5e-05
2025-10-08 04:00:00+00:00,0.8383,0.8609,0.8363,0.85,1811283.0,5e-05
2025-10-08 08:00:00+00:00,0.85,0.8591,0.8419,0.8471,1366055.0,5e-05
2025-10-08 12:00:00+00:00,0.8471,0.8622,0.8323,0.8462,1998139.0,5e-05
2025-10-08 16:00:00+00:00,0.8462,0.8657,0.8414,0.8501,1235903.0,5e-05
2025-10-08 20:00:00+00:00,0.8501,0.8581,0.8396,0.8488,1156886.0,5e-05
2025-10-09 00:00:00+00:00,0.8488,0.8553,0.7878,0.8067,3509381.0,5e-05
2025-10-09 04:00:00+00:00,0.8067,0.8182,0.8034,0.8055,1399983.0,5e-05
2025-10-09 08:00:00+00:00,0.8055,0.8074,0.7813,0.7997,2468504.0,5e-05
2025-10-09 12:00:00+00:00,0.7997,0.8075,0.7713,0.7735,2782969.0,5e-05
2025-10-09 16:00:00+00:00,0.7735,0.7844,0.7621,0.7806,1481537.0,-4.253e-05
2025-10-09 20:00:00+00:00,0.7806,0.7849,0.7702,0.7774,780629.0,5e-05
2025-10-10 00:00:00+00:00,0.7774,0.7871,0.7645,0.776,1132432.0,5e-05
2025-10-10 04:00:00+00:00,0.776,0.784,0.7668,0.7699,1278909.0,5e-05
2025-10-10 08:00:00+00:00,0.7699,0.7882,0.7675,0.7859,963707.0,4.932e-05
2025-10-10 12:00:00+00:00,0.7859,0.8014,0.7304,0.739,5172822.0,5e-05
2025-10-10 16:00:00+00:00,0.739,0.7515,0.7123,0.7259,3751410.0,5e-05
2025-10-10 20:00:00+00:00,0.7259,0.7325,0.1732,0.502,33845483.0,-9.11e-05
2025-10-11 00:00:00+00:00,0.502,0.5498,0.4886,0.5327,5892808.0,-0.00195807
2025-10-11 04:00:00+00:00,0.5327,0.5523,0.4848,0.5472,5065955.0,5e-05
2025-10-11 08:00:00+00:00,0.5472,0.5737,0.5401,0.5644,2544929.0,5e-05
2025-10-11 12:00:00+00:00,0.5644,0.5655,0.5415,0.5478,3033995.0,-0.00028533
2025-10-11 16:00:00+00:00,0.5478,0.5509,0.5128,0.5192,3234060.0,-0.00027326
2025-10-11 20:00:00+00:00,0.5192,0.5209,0.4907,0.5068,3557360.0,-0.00050726
2025-10-12 00:00:00+00:00,0.5068,0.5087,0.4828,0.4923,2731932.0,5e-05
2025-10-12 04:00:00+00:00,0.4923,0.5035,0.4897,0.4955,1753905.0,5e-05
2025-10-12 08:00:00+00:00,0.4955,0.4997,0.4822,0.4946,1746984.0,5e-05
2025-10-12 12:00:00+00:00,0.4946,0.5436,0.4775,0.5406,4759625.0,3.656e-05
2025-10-12 16:00:00+00:00,0.5406,0.567,0.5389,0.5644,3140958.0,1.687e-05
2025-10-12 20:00:00+00:00,0.5644,0.5697,0.5358,0.5498,2934362.0,-0.00033476
2025-10-13 00:00:00+00:00,0.5498,0.5501,0.5285,0.5352,2090009.0,-0.00028048
2025-10-13 04:00:00+00:00,0.5352,0.5489,0.5312,0.5418,1640524.0,-0.00029745
2025-10-13 08:00:00+00:00,0.5418,0.5531,0.5037,0.5174,4382294.0,-0.00025173
2025-10-13 12:00:00+00:00,0.5174,0.5495,0.509,0.545,4257307.0,-0.00028668
2025-10-13 16:00:00+00:00,0.545,0.5592,0.5342,0.5549,2701007.0,-0.0002371
2025-10-13 20:00:00+00:00,0.5549,0.6205,0.5523,0.6078,5979455.0,-7.966e-05
2025-10-14 00:00:00+00:00,0.6078,0.6083,0.569,0.5716,3911168.0,-0.00029863
2025-10-14 04:00:00+00:00,0.5716,0.5824,0.5208,0.5299,6211698.0,-0.00030494
2025-10-14 08:00:00+00:00,0.5299,0.542,0.5215,0.5348,3516867.0,-0.00049925
2025-10-14 12:00:00+00:00,0.5348,0.5502,0.5176,0.5474,3075395.0,-0.00023074
2025-10-14 16:00:00+00:00,0.5474,0.5641,0.5372,0.5449,3176668.0,-0.00017474
2025-10-14 20:00:00+00:00,0.5449,0.5535,0.5393,0.5423,1304722.0,-0.00036805
2025-10-15 00:00:00+00:00,0.5423,0.5476,0.5301,0.5356,1490001.0,-0.00039936
2025-10-15 04:00:00+00:00,0.5356,0.5437,0.5314,0.5398,1123391.0,-0.00035067
2025-10-15 08:00:00+00:00,0.5398,0.5505,0.5264,0.5363,1861058.0,-0.00043757
2025-10-15 12:00:00+00:00,0.5363,0.5363,0.4939,0.5027,5771837.0,-0.0003693
2025-10-15 16:00:00+00:00,0.5027,0.5069,0.4944,0.4972,1898410.0,-0.00027644
2025-10-15 20:00:00+00:00,0.4972,0.4995,0.4841,0.4876,1599481.0,-0.00036568
2025-10-16 00:00:00+00:00,0.4876,0.4979,0.4773,0.4947,1606438.0,-0.00037031
2025-10-16 04:00:00+00:00,0.4947,0.5037,0.4886,0.4959,911896.0,-0.00058012
2025-10-16 08:00:00+00:00,0.4959,0.508,0.4725,0.5044,3007572.0,-0.00020695
2025-10-16 12:00:00+00:00,0.5044,0.5157,0.4794,0.483,2854017.0,-0.00024344
2025-10-16 16:00:00+00:00,0.483,0.4951,0.4656,0.471,3144260.0,-0.00016699
2025-10-16 20:00:00+00:00,0.471,0.4761,0.4577,0.4698,1779319.0,-0.00010121
2025-10-17 00:00:00+00:00,0.4698,0.4809,0.4685,0.4796,1024125.0,-0.0001881
2025-10-17 04:00:00+00:00,0.4796,0.4819,0.4316,0.4362,3457380.0,-0.00042374
2025-10-17 08:00:00+00:00,0.4362,0.4577,0.4206,0.4528,5159615.0,-0.00036021
2025-10-17 12:00:00+00:00,0.4528,0.4543,0.4346,0.4539,2032808.0,-0.00030776
2025-10-17 16:00:00+00:00,0.4539,0.4612,0.4454,0.4503,1392027.0,-0.00037694
2025-10-17 20:00:00+00:00,0.4503,0.4583,0.4453,0.4462,617960.0,-0.00031618
2025-10-18 00:00:00+00:00,0.4462,0.4549,0.444,0.4517,735731.0,-0.00024822
2025-10-18 04:00:00+00:00,0.4517,0.4607,0.4467,0.4493,895663.0,-0.00057292
2025-10-18 08:00:00+00:00,0.4493,0.4541,0.4474,0.4502,838301.0,-0.00020753
2025-10-18 12:00:00+00:00,0.4502,0.4512,0.4332,0.4368,1568956.0,-0.00031085
2025-10-18 16:00:00+00:00,0.4368,0.4447,0.431,0.4382,1234388.0,-0.0005841
2025-10-18 20:00:00+00:00,0.4382,0.4455,0.4367,0.4407,736830.0,-0.00033761
2025-10-19 00:00:00+00:00,0.4407,0.446,0.4351,0.4449,842453.0,-0.0003819
2025-10-19 04:00:00+00:00,0.4449,0.446,0.4347,0.4396,750773.0,-0.00046249
2025-10-19 08:00:00+00:00,0.4396,0.4541,0.4327,0.4486,2047970.0,-0.00061823
2025-10-19 12:00:00+00:00,0.4486,0.4574,0.4438,0.4515,1054105.0,-0.00023919
2025-10-19 16:00:00+00:00,0.4515,0.4562,0.4447,0.4494,939603.0,-0.00032906
2025-10-19 20:00:00+00:00,0.4494,0.4523,0.4426,0.443,599877.0,-0.00035105
2025-10-20 00:00:00+00:00,0.443,0.451,0.4286,0.4499,1933290.0,-0.00053945
2025-10-20 04:00:00+00:00,0.4499,0.4767,0.4447,0.46,1991166.0,-0.00013819
2025-10-20 08:00:00+00:00,0.46,0.4681,0.4537,0.461,1755273.0,5.08e-06
2025-10-20 12:00:00+00:00,0.461,0.4721,0.4541,0.4569,1781790.0,-0.00013186
2025-10-20 16:00:00+00:00,0.4569,0.4612,0.445,0.4591,1879575.0,-1.907e-05
2025-10-20 20:00:00+00:00,0.4591,0.4656,0.4555,0.4584,906563.0,-0.00049147
2025-10-21 00:00:00+00:00,0.4584,0.4584,0.4381,0.4392,994695.0,-0.00030803
2025-10-21 04:00:00+00:00,0.4392,0.4399,0.4278,0.4364,1374800.0,-0.00036006
2025-10-21 08:00:00+00:00,0.4364,0.4379,0.4284,0.435,1169294.0,-0.00042757
2025-10-21 12:00:00+00:00,0.435,0.4847,0.4339,0.4824,2357836.0,-0.00019476
2025-10-21 16:00:00+00:00,0.4824,0.4829,0.4603,0.4632,2203780.0,-1.934e-05
2025-10-21 20:00:00+00:00,0.4632,0.4646,0.4286,0.4312,2033032.0,-0.00014693
2025-10-22 00:00:00+00:00,0.4312,0.4327,0.42,0.4255,1618103.0,-0.00013631
2025-10-22 04:00:00+00:00,0.4255,0.4291,0.4141,0.4196,1614399.0,-0.00023104
2025-10-22 08:00:00+00:00,0.4196,0.4199,0.4073,0.4152,2021517.0,-0.00029134
2025-10-22 12:00:00+00:00,0.4152,0.4231,0.4098,0.4149,2685152.0,-0.00041366
2025-10-22 16:00:00+00:00,0.4149,0.416,0.3985,0.4052,2769060.0,-0.00028715
2025-10-22 20:00:00+00:00,0.4052,0.4062,0.3797,0.3984,4001833.0,-0.00038621
2025-10-23 00:00:00+00:00,0.3984,0.3999,0.3937,0.3984,1000365.0,-0.00051411
2025-10-23 04:00:00+00:00,0.3984,0.4117,0.3977,0.4101,1124132.0,-0.00055308
2025-10-23 08:00:00+00:00,0.4101,0.4182,0.4049,0.4089,1263244.0,-0.0004995
2025-10-23 12:00:00+00:00,0.4089,0.4167,0.4034,0.409,1705757.0,-0.00033722
2025-10-23 16:00:00+00:00,0.409,0.4283,0.4088,0.4157,3909466.0,-0.00018963
2025-10-23 20:00:00+00:00,0.4157,0.4163,0.4075,0.4136,1320585.0,5e-05
2025-10-24 00:00:00+00:00,0.4136,0.4183,0.4113,0.4147,831232.0,5e-05
2025-10-24 04:00:00+00:00,0.4147,0.4299,0.4131,0.4274,1427146.0,-0.0001795
2025-10-24 08:00:00+00:00,0.4274,0.4288,0.4159,0.4232,1110333.0,-3.849e-05
2025-10-24 12:00:00+00:00,0.4232,0.4363,0.4101,0.412,3725177.0,5e-05
2025-10-24 16:00:00+00:00,0.412,0.4245,0.4082,0.4211,1238094.0,5e-05
2025-10-24 20:00:00+00:00,0.4211,0.4459,0.4204,0.438,1750840.0,5e-05
2025-10-25 00:00:00+00:00,0.438,0.4452,0.4307,0.4338,1204214.0,5e-05
2025-10-25 04:00:00+00:00,0.4338,0.4403,0.4294,0.4316,871675.0,5e-05
2025-10-25 08:00:00+00:00,0.4316,0.4382,0.4275,0.4308,842283.0,5e-05
2025-10-25 12:00:00+00:00,0.4308,0.4432,0.4293,0.4432,983557.0,5e-05
2025-10-25 16:00:00+00:00,0.4432,0.4433,0.4332,0.4407,723418.0,5e-05
2025-10-25 20:00:00+00:00,0.4407,0.4484,0.4368,0.4407,960159.0,5e-05
2025-10-26 00:00:00+00:00,0.4407,0.4407,0.4243,0.4274,1010259.0,5e-05
2025-10-26 04:00:00+00:00,0.4274,0.4348,0.427,0.4321,679375.0,5e-05
2025-10-26 08:00:00+00:00,0.4321,0.4455,0.4318,0.4436,1222901.0,-6.303e-05
2025-10-26 12:00:00+00:00,0.4436,0.4464,0.4336,0.4384,1317110.0,5e-05
2025-10-26 16:00:00+00:00,0.4384,0.4396,0.4341,0.4353,636588.0,5e-05
2025-10-26 20:00:00+00:00,0.4353,0.4491,0.4287,0.4428,1507078.0,5e-05
2025-10-27 00:00:00+00:00,0.4428,0.4526,0.4383,0.445,2240444.0,5e-05
2025-10-27 04:00:00+00:00,0.445,0.4589,0.4381,0.4442,2327977.0,-4.624e-05
2025-10-27 08:00:00+00:00,0.4442,0.445,0.4136,0.422,3306023.0,-7.445e-05
2025-10-27 12:00:00+00:00,0.422,0.4246,0.4126,0.4195,1674181.0,-0.00011009
2025-10-27 16:00:00+00:00,0.4195,0.4399,0.4191,0.428,2080996.0,-7.44e-06
2025-10-27 20:00:00+00:00,0.428,0.4299,0.4114,0.4147,1452747.0,5e-05
2025-10-28 00:00:00+00:00,0.4147,0.4167,0.4075,0.411,1269476.0,5e-05
2025-10-28 04:00:00+00:00,0.411,0.4145,0.4024,0.4065,1153988.0,5e-05
2025-10-28 08:00:00+00:00,0.4065,0.4165,0.4065,0.4093,1525862.0,5e-05
2025-10-28 12:00:00+00:00,0.4093,0.4227,0.4012,0.4075,2701196.0,5e-05
2025-10-28 16:00:00+00:00,0.4075,0.4138,0.3861,0.3901,2693828.0,5e-05
2025-10-28 20:00:00+00:00,0.3901,0.3906,0.3707,0.3771,3689977.0,5e-05
2025-10-29 00:00:00+00:00,0.3771,0.3803,0.3733,0.3747,1020424.0,5e-05
2025-10-29 04:00:00+00:00,0.3747,0.3771,0.3637,0.3743,2068201.0,5e-05
2025-10-29 08:00:00+00:00,0.3743,0.3872,0.3722,0.3851,1869466.0,5e-05
2025-10-29 12:00:00+00:00,0.3851,0.3894,0.3683,0.3718,2329569.0,5e-05
2025-10-29 16:00:00+00:00,0.3718,0.3874,0.362,0.3811,5578013.0,5e-05
2025-10-29 20:00:00+00:00,0.3811,0.3902,0.3683,0.3717,1801208.0,5e-05
2025-10-30 00:00:00+00:00,0.3717,0.3771,0.3667,0.3704,1216899.0,5e-05
2025-10-30 04:00:00+00:00,0.3704,0.3704,0.3491,0.3669,3105182.0,5e-05
2025-10-30 08:00:00+00:00,0.3669,0.3669,0.3505,0.3517,1280613.0,5e-05
2025-10-30 12:00:00+00:00,0.3517,0.3528,0.324,0.3261,5007121.0,5e-05
2025-10-30 16:00:00+00:00,0.3261,0.3302,0.3153,0.3257,3052801.0,5e-05
2025-10-30 20:00:00+00:00,0.3257,0.3363,0.323,0.3354,1604389.0,3.267e-05
2025-10-31 00:00:00+00:00,0.3354,0.3432,0.3341,0.3406,1022504.0,5e-05
2025-10-31 04:00:00+00:00,0.3406,0.3444,0.3399,0.3405,765830.0,5e-05
2025-10-31 08:00:00+00:00,0.3405,0.3409,0.3285,0.3387,1546464.0,5e-05
2025-10-31 12:00:00+00:00,0.3387,0.342,0.3315,0.3347,1646357.0,5e-05
2025-10-31 16:00:00+00:00,0.3347,0.3347,0.3194,0.3316,1993646.0,5e-05
2025-10-31 20:00:00+00:00,0.3316,0.3324,0.3229,0.3249,701174.0,5e-05
2025-11-01 00:00:00+00:00,0.3249,0.3407,0.3242,0.3397,1132178.0,5e-05
2025-11-01 04:00:00+00:00,0.3397,0.3428,0.3335,0.3414,1266222.0,5e-05
2025-11-01 08:00:00+00:00,0.3414,0.3468,0.3376,0.3447,1205010.0,5e-05
2025-11-01 12:00:00+00:00,0.3447,0.3489,0.3366,0.3445,1719273.0,5e-05
2025-11-01 16:00:00+00:00,0.3445,0.3486,0.3415,0.3463,1126384.0,5e-05
2025-11-01 20:00:00+00:00,0.3463,0.35,0.3399,0.346,764234.0,5e-05
2025-11-02 00:00:00+00:00,0.346,0.3468,0.3408,0.3435,563605.0,5e-05
2025-11-02 04:00:00+00:00,0.3435,0.363,0.3424,0.354,1889481.0,5e-05
2025-11-02 08:00:00+00:00,0.354,0.3568,0.3428,0.351,1877565.0,5e-05
2025-11-02 12:00:00+00:00,0.351,0.3513,0.3338,0.3373,1377407.0,5e-05
2025-11-02 16:00:00+00:00,0.3373,0.3395,0.3304,0.3336,1037755.0,5e-05
2025-11-02 20:00:00+00:00,0.3336,0.3507,0.3329,0.3484,984795.0,5e-05
2025-11-03 00:00:00+00:00,0.3484,0.3502,0.3106,0.3122,2543976.0,5e-05
2025-11-03 04:00:00+00:00,0.3122,0.3159,0.3028,0.3111,2385418.0,5e-05
2025-11-03 08:00:00+00:00,0.3111,0.3184,0.3019,0.3069,1931772.0,5e-05
2025-11-03 12:00:00+00:00,0.3069,0.3168,0.2758,0.287,7898228.0,5e-05
2025-11-03 16:00:00+00:00,0.287,0.3009,0.2839,0.2854,2982563.0,5e-05
2025-11-03 20:00:00+00:00,0.2854,0.2884,0.2781,0.2877,2530007.0,5e-05
2025-11-04 00:00:00+00:00,0.2877,0.3008,0.2875,0.2996,1797120.0,5e-05
2025-11-04 04:00:00+00:00,0.2996,0.3012,0.2787,0.2796,3183979.0,5e-05
2025-11-04 08:00:00+00:00,0.2796,0.2925,0.2787,0.2897,1669401.0,5e-05
2025-11-04 12:00:00+00:00,0.2897,0.2971,0.2819,0.2858,2140200.0,5e-05
2025-11-04 16:00:00+00:00,0.2858,0.2891,0.2707,0.2795,4506851.0,5e-05
2025-11-04 20:00:00+00:00,0.2795,0.3022,0.2628,0.2927,7345592.0,5e-05
2025-11-05 00:00:00+00:00,0.2927,0.3155,0.2754,0.313,3636814.0,5e-05
2025-11-05 04:00:00+00:00,0.313,0.3426,0.3087,0.3275,7208895.0,5e-05
2025-11-05 08:00:00+00:00,0.3275,0.3372,0.3159,0.3329,5403717.0,5e-05
2025-11-05 12:00:00+00:00,0.3329,0.3355,0.3211,0.3236,3138833.0,5e-05
2025-11-05 16:00:00+00:00,0.3236,0.3323,0.3192,0.3294,1979882.0,5e-05
2025-11-05 20:00:00+00:00,0.3294,0.3322,0.3223,0.3258,1966973.0,5e-05
2025-11-06 00:00:00+00:00,0.3258,0.3261,0.3123,0.3192,1928203.0,5e-05
2025-11-06 04:00:00+00:00,0.3192,0.321,0.3082,0.3082,1617809.0,5e-05
2025-11-06 08:00:00+00:00,0.3082,0.3111,0.3027,0.3069,1787551.0,5e-05
2025-11-06 12:00:00+00:00,0.3069,0.3184,0.2963,0.2982,3740204.0,5e-05
2025-11-06 16:00:00+00:00,0.2982,0.3102,0.2928,0.303,2497826.0,5e-05
2025-11-06 20:00:00+00:00,0.303,0.3054,0.2939,0.2982,1502228.0,5e-05
2025-11-07 00:00:00+00:00,0.2982,0.314,0.2978,0.3094,1451217.0,5e-05
2025-11-07 04:00:00+00:00,0.3094,0.3289,0.308,0.327,1789306.0,5e-05
2025-11-07 08:00:00+00:00,0.327,0.3272,0.3095,0.3122,2494636.0,5e-05
2025-11-07 12:00:00+00:00,0.3122,0.3284,0.3004,0.3252,2887504.0,5e-05
2025-11-07 16:00:00+00:00,0.3252,0.3949,0.3219,0.3864,10013005.0,5e-05
2025-11-07 20:00:00+00:00,0.3864,0.3866,0.3638,0.3687,3297876.0,5e-05
2025-11-08 00:00:00+00:00,0.3687,0.3797,0.3586,0.3634,3001732.0,5e-05
2025-11-08 04:00:00+00:00,0.3634,0.3739,0.3604,0.3676,2698900.0,5e-05
2025-11-08 08:00:00+00:00,0.3676,0.3834,0.3615,0.3759,5427794.0,5e-05
2025-11-08 12:00:00+00:00,0.3759,0.3872,0.357,0.3588,3747530.0,5e-05
2025-11-08 16:00:00+00:00,0.3588,0.3686,0.3545,0.3644,1738375.0,5e-05
2025-11-08 20:00:00+00:00,0.3644,0.3696,0.3601,0.3691,924991.0,5e-05
2025-11-09 00:00:00+00:00,0.3691,0.3694,0.3479,0.3496,1701631.0,5e-05
2025-11-09 04:00:00+00:00,0.3496,0.3677,0.3496,0.363,1205637.0,5e-05
2025-11-09 08:00:00+00:00,0.363,0.3689,0.3495,0.3615,2079396.0,5e-05
2025-11-09 12:00:00+00:00,0.3615,0.3833,0.3593,0.3775,2717134.0,5e-05
2025-11-09 16:00:00+00:00,0.3775,0.3948,0.3653,0.386,3383004.0,5e-05
2025-11-09 20:00:00+00:00,0.386,0.3887,0.3697,0.3729,1496121.0,5e-05
2025-11-10 00:00:00+00:00,0.3729,0.3799,0.3672,0.3684,1284061.0,-2.907e-05
2025-11-10 04:00:00+00:00,0.3684,0.369,0.3573,0.3595,1001577.0,5e-05
2025-11-10 08:00:00+00:00,0.3595,0.3616,0.3497,0.3587,1860793.0,5e-05
2025-11-10 12:00:00+00:00,0.3587,0.3657,0.3461,0.3496,2336411.0,5e-05
2025-11-10 16:00:00+00:00,0.3496,0.3577,0.3441,0.354,1346649.0,5e-05
2025-11-10 20:00:00+00:00,0.354,0.3612,0.3484,0.356,740266.0,5e-05
2025-11-11 00:00:00+00:00,0.356,0.3568,0.3369,0.3471,2058807.0,5e-05
2025-11-11 04:00:00+00:00,0.3471,0.3489,0.3281,0.3285,1624117.0,5e-05
2025-11-11 08:00:00+00:00,0.3285,0.3323,0.3247,0.3286,1327525.0,5e-05
2025-11-11 12:00:00+00:00,0.3286,0.3319,0.3184,0.3277,2899595.0,5e-05
2025-11-11 16:00:00+00:00,0.3277,0.3328,0.3205,0.3216,961803.0,5e-05
2025-11-11 20:00:00+00:00,0.3216,0.3232,0.3143,0.316,1276009.0,5e-05
2025-11-12 00:00:00+00:00,0.316,0.3203,0.3114,0.3192,673155.0,5e-05
2025-11-12 04:00:00+00:00,0.3192,0.3256,0.3154,0.3168,668525.0,5e-05
2025-11-12 08:00:00+00:00,0.3168,0.3293,0.3168,0.3278,1205257.0,5e-05
2025-11-12 12:00:00+00:00,0.3278,0.3305,0.3101,0.3115,1486583.0,5e-05
2025-11-12 16:00:00+00:00,0.3115,0.3124,0.2993,0.3042,1543004.0,5e-05
2025-11-12 20:00:00+00:00,0.3042,0.3144,0.3023,0.3084,587584.0,5e-05
2025-11-13 00:00:00+00:00,0.3084,0.32,0.307,0.3163,1031362.0,5e-05
2025-11-13 04:00:00+00:00,0.3163,0.322,0.3091,0.3105,1795275.0,5e-05
2025-11-13 08:00:00+00:00,0.3105,0.3262,0.31,0.3148,4932495.0,5e-05
2025-11-13 12:00:00+00:00,0.3148,0.3218,0.3052,0.3092,6309313.0,5e-05
2025-11-13 16:00:00+00:00,0.3092,0.3093,0.2903,0.2942,1708594.0,5e-05
2025-11-13 20:00:00+00:00,0.2942,0.3002,0.2838,0.2971,1095560.0,5e-05
2025-11-14 00:00:00+00:00,0.2971,0.2988,0.2908,0.293,721465.0,5e-05
2025-11-14 04:00:00+00:00,0.293,0.2957,0.2779,0.2918,1558003.0,5e-05
2025-11-14 08:00:00+00:00,0.2918,0.2925,0.2791,0.2821,642480.0,5e-05
2025-11-14 12:00:00+00:00,0.2821,0.2938,0.2747,0.2906,1377935.0,5e-05
2025-11-14 16:00:00+00:00,0.2906,0.2956,0.2845,0.2924,722603.0,5e-05
2025-11-14 20:00:00+00:00,0.2924,0.2958,0.2775,0.2829,1110613.0,5e-05
2025-11-15 00:00:00+00:00,0.2829,0.295,0.2822,0.2938,568901.0,5e-05
2025-11-15 04:00:00+00:00,0.2938,0.2981,0.2905,0.2917,490411.0,5e-05
2025-11-15 08:00:00+00:00,0.2917,0.2946,0.2802,0.2879,4270404.0,5e-05
2025-11-15 12:00:00+00:00,0.2879,0.3006,0.2771,0.2913,9629296.0,5e-05
2025-11-15 16:00:00+00:00,0.2913,0.2936,0.2821,0.285,2512107.0,5e-05
2025-11-15 20:00:00+00:00,0.285,0.2858,0.2781,0.2813,872220.0,5e-05
2025-11-16 00:00:00+00:00,0.2813,0.2831,0.2727,0.2826,1404032.0,5e-05
2025-11-16 04:00:00+00:00,0.2826,0.2848,0.2788,0.2845,413860.0,5e-05
2025-11-16 08:00:00+00:00,0.2845,0.2891,0.2761,0.2794,4565173.0,5e-05
2025-11-16 12:00:00+00:00,0.2794,0.2852,0.2706,0.2718,5130524.0,5e-05
2025-11-16 16:00:00+00:00,0.2718,0.2797,0.2577,0.2746,5333079.0,5e-05
2025-11-16 20:00:00+00:00,0.2746,0.283,0.2677,0.2818,769240.0,5e-05
2025-11-17 00:00:00+00:00,0.2818,0.2897,0.2761,0.2891,990821.0,5e-05
2025-11-17 04:00:00+00:00,0.2891,0.2993,0.2822,0.2881,3067316.0,5e-05
2025-11-17 08:00:00+00:00,0.2881,0.2969,0.285,0.2907,1524439.0,5e-05
2025-11-17 12:00:00+00:00,0.2907,0.2982,0.2769,0.2883,2870328.0,5e-05
2025-11-17 16:00:00+00:00,0.2883,0.2892,0.2674,0.2688,4125848.0,5e-05
2025-11-17 20:00:00+00:00,0.2688,0.2783,0.2678,0.272,2647818.0,5e-05
2025-11-18 00:00:00+00:00,0.272,0.2865,0.2653,0.2834,2764427.0,5e-05
2025-11-18 04:00:00+00:00,0.2834,0.2978,0.2801,0.2951,1939435.0,5e-05
2025-11-18 08:00:00+00:00,0.2951,0.3026,0.2912,0.2939,2348817.0,5e-05
2025-11-18 12:00:00+00:00,0.2939,0.334,0.2908,0.3288,11028941.0,5e-05
2025-11-18 16:00:00+00:00,0.3288,0.3587,0.3287,0.3367,26208822.0,5e-05
2025-11-18 20:00:00+00:00,0.3367,0.351,0.3272,0.3426,10616664.0,5e-05
2025-11-19 00:00:00+00:00,0.3426,0.3429,0.3237,0.3344,6771671.0,5e-05
2025-11-19 04:00:00+00:00,0.3344,0.3444,0.3279,0.3419,5623644.0,5e-05
2025-11-19 08:00:00+00:00,0.3419,0.3582,0.335,0.3569,8310629.0,5e-05
2025-11-19 12:00:00+00:00,0.3569,0.3644,0.3368,0.3435,8812142.0,5e-05
2025-11-19 16:00:00+00:00,0.3435,0.3566,0.325,0.3565,8147446.0,5e-05
2025-11-19 20:00:00+00:00,0.3565,0.3945,0.3555,0.3894,11539606.0,5e-05
2025-11-20 00:00:00+00:00,0.3894,0.4494,0.3788,0.444,17372943.0,-0.0004791
2025-11-20 04:00:00+00:00,0.444,0.5233,0.4264,0.516,41733358.0,-7.646e-05
2025-11-20 08:00:00+00:00,0.516,0.5736,0.4536,0.5196,76424029.0,-8.811e-05
2025-11-20 12:00:00+00:00,0.5196,0.655,0.5063,0.6177,87024071.0,5e-05
2025-11-20 16:00:00+00:00,0.6177,0.65,0.5321,0.6122,59511499.0,5e-05
2025-11-20 20:00:00+00:00,0.6122,0.6237,0.5157,0.5278,24290597.0,5e-05
2025-11-21 00:00:00+00:00,0.5278,0.5429,0.4957,0.5115,17166596.0,5e-05
2025-11-21 04:00:00+00:00,0.5115,0.5199,0.4647,0.4802,17743311.0,5e-05
2025-11-21 08:00:00+00:00,0.4802,0.4891,0.4407,0.4443,13567961.0,5e-05
2025-11-21 12:00:00+00:00,0.4443,0.4533,0.3766,0.3854,36088531.0,5e-05
2025-11-21 16:00:00+00:00,0.3854,0.3946,0.3668,0.3794,20731128.0,5e-05
2025-11-21 20:00:00+00:00,0.3794,0.381,0.3522,0.3617,13970580.0,5e-05
2025-11-22 00:00:00+00:00,0.3617,0.3638,0.3345,0.336,9270336.0,5e-05
2025-11-22 04:00:00+00:00,0.336,0.3556,0.3227,0.3388,11074291.0,5e-05
2025-11-22 08:00:00+00:00,0.3388,0.4227,0.3335,0.4069,26742119.0,5e-05
2025-11-22 12:00:00+00:00,0.4069,0.4077,0.3651,0.376,22601417.0,5e-05
2025-11-22 16:00:00+00:00,0.376,0.3977,0.3702,0.3778,7071749.0,5e-05
2025-11-22 20:00:00+00:00,0.3778,0.3887,0.3719,0.374,4103303.0,5e-05
2025-11-23 00:00:00+00:00,0.374,0.3946,0.3667,0.3886,9221477.0,5e-05
2025-11-23 04:00:00+00:00,0.3886,0.3886,0.3703,0.3743,4676812.0,5e-05
2025-11-23 08:00:00+00:00,0.3743,0.3868,0.3601,0.3756,9039360.0,5e-05
2025-11-23 12:00:00+00:00,0.3756,0.3852,0.3643,0.3725,4376103.0,5e-05
2025-11-23 16:00:00+00:00,0.3725,0.4032,0.3655,0.3846,6021669.0,5e-05
2025-11-23 20:00:00+00:00,0.3846,0.3884,0.364,0.3655,3645197.0,5e-05
2025-11-24 00:00:00+00:00,0.3655,0.3746,0.3474,0.3684,4551195.0,5e-05
2025-11-24 04:00:00+00:00,0.3684,0.3722,0.3531,0.3559,2808728.0,5e-05
2025-11-24 08:00:00+00:00,0.3559,0.3699,0.3536,0.3629,3742694.0,5e-05
2025-11-24 12:00:00+00:00,0.3629,0.373,0.3549,0.3667,6697056.0,5e-05
2025-11-24 16:00:00+00:00,0.3667,0.3975,0.3596,0.383,19456472.0,5e-05
2025-11-24 20:00:00+00:00,0.383,0.4,0.3809,0.3832,6267045.0,5e-05
2025-11-25 00:00:00+00:00,0.3832,0.3976,0.3765,0.388,5333156.0,5e-05
2025-11-25 04:00:00+00:00,0.388,0.3998,0.383,0.3896,3789397.0,3.744e-05
2025-11-25 08:00:00+00:00,0.3896,0.3976,0.3861,0.3889,2961632.0,5e-05
2025-11-25 12:00:00+00:00,0.3889,0.3917,0.3675,0.375,4725920.0,5e-05
2025-11-25 16:00:00+00:00,0.375,0.3827,0.3646,0.3731,3728034.0,-0.00011676
2025-11-25 20:00:00+00:00,0.3731,0.3872,0.3702,0.3795,2474100.0,1.581e-05
2025-11-26 00:00:00+00:00,0.3795,0.3848,0.368,0.369,1839148.0,5e-05
2025-11-26 04:00:00+00:00,0.369,0.3739,0.3637,0.3689,2231139.0,-0.0001227
2025-11-26 08:00:00+00:00,0.3689,0.3701,0.3315,0.3398,8261205.0,5e-05
2025-11-26 12:00:00+00:00,0.3398,0.3413,0.3308,0.3334,3546629.0,-0.00017377
2025-11-26 16:00:00+00:00,0.3334,0.356,0.333,0.346,4118823.0,2.015e-05
2025-11-26 20:00:00+00:00,0.346,0.353,0.3434,0.346,2519467.0,-7.715e-05
2025-11-27 00:00:00+00:00,0.346,0.3487,0.3358,0.3372,1353199.0,2.191e-05
2025-11-27 04:00:00+00:00,0.3372,0.3431,0.3366,0.3382,2214401.0,5e-05
2025-11-27 08:00:00+00:00,0.3382,0.3494,0.3224,0.3449,12909013.0,5e-05
2025-11-27 12:00:00+00:00,0.3449,0.3449,0.3364,0.339,1884787.0,5e-05
2025-11-27 16:00:00+00:00,0.339,0.3451,0.3382,0.3417,1350116.0,5e-05
2025-11-27 20:00:00+00:00,0.3417,0.3443,0.3329,0.3352,1665589.0,5e-05
2025-11-28 00:00:00+00:00,0.3352,0.3383,0.3286,0.3313,1593532.0,5e-05
2025-11-28 04:00:00+00:00,0.3313,0.3337,0.3274,0.3284,1116115.0,5e-05
2025-11-28 08:00:00+00:00,0.3284,0.3379,0.3279,0.3321,1464658.0,5e-05
2025-11-28 12:00:00+00:00,0.3321,0.3438,0.3306,0.339,2096835.0,5e-05
2025-11-28 16:00:00+00:00,0.339,0.3392,0.3205,0.3303,3117645.0,5e-05
2025-11-28 20:00:00+00:00,0.3303,0.3326,0.3258,0.3303,915722.0,-0.00019142
2025-11-29 00:00:00+00:00,0.3303,0.3334,0.3255,0.3258,943035.0,-6.959e-05
2025-11-29 04:00:00+00:00,0.3258,0.332,0.3169,0.3198,1921673.0,5e-05
2025-11-29 08:00:00+00:00,0.3198,0.3255,0.3195,0.3235,855737.0,5e-05
2025-11-29 12:00:00+00:00,0.3235,0.3249,0.3159,0.3191,884366.0,5e-05
2025-11-29 16:00:00+00:00,0.3191,0.3191,0.3106,0.3184,1511888.0,5e-05
2025-11-29 20:00:00+00:00,0.3184,0.3363,0.3148,0.3329,3026579.0,5e-05
2025-11-30 00:00:00+00:00,0.3329,0.3364,0.3278,0.3301,1905232.0,5e-05
2025-11-30 04:00:00+00:00,0.3301,0.3301,0.3229,0.3255,1124279.0,5e-05
2025-11-30 08:00:00+00:00,0.3255,0.3269,0.3199,0.3219,1109999.0,5e-05
2025-11-30 12:00:00+00:00,0.3219,0.3265,0.3175,0.3215,2341557.0,5e-05
2025-11-30 16:00:00+00:00,0.3215,0.327,0.32,0.3242,1176949.0,5e-05
2025-11-30 20:00:00+00:00,0.3242,0.3266,0.3111,0.3124,1367464.0,5e-05
2025-12-01 00:00:00+00:00,0.3124,0.3129,0.2902,0.2974,4401301.0,5e-05
2025-12-01 04:00:00+00:00,0.2974,0.3098,0.2931,0.2998,2086412.0,-0.00015079
2025-12-01 08:00:00+00:00,0.2998,0.3124,0.2983,0.3047,2024823.0,-9.863e-05
2025-12-01 12:00:00+00:00,0.3047,0.3079,0.2961,0.3046,2549554.0,5e-05
2025-12-01 16:00:00+00:00,0.3046,0.3119,0.2986,0.3068,2310759.0,5e-05
2025-12-01 20:00:00+00:00,0.3068,0.3194,0.3066,0.3111,2624035.0,5e-05
2025-12-02 00:00:00+00:00,0.3111,0.3118,0.3026,0.3049,1472244.0,5e-05
2025-12-02 04:00:00+00:00,0.3049,0.3059,0.301,0.3022,1033443.0,5e-05
2025-12-02 08:00:00+00:00,0.3022,0.3042,0.2985,0.3002,2650031.0,5e-05
2025-12-02 12:00:00+00:00,0.3002,0.3335,0.3,0.3315,2654318.0,5e-05
2025-12-02 16:00:00+00:00,0.3315,0.3378,0.3204,0.3207,7120183.0,5e-05
2025-12-02 20:00:00+00:00,0.3207,0.3211,0.3088,0.3099,2102890.0,-1.712e-05
2025-12-03 00:00:00+00:00,0.3099,0.3234,0.3085,0.3161,2533962.0,-6.441e-05
2025-12-03 04:00:00+00:00,0.3161,0.3197,0.3142,0.3174,1538398.0,4.541e-05
2025-12-03 08:00:00+00:00,0.3174,0.3299,0.3024,0.3034,13090981.0,5e-05
2025-12-03 12:00:00+00:00,0.3034,0.305,0.293,0.3023,3126387.0,-4.992e-05
2025-12-03 16:00:00+00:00,0.3023,0.3127,0.2977,0.31,2889718.0,7.21e-06
2025-12-03 20:00:00+00:00,0.31,0.3181,0.3087,0.3125,1307914.0,5e-05
2025-12-04 00:00:00+00:00,0.3125,0.3258,0.3086,0.3211,2855251.0,5e-05
2025-12-04 04:00:00+00:00,0.3211,0.3269,0.3171,0.3254,1738697.0,5e-05
2025-12-04 08:00:00+00:00,0.3254,0.332,0.3164,0.3233,5489918.0,5e-05
2025-12-04 12:00:00+00:00,0.3233,0.3246,0.3113,0.3171,2152641.0,5e-05
2025-12-04 16:00:00+00:00,0.3171,0.3194,0.3013,0.3083,2305222.0,5e-05
2025-12-04 20:00:00+00:00,0.3083,0.3101,0.3031,0.3058,1076029.0,5e-05
2025-12-05 00:00:00+00:00,0.3058,0.3071,0.3006,0.3023,1209446.0,5e-05
2025-12-05 04:00:00+00:00,0.3023,0.3118,0.2993,0.3105,1120119.0,5e-05
2025-12-05 08:00:00+00:00,0.3105,0.3136,0.3031,0.3071,1686489.0,5e-05
2025-12-05 12:00:00+00:00,0.3071,0.3261,0.3015,0.3142,4668636.0,5e-05
2025-12-05 16:00:00+00:00,0.3142,0.354,0.31,0.3324,20288461.0,4.475e-05
2025-12-05 20:00:00+00:00,0.3324,0.347,0.318,0.3276,7665923.0,-0.00022921
2025-12-06 00:00:00+00:00,0.3276,0.3478,0.3273,0.3412,4212697.0,5e-05
2025-12-06 04:00:00+00:00,0.3412,0.3445,0.3219,0.3298,4540885.0,5e-05
2025-12-06 08:00:00+00:00,0.3298,0.3434,0.3168,0.3274,6298380.0,5e-05
2025-12-06 12:00:00+00:00,0.3274,0.3403,0.3181,0.3246,7411416.0,-0.00017225
2025-12-06 16:00:00+00:00,0.3246,0.331,0.3178,0.3215,2985931.0,-2.05e-06
2025-12-06 20:00:00+00:00,0.3215,0.3282,0.3205,0.3244,1614058.0,5e-05
2025-12-07 00:00:00+00:00,0.3244,0.3344,0.3214,0.3328,2146191.0,5e-05
2025-12-07 04:00:00+00:00,0.3328,0.3345,0.3254,0.3322,2381806.0,5e-05
2025-12-07 08:00:00+00:00,0.3322,0.3393,0.3238,0.3282,3851317.0,5e-05
2025-12-07 12:00:00+00:00,0.3282,0.3319,0.3121,0.3209,3465955.0,5e-05
2025-12-07 16:00:00+00:00,0.3209,0.3325,0.3147,0.332,3765296.0,5e-05
2025-12-07 20:00:00+00:00,0.332,0.3353,0.3071,0.3096,2824471.0,5e-05
2025-12-08 00:00:00+00:00,0.3096,0.3247,0.3063,0.3214,2094224.0,5e-05
2025-12-08 04:00:00+00:00,0.3214,0.3307,0.318,0.3231,3597875.0,5e-05
2025-12-08 08:00:00+00:00,0.3231,0.3301,0.3164,0.3232,3778573.0,5e-05
2025-12-08 12:00:00+00:00,0.3232,0.3237,0.3058,0.3075,2778359.0,3.31e-06
2025-12-08 16:00:00+00:00,0.3075,0.3132,0.3046,0.3062,1991509.0,9.98e-06
2025-12-08 20:00:00+00:00,0.3062,0.3144,0.306,0.309,1522353.0,-7.273e-05
2025-12-09 00:00:00+00:00,0.309,0.3102,0.2998,0.302,1491891.0,-6.867e-05
2025-12-09 04:00:00+00:00,0.302,0.3021,0.2933,0.2989,1863130.0,-0.00010677
2025-12-09 08:00:00+00:00,0.2989,0.2989,0.292,0.2965,1283763.0,-0.00021553
2025-12-09 12:00:00+00:00,0.2965,0.3468,0.2954,0.3359,6823018.0,5e-05
2025-12-09 16:00:00+00:00,0.3359,0.3429,0.3236,0.3265,5560827.0,5e-05
2025-12-09 20:00:00+00:00,0.3265,0.3277,0.3173,0.322,1688482.0,5e-05
2025-12-10 00:00:00+00:00,0.322,0.3232,0.3087,0.3109,1328829.0,2.967e-05
2025-12-10 04:00:00+00:00,0.3109,0.3124,0.3039,0.3072,1106487.0,5e-05
2025-12-10 08:00:00+00:00,0.3072,0.3076,0.3014,0.3043,1611400.0,5e-05
2025-12-10 12:00:00+00:00,0.3043,0.3208,0.3029,0.3123,3150505.0,-9.04e-05
2025-12-10 16:00:00+00:00,0.3123,0.3274,0.3089,0.3271,4129308.0,5e-05
2025-12-10 20:00:00+00:00,0.3271,0.3392,0.3251,0.3351,4390094.0,5e-05
2025-12-11 00:00:00+00:00,0.3351,0.3373,0.3165,0.3196,3601334.0,5e-05
2025-12-11 04:00:00+00:00,0.3196,0.3315,0.3183,0.3212,3474360.0,5e-05
2025-12-11 08:00:00+00:00,0.3212,0.3232,0.3135,0.3147,1495072.0,5e-05
2025-12-11 12:00:00+00:00,0.3147,0.3226,0.3111,0.3163,2182307.0,5e-05
2025-12-11 16:00:00+00:00,0.3163,0.3188,0.3009,0.3126,3769958.0,-1.966e-05
2025-12-11 20:00:00+00:00,0.3126,0.3206,0.3097,0.3121,1442239.0,-1.5e-06
2025-12-12 00:00:00+00:00,0.3121,0.3167,0.3057,0.3108,1540276.0,5e-05
2025-12-12 04:00:00+00:00,0.3108,0.3174,0.2948,0.2974,5282918.0,5e-05
2025-12-12 08:00:00+00:00,0.2974,0.3205,0.2938,0.3068,15706662.0,-0.00013696
2025-12-12 12:00:00+00:00,0.3068,0.3378,0.3053,0.3135,19740591.0,-0.00017592
2025-12-12 16:00:00+00:00,0.3135,0.3176,0.3008,0.3114,5313940.0,5e-05
2025-12-12 20:00:00+00:00,0.3114,0.314,0.3066,0.3124,1758226.0,5e-05
2025-12-13 00:00:00+00:00,0.3124,0.3146,0.3093,0.31,875544.0,-0.00010264
2025-12-13 04:00:00+00:00,0.31,0.3124,0.3068,0.3107,719570.0,5e-05
2025-12-13 08:00:00+00:00,0.3107,0.3154,0.3083,0.3112,1739119.0,5e-05
2025-12-13 12:00:00+00:00,0.3112,0.3318,0.3109,0.326,2447913.0,5e-05
2025-12-13 16:00:00+00:00,0.326,0.333,0.3236,0.3278,1411383.0,5e-05
2025-12-13 20:00:00+00:00,0.3278,0.33,0.3255,0.3287,734590.0,5e-05
2025-12-14 00:00:00+00:00,0.3287,0.33,0.3257,0.3291,515513.0,4.48e-05
2025-12-14 04:00:00+00:00,0.3291,0.3317,0.3228,0.3309,1008860.0,2.331e-05
2025-12-14 08:00:00+00:00,0.3309,0.3361,0.3251,0.3306,2736098.0,-0.00013137
2025-12-14 12:00:00+00:00,0.3306,0.3342,0.3258,0.3286,1799783.0,5e-05
2025-12-14 16:00:00+00:00,0.3286,0.3365,0.3269,0.3315,2056776.0,-3.44e-06
2025-12-14 20:00:00+00:00,0.3315,0.3362,0.3283,0.3355,1864338.0,5e-05
2025-12-15 00:00:00+00:00,0.3355,0.35,0.332,0.3388,3313982.0,-1.822e-05
2025-12-15 04:00:00+00:00,0.3388,0.343,0.3291,0.3308,2059618.0,3.99e-05
2025-12-15 08:00:00+00:00,0.3308,0.3341,0.316,0.3219,4515087.0,-0.00011136
2025-12-15 12:00:00+00:00,0.3219,0.3322,0.3208,0.3269,3180309.0,-0.00021799
2025-12-15 16:00:00+00:00,0.3269,0.3343,0.3207,0.3242,2427802.0,2.898e-05
2025-12-15 20:00:00+00:00,0.3242,0.3276,0.3219,0.324,919331.0,5e-05
2025-12-16 00:00:00+00:00,0.324,0.3254,0.308,0.3137,2067764.0,5e-05
2025-12-16 04:00:00+00:00,0.3137,0.3285,0.3085,0.3188,2033593.0,5e-05
2025-12-16 08:00:00+00:00,0.3188,0.3215,0.3153,0.3192,1245621.0,5e-05
2025-12-16 12:00:00+00:00,0.3192,0.3201,0.3056,0.3086,1957780.0,5e-05
2025-12-16 16:00:00+00:00,0.3086,0.3196,0.3,0.3035,3835465.0,5e-05
2025-12-16 20:00:00+00:00,0.3035,0.3058,0.2992,0.3045,1269937.0,5e-05
2025-12-17 00:00:00+00:00,0.3045,0.3095,0.3012,0.3027,1158963.0,5e-05
2025-12-17 04:00:00+00:00,0.3027,0.3067,0.3019,0.3031,920706.0,5e-05
2025-12-17 08:00:00+00:00,0.3031,0.3063,0.3,0.3039,1359129.0,5e-05
2025-12-17 12:00:00+00:00,0.3039,0.3188,0.3,0.3021,3272869.0,5e-05
2025-12-17 16:00:00+00:00,0.3021,0.3037,0.2861,0.29,4562612.0,5e-05
2025-12-17 20:00:00+00:00,0.29,0.2966,0.2886,0.2931,1841944.0,-0.0002037
2025-12-18 00:00:00+00:00,0.2931,0.2983,0.2885,0.2906,1233021.0,-0.00016644
2025-12-18 04:00:00+00:00,0.2906,0.2923,0.2832,0.2859,1178801.0,5e-05
2025-12-18 08:00:00+00:00,0.2859,0.2896,0.284,0.288,1142189.0,5e-05
2025-12-18 12:00:00+00:00,0.288,0.2884,0.2723,0.2851,4262119.0,5e-05
2025-12-18 16:00:00+00:00,0.2851,0.2958,0.2792,0.2806,3658005.0,-5.056e-05
2025-12-18 20:00:00+00:00,0.2806,0.2845,0.2796,0.2829,1156142.0,5e-05
2025-12-19 00:00:00+00:00,0.2829,0.2896,0.2802,0.2865,1654063.0,5e-05
2025-12-19 04:00:00+00:00,0.2865,0.2919,0.2857,0.2897,991101.0,5e-05
2025-12-19 08:00:00+00:00,0.2897,0.2904,0.2842,0.286,1125487.0,5e-05
2025-12-19 12:00:00+00:00,0.286,0.2949,0.2851,0.2902,2018783.0,5e-05
2025-12-19 16:00:00+00:00,0.2902,0.3055,0.2896,0.3032,3132118.0,4.977e-05
2025-12-19 20:00:00+00:00,0.3032,0.3146,0.3022,0.3125,2032287.0,5e-05
2025-12-20 00:00:00+00:00,0.3125,0.3153,0.3081,0.3086,826236.0,5e-05
2025-12-20 04:00:00+00:00,0.3086,0.3093,0.3012,0.3067,809250.0,5e-05
2025-12-20 08:00:00+00:00,0.3067,0.3112,0.3067,0.3092,872253.0,5e-05
2025-12-20 12:00:00+00:00,0.3092,0.3092,0.3036,0.304,631026.0,6.19e-06
2025-12-20 16:00:00+00:00,0.304,0.3073,0.303,0.3035,381527.0,5e-05
2025-12-20 20:00:00+00:00,0.3035,0.3054,0.3025,0.3027,268832.0,-0.00014022
2025-12-21 00:00:00+00:00,0.3027,0.3053,0.299,0.3015,563597.0,-0.00014933
2025-12-21 04:00:00+00:00,0.3015,0.3067,0.301,0.305,635770.0,3.244e-05
2025-12-21 08:00:00+00:00,0.305,0.3066,0.2907,0.2926,3615313.0,5e-05
2025-12-21 12:00:00+00:00,0.2926,0.2964,0.2883,0.2952,2200076.0,-0.00019397
2025-12-21 16:00:00+00:00,0.2952,0.2985,0.2935,0.2965,1128243.0,-0.00018777
2025-12-21 20:00:00+00:00,0.2965,0.297,0.293,0.2957,710827.0,5e-05
2025-12-22 00:00:00+00:00,0.2957,0.3018,0.293,0.2996,876793.0,5e-05
2025-12-22 04:00:00+00:00,0.2996,0.303,0.2973,0.3023,626799.0,5e-05
2025-12-22 08:00:00+00:00,0.3023,0.3057,0.3004,0.3042,577486.0,5e-05
2025-12-22 12:00:00+00:00,0.3042,0.3058,0.298,0.3004,1106417.0,5e-05
2025-12-22 16:00:00+00:00,0.3004,0.3013,0.2973,0.2974,765302.0,5e-05
2025-12-22 20:00:00+00:00,0.2974,0.3017,0.2944,0.3011,576457.0,5e-05
2025-12-23 00:00:00+00:00,0.3011,0.3023,0.2954,0.2972,626560.0,5e-05
2025-12-23 04:00:00+00:00,0.2972,0.2986,0.2907,0.2943,617265.0,5e-05
2025-12-23 08:00:00+00:00,0.2943,0.2982,0.2939,0.2952,436182.0,5e-05
2025-12-23 12:00:00+00:00,0.2952,0.2971,0.2902,0.294,808043.0,5e-05
2025-12-23 16:00:00+00:00,0.294,0.3,0.2936,0.299,737806.0,5e-05
2025-12-23 20:00:00+00:00,0.299,0.3,0.2956,0.2968,263706.0,5e-05
2025-12-24 00:00:00+00:00,0.2968,0.2987,0.2899,0.2923,519230.0,5e-05
2025-12-24 04:00:00+00:00,0.2923,0.2946,0.2877,0.2879,650106.0,5e-05
2025-12-24 08:00:00+00:00,0.2879,0.2915,0.2873,0.2908,607302.0,5e-05
2025-12-24 12:00:00+00:00,0.2908,0.294,0.2881,0.2928,759018.0,5e-05
2025-12-24 16:00:00+00:00,0.2928,0.2944,0.2908,0.2941,470822.0,5e-05
2025-12-24 20:00:00+00:00,0.2941,0.2957,0.293,0.2942,368540.0,5e-05
2025-12-25 00:00:00+00:00,0.2942,0.2964,0.2937,0.2955,354872.0,5e-05
2025-12-25 04:00:00+00:00,0.2955,0.2993,0.2941,0.2988,462395.0,5e-05
2025-12-25 08:00:00+00:00,0.2988,0.3028,0.296,0.3,2068151.0,5e-05
2025-12-25 12:00:00+00:00,0.3,0.302,0.2985,0.2999,304341.0,5e-05
2025-12-25 16:00:00+00:00,0.2999,0.3018,0.299,0.3007,286962.0,5e-05
2025-12-25 20:00:00+00:00,0.3007,0.3008,0.2893,0.2902,842941.0,5e-05
2025-12-26 00:00:00+00:00,0.2902,0.2971,0.2886,0.296,612466.0,5e-05
2025-12-26 04:00:00+00:00,0.296,0.298,0.2937,0.2944,408029.0,5e-05
2025-12-26 08:00:00+00:00,0.2944,0.2989,0.2943,0.2965,304973.0,5e-05
2025-12-26 12:00:00+00:00,0.2965,0.2992,0.2928,0.2962,386191.0,5e-05
2025-12-26 16:00:00+00:00,0.2962,0.2997,0.2952,0.2991,241673.0,5e-05
2025-12-26 20:00:00+00:00,0.2991,0.2992,0.2958,0.297,150904.0,5e-05
2025-12-27 00:00:00+00:00,0.297,0.299,0.297,0.2984,196304.0,5e-05
2025-12-27 04:00:00+00:00,0.2984,0.2988,0.2969,0.298,168304.0,5e-05
2025-12-27 08:00:00+00:00,0.298,0.2983,0.2949,0.2965,424768.0,5e-05
2025-12-27 12:00:00+00:00,0.2965,0.3005,0.2963,0.2993,767462.0,5e-05
2025-12-27 16:00:00+00:00,0.2993,0.3004,0.2978,0.2982,270454.0,5e-05
2025-12-27 20:00:00+00:00,0.2982,0.3037,0.2972,0.3027,419057.0,5e-05
2025-12-28 00:00:00+00:00,0.3027,0.3036,0.3001,0.3019,233640.0,5e-05
2025-12-28 04:00:00+00:00,0.3019,0.3025,0.3006,0.3015,119879.0,5e-05
2025-12-28 08:00:00+00:00,0.3015,0.3019,0.2992,0.3006,213937.0,5e-05
2025-12-28 12:00:00+00:00,0.3006,0.3053,0.2989,0.3011,782676.0,5e-05
2025-12-28 16:00:00+00:00,0.3011,0.3025,0.2953,0.2961,566431.0,5e-05
2025-12-28 20:00:00+00:00,0.2961,0.3009,0.2941,0.3002,274799.0,5e-05
2025-12-29 00:00:00+00:00,0.3002,0.3054,0.2998,0.3042,408410.0,5e-05
2025-12-29 04:00:00+00:00,0.3042,0.3068,0.3014,0.3041,661004.0,5e-05
2025-12-29 08:00:00+00:00,0.3041,0.3048,0.2985,0.2985,487519.0,5e-05
2025-12-29 12:00:00+00:00,0.2985,0.2985,0.2924,0.2957,860777.0,5e-05
2025-12-29 16:00:00+00:00,0.2957,0.2971,0.2915,0.2934,371619.0,5e-05
2025-12-29 20:00:00+00:00,0.2934,0.2941,0.2908,0.2926,359509.0,-2.341e-05
2025-12-30 00:00:00+00:00,0.2926,0.2934,0.2872,0.2896,500103.0,5e-05
2025-12-30 04:00:00+00:00,0.2896,0.2905,0.287,0.2888,295605.0,-0.00016631
2025-12-30 08:00:00+00:00,0.2888,0.2924,0.2887,0.2911,326709.0,1.722e-05
2025-12-30 12:00:00+00:00,0.2911,0.2916,0.2865,0.2889,533267.0,5e-05
2025-12-30 16:00:00+00:00,0.2889,0.2899,0.2831,0.2873,1495144.0,5e-05
2025-12-30 20:00:00+00:00,0.2873,0.2883,0.2855,0.2873,302465.0,5e-05
2025-12-31 00:00:00+00:00,0.2873,0.2895,0.2854,0.2882,302493.0,5e-05
2025-12-31 04:00:00+00:00,0.2882,0.2886,0.2857,0.2876,700595.0,5e-05
2025-12-31 08:00:00+00:00,0.2876,0.2899,0.2857,0.2893,638517.0,5e-05
2025-12-31 12:00:00+00:00,0.2893,0.2944,0.2889,0.2926,798502.0,5e-05
2025-12-31 16:00:00+00:00,0.2926,0.2959,0.281,0.2829,1527899.0,5e-05
2025-12-31 20:00:00+00:00,0.2829,0.2856,0.2818,0.285,335474.0,5e-05
2026-01-01 00:00:00+00:00,0.285,0.2873,0.2833,0.2852,272113.0,5e-05
2026-01-01 04:00:00+00:00,0.2852,0.2894,0.2846,0.2891,260502.0,5e-05
2026-01-01 08:00:00+00:00,0.2891,0.2919,0.288,0.291,377884.0,5e-05
2026-01-01 12:00:00+00:00,0.291,0.2928,0.2885,0.2922,496206.0,5e-05
2026-01-01 16:00:00+00:00,0.2922,0.2951,0.2903,0.2951,1071537.0,5e-05
2026-01-01 20:00:00+00:00,0.2951,0.2992,0.2941,0.2985,1129842.0,-4.945e-05
2026-01-02 00:00:00+00:00,0.2985,0.3129,0.2975,0.3113,1623386.0,5e-05
2026-01-02 04:00:00+00:00,0.3113,0.3128,0.3044,0.3071,1088348.0,5e-05
2026-01-02 08:00:00+00:00,0.3071,0.3122,0.3058,0.3076,1036393.0,5e-05
2026-01-02 12:00:00+00:00,0.3076,0.3096,0.3011,0.3038,1381461.0,5e-05
2026-01-02 16:00:00+00:00,0.3038,0.3124,0.3038,0.3104,1178855.0,5e-05
2026-01-02 20:00:00+00:00,0.3104,0.3129,0.3082,0.3115,1100093.0,5e-05
2026-01-03 00:00:00+00:00,0.3115,0.3133,0.3104,0.3128,569540.0,5e-05
2026-01-03 04:00:00+00:00,0.3128,0.3132,0.3039,0.3062,795497.0,5e-05
2026-01-03 08:00:00+00:00,0.3062,0.3074,0.3025,0.3059,824475.0,-3.163e-05
2026-01-03 12:00:00+00:00,0.3059,0.3078,0.3,0.3022,914090.0,1.283e-05
2026-01-03 16:00:00+00:00,0.3022,0.3078,0.3022,0.3069,655703.0,3.007e-05
2026-01-03 20:00:00+00:00,0.3069,0.3113,0.3038,0.3102,1252637.0,-7.579e-05
2026-01-04 00:00:00+00:00,0.3102,0.3122,0.3062,0.3121,1623630.0,5e-05
2026-01-04 04:00:00+00:00,0.3121,0.3125,0.306,0.309,587425.0,-0.00011857
2026-01-04 08:00:00+00:00,0.309,0.3126,0.3067,0.3123,846814.0,5e-05
2026-01-04 12:00:00+00:00,0.3123,0.3227,0.3122,0.3206,1849081.0,5e-05
2026-01-04 16:00:00+00:00,0.3206,0.3292,0.3161,0.3182,3697883.0,5e-05
2026-01-04 20:00:00+00:00,0.3182,0.3206,0.3131,0.316,899394.0,-0.0001495
2026-01-05 00:00:00+00:00,0.316,0.3236,0.3123,0.3169,2313342.0,3.105e-05
2026-01-05 04:00:00+00:00,0.3169,0.3496,0.3103,0.3341,9808751.0,5e-05
2026-01-05 08:00:00+00:00,0.3341,0.336,0.3237,0.3318,3079707.0,-3.83e-05
2026-01-05 12:00:00+00:00,0.3318,0.3564,0.3227,0.3476,7625047.0,5e-05
2026-01-05 16:00:00+00:00,0.3476,0.3647,0.3398,0.3617,4082519.0,5e-05
2026-01-05 20:00:00+00:00,0.3617,0.3691,0.3496,0.3572,5383167.0,5e-05
2026-01-06 00:00:00+00:00,0.3572,0.3607,0.35,0.3559,2504503.0,5e-05
2026-01-06 04:00:00+00:00,0.3559,0.3587,0.3402,0.341,2538214.0,5e-05
2026-01-06 08:00:00+00:00,0.341,0.3471,0.335,0.346,3073375.0,5e-05
2026-01-06 12:00:00+00:00,0.346,0.3539,0.3454,0.3517,2194765.0,5e-05
2026-01-06 16:00:00+00:00,0.3517,0.352,0.3327,0.3384,2232430.0,5e-05
2026-01-06 20:00:00+00:00,0.3384,0.3512,0.3381,0.3504,929897.0,5e-05
2026-01-07 00:00:00+00:00,0.3504,0.3506,0.3395,0.3433,684387.0,5e-05
2026-01-07 04:00:00+00:00,0.3433,0.3476,0.3398,0.3472,944805.0,5e-05
2026-01-07 08:00:00+00:00,0.3472,0.3484,0.335,0.3408,1575789.0,5e-05
2026-01-07 12:00:00+00:00,0.3408,0.3415,0.3238,0.3274,1674096.0,5e-05
2026-01-07 16:00:00+00:00,0.3274,0.3323,0.3266,0.3301,964363.0,5e-05
2026-01-07 20:00:00+00:00,0.3301,0.3318,0.3261,0.3286,444083.0,5e-05
2026-01-08 00:00:00+00:00,0.3286,0.3344,0.3261,0.3274,468960.0,5e-05
2026-01-08 04:00:00+00:00,0.3274,0.3331,0.3215,0.3294,866616.0,-6.646e-05
2026-01-08 08:00:00+00:00,0.3294,0.332,0.319,0.3234,1022240.0,5e-05
2026-01-08 12:00:00+00:00,0.3234,0.3301,0.3162,0.3294,1302259.0,5e-05
2026-01-08 16:00:00+00:00,0.3294,0.3298,0.3214,0.3223,589375.0,5e-05
2026-01-08 20:00:00+00:00,0.3223,0.3264,0.3193,0.3221,455320.0,5e-05
2026-01-09 00:00:00+00:00,0.3221,0.3266,0.3189,0.3241,895461.0,5e-05
2026-01-09 04:00:00+00:00,0.3241,0.3436,0.3218,0.3401,1517825.0,5e-05
2026-01-09 08:00:00+00:00,0.3401,0.3515,0.3311,0.3496,3204423.0,5e-05
2026-01-09 12:00:00+00:00,0.3496,0.3631,0.3414,0.3545,3876703.0,1.255e-05
2026-01-09 16:00:00+00:00,0.3545,0.3779,0.3488,0.36,9319399.0,-3.22e-06
2026-01-09 20:00:00+00:00,0.36,0.3633,0.3551,0.3587,1555073.0,-9.419e-05
2026-01-10 00:00:00+00:00,0.3587,0.3671,0.3537,0.3649,2301470.0,5e-05
2026-01-10 04:00:00+00:00,0.3649,0.3722,0.3572,0.3617,3043618.0,5e-05
2026-01-10 08:00:00+00:00,0.3617,0.3687,0.3546,0.3593,1849823.0,5e-05
2026-01-10 12:00:00+00:00,0.3593,0.3771,0.3581,0.3727,3703656.0,5e-05
2026-01-10 16:00:00+00:00,0.3727,0.3743,0.3663,0.3712,1777039.0,5e-05
2026-01-10 20:00:00+00:00,0.3712,0.3727,0.3579,0.3628,1710143.0,5e-05
2026-01-11 00:00:00+00:00,0.3628,0.3687,0.3605,0.3635,535388.0,5e-05
2026-01-11 04:00:00+00:00,0.3635,0.3756,0.3613,0.3654,1722654.0,5e-05
2026-01-11 08:00:00+00:00,0.3654,0.3654,0.3566,0.3579,822037.0,5e-05
2026-01-11 12:00:00+00:00,0.3579,0.3752,0.357,0.3624,2250522.0,5e-05
2026-01-11 16:00:00+00:00,0.3624,0.368,0.3587,0.3602,605425.0,5e-05
2026-01-11 20:00:00+00:00,0.3602,0.3602,0.3483,0.3532,1150778.0,5e-05
2026-01-12 00:00:00+00:00,0.3532,0.3602,0.3487,0.3552,680620.0,5e-05
2026-01-12 04:00:00+00:00,0.3552,0.3662,0.3499,0.3509,1095464.0,5e-05
2026-01-12 08:00:00+00:00,0.3509,0.3518,0.341,0.3429,932877.0,5e-05
2026-01-12 12:00:00+00:00,0.3429,0.3434,0.3292,0.3366,2392936.0,5e-05
2026-01-12 16:00:00+00:00,0.3366,0.3419,0.333,0.3389,1358665.0,-3.24e-05
2026-01-12 20:00:00+00:00,0.3389,0.3395,0.3312,0.3354,512739.0,5e-05
2026-01-13 00:00:00+00:00,0.3354,0.3388,0.3338,0.3371,537697.0,5e-05
2026-01-13 04:00:00+00:00,0.3371,0.3405,0.3344,0.3359,693143.0,5e-05
2026-01-13 08:00:00+00:00,0.3359,0.3483,0.3341,0.3446,1294426.0,5e-05
2026-01-13 12:00:00+00:00,0.3446,0.3482,0.3388,0.3468,1267790.0,5e-05
2026-01-13 16:00:00+00:00,0.3468,0.348,0.3418,0.3446,822740.0,5e-05
2026-01-13 20:00:00+00:00,0.3446,0.3494,0.334,0.3361,4280960.0,5e-05
2026-01-14 00:00:00+00:00,0.3361,0.3404,0.3319,0.3369,1632899.0,3.845e-05
2026-01-14 04:00:00+00:00,0.3369,0.3379,0.3301,0.3341,1103089.0,5e-05
2026-01-14 08:00:00+00:00,0.3341,0.347,0.3326,0.3448,2017009.0,4.332e-05
2026-01-14 12:00:00+00:00,0.3448,0.3459,0.3348,0.3392,1192594.0,5e-05
2026-01-14 16:00:00+00:00,0.3392,0.3693,0.3392,0.361,3726133.0,5e-05
2026-01-14 20:00:00+00:00,0.361,0.3714,0.3395,0.3409,3370053.0,5e-05
2026-01-15 00:00:00+00:00,0.3409,0.3432,0.3255,0.3259,1444372.0,-2.008e-05
2026-01-15 04:00:00+00:00,0.3259,0.332,0.3225,0.3299,1126536.0,-4.647e-05
2026-01-15 08:00:00+00:00,0.3299,0.3315,0.3262,0.3276,740471.0,5e-05
2026-01-15 12:00:00+00:00,0.3276,0.3302,0.3169,0.3228,1459013.0,5e-05
2026-01-15 16:00:00+00:00,0.3228,0.3258,0.3058,0.3115,3363714.0,-1.443e-05
2026-01-15 20:00:00+00:00,0.3115,0.327,0.3094,0.317,4087632.0,-9.517e-05
2026-01-16 00:00:00+00:00,0.317,0.3215,0.3141,0.319,1660110.0,2.608e-05
2026-01-16 04:00:00+00:00,0.319,0.319,0.3129,0.3144,1027547.0,5e-05
2026-01-16 08:00:00+00:00,0.3144,0.3329,0.3144,0.3291,3806951.0,5e-05
2026-01-16 12:00:00+00:00,0.3291,0.3315,0.3204,0.3282,2620062.0,5e-05
2026-01-16 16:00:00+00:00,0.3282,0.3364,0.3231,0.3257,1661988.0,5e-05
2026-01-16 20:00:00+00:00,0.3257,0.3315,0.3243,0.3272,745360.0,5e-05
2026-01-17 00:00:00+00:00,0.3272,0.3275,0.3216,0.3226,1103048.0,5e-05
2026-01-17 04:00:00+00:00,0.3226,0.3241,0.3206,0.3227,334333.0,5e-05
2026-01-17 08:00:00+00:00,0.3227,0.3246,0.3204,0.3213,697414.0,5e-05
2026-01-17 12:00:00+00:00,0.3213,0.3315,0.3192,0.33,1071442.0,5e-05
2026-01-17 16:00:00+00:00,0.33,0.3502,0.3223,0.341,4814242.0,5e-05
2026-01-17 20:00:00+00:00,0.341,0.3413,0.3264,0.3269,2060304.0,5e-05
2026-01-18 00:00:00+00:00,0.3269,0.3294,0.3083,0.3131,3351886.0,5e-05
2026-01-18 04:00:00+00:00,0.3131,0.3153,0.3102,0.3139,1828927.0,5e-05
2026-01-18 08:00:00+00:00,0.3139,0.3161,0.3118,0.3124,1358547.0,5e-05
2026-01-18 12:00:00+00:00,0.3124,0.314,0.3103,0.3116,1394506.0,5e-05
2026-01-18 16:00:00+00:00,0.3116,0.315,0.3103,0.3118,969985.0,5e-05
2026-01-18 20:00:00+00:00,0.3118,0.3151,0.3021,0.3028,1617760.0,5e-05
2026-01-19 00:00:00+00:00,0.3028,0.303,0.2756,0.2941,6509973.0,5e-05
2026-01-19 04:00:00+00:00,0.2941,0.2954,0.2896,0.2929,700881.0,5e-05
2026-01-19 08:00:00+00:00,0.2929,0.2944,0.29,0.2906,378179.0,5e-05
2026-01-19 12:00:00+00:00,0.2906,0.2911,0.286,0.2873,696564.0,5e-05
2026-01-19 16:00:00+00:00,0.2873,0.2951,0.2868,0.2944,308044.0,5e-05
2026-01-19 20:00:00+00:00,0.2944,0.2953,0.2897,0.2935,474627.0,5e-05
2026-01-20 00:00:00+00:00,0.2935,0.2938,0.2885,0.2897,544507.0,5e-05
2026-01-20 04:00:00+00:00,0.2897,0.2903,0.283,0.2841,809582.0,5e-05
2026-01-20 08:00:00+00:00,0.2841,0.2849,0.2801,0.2825,673144.0,5e-05
2026-01-20 12:00:00+00:00,0.2825,0.2856,0.2786,0.2807,788581.0,5e-05
2026-01-20 16:00:00+00:00,0.2807,0.2816,0.2736,0.2761,830227.0,5e-05
2026-01-20 20:00:00+00:00,0.2761,0.2796,0.2737,0.2754,1239606.0,5e-05
2026-01-21 00:00:00+00:00,0.2754,0.288,0.2748,0.2862,663695.0,5e-05
2026-01-21 04:00:00+00:00,0.2862,0.2925,0.2852,0.2895,996562.0,5e-05
2026-01-21 08:00:00+00:00,0.2895,0.2954,0.2812,0.2831,2505641.0,5e-05
2026-01-21 12:00:00+00:00,0.2831,0.2903,0.277,0.2832,3752802.0,5e-05
2026-01-21 16:00:00+00:00,0.2832,0.2888,0.2718,0.2888,1843099.0,5e-05
2026-01-21 20:00:00+00:00,0.2888,0.2897,0.283,0.2839,615398.0,2.602e-05
2026-01-22 00:00:00+00:00,0.2839,0.2878,0.2831,0.2836,507624.0,5e-05
2026-01-22 04:00:00+00:00,0.2836,0.2839,0.2798,0.2801,363740.0,-0.0001439
2026-01-22 08:00:00+00:00,0.2801,0.2854,0.2792,0.2821,570575.0,-6.028e-05
2026-01-22 12:00:00+00:00,0.2821,0.2825,0.2739,0.2773,3901940.0,5e-05
2026-01-22 16:00:00+00:00,0.2773,0.2805,0.277,0.2784,398710.0,-5.826e-05
2026-01-22 20:00:00+00:00,0.2784,0.2784,0.2745,0.2767,645473.0,-7.038e-05
2026-01-23 00:00:00+00:00,0.2767,0.2821,0.2763,0.2812,277459.0,-0.00021575
2026-01-23 04:00:00+00:00,0.2812,0.2854,0.281,0.2822,466770.0,5e-05
2026-01-23 08:00:00+00:00,0.2822,0.2825,0.2762,0.2776,661085.0,-3.497e-05
2026-01-23 12:00:00+00:00,0.2776,0.2789,0.2712,0.2763,1183335.0,5e-05
2026-01-23 16:00:00+00:00,0.2763,0.2816,0.2735,0.2742,1674327.0,5e-05
2026-01-23 20:00:00+00:00,0.2742,0.2747,0.2695,0.2732,668281.0,5e-05
2026-01-24 00:00:00+00:00,0.2732,0.2744,0.2713,0.2729,445564.0,5e-05
2026-01-24 04:00:00+00:00,0.2729,0.2744,0.2714,0.2727,383553.0,5e-05
2026-01-24 08:00:00+00:00,0.2727,0.2761,0.2722,0.2747,465344.0,5e-05
2026-01-24 12:00:00+00:00,0.2747,0.2838,0.2747,0.2758,1908275.0,5e-05
2026-01-24 16:00:00+00:00,0.2758,0.2762,0.271,0.2756,838444.0,5e-05
2026-01-24 20:00:00+00:00,0.2756,0.2756,0.272,0.2737,554236.0,5e-05
2026-01-25 00:00:00+00:00,0.2737,0.2743,0.2657,0.2666,887149.0,5e-05
2026-01-25 04:00:00+00:00,0.2666,0.2677,0.264,0.2654,491710.0,5e-05
2026-01-25 08:00:00+00:00,0.2654,0.2678,0.2623,0.2646,1021104.0,-1.165e-05
2026-01-25 12:00:00+00:00,0.2646,0.2655,0.2613,0.262,671657.0,5e-05
2026-01-25 16:00:00+00:00,0.262,0.262,0.2482,0.2494,2407789.0,5e-05
2026-01-25 20:00:00+00:00,0.2494,0.2543,0.2479,0.254,791825.0,-0.0001374
2026-01-26 00:00:00+00:00,0.254,0.2611,0.2536,0.2563,631253.0,5e-05
2026-01-26 04:00:00+00:00,0.2563,0.2608,0.2563,0.2595,340330.0,-7.785e-05
2026-01-26 08:00:00+00:00,0.2595,0.2617,0.2568,0.2581,313043.0,5e-05
2026-01-26 12:00:00+00:00,0.2581,0.2629,0.2571,0.2595,791639.0,5e-05
2026-01-26 16:00:00+00:00,0.2595,0.2683,0.2587,0.2613,835319.0,5e-05
2026-01-26 20:00:00+00:00,0.2613,0.2656,0.2594,0.2643,532564.0,5e-05
2026-01-27 00:00:00+00:00,0.2643,0.2672,0.2636,0.2645,389317.0,5e-05
2026-01-27 04:00:00+00:00,0.2645,0.2654,0.2618,0.2629,195094.0,5e-05
2026-01-27 08:00:00+00:00,0.2629,0.2636,0.259,0.2592,355706.0,5e-05
2026-01-27 12:00:00+00:00,0.2592,0.26,0.2545,0.26,506972.0,5e-05
2026-01-27 16:00:00+00:00,0.26,0.2638,0.2565,0.2619,499933.0,5e-05
2026-01-27 20:00:00+00:00,0.2619,0.2656,0.2617,0.264,492486.0,5e-05
2026-01-28 00:00:00+00:00,0.264,0.2697,0.2631,0.2643,938346.0,5e-05
2026-01-28 04:00:00+00:00,0.2643,0.2673,0.2624,0.2636,514657.0,-0.00012366
2026-01-28 08:00:00+00:00,0.2636,0.2719,0.2636,0.2705,1182047.0,5e-05
2026-01-28 12:00:00+00:00,0.2705,0.2716,0.2624,0.265,2361267.0,5e-05
2026-01-28 16:00:00+00:00,0.265,0.296,0.2639,0.2907,10360774.0,1.691e-05
2026-01-28 20:00:00+00:00,0.2907,0.291,0.2791,0.2857,3794206.0,5e-05
2026-01-29 00:00:00+00:00,0.2857,0.2876,0.2753,0.2788,2626275.0,5e-05
2026-01-29 04:00:00+00:00,0.2788,0.2793,0.2715,0.2729,1186269.0,5e-05
2026-01-29 08:00:00+00:00,0.2729,0.2754,0.2665,0.2684,1568614.0,5e-05
2026-01-29 12:00:00+00:00,0.2684,0.2732,0.2486,0.2526,3294419.0,5e-05
2026-01-29 16:00:00+00:00,0.2526,0.2576,0.2464,0.2489,2720095.0,-0.00013449
2026-01-29 20:00:00+00:00,0.2489,0.257,0.2471,0.2525,1231002.0,-0.00023344
2026-01-30 00:00:00+00:00,0.2525,0.2537,0.2403,0.2436,2623368.0,-0.00028661
2026-01-30 04:00:00+00:00,0.2436,0.2468,0.2388,0.2432,1053763.0,-0.00011897
2026-01-30 08:00:00+00:00,0.2432,0.244,0.2395,0.2434,1223364.0,5e-05
2026-01-30 12:00:00+00:00,0.2434,0.2441,0.235,0.2381,2375423.0,5e-05
2026-01-30 16:00:00+00:00,0.2381,0.2435,0.2321,0.2411,1784998.0,-0.00021418
2026-01-30 20:00:00+00:00,0.2411,0.2411,0.231,0.2333,1391052.0,5e-05
2026-01-31 00:00:00+00:00,0.2333,0.2337,0.2278,0.2284,848135.0,2.696e-05
2026-01-31 04:00:00+00:00,0.2284,0.2298,0.2206,0.2222,1290250.0,3.659e-05
2026-01-31 08:00:00+00:00,0.2222,0.2231,0.2171,0.2181,1283971.0,5e-05
2026-01-31 12:00:00+00:00,0.2181,0.219,0.2021,0.2085,4885649.0,-9.567e-05
2026-01-31 16:00:00+00:00,0.2085,0.2131,0.1936,0.2039,7056104.0,-4.891e-05
2026-01-31 20:00:00+00:00,0.2039,0.2231,0.2031,0.221,2377327.0,5e-05
2026-02-01 00:00:00+00:00,0.221,0.2428,0.2208,0.2397,5802588.0,5e-05
2026-02-01 04:00:00+00:00,0.2397,0.241,0.2193,0.2194,5055348.0,5e-05
2026-02-01 08:00:00+00:00,0.2194,0.222,0.2161,0.2176,1446051.0,5e-05
2026-02-01 12:00:00+00:00,0.2176,0.2195,0.2105,0.2126,1171078.0,5e-05
2026-02-01 16:00:00+00:00,0.2126,0.2164,0.2105,0.212,895141.0,2.837e-05
2026-02-01 20:00:00+00:00,0.212,0.2143,0.2052,0.2089,1201415.0,5e-05
2026-02-02 00:00:00+00:00,0.2089,0.2159,0.2039,0.2114,1724325.0,-1.112e-05
2026-02-02 04:00:00+00:00,0.2114,0.2125,0.2011,0.2055,1424364.0,-3.724e-05
2026-02-02 08:00:00+00:00,0.2055,0.211,0.2052,0.2086,957379.0,5e-05
2026-02-02 12:00:00+00:00,0.2086,0.2178,0.2073,0.2168,1598878.0,5e-05
2026-02-02 16:00:00+00:00,0.2168,0.2187,0.2143,0.2143,619749.0,5e-05
2026-02-02 20:00:00+00:00,0.2143,0.2168,0.2131,0.2157,461192.0,5e-05
2026-02-03 00:00:00+00:00,0.2157,0.2164,0.2084,0.2121,1300246.0,5e-05
2026-02-03 04:00:00+00:00,0.2121,0.21489,0.2091,0.21006,697052.0,5e-05
2026-02-03 08:00:00+00:00,0.21006,0.21008,0.204,0.20652,1943435.0,5e-05
2026-02-03 12:00:00+00:00,0.20652,0.209,0.1997,0.20715,2217749.0,5e-05
2026-02-03 16:00:00+00:00,0.20715,0.209,0.19758,0.2073,2191402.0,5e-05
2026-02-03 20:00:00+00:00,0.2073,0.21934,0.20446,0.2157,4413369.0,5e-05
2026-02-04 00:00:00+00:00,0.2157,0.2241,0.21281,0.21779,4246300.0,5e-05
2026-02-04 04:00:00+00:00,0.21779,0.22853,0.21652,0.22521,2582287.0,5e-05
2026-02-04 08:00:00+00:00,0.22521,0.22931,0.2176,0.21952,2928904.0,5e-05
2026-02-04 12:00:00+00:00,0.21952,0.22161,0.21132,0.2141,1637803.0,3.114e-05
2026-02-04 16:00:00+00:00,0.2141,0.22029,0.2105,0.21826,2413262.0,5e-05
2026-02-04 20:00:00+00:00,0.21826,0.22419,0.21451,0.2205,1943436.0,5e-05
2026-02-05 00:00:00+00:00,0.2205,0.2228,0.21625,0.21695,984227.0,5e-05
2026-02-05 04:00:00+00:00,0.21695,0.22,0.21185,0.21286,1662846.0,5e-05
2026-02-05 08:00:00+00:00,0.21286,0.21849,0.20673,0.2091,1359766.0,5e-05
2026-02-05 12:00:00+00:00,0.2091,0.21203,0.19219,0.19971,4485969.0,5e-05
2026-02-05 16:00:00+00:00,0.19971,0.20424,0.18961,0.18982,2780859.0,5e-05
2026-02-05 20:00:00+00:00,0.18982,0.19181,0.18115,0.18192,5027739.0,5e-05
2026-02-06 00:00:00+00:00,0.18192,0.18829,0.16173,0.1804,14534835.0,5e-05
2026-02-06 04:00:00+00:00,0.1804,0.18953,0.17855,0.18246,1900416.0,4.316e-05
2026-02-06 08:00:00+00:00,0.18246,0.19029,0.18058,0.18941,900021.0,5e-05
2026-02-06 12:00:00+00:00,0.18941,0.19727,0.18787,0.19601,1001984.0,5e-05
2026-02-06 16:00:00+00:00,0.19601,0.20488,0.19151,0.1934,1676652.0,5e-05
2026-02-06 20:00:00+00:00,0.1934,0.19504,0.18986,0.19016,963436.0,5e-05
2026-02-07 00:00:00+00:00,0.19016,0.19035,0.18317,0.18588,1371041.0,-0.00013494
2026-02-07 04:00:00+00:00,0.18588,0.1874,0.17715,0.1781,1605458.0,5e-05
2026-02-07 08:00:00+00:00,0.1781,0.18473,0.17678,0.18014,1514189.0,2.52e-05
2026-02-07 12:00:00+00:00,0.18014,0.1858,0.18001,0.1841,688179.0,5e-05
2026-02-07 16:00:00+00:00,0.1841,0.1927,0.18338,0.18489,2467789.0,5e-05
2026-02-07 20:00:00+00:00,0.18489,0.18828,0.18395,0.18672,333114.0,5e-05
2026-02-08 00:00:00+00:00,0.18672,0.18751,0.1827,0.18325,257081.0,5e-05
2026-02-08 04:00:00+00:00,0.18325,0.18477,0.1812,0.18231,291145.0,5e-05
2026-02-08 08:00:00+00:00,0.18231,0.18516,0.17965,0.1824,572861.0,5e-05
2026-02-08 12:00:00+00:00,0.1824,0.18431,0.17976,0.18022,904082.0,3.94e-06
2026-02-08 16:00:00+00:00,0.18022,0.18086,0.17432,0.17909,789705.0,4.149e-05
2026-02-08 20:00:00+00:00,0.17909,0.18267,0.17613,0.178,807058.0,-3.468e-05
2026-02-09 00:00:00+00:00,0.178,0.18275,0.1768,0.18202,671803.0,-0.00012558
2026-02-09 04:00:00+00:00,0.18202,0.18475,0.18127,0.18253,436184.0,5e-05
2026-02-09 08:00:00+00:00,0.18253,0.1838,0.17427,0.17594,951284.0,5e-05
2026-02-09 12:00:00+00:00,0.17594,0.17783,0.17343,0.17657,946596.0,-1.733e-05
2026-02-09 16:00:00+00:00,0.17657,0.18309,0.17515,0.18189,902314.0,5e-05
2026-02-09 20:00:00+00:00,0.18189,0.18364,0.17972,0.18104,442005.0,5e-05
2026-02-10 00:00:00+00:00,0.18104,0.1823,0.17601,0.17841,426922.0,5e-05
2026-02-10 04:00:00+00:00,0.17841,0.18056,0.17426,0.1762,444131.0,5e-05
2026-02-10 08:00:00+00:00,0.1762,0.18078,0.17585,0.17815,396363.0,5e-05
2026-02-10 12:00:00+00:00,0.17815,0.1816,0.17582,0.17637,770769.0,5e-05
2026-02-10 16:00:00+00:00,0.17637,0.17781,0.17389,0.1761,396491.0,5e-05
2026-02-10 20:00:00+00:00,0.1761,0.1782,0.1752,0.17693,258656.0,5e-05
2026-02-11 00:00:00+00:00,0.17693,0.18278,0.17609,0.18004,722032.0,5e-05
2026-02-11 04:00:00+00:00,0.18004,0.18112,0.17129,0.17201,1031866.0,5e-05
2026-02-11 08:00:00+00:00,0.17201,0.17276,0.17026,0.17156,433246.0,5e-05
2026-02-11 12:00:00+00:00,0.17156,0.18142,0.17052,0.17398,1838921.0,5e-05
2026-02-11 16:00:00+00:00,0.17398,0.18072,0.17241,0.18017,1065959.0,5e-05
2026-02-11 20:00:00+00:00,0.18017,0.19293,0.17867,0.18658,2757990.0,5e-05
2026-02-12 00:00:00+00:00,0.18658,0.20081,0.18537,0.19968,1807581.0,5e-05
2026-02-12 04:00:00+00:00,0.19968,0.23238,0.19504,0.22334,21408032.0,5e-05
2026-02-12 08:00:00+00:00,0.22334,0.22454,0.19743,0.20105,10787415.0,5e-05
2026-02-12 12:00:00+00:00,0.20105,0.20249,0.19161,0.1942,4002069.0,5e-05
2026-02-12 16:00:00+00:00,0.1942,0.20013,0.19001,0.19418,3549077.0,5e-05
2026-02-12 20:00:00+00:00,0.19418,0.19614,0.19152,0.1956,1016446.0,-3.274e-05
2026-02-13 00:00:00+00:00,0.1956,0.19853,0.1928,0.19335,1007953.0,2.058e-05
2026-02-13 04:00:00+00:00,0.19335,0.19786,0.1914,0.19661,1508167.0,-1.92e-06
2026-02-13 08:00:00+00:00,0.19661,0.20105,0.19437,0.1953,1778794.0,-3.262e-05
2026-02-13 12:00:00+00:00,0.1953,0.20152,0.195,0.19935,1678006.0,-9.98e-06
2026-02-13 16:00:00+00:00,0.19935,0.20141,0.19805,0.19978,944690.0,1.221e-05
2026-02-13 20:00:00+00:00,0.19978,0.20156,0.1995,0.19979,394004.0,5e-05
2026-02-14 00:00:00+00:00,0.19979,0.20184,0.19731,0.19866,521285.0,4.291e-05
2026-02-14 04:00:00+00:00,0.19866,0.19929,0.19601,0.19865,563497.0,-0.00017464
2026-02-14 08:00:00+00:00,0.19865,0.20528,0.19776,0.20475,1354707.0,-0.00026871
2026-02-14 12:00:00+00:00,0.20475,0.21203,0.20205,0.21067,1081620.0,5e-05
2026-02-14 16:00:00+00:00,0.21067,0.21652,0.21046,0.21558,1467122.0,5e-05
2026-02-14 20:00:00+00:00,0.21558,0.21778,0.21425,0.21742,484876.0,5e-05
2026-02-15 00:00:00+00:00,0.21742,0.22123,0.21376,0.21777,1525919.0,5e-05
2026-02-15 04:00:00+00:00,0.21777,0.23801,0.2173,0.22435,4570764.0,5e-05
2026-02-15 08:00:00+00:00,0.22435,0.22991,0.21714,0.21745,1477167.0,5e-05
2026-02-15 12:00:00+00:00,0.21745,0.21906,0.20817,0.21138,1170526.0,5e-05
2026-02-15 16:00:00+00:00,0.21138,0.21182,0.20586,0.20664,650941.0,5e-05
2026-02-15 20:00:00+00:00,0.20664,0.2114,0.20527,0.20944,709852.0,-6.035e-05
2026-02-16 00:00:00+00:00,0.20944,0.20982,0.20588,0.20676,496300.0,5e-05
2026-02-16 04:00:00+00:00,0.20676,0.21433,0.20574,0.20878,657751.0,5e-05
2026-02-16 08:00:00+00:00,0.20878,0.21187,0.20694,0.2097,580402.0,5e-05
2026-02-16 12:00:00+00:00,0.2097,0.2143,0.20342,0.20426,945136.0,5e-05
2026-02-16 16:00:00+00:00,0.20426,0.20698,0.20086,0.20308,1321245.0,5e-05
2026-02-16 20:00:00+00:00,0.20308,0.20708,0.20254,0.20586,237148.0,5e-05
2026-02-17 00:00:00+00:00,0.20586,0.20622,0.2018,0.20319,373705.0,5e-05
2026-02-17 04:00:00+00:00,0.20319,0.20566,0.20005,0.20261,667027.0,5e-05
2026-02-17 08:00:00+00:00,0.20261,0.20344,0.19606,0.19641,952204.0,4.399e-05
2026-02-17 12:00:00+00:00,0.19641,0.20225,0.19623,0.19916,769961.0,4.87e-06
2026-02-17 16:00:00+00:00,0.19916,0.20628,0.19757,0.2014,1792227.0,-2.056e-05
2026-02-17 20:00:00+00:00,0.2014,0.20181,0.19945,0.19991,294573.0,-0.000121
2026-02-18 00:00:00+00:00,0.19991,0.20056,0.197,0.19812,507464.0,-2.324e-05
2026-02-18 04:00:00+00:00,0.19812,0.19879,0.19622,0.19825,255057.0,-0.00017556
2026-02-18 08:00:00+00:00,0.19825,0.19903,0.19404,0.19557,460533.0,-0.00022291
2026-02-18 12:00:00+00:00,0.19557,0.19732,0.19033,0.19457,593465.0,2.893e-05
2026-02-18 16:00:00+00:00,0.19457,0.19539,0.18669,0.1878,845693.0,-9.512e-05
2026-02-18 20:00:00+00:00,0.1878,0.18903,0.18552,0.18717,520831.0,5e-05
2026-02-19 00:00:00+00:00,0.18717,0.18971,0.18594,0.18917,333868.0,5e-05
2026-02-19 04:00:00+00:00,0.18917,0.19076,0.18714,0.18859,349120.0,2.785e-05
2026-02-19 08:00:00+00:00,0.18859,0.18859,0.18392,0.18481,542155.0,5e-05
2026-02-19 12:00:00+00:00,0.18481,0.18567,0.18051,0.18259,581050.0,5e-05
2026-02-19 16:00:00+00:00,0.18259,0.18377,0.17964,0.182,496973.0,5e-05
2026-02-19 20:00:00+00:00,0.182,0.18344,0.18082,0.18339,212358.0,5e-05
2026-02-20 00:00:00+00:00,0.18339,0.18549,0.18251,0.18375,396041.0,5e-05
2026-02-20 04:00:00+00:00,0.18375,0.18491,0.181,0.18301,549031.0,5e-05
2026-02-20 08:00:00+00:00,0.18301,0.18562,0.18223,0.18264,545440.0,5e-05
2026-02-20 12:00:00+00:00,0.18264,0.18792,0.17808,0.18691,1992702.0,-1.134e-05
2026-02-20 16:00:00+00:00,0.18691,0.19677,0.1854,0.18879,3172071.0,5e-05
2026-02-20 20:00:00+00:00,0.18879,0.1918,0.18824,0.1914,392933.0,-3.859e-05
2026-02-21 00:00:00+00:00,0.1914,0.19224,0.18812,0.18976,366250.0,5e-05
2026-02-21 04:00:00+00:00,0.18976,0.19178,0.1882,0.18878,485810.0,5e-05
2026-02-21 08:00:00+00:00,0.18878,0.19364,0.18849,0.19136,826321.0,5e-05
2026-02-21 12:00:00+00:00,0.19136,0.19413,0.1896,0.1916,577533.0,5e-05
2026-02-21 16:00:00+00:00,0.1916,0.19188,0.1889,0.191,575297.0,5e-05
2026-02-21 20:00:00+00:00,0.191,0.19129,0.18786,0.1881,484236.0,5e-05
2026-02-22 00:00:00+00:00,0.1881,0.18916,0.18129,0.18298,1425827.0,5e-05
2026-02-22 04:00:00+00:00,0.18298,0.18455,0.18277,0.18327,353248.0,5e-05
2026-02-22 08:00:00+00:00,0.18327,0.18584,0.18142,0.18293,620496.0,5e-05
2026-02-22 12:00:00+00:00,0.18293,0.18293,0.17808,0.18054,858901.0,2.037e-05
2026-02-22 16:00:00+00:00,0.18054,0.18059,0.1786,0.17902,251808.0,-4.81e-06
2026-02-22 20:00:00+00:00,0.17902,0.1792,0.17507,0.17666,711608.0,-7.735e-05
2026-02-23 00:00:00+00:00,0.17666,0.17697,0.16401,0.16771,2626843.0,5e-05
2026-02-23 04:00:00+00:00,0.16771,0.17261,0.16729,0.172,943662.0,4.983e-05
2026-02-23 08:00:00+00:00,0.172,0.17455,0.16993,0.17365,720237.0,5e-05
2026-02-23 12:00:00+00:00,0.17365,0.17519,0.17008,0.17078,1346152.0,2.238e-05
2026-02-23 16:00:00+00:00,0.17078,0.17381,0.16764,0.17039,1794354.0,-0.00030543
2026-02-23 20:00:00+00:00,0.17039,0.17248,0.16921,0.1711,770594.0,-0.00029983
2026-02-24 00:00:00+00:00,0.1711,0.17237,0.16726,0.16955,1043430.0,5e-05
2026-02-24 04:00:00+00:00,0.16955,0.1697,0.16658,0.16754,438770.0,-4.573e-05
2026-02-24 08:00:00+00:00,0.16754,0.1715,0.16688,0.17013,658155.0,5e-05
2026-02-24 12:00:00+00:00,0.17013,0.17377,0.16869,0.17264,557452.0,5e-05
2026-02-24 16:00:00+00:00,0.17264,0.18231,0.17179,0.18168,2115580.0,5e-05
2026-02-24 20:00:00+00:00,0.18168,0.18971,0.17997,0.1833,3356473.0,5e-05
2026-02-25 00:00:00+00:00,0.1833,0.20032,0.17912,0.18942,6447192.0,-0.00028432
2026-02-25 04:00:00+00:00,0.18942,0.18995,0.18473,0.1878,1952454.0,3.33e-06
2026-02-25 08:00:00+00:00,0.1878,0.19306,0.18637,0.18941,1495765.0,1.408e-05
2026-02-25 12:00:00+00:00,0.18941,0.19757,0.18926,0.19663,1469490.0,5e-05
2026-02-25 16:00:00+00:00,0.19663,0.23413,0.19663,0.22818,17620429.0,-5.335e-05
2026-02-25 20:00:00+00:00,0.22818,0.22861,0.20607,0.20686,7421096.0,5e-05
2026-02-26 00:00:00+00:00,0.20686,0.21997,0.20653,0.21424,3462079.0,5e-05
2026-02-26 04:00:00+00:00,0.21424,0.21596,0.2,0.20246,4571542.0,5e-05
2026-02-26 08:00:00+00:00,0.20246,0.23323,0.20188,0.22917,14372403.0,5e-05
2026-02-26 12:00:00+00:00,0.22917,0.25356,0.2231,0.22766,29339403.0,5e-05
2026-02-26 16:00:00+00:00,0.22766,0.237,0.22166,0.23061,10417143.0,-5.966e-05
2026-02-26 20:00:00+00:00,0.23061,0.23368,0.22279,0.22374,3008920.0,5e-05
2026-02-27 00:00:00+00:00,0.22374,0.2306,0.22215,0.22709,4117689.0,5e-05
2026-02-27 04:00:00+00:00,0.22709,0.23679,0.22638,0.23096,4329531.0,5e-05
2026-02-27 08:00:00+00:00,0.23096,0.23398,0.21994,0.22059,6193704.0,5e-05
2026-02-27 12:00:00+00:00,0.22059,0.22355,0.21369,0.2143,3032134.0,5e-05
2026-02-27 16:00:00+00:00,0.2143,0.21485,0.2065,0.20757,3150737.0,5e-05
2026-02-27 20:00:00+00:00,0.20757,0.21217,0.20621,0.21093,2165113.0,5e-05
2026-02-28 00:00:00+00:00,0.21093,0.21222,0.20843,0.2094,774374.0,5e-05
2026-02-28 04:00:00+00:00,0.2094,0.21006,0.19669,0.20358,2504158.0,5e-05
2026-02-28 08:00:00+00:00,0.20358,0.2052,0.19603,0.19638,2283555.0,3.267e-05
2026-02-28 12:00:00+00:00,0.19638,0.20269,0.19638,0.19881,1776647.0,3.2e-07
2026-02-28 16:00:00+00:00,0.19881,0.23568,0.19772,0.23356,15306873.0,-0.00016915
2026-02-28 20:00:00+00:00,0.23356,0.30101,0.22634,0.2777,61717156.0,5e-05
2026-03-01 00:00:00+00:00,0.2777,0.29214,0.26335,0.27817,29351049.0,-8.399e-05
2026-03-01 04:00:00+00:00,0.27817,0.28568,0.26685,0.27736,23458222.0,3.269e-05
2026-03-01 08:00:00+00:00,0.27736,0.28484,0.26601,0.2731,18574385.0,-0.00015148
2026-03-01 12:00:00+00:00,0.2731,0.27413,0.25519,0.26398,31294832.0,-0.00022042
2026-03-01 16:00:00+00:00,0.26398,0.27689,0.24362,0.24911,24382944.0,4.397e-05
2026-03-01 20:00:00+00:00,0.24911,0.26173,0.24414,0.25749,8013052.0,5e-05
2026-03-02 00:00:00+00:00,0.25749,0.28137,0.25422,0.27738,10396377.0,5e-05
2026-03-02 04:00:00+00:00,0.27738,0.28988,0.27626,0.28579,15096967.0,5e-05
2026-03-02 08:00:00+00:00,0.28579,0.32545,0.27965,0.32215,20321663.0,-2.836e-05
2026-03-02 12:00:00+00:00,0.32215,0.34927,0.30025,0.33348,31968725.0,-3.978e-05
2026-03-02 16:00:00+00:00,0.33348,0.33983,0.29378,0.31586,28449924.0,5e-05
2026-03-02 20:00:00+00:00,0.31586,0.31645,0.30143,0.30441,10964449.0,5e-05
2026-03-03 00:00:00+00:00,0.30441,0.30807,0.29712,0.30744,7097733.0,5e-05
2026-03-03 04:00:00+00:00,0.30744,0.3148,0.29782,0.30143,5671381.0,5e-05
2026-03-03 08:00:00+00:00,0.30143,0.31438,0.29202,0.30581,10792075.0,5e-05
2026-03-03 12:00:00+00:00,0.30581,0.31088,0.29503,0.3073,6935204.0,5e-05
2026-03-03 16:00:00+00:00,0.3073,0.32133,0.30227,0.30627,7377935.0,5e-05
2026-03-03 20:00:00+00:00,0.30627,0.30705,0.29203,0.29225,3523471.0,5e-05
2026-03-04 00:00:00+00:00,0.29225,0.29612,0.28478,0.28654,5314448.0,5e-05
2026-03-04 04:00:00+00:00,0.28654,0.29195,0.27968,0.2885,3851461.0,5e-05
2026-03-04 08:00:00+00:00,0.2885,0.30998,0.28555,0.29008,5744177.0,5e-05
2026-03-04 12:00:00+00:00,0.29008,0.30309,0.28534,0.29691,4066833.0,5e-05
2026-03-04 16:00:00+00:00,0.29691,0.29768,0.28705,0.29093,2773524.0,5e-05
2026-03-04 20:00:00+00:00,0.29093,0.2962,0.28655,0.2907,2492421.0,5e-05
2026-03-05 00:00:00+00:00,0.2907,0.29529,0.28659,0.29156,1875423.0,5e-05
2026-03-05 04:00:00+00:00,0.29156,0.29449,0.2839,0.29042,1611880.0,5e-05
2026-03-05 08:00:00+00:00,0.29042,0.2936,0.28683,0.28893,1613394.0,5e-05
2026-03-05 12:00:00+00:00,0.28893,0.29998,0.28558,0.29843,3150457.0,5e-05
2026-03-05 16:00:00+00:00,0.29843,0.2993,0.28172,0.28333,2833621.0,5e-05
2026-03-05 20:00:00+00:00,0.28333,0.28677,0.27425,0.27643,1596016.0,5e-05
2026-03-06 00:00:00+00:00,0.27643,0.28193,0.27587,0.28157,1058083.0,5e-05
2026-03-06 04:00:00+00:00,0.28157,0.28231,0.27473,0.2786,1326757.0,2.242e-05
2026-03-06 08:00:00+00:00,0.2786,0.27988,0.2706,0.27429,1177431.0,5e-05
2026-03-06 12:00:00+00:00,0.27429,0.28409,0.26773,0.27865,3507935.0,5e-05
2026-03-06 16:00:00+00:00,0.27865,0.28265,0.27549,0.27918,1501158.0,5e-05
2026-03-06 20:00:00+00:00,0.27918,0.28041,0.27483,0.27837,656286.0,-4.873e-05
2026-03-07 00:00:00+00:00,0.27837,0.2841,0.27696,0.28379,1011328.0,5e-05
2026-03-07 04:00:00+00:00,0.28379,0.29336,0.27814,0.28369,2642253.0,-0.00018884
2026-03-07 08:00:00+00:00,0.28369,0.2903,0.28116,0.28308,2421931.0,-0.00015029
2026-03-07 12:00:00+00:00,0.28308,0.28686,0.27591,0.27748,1661113.0,2.657e-05
2026-03-07 16:00:00+00:00,0.27748,0.27876,0.27244,0.27378,1171920.0,-2.66e-06
2026-03-07 20:00:00+00:00,0.27378,0.28037,0.27317,0.27939,922740.0,3.326e-05
2026-03-08 00:00:00+00:00,0.27939,0.30984,0.27939,0.30529,7668907.0,-0.00020811
2026-03-08 04:00:00+00:00,0.30529,0.31621,0.29817,0.30109,7175379.0,3.485e-05
2026-03-08 08:00:00+00:00,0.30109,0.30481,0.28704,0.28744,3987317.0,4.258e-05
2026-03-08 12:00:00+00:00,0.28744,0.28978,0.28214,0.28811,2245366.0,-0.00015992
2026-03-08 16:00:00+00:00,0.28811,0.30561,0.288,0.30143,3258084.0,3.213e-05
2026-03-08 20:00:00+00:00,0.30143,0.30281,0.28592,0.28924,1810869.0,5e-05
2026-03-09 00:00:00+00:00,0.28924,0.31882,0.28924,0.31108,3458352.0,5e-05
2026-03-09 04:00:00+00:00,0.31108,0.3385,0.30824,0.33049,7179857.0,5e-05
2026-03-09 08:00:00+00:00,0.33049,0.34204,0.31405,0.33228,6629079.0,1.318e-05
2026-03-09 12:00:00+00:00,0.33228,0.34828,0.32564,0.33179,10692198.0,5e-05
2026-03-09 16:00:00+00:00,0.33179,0.3403,0.32918,0.33242,2949475.0,5e-05
2026-03-09 20:00:00+00:00,0.33242,0.34093,0.32548,0.3256,3352270.0,-0.00018209
2026-03-10 00:00:00+00:00,0.3256,0.34636,0.32293,0.33988,3568769.0,-9.442e-05
2026-03-10 04:00:00+00:00,0.33988,0.35093,0.33581,0.34851,4249357.0,5e-05
2026-03-10 08:00:00+00:00,0.34851,0.36622,0.34352,0.36457,8456708.0,5e-05
2026-03-10 12:00:00+00:00,0.36457,0.3771,0.35403,0.35663,10520149.0,5e-05
2026-03-10 16:00:00+00:00,0.35663,0.36161,0.34413,0.35885,4503169.0,-8.357e-05
2026-03-10 20:00:00+00:00,0.35885,0.36736,0.35597,0.35994,2881361.0,-0.00025634
2026-03-11 00:00:00+00:00,0.35994,0.36427,0.35047,0.35947,2514438.0,-7.226e-05
2026-03-11 04:00:00+00:00,0.35947,0.36325,0.35488,0.35946,2570258.0,-0.00021012
2026-03-11 08:00:00+00:00,0.35946,0.36819,0.35888,0.36152,3020902.0,-0.00014348
2026-03-11 12:00:00+00:00,0.36152,0.36467,0.34952,0.35178,3977173.0,5e-05
2026-03-11 16:00:00+00:00,0.35178,0.36428,0.349,0.36109,2271660.0,5e-05
2026-03-11 20:00:00+00:00,0.36109,0.36646,0.35728,0.36209,1456058.0,5e-05
2026-03-12 00:00:00+00:00,0.36209,0.36799,0.3528,0.3542,1851291.0,5e-05
2026-03-12 04:00:00+00:00,0.3542,0.3552,0.341,0.35063,2549376.0,-0.00015649
2026-03-12 08:00:00+00:00,0.35063,0.35825,0.34668,0.35139,2561120.0,5e-05
2026-03-12 12:00:00+00:00,0.35139,0.37818,0.35115,0.37317,3921193.0,1.173e-05
2026-03-12 16:00:00+00:00,0.37317,0.37356,0.35732,0.36426,2712356.0,-7.117e-05
2026-03-12 20:00:00+00:00,0.36426,0.3733,0.36016,0.37169,1578840.0,5e-05
2026-03-13 00:00:00+00:00,0.37169,0.37444,0.36052,0.36665,1569869.0,5e-05
2026-03-13 04:00:00+00:00,0.36665,0.37583,0.35935,0.37072,1784070.0,1.774e-05
2026-03-13 08:00:00+00:00,0.37072,0.3751,0.36776,0.37084,1484574.0,-0.00013017
2026-03-13 12:00:00+00:00,0.37084,0.39998,0.36554,0.39371,6230070.0,5e-05
2026-03-13 16:00:00+00:00,0.39371,0.41169,0.37638,0.3805,5549550.0,5e-05
2026-03-13 20:00:00+00:00,0.3805,0.39483,0.37967,0.3848,1557364.0,5e-05
2026-03-14 00:00:00+00:00,0.3848,0.38772,0.37691,0.38329,1197573.0,4.505e-05
2026-03-14 04:00:00+00:00,0.38329,0.39386,0.3788,0.38816,1633414.0,-3.482e-05
2026-03-14 08:00:00+00:00,0.38816,0.39034,0.38224,0.3868,1200332.0,2.66e-06
2026-03-14 12:00:00+00:00,0.3868,0.39289,0.38241,0.39152,2067227.0,1.234e-05
2026-03-14 16:00:00+00:00,0.39152,0.39651,0.37988,0.38144,1459092.0,5e-05
2026-03-14 20:00:00+00:00,0.38144,0.38429,0.3604,0.36414,2112501.0,5e-05
2026-03-15 00:00:00+00:00,0.36414,0.36948,0.35206,0.35431,1809443.0,5e-05
2026-03-15 04:00:00+00:00,0.35431,0.35965,0.34569,0.35907,2735352.0,-5.349e-05
2026-03-15 08:00:00+00:00,0.35907,0.36398,0.35258,0.3624,1462551.0,-4.18e-06
2026-03-15 12:00:00+00:00,0.3624,0.36408,0.35301,0.35444,1668661.0,-6.27e-06
2026-03-15 16:00:00+00:00,0.35444,0.37966,0.35068,0.3774,2860891.0,-1.269e-05
2026-03-15 20:00:00+00:00,0.3774,0.38867,0.3687,0.37074,2651067.0,5e-05
2026-03-16 00:00:00+00:00,0.37074,0.37565,0.36285,0.36741,1304024.0,5e-05
2026-03-16 04:00:00+00:00,0.36741,0.38805,0.36416,0.38624,1847764.0,-4.86e-06
2026-03-16 08:00:00+00:00,0.38624,0.38759,0.37106,0.3824,2011387.0,5e-05
2026-03-16 12:00:00+00:00,0.3824,0.39311,0.37508,0.37929,1622721.0,5e-05
2026-03-16 16:00:00+00:00,0.37929,0.4008,0.37866,0.39847,1553561.0,4.22e-06
2026-03-16 20:00:00+00:00,0.39847,0.46911,0.39678,0.46223,12852950.0,5e-05
2026-03-17 00:00:00+00:00,0.46223,0.47599,0.44378,0.46838,12247863.0,5e-05
2026-03-17 04:00:00+00:00,0.46838,0.474,0.44049,0.45447,9039346.0,5e-05
2026-03-17 08:00:00+00:00,0.45447,0.46183,0.42822,0.44634,8883369.0,5e-05
2026-03-17 12:00:00+00:00,0.44634,0.45483,0.43426,0.43707,4720262.0,5e-05
2026-03-17 16:00:00+00:00,0.43707,0.45621,0.43156,0.43231,4280814.0,5e-05
2026-03-17 20:00:00+00:00,0.43231,0.43407,0.41298,0.41523,4106467.0,5e-05
2026-03-18 00:00:00+00:00,0.41523,0.43182,0.39943,0.423,4623250.0,-8.93e-06
2026-03-18 04:00:00+00:00,0.423,0.43631,0.41914,0.43103,3126567.0,5e-05
2026-03-18 08:00:00+00:00,0.43103,0.43652,0.4223,0.42719,2556756.0,5e-05
2026-03-18 12:00:00+00:00,0.42719,0.43432,0.411,0.41611,4199087.0,-3.12e-05
2026-03-18 16:00:00+00:00,0.41611,0.41852,0.38111,0.38649,5381829.0,5e-05
2026-03-18 20:00:00+00:00,0.38649,0.39888,0.36768,0.36953,4367500.0,5e-05
2026-03-19 00:00:00+00:00,0.36953,0.37756,0.36048,0.36848,3404213.0,2.885e-05
2026-03-19 04:00:00+00:00,0.36848,0.38976,0.365,0.38598,2564624.0,-3.96e-06
2026-03-19 08:00:00+00:00,0.38598,0.41497,0.38417,0.39795,5404265.0,-0.00010248
2026-03-19 12:00:00+00:00,0.39795,0.40284,0.35898,0.36765,13297683.0,5e-05
2026-03-19 16:00:00+00:00,0.36765,0.40164,0.36765,0.39684,6053772.0,-0.00041508
2026-03-19 20:00:00+00:00,0.39684,0.40158,0.3842,0.38663,2134407.0,-0.0001103
2026-03-20 00:00:00+00:00,0.38663,0.40006,0.38325,0.38917,1870549.0,-0.00012893
2026-03-20 04:00:00+00:00,0.38917,0.40533,0.38424,0.38483,5145158.0,-5.796e-05
2026-03-20 08:00:00+00:00,0.38483,0.39221,0.36308,0.37448,7041621.0,1.072e-05
2026-03-20 12:00:00+00:00,0.37448,0.38666,0.37224,0.3757,1621618.0,5e-05
2026-03-20 16:00:00+00:00,0.3757,0.38077,0.36552,0.36933,1260914.0,2.8e-07
2026-03-20 20:00:00+00:00,0.36933,0.3745,0.36589,0.36839,1225896.0,-4.288e-05
2026-03-21 00:00:00+00:00,0.36839,0.37599,0.36667,0.37309,993311.0,-8.879e-05
2026-03-21 04:00:00+00:00,0.37309,0.39069,0.373,0.38608,1837630.0,1.466e-05
2026-03-21 08:00:00+00:00,0.38608,0.38787,0.37628,0.3775,1300395.0,-9.206e-05
2026-03-21 12:00:00+00:00,0.3775,0.38547,0.37565,0.38326,964318.0,-2.485e-05
2026-03-21 16:00:00+00:00,0.38326,0.387,0.3782,0.3799,715065.0,5e-05
2026-03-21 20:00:00+00:00,0.3799,0.382,0.3679,0.37049,731330.0,-8.581e-05
2026-03-22 00:00:00+00:00,0.37049,0.37466,0.36138,0.3666,1570702.0,-0.00012782
2026-03-22 04:00:00+00:00,0.3666,0.38364,0.36617,0.38112,1425588.0,-0.00018377
2026-03-22 08:00:00+00:00,0.38112,0.387,0.37799,0.37917,1623317.0,-3.976e-05
2026-03-22 12:00:00+00:00,0.37917,0.38349,0.31993,0.33151,19178220.0,-0.000212
2026-03-22 16:00:00+00:00,0.33151,0.35379,0.31236,0.3424,10917026.0,5e-05
2026-03-22 20:00:00+00:00,0.3424,0.35289,0.33388,0.34416,2762638.0,5e-05
2026-03-23 00:00:00+00:00,0.34416,0.37031,0.34375,0.36516,4181647.0,5e-05
2026-03-23 04:00:00+00:00,0.36516,0.377,0.34891,0.35493,3468682.0,5e-05
2026-03-23 08:00:00+00:00,0.35493,0.35831,0.34114,0.34856,5656088.0,5e-05
2026-03-23 12:00:00+00:00,0.34856,0.3594,0.34674,0.34916,2459646.0,5e-05
2026-03-23 16:00:00+00:00,0.34916,0.35079,0.33724,0.33939,2042437.0,5e-05
2026-03-23 20:00:00+00:00,0.33939,0.34464,0.33144,0.33488,2730106.0,5e-05
2026-03-24 00:00:00+00:00,0.33488,0.33719,0.33015,0.33134,1058980.0,5e-05
2026-03-24 04:00:00+00:00,0.33134,0.34335,0.32908,0.34179,1796615.0,5e-05
2026-03-24 08:00:00+00:00,0.34179,0.34179,0.33386,0.3367,1247755.0,5e-05
2026-03-24 12:00:00+00:00,0.3367,0.34198,0.33284,0.34013,1369968.0,5e-05
2026-03-24 16:00:00+00:00,0.34013,0.35032,0.32804,0.33301,2769688.0,5e-05
2026-03-24 20:00:00+00:00,0.33301,0.34741,0.33123,0.3446,1810070.0,5e-05
2026-03-25 00:00:00+00:00,0.3446,0.35609,0.34156,0.35386,2222121.0,5e-05
2026-03-25 04:00:00+00:00,0.35386,0.35452,0.33626,0.33778,975145.0,5e-05
2026-03-25 08:00:00+00:00,0.33778,0.34729,0.33748,0.34621,1803405.0,5e-05
2026-03-25 12:00:00+00:00,0.34621,0.36,0.33771,0.35891,3110794.0,5e-05
2026-03-25 16:00:00+00:00,0.35891,0.3734,0.34202,0.34493,4030607.0,5e-05
2026-03-25 20:00:00+00:00,0.34493,0.34559,0.33591,0.34257,1601596.0,5e-05
2026-03-26 00:00:00+00:00,0.34257,0.34329,0.3307,0.33419,1126950.0,5e-05
2026-03-26 04:00:00+00:00,0.33419,0.33467,0.32569,0.3315,1269086.0,5e-05
2026-03-26 08:00:00+00:00,0.3315,0.33952,0.32589,0.32774,2064707.0,3.82e-05
2026-03-26 12:00:00+00:00,0.32774,0.33202,0.31583,0.31643,2680266.0,-0.00016517
2026-03-26 16:00:00+00:00,0.31643,0.31986,0.30786,0.31199,2317544.0,5e-05
2026-03-26 20:00:00+00:00,0.31199,0.32314,0.31148,0.31364,1701775.0,5e-05
2026-03-27 00:00:00+00:00,0.31364,0.32108,0.31102,0.31401,865269.0,5e-05
2026-03-27 04:00:00+00:00,0.31401,0.31563,0.30552,0.31563,1309021.0,5e-05
2026-03-27 08:00:00+00:00,0.31563,0.3174,0.29978,0.30195,1938430.0,5e-05
2026-03-27 12:00:00+00:00,0.30195,0.30883,0.29353,0.30648,3079486.0,5e-05
2026-03-27 16:00:00+00:00,0.30648,0.30742,0.2966,0.29848,1908599.0,5e-05
2026-03-27 20:00:00+00:00,0.29848,0.30041,0.29506,0.29895,549064.0,5e-05
2026-03-28 00:00:00+00:00,0.29895,0.30098,0.29541,0.29698,736222.0,-2.641e-05
2026-03-28 04:00:00+00:00,0.29698,0.30046,0.29588,0.2986,600617.0,5e-05
2026-03-28 08:00:00+00:00,0.2986,0.30127,0.29222,0.29623,738556.0,1.35e-06
2026-03-28 12:00:00+00:00,0.29623,0.30029,0.29297,0.29379,713331.0,5e-05
2026-03-28 16:00:00+00:00,0.29379,0.29714,0.28805,0.29129,1348689.0,5e-05
2026-03-28 20:00:00+00:00,0.29129,0.29447,0.28831,0.28995,621791.0,5e-05
2026-03-29 00:00:00+00:00,0.28995,0.2979,0.28725,0.29513,692877.0,5e-05
2026-03-29 04:00:00+00:00,0.29513,0.29739,0.28953,0.29012,626629.0,5e-05
2026-03-29 08:00:00+00:00,0.29012,0.29252,0.28453,0.28825,880547.0,5e-05
2026-03-29 12:00:00+00:00,0.28825,0.29137,0.28449,0.28916,856740.0,5e-05
2026-03-29 16:00:00+00:00,0.28916,0.29417,0.2883,0.28972,669161.0,5e-05
2026-03-29 20:00:00+00:00,0.28972,0.29366,0.28086,0.28672,1410814.0,5e-05
2026-03-30 00:00:00+00:00,0.28672,0.29782,0.28588,0.29489,882987.0,5e-05
2026-03-30 04:00:00+00:00,0.29489,0.30161,0.29306,0.29706,1148149.0,5e-05
2026-03-30 08:00:00+00:00,0.29706,0.29795,0.291,0.29515,1344152.0,5e-05
2026-03-30 12:00:00+00:00,0.29515,0.29543,0.27939,0.28113,2052095.0,-0.00019402
2026-03-30 16:00:00+00:00,0.28113,0.28276,0.27444,0.27691,1115160.0,5e-05
2026-03-30 20:00:00+00:00,0.27691,0.28568,0.27547,0.27971,823608.0,-4.938e-05
2026-03-31 00:00:00+00:00,0.27971,0.29021,0.27597,0.28474,1035276.0,-0.00016229
2026-03-31 04:00:00+00:00,0.28474,0.2886,0.28115,0.28521,783699.0,5e-05
2026-03-31 08:00:00+00:00,0.28521,0.28779,0.27914,0.28511,1176145.0,5e-05
2026-03-31 12:00:00+00:00,0.28511,0.29381,0.28187,0.28211,2889629.0,-1.721e-05
2026-03-31 16:00:00+00:00,0.28211,0.28704,0.27549,0.27989,1317048.0,-2.2e-05
2026-03-31 20:00:00+00:00,0.27989,0.28127,0.27433,0.2805,813186.0,5e-05
2026-04-01 00:00:00+00:00,0.2805,0.2859,0.27798,0.2828,890199.0,5e-05
2026-04-01 04:00:00+00:00,0.2828,0.29303,0.27938,0.29027,1164839.0,5e-05
2026-04-01 08:00:00+00:00,0.29027,0.29427,0.27943,0.28105,1799502.0,5e-05
2026-04-01 12:00:00+00:00,0.28105,0.28525,0.27516,0.28322,1677020.0,5e-05
2026-04-01 16:00:00+00:00,0.28322,0.28322,0.2688,0.27271,1727467.0,5e-05
2026-04-01 20:00:00+00:00,0.27271,0.28459,0.27181,0.28364,1112436.0,5e-05
2026-04-02 00:00:00+00:00,0.28364,0.28881,0.2741,0.2766,1236859.0,5e-05
2026-04-02 04:00:00+00:00,0.2766,0.28456,0.27259,0.28329,937645.0,5e-05
2026-04-02 08:00:00+00:00,0.28329,0.28332,0.2695,0.27231,1110150.0,5e-05
2026-04-02 12:00:00+00:00,0.27231,0.27983,0.26622,0.27378,2459683.0,5e-05
2026-04-02 16:00:00+00:00,0.27378,0.28144,0.27323,0.27907,853299.0,4.099e-05
2026-04-02 20:00:00+00:00,0.27907,0.28358,0.27359,0.27585,894244.0,-4.35e-05
2026-04-03 00:00:00+00:00,0.27585,0.28218,0.27262,0.27971,966760.0,5e-05
2026-04-03 04:00:00+00:00,0.27971,0.2849,0.27897,0.28229,726034.0,5e-05
2026-04-03 08:00:00+00:00,0.28229,0.2919,0.28132,0.28522,2098599.0,5e-05
2026-04-03 12:00:00+00:00,0.28522,0.29052,0.28238,0.28375,1574242.0,5e-05
2026-04-03 16:00:00+00:00,0.28375,0.28891,0.2782,0.27914,1320111.0,5e-05
2026-04-03 20:00:00+00:00,0.27914,0.28233,0.27366,0.27553,748875.0,5e-05
2026-04-04 00:00:00+00:00,0.27553,0.27742,0.27269,0.27601,609523.0,5e-05
2026-04-04 04:00:00+00:00,0.27601,0.27893,0.2726,0.27836,748841.0,5e-05
2026-04-04 08:00:00+00:00,0.27836,0.28121,0.2772,0.27794,1174890.0,5e-05
2026-04-04 12:00:00+00:00,0.27794,0.28561,0.27601,0.28256,927406.0,5e-05
2026-04-04 16:00:00+00:00,0.28256,0.28609,0.27927,0.28099,889209.0,5e-05
2026-04-04 20:00:00+00:00,0.28099,0.28457,0.27967,0.28366,589082.0,5e-05
2026-04-05 00:00:00+00:00,0.28366,0.28366,0.27943,0.28249,293896.0,-1.95e-06
2026-04-05 04:00:00+00:00,0.28249,0.28253,0.27225,0.27496,689829.0,-0.00015918
2026-04-05 08:00:00+00:00,0.27496,0.27916,0.274,0.27616,531703.0,5e-05
2026-04-05 12:00:00+00:00,0.27616,0.28085,0.27177,0.27876,682050.0,5e-05
2026-04-05 16:00:00+00:00,0.27876,0.28052,0.27494,0.27688,468989.0,5e-05
2026-04-05 20:00:00+00:00,0.27688,0.28846,0.27302,0.28337,1107728.0,5e-05
2026-04-06 00:00:00+00:00,0.28337,0.2873,0.28032,0.28303,770821.0,5e-05
2026-04-06 04:00:00+00:00,0.28303,0.28706,0.28201,0.2857,1124157.0,5e-05
2026-04-06 08:00:00+00:00,0.2857,0.30131,0.28311,0.2973,2403312.0,-3.693e-05
2026-04-06 12:00:00+00:00,0.2973,0.31022,0.29404,0.30584,2028675.0,4.362e-05
2026-04-06 16:00:00+00:00,0.30584,0.31926,0.30183,0.30568,3478772.0,5e-05
2026-04-06 20:00:00+00:00,0.30568,0.30804,0.29536,0.29988,988414.0,5e-05
2026-04-07 00:00:00+00:00,0.29988,0.30099,0.29197,0.2945,629885.0,-0.0001015
2026-04-07 04:00:00+00:00,0.2945,0.29838,0.2914,0.29608,798009.0,5e-05
2026-04-07 08:00:00+00:00,0.29608,0.316,0.29575,0.30166,4476141.0,5e-05
2026-04-07 12:00:00+00:00,0.30166,0.30374,0.28721,0.29838,3872646.0,5e-05
2026-04-07 16:00:00+00:00,0.29838,0.3045,0.29038,0.30243,1690786.0,5e-05
2026-04-07 20:00:00+00:00,0.30243,0.32756,0.2962,0.31786,2244884.0,-2.87e-06
2026-04-08 00:00:00+00:00,0.31786,0.32195,0.31133,0.31674,1369550.0,-0.00021606
2026-04-08 04:00:00+00:00,0.31674,0.31752,0.30426,0.30667,1450995.0,5e-05
2026-04-08 08:00:00+00:00,0.30667,0.31143,0.30341,0.30811,1391372.0,5e-05
2026-04-08 12:00:00+00:00,0.30811,0.32163,0.30262,0.30462,2751265.0,-4.679e-05
2026-04-08 16:00:00+00:00,0.30462,0.30518,0.29446,0.30008,1684880.0,5e-05
2026-04-08 20:00:00+00:00,0.30008,0.30612,0.29761,0.30145,1054717.0,-0.00010875
2026-04-09 00:00:00+00:00,0.30145,0.30355,0.29598,0.30132,614580.0,5e-05
2026-04-09 04:00:00+00:00,0.30132,0.30198,0.29427,0.29753,997120.0,5e-05
2026-04-09 08:00:00+00:00,0.29753,0.30079,0.28909,0.29156,1245097.0,5e-05
2026-04-09 12:00:00+00:00,0.29156,0.31236,0.29045,0.31116,2060852.0,5e-05
2026-04-09 16:00:00+00:00,0.31116,0.31754,0.30947,0.31288,1535412.0,5e-05
2026-04-09 20:00:00+00:00,0.31288,0.33268,0.3119,0.33211,1766267.0,5e-05
2026-04-10 00:00:00+00:00,0.33211,0.34979,0.322,0.3469,2409212.0,5e-05
2026-04-10 04:00:00+00:00,0.3469,0.36281,0.33991,0.34595,5719469.0,-9.314e-05
2026-04-10 08:00:00+00:00,0.34595,0.36087,0.3457,0.34724,4963102.0,5e-05
2026-04-10 12:00:00+00:00,0.34724,0.35332,0.34149,0.35196,2934419.0,1.009e-05
2026-04-10 16:00:00+00:00,0.35196,0.35454,0.34236,0.34268,1230968.0,5e-05
2026-04-10 20:00:00+00:00,0.34268,0.34387,0.33701,0.33864,1008279.0,5e-05
2026-04-11 00:00:00+00:00,0.33864,0.34025,0.33019,0.33138,1669569.0,5e-05
2026-04-11 04:00:00+00:00,0.33138,0.33237,0.32698,0.32983,1110525.0,5e-05
2026-04-11 08:00:00+00:00,0.32983,0.33418,0.32695,0.33205,959246.0,5e-05
2026-04-11 12:00:00+00:00,0.33205,0.34784,0.32778,0.34019,2036833.0,5e-05
2026-04-11 16:00:00+00:00,0.34019,0.3425,0.332,0.3386,1385921.0,5e-05
2026-04-11 20:00:00+00:00,0.3386,0.3396,0.33439,0.33681,356456.0,5e-05
2026-04-12 00:00:00+00:00,0.33681,0.3378,0.32316,0.32378,1369555.0,5e-05
2026-04-12 04:00:00+00:00,0.32378,0.32749,0.31923,0.32471,942896.0,5e-05
2026-04-12 08:00:00+00:00,0.32471,0.32671,0.31967,0.32543,390555.0,5e-05
2026-04-12 12:00:00+00:00,0.32543,0.33189,0.32207,0.32986,744974.0,5e-05
2026-04-12 16:00:00+00:00,0.32986,0.34074,0.32764,0.33712,910808.0,5e-05
2026-04-12 20:00:00+00:00,0.33712,0.34126,0.32998,0.33109,575614.0,5e-05
2026-04-13 00:00:00+00:00,0.33109,0.34521,0.3304,0.34053,1278122.0,5e-05
2026-04-13 04:00:00+00:00,0.34053,0.35325,0.33784,0.34605,2185122.0,5e-05
2026-04-13 08:00:00+00:00,0.34605,0.3514,0.33966,0.34009,1565151.0,5e-05
2026-04-13 12:00:00+00:00,0.34009,0.34135,0.3291,0.33408,1526112.0,5e-05
2026-04-13 16:00:00+00:00,0.33408,0.34331,0.33155,0.34076,884177.0,5e-05
2026-04-13 20:00:00+00:00,0.34076,0.35218,0.33672,0.34951,942748.0,5e-05
2026-04-14 00:00:00+00:00,0.34951,0.35488,0.34398,0.34631,733139.0,5e-05
2026-04-14 04:00:00+00:00,0.34631,0.34859,0.33482,0.33621,965489.0,2.473e-05
2026-04-14 08:00:00+00:00,0.33621,0.34527,0.3354,0.33878,780416.0,5e-05
2026-04-14 12:00:00+00:00,0.33878,0.33986,0.33294,0.33369,867105.0,5e-05
2026-04-14 16:00:00+00:00,0.33369,0.33614,0.32007,0.32459,1684699.0,2.953e-05
2026-04-14 20:00:00+00:00,0.32459,0.33054,0.32331,0.32937,542251.0,5e-05
2026-04-15 00:00:00+00:00,0.32937,0.33684,0.32698,0.33671,565441.0,-8.644e-05
2026-04-15 04:00:00+00:00,0.33671,0.3403,0.32717,0.33082,905934.0,5e-05
2026-04-15 08:00:00+00:00,0.33082,0.33556,0.32608,0.33137,676228.0,5e-05
2026-04-15 12:00:00+00:00,0.33137,0.34667,0.33001,0.33887,1869512.0,5e-05
2026-04-15 16:00:00+00:00,0.33887,0.37426,0.33728,0.36332,4228210.0,5e-05
2026-04-15 20:00:00+00:00,0.36332,0.36547,0.35147,0.35327,1487934.0,5e-05
2026-04-16 00:00:00+00:00,0.35327,0.36253,0.34774,0.35287,1112486.0,5e-05
2026-04-16 04:00:00+00:00,0.35287,0.36248,0.34959,0.35967,1426803.0,-4.098e-05
2026-04-16 08:00:00+00:00,0.35967,0.37181,0.3563,0.36444,1477983.0,5e-05
2026-04-16 12:00:00+00:00,0.36444,0.37157,0.35133,0.35496,1642263.0,5e-05
2026-04-16 16:00:00+00:00,0.35496,0.35917,0.34274,0.35821,1700223.0,5e-05
2026-04-16 20:00:00+00:00,0.35821,0.35885,0.34863,0.35725,594278.0,5e-05
2026-04-17 00:00:00+00:00,0.35725,0.3695,0.35165,0.3677,1061953.0,5e-05
2026-04-17 04:00:00+00:00,0.3677,0.38256,0.35836,0.37385,2238411.0,5e-05
2026-04-17 08:00:00+00:00,0.37385,0.38384,0.36427,0.37758,2161058.0,5e-05
2026-04-17 12:00:00+00:00,0.37758,0.3822,0.36517,0.37473,2288799.0,5e-05
2026-04-17 16:00:00+00:00,0.37473,0.3866,0.36967,0.38076,1915006.0,5e-05
2026-04-17 20:00:00+00:00,0.38076,0.38396,0.36815,0.36815,974500.0,5e-05
2026-04-18 00:00:00+00:00,0.36815,0.37056,0.36267,0.36335,652087.0,5e-05
2026-04-18 04:00:00+00:00,0.36335,0.37694,0.36148,0.37462,993093.0,5e-05
2026-04-18 08:00:00+00:00,0.37462,0.3773,0.34795,0.35185,2220641.0,5e-05
2026-04-18 12:00:00+00:00,0.35185,0.35432,0.33081,0.33516,2113474.0,5e-05
2026-04-18 16:00:00+00:00,0.33516,0.34481,0.325,0.33736,1976517.0,5e-05
2026-04-18 20:00:00+00:00,0.33736,0.34222,0.33458,0.3369,553687.0,5e-05
2026-04-19 00:00:00+00:00,0.3369,0.34125,0.3326,0.33462,655697.0,5e-05
2026-04-19 04:00:00+00:00,0.33462,0.34785,0.33121,0.33719,2008769.0,5e-05
2026-04-19 08:00:00+00:00,0.33719,0.3408,0.33172,0.33674,542267.0,5e-05
2026-04-19 12:00:00+00:00,0.33674,0.33846,0.33274,0.33748,805224.0,5e-05
2026-04-19 16:00:00+00:00,0.33748,0.34659,0.3129,0.31892,4848534.0,-0.00015065
2026-04-19 20:00:00+00:00,0.31892,0.32014,0.30791,0.31256,1794134.0,5e-05
2026-04-20 00:00:00+00:00,0.31256,0.32216,0.30891,0.31749,1434515.0,2.606e-05
2026-04-20 04:00:00+00:00,0.31749,0.32567,0.31219,0.32403,1819573.0,5e-05
2026-04-20 08:00:00+00:00,0.32403,0.33502,0.3193,0.33354,1971148.0,5e-05
2026-04-20 12:00:00+00:00,0.33354,0.33927,0.33002,0.33134,1700348.0,-3.279e-05
2026-04-20 16:00:00+00:00,0.33134,0.33873,0.33089,0.33286,512004.0,-8.064e-05
2026-04-20 20:00:00+00:00,0.33286,0.3381,0.32962,0.33111,597677.0,-0.00013158
2026-04-21 00:00:00+00:00,0.33111,0.33551,0.32741,0.33021,486376.0,-2.07e-06
2026-04-21 04:00:00+00:00,0.33021,0.34164,0.32882,0.33745,779806.0,2.802e-05
2026-04-21 08:00:00+00:00,0.33745,0.34433,0.33137,0.33565,1471116.0,2.949e-05
2026-04-21 12:00:00+00:00,0.33565,0.34793,0.33125,0.34643,1155864.0,-7.159e-05
2026-04-21 16:00:00+00:00,0.34643,0.3715,0.34372,0.35777,3380635.0,4.584e-05
2026-04-21 20:00:00+00:00,0.35777,0.37462,0.35358,0.37384,1817289.0,-3.75e-06
2026-04-22 00:00:00+00:00,0.37384,0.41833,0.37327,0.41709,7032341.0,5e-05
2026-04-22 04:00:00+00:00,0.41709,0.41775,0.39034,0.39854,7402536.0,5e-05
2026-04-22 08:00:00+00:00,0.39854,0.41532,0.39034,0.39987,4698092.0,-0.00010914
2026-04-22 12:00:00+00:00,0.39987,0.4149,0.39788,0.41331,3782248.0,-6.63e-06
2026-04-22 16:00:00+00:00,0.41331,0.41441,0.39255,0.39384,3132888.0,4.715e-05
2026-04-22 20:00:00+00:00,0.39384,0.42248,0.39301,0.41535,2934642.0,-0.00012824
2026-04-23 00:00:00+00:00,0.41535,0.41972,0.39869,0.41188,2686651.0,5e-05
2026-04-23 04:00:00+00:00,0.41188,0.42632,0.40845,0.41838,3128675.0,-2.565e-05
2026-04-23 08:00:00+00:00,0.41838,0.41985,0.40604,0.41269,2455056.0,2.228e-05
2026-04-23 12:00:00+00:00,0.41269,0.41667,0.39561,0.40094,2940670.0,5e-05
2026-04-23 16:00:00+00:00,0.40094,0.41907,0.39914,0.41572,2334142.0,5e-05
2026-04-23 20:00:00+00:00,0.41572,0.45651,0.40714,0.44972,4528970.0,5e-05
2026-04-24 00:00:00+00:00,0.44972,0.46971,0.44584,0.45743,4769516.0,5e-05
2026-04-24 04:00:00+00:00,0.45743,0.45887,0.42393,0.42758,3062623.0,5e-05
2026-04-24 08:00:00+00:00,0.42758,0.43867,0.41526,0.42102,3100279.0,5e-05
2026-04-24 12:00:00+00:00,0.42102,0.42917,0.38363,0.38791,4467722.0,5e-05
2026-04-24 16:00:00+00:00,0.38791,0.39362,0.37873,0.38189,3291835.0,5e-05
2026-04-24 20:00:00+00:00,0.38189,0.38945,0.3762,0.38644,1569844.0,5e-05
2026-04-25 00:00:00+00:00,0.38644,0.38699,0.36167,0.37166,2907476.0,-0.00013153
2026-04-25 04:00:00+00:00,0.37166,0.37632,0.36529,0.36782,1232273.0,4.887e-05
2026-04-25 08:00:00+00:00,0.36782,0.36904,0.3563,0.3587,1627268.0,-1.973e-05
2026-04-25 12:00:00+00:00,0.3587,0.37028,0.35525,0.3654,2372341.0,-0.00021743
2026-04-25 16:00:00+00:00,0.3654,0.37065,0.35937,0.36116,1365761.0,-2.383e-05
2026-04-25 20:00:00+00:00,0.36116,0.36405,0.358,0.35982,776454.0,5e-05
2026-04-26 00:00:00+00:00,0.35982,0.36235,0.35605,0.35831,654678.0,4.529e-05
2026-04-26 04:00:00+00:00,0.35831,0.36122,0.35604,0.35902,667085.0,-0.0001278
2026-04-26 08:00:00+00:00,0.35902,0.3737,0.35092,0.36946,2292924.0,1.136e-05
2026-04-26 12:00:00+00:00,0.36946,0.37567,0.36146,0.37567,1545236.0,5e-05
2026-04-26 16:00:00+00:00,0.37567,0.38453,0.36805,0.37225,2576355.0,5e-05
2026-04-26 20:00:00+00:00,0.37225,0.37669,0.36904,0.3748,916012.0,5e-05
2026-04-27 00:00:00+00:00,0.3748,0.382,0.37194,0.37757,1235335.0,5e-05
2026-04-27 04:00:00+00:00,0.37757,0.37796,0.3613,0.36721,1522391.0,5e-05
2026-04-27 08:00:00+00:00,0.36721,0.37655,0.365,0.36768,1923487.0,-7.38e-06
2026-04-27 12:00:00+00:00,0.36768,0.37715,0.36203,0.36452,1821698.0,-2.814e-05
2026-04-27 16:00:00+00:00,0.36452,0.36452,0.3553,0.35732,1469959.0,5e-05
2026-04-27 20:00:00+00:00,0.35732,0.36447,0.3494,0.3511,1249821.0,-1.1e-05
2026-04-28 00:00:00+00:00,0.3511,0.35462,0.34651,0.34861,748374.0,5e-05
2026-04-28 04:00:00+00:00,0.34861,0.35135,0.33667,0.34347,2018417.0,-1.085e-05
2026-04-28 08:00:00+00:00,0.34347,0.34723,0.33281,0.33341,2006374.0,5e-05
2026-04-28 12:00:00+00:00,0.33341,0.34377,0.33211,0.34294,1683396.0,5e-05
2026-04-28 16:00:00+00:00,0.34294,0.35185,0.34047,0.3499,1764366.0,5e-05
2026-04-28 20:00:00+00:00,0.3499,0.35833,0.3463,0.3535,1622263.0,5e-05
2026-04-29 00:00:00+00:00,0.3535,0.35807,0.34772,0.35427,754566.0,5e-05
2026-04-29 04:00:00+00:00,0.35427,0.3561,0.34482,0.3458,719709.0,5e-05
2026-04-29 08:00:00+00:00,0.3458,0.35471,0.34086,0.34572,1787617.0,5e-05
2026-04-29 12:00:00+00:00,0.34572,0.34572,0.33296,0.33457,1746256.0,5e-05
2026-04-29 16:00:00+00:00,0.33457,0.33471,0.32535,0.33261,1292982.0,-1.848e-05
2026-04-29 20:00:00+00:00,0.33261,0.34157,0.33218,0.33833,714769.0,-8.245e-05
2026-04-30 00:00:00+00:00,0.33833,0.3426,0.33601,0.33792,450226.0,-7.03e-05
2026-04-30 04:00:00+00:00,0.33792,0.33865,0.324,0.33016,1462296.0,-0.00016378
2026-04-30 08:00:00+00:00,0.33016,0.33548,0.32557,0.32746,947550.0,5e-05
2026-04-30 12:00:00+00:00,0.32746,0.32849,0.31684,0.31977,1482833.0,5e-05
2026-04-30 16:00:00+00:00,0.31977,0.3314,0.31904,0.33032,804071.0,5e-05
2026-04-30 20:00:00+00:00,0.33032,0.33049,0.32256,0.32301,352038.0,5e-05
2026-05-01 00:00:00+00:00,0.32301,0.33132,0.32139,0.33018,397403.0,5e-05
2026-05-01 04:00:00+00:00,0.33018,0.33333,0.32626,0.33204,862251.0,5e-05
2026-05-01 08:00:00+00:00,0.33204,0.33356,0.32038,0.32999,943052.0,5e-05
2026-05-01 12:00:00+00:00,0.32999,0.33344,0.32559,0.32928,988054.0,5e-05
2026-05-01 16:00:00+00:00,0.32928,0.33328,0.32657,0.32866,779618.0,5e-05
2026-05-01 20:00:00+00:00,0.32866,0.3298,0.32259,0.32832,975756.0,-1.06e-06
2026-05-02 00:00:00+00:00,0.32832,0.33096,0.323,0.32303,620453.0,-0.00014412
2026-05-02 04:00:00+00:00,0.32303,0.32328,0.31609,0.31976,782249.0,-0.00012946
2026-05-02 08:00:00+00:00,0.31976,0.32648,0.31914,0.32135,845691.0,-6.399e-05
2026-05-02 12:00:00+00:00,0.32135,0.32889,0.32074,0.32845,716109.0,5e-05
2026-05-02 16:00:00+00:00,0.32845,0.33306,0.32307,0.33291,771069.0,5e-05
2026-05-02 20:00:00+00:00,0.33291,0.33778,0.32879,0.32963,1116702.0,5e-05
2026-05-03 00:00:00+00:00,0.32963,0.33362,0.32352,0.32655,986394.0,5e-05
2026-05-03 04:00:00+00:00,0.32655,0.33032,0.32465,0.32609,922449.0,5e-05
2026-05-03 08:00:00+00:00,0.32609,0.33355,0.32415,0.32938,733579.0,5e-05
2026-05-03 12:00:00+00:00,0.32938,0.3329,0.32704,0.32777,540610.0,5e-05
2026-05-03 16:00:00+00:00,0.32777,0.34984,0.32662,0.34189,3441776.0,5e-05
2026-05-03 20:00:00+00:00,0.34189,0.3466,0.33824,0.3412,1278216.0,5e-05
2026-05-04 00:00:00+00:00,0.3412,0.36235,0.3387,0.36035,2934168.0,-0.00018357
2026-05-04 04:00:00+00:00,0.36035,0.37361,0.34749,0.3512,2974940.0,3.318e-05
2026-05-04 08:00:00+00:00,0.3512,0.35218,0.32938,0.33229,2790433.0,5e-05
2026-05-04 12:00:00+00:00,0.33229,0.3419,0.3304,0.33782,2610511.0,1.71e-05
2026-05-04 16:00:00+00:00,0.33782,0.34378,0.33219,0.33634,2228476.0,-4.098e-05
2026-05-04 20:00:00+00:00,0.33634,0.34767,0.33607,0.34341,1456610.0,3.81e-06
2026-05-05 00:00:00+00:00,0.34341,0.34574,0.33808,0.34148,889939.0,-2.879e-05
2026-05-05 04:00:00+00:00,0.34148,0.36188,0.34124,0.35908,2730609.0,-9.686e-05
2026-05-05 08:00:00+00:00,0.35908,0.36101,0.34921,0.34922,1637572.0,5e-05
2026-05-05 12:00:00+00:00,0.34922,0.36426,0.3488,0.35721,2399938.0,5e-05
2026-05-05 16:00:00+00:00,0.35721,0.35925,0.34233,0.34436,2472468.0,5e-05
2026-05-05 20:00:00+00:00,0.34436,0.35132,0.34343,0.34528,1356057.0,-7.33e-05
2026-05-06 00:00:00+00:00,0.34528,0.34824,0.33821,0.34457,1311716.0,5e-05
2026-05-06 04:00:00+00:00,0.34457,0.35671,0.33832,0.35572,1838640.0,5e-05
2026-05-06 08:00:00+00:00,0.35572,0.37329,0.35387,0.36352,2745109.0,5e-05
2026-05-06 12:00:00+00:00,0.36352,0.379,0.35707,0.3622,4594010.0,5e-05
2026-05-06 16:00:00+00:00,0.3622,0.3704,0.36107,0.36683,1449933.0,5e-05
2026-05-06 20:00:00+00:00,0.36683,0.37945,0.36314,0.37408,2236455.0,-0.00021245
2026-05-07 00:00:00+00:00,0.37408,0.37462,0.34778,0.35133,2106252.0,-3e-05
2026-05-07 04:00:00+00:00,0.35133,0.3723,0.34928,0.36811,2202253.0,-0.00019457
2026-05-07 08:00:00+00:00,0.36811,0.37687,0.36149,0.36478,2682911.0,5e-05
2026-05-07 12:00:00+00:00,0.36478,0.37344,0.35606,0.35838,2492124.0,1.834e-05
2026-05-07 16:00:00+00:00,0.35838,0.37061,0.35522,0.36765,1400395.0,5e-05
2026-05-07 20:00:00+00:00,0.36765,0.37154,0.36154,0.37057,1233004.0,5e-05
2026-05-08 00:00:00+00:00,0.37057,0.37274,0.35981,0.3638,879650.0,5e-05
2026-05-08 04:00:00+00:00,0.3638,0.37176,0.36122,0.36818,1168449.0,5e-05
2026-05-08 08:00:00+00:00,0.36818,0.37052,0.35737,0.35875,1414759.0,5e-05
2026-05-08 12:00:00+00:00,0.35875,0.3633,0.35267,0.3633,1176589.0,5e-05
2026-05-08 16:00:00+00:00,0.3633,0.37631,0.36176,0.37022,1239125.0,5e-05
2026-05-08 20:00:00+00:00,0.37022,0.37531,0.36826,0.37218,636173.0,5e-05
2026-05-09 00:00:00+00:00,0.37218,0.3895,0.37069,0.38312,1283928.0,5e-05
2026-05-09 04:00:00+00:00,0.38312,0.4002,0.38045,0.38414,2962044.0,5e-05
2026-05-09 08:00:00+00:00,0.38414,0.38785,0.37538,0.379,1872184.0,5e-05
2026-05-09 12:00:00+00:00,0.379,0.38246,0.36926,0.38141,1392210.0,5e-05
2026-05-09 16:00:00+00:00,0.38141,0.39528,0.37944,0.38668,2424598.0,5e-05
2026-05-09 20:00:00+00:00,0.38668,0.38711,0.37891,0.3806,522522.0,5e-05
2026-05-10 00:00:00+00:00,0.3806,0.38386,0.373,0.3789,777739.0,5e-05
2026-05-10 04:00:00+00:00,0.3789,0.38365,0.37556,0.37801,566817.0,5e-05
2026-05-10 08:00:00+00:00,0.37801,0.38206,0.37365,0.37482,1189299.0,5e-05
2026-05-10 12:00:00+00:00,0.37482,0.38021,0.37226,0.37964,668652.0,5e-05
2026-05-10 16:00:00+00:00,0.37964,0.38896,0.37892,0.38632,1022568.0,5e-05
2026-05-10 20:00:00+00:00,0.38632,0.38856,0.36608,0.37924,2080243.0,5e-05
2026-05-11 00:00:00+00:00,0.37924,0.38152,0.3611,0.36355,1306139.0,-5.764e-05
2026-05-11 04:00:00+00:00,0.36355,0.36769,0.35789,0.36355,1856208.0,5e-05
2026-05-11 08:00:00+00:00,0.36355,0.36757,0.36015,0.36128,1077524.0,5e-05
2026-05-11 12:00:00+00:00,0.36128,0.36474,0.35315,0.36349,1565197.0,5e-05
2026-05-11 16:00:00+00:00,0.36349,0.37147,0.36202,0.36928,954922.0,-8.52e-06
2026-05-11 20:00:00+00:00,0.36928,0.37159,0.36458,0.3672,350544.0,2.423e-05
2026-05-12 00:00:00+00:00,0.3672,0.36721,0.35056,0.3513,864113.0,5e-05
2026-05-12 04:00:00+00:00,0.3513,0.3514,0.34221,0.34385,1681453.0,5e-05
2026-05-12 08:00:00+00:00,0.34385,0.34699,0.34063,0.34684,1156553.0,5e-05
2026-05-12 12:00:00+00:00,0.34684,0.34779,0.33432,0.33773,2254764.0,5e-05
2026-05-12 16:00:00+00:00,0.33773,0.34463,0.33516,0.34337,823767.0,5e-05
2026-05-12 20:00:00+00:00,0.34337,0.34555,0.34155,0.34316,547103.0,5e-05
2026-05-13 00:00:00+00:00,0.34316,0.35342,0.34256,0.34958,1026621.0,5e-05
2026-05-13 04:00:00+00:00,0.34958,0.34998,0.34331,0.34547,728077.0,5e-05
2026-05-13 08:00:00+00:00,0.34547,0.35296,0.34265,0.34417,885084.0,5e-05
2026-05-13 12:00:00+00:00,0.34417,0.34638,0.324,0.32502,2498949.0,1.547e-05
2026-05-13 16:00:00+00:00,0.32502,0.33107,0.32484,0.327,769792.0,5e-05
2026-05-13 20:00:00+00:00,0.327,0.33107,0.32638,0.32807,403980.0,5e-05
2026-05-14 00:00:00+00:00,0.32807,0.32943,0.31933,0.3205,879662.0,5e-05
2026-05-14 04:00:00+00:00,0.3205,0.3312,0.31919,0.3297,673013.0,3.387e-05
2026-05-14 08:00:00+00:00,0.3297,0.33298,0.32699,0.328,765839.0,5e-05
2026-05-14 12:00:00+00:00,0.328,0.33928,0.32757,0.3362,1120545.0,-3.377e-05
2026-05-14 16:00:00+00:00,0.3362,0.33897,0.33182,0.33637,648631.0,-0.00017453
2026-05-14 20:00:00+00:00,0.33637,0.33778,0.33203,0.33268,274101.0,5e-05
2026-05-15 00:00:00+00:00,0.33268,0.3354,0.32969,0.33242,443623.0,5e-05
2026-05-15 04:00:00+00:00,0.33242,0.33384,0.32329,0.33241,881711.0,5e-05
2026-05-15 08:00:00+00:00,0.33241,0.33726,0.33,0.33171,778361.0,5e-05
2026-05-15 12:00:00+00:00,0.33089,0.33218,0.30755,0.31171,3407985.0,
2026-05-15 16:00:00+00:00,0.31171,0.31952,0.3093,0.31452,816384.0,
2026-05-15 20:00:00+00:00,0.31452,0.31491,0.31199,0.31302,284616.0,
2026-05-16 00:00:00+00:00,0.31302,0.3185,0.31259,0.31578,282443.0,
2026-05-16 04:00:00+00:00,0.31578,0.31578,0.29881,0.30215,1164765.0,
2026-05-16 08:00:00+00:00,0.30215,0.30337,0.29578,0.30133,723423.0,
2026-05-16 12:00:00+00:00,0.30133,0.30479,0.29889,0.30354,397437.0,
2026-05-16 16:00:00+00:00,0.30354,0.3067,0.3029,0.30397,199091.0,
2026-05-16 20:00:00+00:00,0.30397,0.30667,0.30204,0.30231,276032.0,
2026-05-17 00:00:00+00:00,0.30231,0.30501,0.29802,0.30411,372252.0,
2026-05-17 04:00:00+00:00,0.30411,0.30655,0.30297,0.30491,285770.0,
2026-05-17 08:00:00+00:00,0.30491,0.30718,0.30172,0.30229,214682.0,
2026-05-17 12:00:00+00:00,0.30229,0.30295,0.29919,0.30112,369648.0,
2026-05-17 16:00:00+00:00,0.30112,0.30986,0.29812,0.308,410961.0,
2026-05-17 20:00:00+00:00,0.308,0.30907,0.28622,0.29555,2333058.0,
2026-05-18 00:00:00+00:00,0.29555,0.30088,0.29284,0.29648,422549.0,
2026-05-18 04:00:00+00:00,0.29648,0.30026,0.29298,0.29522,450820.0,
2026-05-18 08:00:00+00:00,0.29522,0.30009,0.29335,0.2981,191960.0,
2026-05-18 12:00:00+00:00,0.2981,0.30298,0.29082,0.29293,919129.0,
2026-05-18 16:00:00+00:00,0.29293,0.30103,0.29056,0.29956,628153.0,
2026-05-18 20:00:00+00:00,0.29956,0.30534,0.29885,0.30428,901746.0,
2026-05-19 00:00:00+00:00,0.30428,0.30735,0.29751,0.29756,386601.0,
2026-05-19 04:00:00+00:00,0.29756,0.30388,0.29726,0.30118,521738.0,
2026-05-19 08:00:00+00:00,0.30118,0.30148,0.29544,0.29584,545190.0,
2026-05-19 12:00:00+00:00,0.29584,0.30396,0.29569,0.30348,1136257.0,
2026-05-19 16:00:00+00:00,0.30348,0.30961,0.29752,0.30043,1964343.0,
2026-05-19 20:00:00+00:00,0.30043,0.30608,0.29744,0.29884,768067.0,
2026-05-20 00:00:00+00:00,0.29884,0.30102,0.29462,0.29968,793374.0,
2026-05-20 04:00:00+00:00,0.29968,0.30379,0.29762,0.30168,356348.0,
2026-05-20 08:00:00+00:00,0.30168,0.30211,0.29809,0.29916,305335.0,
2026-05-20 12:00:00+00:00,0.29916,0.31364,0.29872,0.31158,1122665.0,
2026-05-20 16:00:00+00:00,0.31158,0.33085,0.31045,0.3239,1905407.0,
2026-05-20 20:00:00+00:00,0.3239,0.3242,0.31711,0.32061,821399.0,
2026-05-21 00:00:00+00:00,0.32061,0.335,0.31946,0.33464,822652.0,
2026-05-21 04:00:00+00:00,0.33464,0.3488,0.32887,0.34736,2644445.0,
2026-05-21 08:00:00+00:00,0.34736,0.353,0.336,0.33771,4787728.0,
2026-05-21 12:00:00+00:00,0.33771,0.3734,0.33527,0.36935,7123804.0,
2026-05-21 16:00:00+00:00,0.36935,0.40427,0.36856,0.3918,20131737.0,
2026-05-21 20:00:00+00:00,0.3918,0.4255,0.38975,0.41665,18211450.0,
2026-05-22 00:00:00+00:00,0.41665,0.44,0.4062,0.42289,17184223.0,
2026-05-22 04:00:00+00:00,0.42289,0.46124,0.4172,0.44521,21842290.0,
2026-05-22 08:00:00+00:00,0.44521,0.46407,0.42521,0.4603,18975874.0,
2026-05-22 12:00:00+00:00,0.4603,0.4621,0.4217,0.42426,17238218.0,
2026-05-22 16:00:00+00:00,0.42426,0.44544,0.40279,0.41126,13069162.0,
2026-05-22 20:00:00+00:00,0.41126,0.41369,0.39733,0.4091,5898565.0,
2026-05-23 00:00:00+00:00,0.4091,0.42143,0.38816,0.41608,5979173.0,
2026-05-23 04:00:00+00:00,0.41608,0.42359,0.39546,0.39834,3526197.0,
2026-05-23 08:00:00+00:00,0.39834,0.41868,0.38891,0.40556,4658031.0,
2026-05-23 12:00:00+00:00,0.40556,0.45962,0.40335,0.45783,10115792.0,
2026-05-23 16:00:00+00:00,0.45783,0.50425,0.44309,0.48908,13158876.0,
