timestamp,open,high,low,close,volume,funding_rate
2024-12-31 12:00:00+00:00,3.2019,3.545,3.1734,3.5304,4130045.0,0.0001
2024-12-31 16:00:00+00:00,3.5304,3.6565,3.4719,3.4804,4512197.0,0.0001
2024-12-31 20:00:00+00:00,3.4804,3.5899,3.4466,3.4834,2103793.0,0.0001
2025-01-01 00:00:00+00:00,3.4834,3.5923,3.41,3.4887,2020901.0,0.0001
2025-01-01 04:00:00+00:00,3.4887,3.5152,3.4419,3.4419,931219.0,0.0001
2025-01-01 08:00:00+00:00,3.4419,3.473,3.3735,3.3958,896966.0,0.0001
2025-01-01 12:00:00+00:00,3.3958,3.4464,3.305,3.3387,1105301.0,0.0001
2025-01-01 16:00:00+00:00,3.3387,3.3529,3.194,3.2936,1756028.0,0.0001
2025-01-01 20:00:00+00:00,3.2936,3.4099,3.2222,3.3538,1118979.0,0.0001
2025-01-02 00:00:00+00:00,3.3538,3.5264,3.2965,3.5088,2058610.0,0.0001
2025-01-02 04:00:00+00:00,3.5088,3.6197,3.4283,3.481,1953976.0,0.0001
2025-01-02 08:00:00+00:00,3.481,3.4842,3.3752,3.4051,1421042.0,0.0001
2025-01-02 12:00:00+00:00,3.4051,3.4396,3.277,3.3441,1751716.0,0.0001
2025-01-02 16:00:00+00:00,3.3441,3.3819,3.2843,3.3361,1010364.0,0.0001
2025-01-02 20:00:00+00:00,3.3361,3.3567,3.2615,3.2888,764855.0,0.0001
2025-01-03 00:00:00+00:00,3.2888,3.3128,3.2114,3.2181,794151.0,0.0001
2025-01-03 04:00:00+00:00,3.2181,3.2713,3.194,3.2146,618804.0,0.0001
2025-01-03 08:00:00+00:00,3.2146,3.2587,3.15,3.1909,903485.0,0.0001
2025-01-03 12:00:00+00:00,3.1909,3.374,3.1369,3.3661,1609079.0,0.0001
2025-01-03 16:00:00+00:00,3.3661,3.3665,3.2573,3.3066,1446652.0,0.0001
2025-01-03 20:00:00+00:00,3.3066,3.3783,3.2378,3.2845,832493.0,0.0001
2025-01-04 00:00:00+00:00,3.2845,3.311,3.2155,3.2402,705078.0,0.0001
2025-01-04 04:00:00+00:00,3.2402,3.2693,3.1899,3.2413,656217.0,0.0001
2025-01-04 08:00:00+00:00,3.2413,3.4016,3.2001,3.3814,1269118.0,0.0001
2025-01-04 12:00:00+00:00,3.3814,3.5396,3.2387,3.2516,2233622.0,0.0001
2025-01-04 16:00:00+00:00,3.2516,3.3536,3.2095,3.3487,1121208.0,0.00016719
2025-01-04 20:00:00+00:00,3.3487,3.4152,3.3113,3.3749,916055.0,0.00016719
2025-01-05 00:00:00+00:00,3.3749,3.4691,3.292,3.4618,1148908.0,0.00016957
2025-01-05 04:00:00+00:00,3.4618,3.5,3.3706,3.4098,1356142.0,0.00016957
2025-01-05 08:00:00+00:00,3.4098,3.4695,3.3668,3.4508,1009445.0,0.00016086
2025-01-05 12:00:00+00:00,3.4508,3.5926,3.43,3.5158,2091360.0,0.00016086
2025-01-05 16:00:00+00:00,3.5158,3.7,3.5019,3.5882,3534024.0,0.00016492
2025-01-05 20:00:00+00:00,3.5882,3.6437,3.5211,3.5771,1103568.0,0.00016492
2025-01-06 00:00:00+00:00,3.5771,3.5891,3.4016,3.4394,1405103.0,0.0001
2025-01-06 04:00:00+00:00,3.4394,3.4479,3.3333,3.3629,1003824.0,0.0001
2025-01-06 08:00:00+00:00,3.3629,3.421,3.3458,3.3698,927970.0,0.0001
2025-01-06 12:00:00+00:00,3.3698,3.4664,3.3057,3.4412,1413671.0,0.0001
2025-01-06 16:00:00+00:00,3.4412,3.5003,3.3034,3.3387,1408994.0,0.0001
2025-01-06 20:00:00+00:00,3.3387,3.3685,3.2556,3.2923,1035068.0,0.0001
2025-01-07 00:00:00+00:00,3.2923,3.2974,3.2301,3.2849,564013.0,0.0001
2025-01-07 04:00:00+00:00,3.2849,3.3917,3.277,3.3256,879718.0,0.0001
2025-01-07 08:00:00+00:00,3.3256,3.3668,3.2816,3.3041,633484.0,0.0001
2025-01-07 12:00:00+00:00,3.3041,3.3892,3.2189,3.2681,2744703.0,0.0001
2025-01-07 16:00:00+00:00,3.2681,3.4382,3.2533,3.3826,2106669.0,0.0001
2025-01-07 20:00:00+00:00,3.3826,3.424,3.2437,3.2917,1346616.0,0.0001
2025-01-08 00:00:00+00:00,3.2917,3.3753,3.1458,3.1596,1391930.0,0.0001
2025-01-08 04:00:00+00:00,3.1596,3.2035,3.08,3.1446,1506318.0,0.0001
2025-01-08 08:00:00+00:00,3.1446,3.2926,3.1273,3.1415,1185470.0,0.0001
2025-01-08 12:00:00+00:00,3.1415,3.1918,3.0393,3.0784,1051450.0,0.0001
2025-01-08 16:00:00+00:00,3.0784,3.1144,2.8966,3.1008,1792476.0,0.0001
2025-01-08 20:00:00+00:00,3.1008,3.4737,3.0792,3.3867,2112743.0,0.0001
2025-01-09 00:00:00+00:00,3.3867,3.4191,3.2541,3.2564,1501582.0,0.0001
2025-01-09 04:00:00+00:00,3.2564,3.3593,3.1747,3.1783,1115150.0,0.0001
2025-01-09 08:00:00+00:00,3.1783,3.2884,3.1092,3.113,1514441.0,0.0001
2025-01-09 12:00:00+00:00,3.113,3.1656,2.9536,3.1387,1812816.0,0.0001
2025-01-09 16:00:00+00:00,3.1387,3.3774,3.0005,3.0362,3073165.0,0.0001
2025-01-09 20:00:00+00:00,3.0362,3.0465,2.9641,2.9729,1152060.0,0.0001
2025-01-10 00:00:00+00:00,2.9729,3.0312,2.903,2.9683,1516652.0,0.0001
2025-01-10 04:00:00+00:00,2.9683,3.0252,2.9236,3.0076,1168394.0,0.0001
2025-01-10 08:00:00+00:00,3.0076,3.1898,2.9073,2.99,2576779.0,0.0001
2025-01-10 12:00:00+00:00,2.99,3.0129,2.7234,2.7656,3589540.0,0.0001
2025-01-10 16:00:00+00:00,2.7656,2.8219,2.661,2.7562,2128865.0,0.0001
2025-01-10 20:00:00+00:00,2.7562,2.7746,2.6863,2.7287,840234.0,0.0001
2025-01-11 00:00:00+00:00,2.7287,2.7673,2.6948,2.7007,871880.0,0.0001
2025-01-11 04:00:00+00:00,2.7007,2.7541,2.6671,2.7295,911026.0,0.0001
2025-01-11 08:00:00+00:00,2.7295,2.8548,2.7126,2.803,1477223.0,0.0001
2025-01-11 12:00:00+00:00,2.803,2.8485,2.7636,2.8268,833336.0,0.0001
2025-01-11 16:00:00+00:00,2.8268,2.8412,2.703,2.729,1140574.0,0.0001
2025-01-11 20:00:00+00:00,2.729,2.779,2.7229,2.7396,750505.0,0.0001
2025-01-12 00:00:00+00:00,2.7396,2.7396,2.6901,2.7178,401464.0,0.0001
2025-01-12 04:00:00+00:00,2.7178,2.7579,2.7064,2.7349,610181.0,0.0001
2025-01-12 08:00:00+00:00,2.7349,2.7701,2.6945,2.7648,630886.0,0.0001
2025-01-12 12:00:00+00:00,2.7648,2.7861,2.7244,2.7572,837292.0,0.0001
2025-01-12 16:00:00+00:00,2.7572,2.8092,2.6894,2.7071,759188.0,0.0001
2025-01-12 20:00:00+00:00,2.7071,2.7141,2.594,2.6121,913151.0,0.0001
2025-01-13 00:00:00+00:00,2.6121,2.7134,2.5226,2.5329,1641259.0,0.0001
2025-01-13 04:00:00+00:00,2.5329,2.56,2.4657,2.4758,778412.0,0.0001
2025-01-13 08:00:00+00:00,2.4758,2.4968,2.2773,2.2811,1410942.0,0.0001
2025-01-13 12:00:00+00:00,2.2811,2.4368,2.2718,2.4143,2319476.0,0.0001
2025-01-13 16:00:00+00:00,2.4143,2.452,2.315,2.3513,1633972.0,0.0001
2025-01-13 20:00:00+00:00,2.3513,2.4923,2.3406,2.477,770774.0,0.0001
2025-01-14 00:00:00+00:00,2.477,2.5152,2.443,2.4608,714298.0,0.0001
2025-01-14 04:00:00+00:00,2.4608,2.5214,2.4382,2.4414,610096.0,0.0001
2025-01-14 08:00:00+00:00,2.4414,2.5089,2.3806,2.4004,1271656.0,0.0001
2025-01-14 12:00:00+00:00,2.4004,2.4695,2.3567,2.4046,1219147.0,0.0001
2025-01-14 16:00:00+00:00,2.4046,2.4839,2.3338,2.4733,1425602.0,0.0001
2025-01-14 20:00:00+00:00,2.4733,2.5131,2.4288,2.4516,881056.0,0.0001
2025-01-15 00:00:00+00:00,2.4516,2.4743,2.3949,2.4667,859373.0,0.0001
2025-01-15 04:00:00+00:00,2.4667,2.5112,2.4142,2.4287,594788.0,0.0001
2025-01-15 08:00:00+00:00,2.4287,2.4422,2.3584,2.4337,758087.0,0.0001
2025-01-15 12:00:00+00:00,2.4337,2.8816,2.3831,2.8279,2992051.0,5e-05
2025-01-15 16:00:00+00:00,2.8279,3.1723,2.7776,3.131,2331289.0,5e-05
2025-01-15 20:00:00+00:00,3.131,3.235,3.0449,3.0521,1933061.0,5e-05
2025-01-16 00:00:00+00:00,3.0521,3.055,2.8647,2.8853,1277633.0,5e-05
2025-01-16 04:00:00+00:00,2.8853,2.9551,2.8505,2.9518,809843.0,5e-05
2025-01-16 08:00:00+00:00,2.9518,2.9616,2.8301,2.8748,1243729.0,5e-05
2025-01-16 12:00:00+00:00,2.8748,3.451,2.773,3.4393,11532837.0,5e-05
2025-01-16 16:00:00+00:00,3.4393,3.8209,3.4067,3.8009,8232814.0,5e-05
2025-01-16 20:00:00+00:00,3.8009,3.8334,3.5547,3.6828,5633582.0,5e-05
2025-01-17 00:00:00+00:00,3.6828,4.1415,3.6174,3.9782,6818950.0,5e-05
2025-01-17 04:00:00+00:00,3.9782,4.122,3.9191,4.0634,3192157.0,5e-05
2025-01-17 08:00:00+00:00,4.0634,4.2,3.9703,4.0451,4419056.0,5e-05
2025-01-17 12:00:00+00:00,4.0451,4.1874,3.9976,4.0775,4622110.0,5e-05
2025-01-17 16:00:00+00:00,4.0775,4.1809,3.9749,3.9957,3476567.0,5e-05
2025-01-17 20:00:00+00:00,3.9957,4.0739,3.9067,3.9209,1589383.0,7.578e-05
2025-01-18 00:00:00+00:00,3.9209,3.9412,3.7058,3.7213,1752807.0,0.00024707
2025-01-18 04:00:00+00:00,3.7213,3.9822,3.653,3.69,2932073.0,0.00023808
2025-01-18 08:00:00+00:00,3.69,3.8215,3.6458,3.7529,1825871.0,0.00014868
2025-01-18 12:00:00+00:00,3.7529,3.7791,3.6181,3.6893,1382508.0,5e-05
2025-01-18 16:00:00+00:00,3.6893,3.8466,3.6766,3.7722,1793277.0,5e-05
2025-01-18 20:00:00+00:00,3.7722,3.9548,3.7165,3.9203,1284433.0,5e-05
2025-01-19 00:00:00+00:00,3.9203,3.9989,3.7434,3.7439,1842802.0,5e-05
2025-01-19 04:00:00+00:00,3.7439,3.7848,3.6716,3.7362,1143215.0,5e-05
2025-01-19 08:00:00+00:00,3.7362,3.7362,3.4777,3.495,2200614.0,6.509e-05
2025-01-19 12:00:00+00:00,3.495,3.7435,3.4618,3.5831,2601586.0,0.00014259
2025-01-19 16:00:00+00:00,3.5831,3.8424,3.5444,3.708,1631721.0,0.00010245
2025-01-19 20:00:00+00:00,3.708,3.7678,3.3522,3.4371,3945564.0,0.00016654
2025-01-20 00:00:00+00:00,3.4371,3.5374,3.275,3.4593,2371196.0,5e-05
2025-01-20 04:00:00+00:00,3.4593,3.852,3.3508,3.6382,2320679.0,5e-05
2025-01-20 08:00:00+00:00,3.6382,3.6418,3.4091,3.4325,1236412.0,5e-05
2025-01-20 12:00:00+00:00,3.4325,3.4329,3.274,3.2802,1173650.0,5e-05
2025-01-20 16:00:00+00:00,3.2802,3.451,3.1752,3.3799,2394154.0,5e-05
2025-01-20 20:00:00+00:00,3.3799,3.384,3.2364,3.2721,610219.0,5e-05
2025-01-21 00:00:00+00:00,3.2721,3.3075,3.1547,3.1677,843691.0,5e-05
2025-01-21 04:00:00+00:00,3.1677,3.2088,3.0851,3.2031,661701.0,5e-05
2025-01-21 08:00:00+00:00,3.2031,3.2813,3.17,3.2146,875854.0,5e-05
2025-01-21 12:00:00+00:00,3.2146,3.2797,3.1372,3.1858,653879.0,5e-05
2025-01-21 16:00:00+00:00,3.1858,3.3812,3.1826,3.3211,924050.0,5e-05
2025-01-21 20:00:00+00:00,3.3211,3.382,3.2537,3.316,587800.0,5e-05
2025-01-22 00:00:00+00:00,3.316,3.5007,3.2721,3.3121,980105.0,5e-05
2025-01-22 04:00:00+00:00,3.3121,3.3748,3.266,3.278,752098.0,5e-05
2025-01-22 08:00:00+00:00,3.278,3.3713,3.246,3.3653,575098.0,5e-05
2025-01-22 12:00:00+00:00,3.3653,3.4838,3.2904,3.3553,1234977.0,5e-05
2025-01-22 16:00:00+00:00,3.3553,3.5342,3.3409,3.454,1220321.0,5e-05
2025-01-22 20:00:00+00:00,3.454,3.5205,3.311,3.3142,969025.0,5e-05
2025-01-23 00:00:00+00:00,3.3142,3.3304,3.1928,3.2031,694937.0,5e-05
2025-01-23 04:00:00+00:00,3.2031,3.2176,3.1106,3.185,580788.0,5e-05
2025-01-23 08:00:00+00:00,3.185,3.3636,3.1381,3.2804,1067236.0,5e-05
2025-01-23 12:00:00+00:00,3.2804,3.391,3.1948,3.2989,1272906.0,5e-05
2025-01-23 16:00:00+00:00,3.2989,3.3629,3.2394,3.261,620517.0,5e-05
2025-01-23 20:00:00+00:00,3.261,3.3887,3.2121,3.2963,1039342.0,5e-05
2025-01-24 00:00:00+00:00,3.2963,3.3129,3.1639,3.2477,795489.0,5e-05
2025-01-24 04:00:00+00:00,3.2477,3.5134,3.2106,3.473,1061342.0,5e-05
2025-01-24 08:00:00+00:00,3.473,3.674,3.4692,3.6491,1533410.0,5e-05
2025-01-24 12:00:00+00:00,3.6491,3.7938,3.4428,3.4453,2362069.0,5e-05
2025-01-24 16:00:00+00:00,3.4453,3.5099,3.4027,3.4084,850354.0,5e-05
2025-01-24 20:00:00+00:00,3.4084,3.4216,3.2786,3.2861,651169.0,5e-05
2025-01-25 00:00:00+00:00,3.2861,3.3101,3.2111,3.2613,789122.0,5e-05
2025-01-25 04:00:00+00:00,3.2613,3.3698,3.2477,3.2791,530391.0,5e-05
2025-01-25 08:00:00+00:00,3.2791,3.3218,3.1931,3.2906,818370.0,5e-05
2025-01-25 12:00:00+00:00,3.2906,3.2939,3.2005,3.2129,577741.0,5e-05
2025-01-25 16:00:00+00:00,3.2129,3.2159,2.9785,3.0161,1253454.0,5e-05
2025-01-25 20:00:00+00:00,3.0161,3.0313,2.9057,2.9304,1052343.0,5e-05
2025-01-26 00:00:00+00:00,2.9304,3.1152,2.9134,3.0215,947414.0,5e-05
2025-01-26 04:00:00+00:00,3.0215,3.1383,3.0209,3.0628,902180.0,5e-05
2025-01-26 08:00:00+00:00,3.0628,3.1294,3.048,3.0917,670710.0,5e-05
2025-01-26 12:00:00+00:00,3.0917,3.1566,3.0357,3.0838,725910.0,5e-05
2025-01-26 16:00:00+00:00,3.0838,3.1169,3.0722,3.0971,358664.0,5e-05
2025-01-26 20:00:00+00:00,3.0971,3.1026,2.9591,3.0144,978012.0,5e-05
2025-01-27 00:00:00+00:00,3.0144,3.1126,2.8775,2.8853,1255329.0,5e-05
2025-01-27 04:00:00+00:00,2.8853,2.8912,2.7053,2.7934,1408916.0,5e-05
2025-01-27 08:00:00+00:00,2.7934,2.814,2.7047,2.7312,810350.0,5e-05
2025-01-27 12:00:00+00:00,2.7312,3.0466,2.7311,3.0106,1203566.0,5e-05
2025-01-27 16:00:00+00:00,3.0106,3.0106,2.8484,2.9182,837523.0,5e-05
2025-01-27 20:00:00+00:00,2.9182,3.1394,2.9122,3.0809,1080065.0,5e-05
2025-01-28 00:00:00+00:00,3.0809,3.1305,3.0272,3.1,710854.0,5e-05
2025-01-28 04:00:00+00:00,3.1,3.1851,3.069,3.1027,771267.0,5e-05
2025-01-28 08:00:00+00:00,3.1027,3.1631,3.0593,3.1344,565965.0,5e-05
2025-01-28 12:00:00+00:00,3.1344,3.2594,3.0925,3.223,911163.0,5e-05
2025-01-28 16:00:00+00:00,3.223,3.2907,3.1345,3.1517,1269426.0,5e-05
2025-01-28 20:00:00+00:00,3.1517,3.1744,3.0474,3.093,855463.0,5e-05
2025-01-29 00:00:00+00:00,3.093,3.2054,3.0647,3.1891,477681.0,5e-05
2025-01-29 04:00:00+00:00,3.1891,3.3264,3.1635,3.3146,583644.0,5e-05
2025-01-29 08:00:00+00:00,3.3146,3.3933,3.2671,3.3399,626320.0,5e-05
2025-01-29 12:00:00+00:00,3.3399,3.347,3.2101,3.2307,668224.0,5e-05
2025-01-29 16:00:00+00:00,3.2307,3.324,3.1193,3.3062,903524.0,5e-05
2025-01-29 20:00:00+00:00,3.3062,3.3518,3.1253,3.1313,943176.0,5e-05
2025-01-30 00:00:00+00:00,3.1313,3.2971,3.1016,3.2912,508059.0,5e-05
2025-01-30 04:00:00+00:00,3.2912,3.3627,3.2469,3.3592,563998.0,5e-05
2025-01-30 08:00:00+00:00,3.3592,3.4434,3.3315,3.3593,688571.0,5e-05
2025-01-30 12:00:00+00:00,3.3593,3.3758,3.28,3.2942,647786.0,5e-05
2025-01-30 16:00:00+00:00,3.2942,3.3965,3.2091,3.2411,804101.0,5e-05
2025-01-30 20:00:00+00:00,3.2411,3.2448,3.1822,3.197,357569.0,5e-05
2025-01-31 00:00:00+00:00,3.197,3.233,3.1475,3.1637,418662.0,5e-05
2025-01-31 04:00:00+00:00,3.1637,3.1724,3.0806,3.1688,540825.0,5e-05
2025-01-31 08:00:00+00:00,3.1688,3.2758,3.1622,3.2449,777188.0,5e-05
2025-01-31 12:00:00+00:00,3.2449,3.3046,3.1187,3.1595,918224.0,5e-05
2025-01-31 16:00:00+00:00,3.1595,3.2406,3.09,3.217,659951.0,5e-05
2025-01-31 20:00:00+00:00,3.217,3.2293,3.1209,3.1415,337206.0,5e-05
2025-02-01 00:00:00+00:00,3.1415,3.1588,2.9338,2.9544,677643.0,5e-05
2025-02-01 04:00:00+00:00,2.9544,3.0499,2.9101,3.0479,641236.0,5e-05
2025-02-01 08:00:00+00:00,3.0479,3.1233,2.9593,2.9872,852725.0,5e-05
2025-02-01 12:00:00+00:00,2.9872,3.0338,2.9179,2.946,765916.0,5e-05
2025-02-01 16:00:00+00:00,2.946,2.9731,2.8431,2.8513,494721.0,5e-05
2025-02-01 20:00:00+00:00,2.8513,2.8637,2.7265,2.7368,952823.0,5e-05
2025-02-02 00:00:00+00:00,2.7368,2.8072,2.6558,2.7015,810991.0,5e-05
2025-02-02 04:00:00+00:00,2.7015,2.7973,2.6973,2.7616,537642.0,5e-05
2025-02-02 08:00:00+00:00,2.7616,2.7969,2.6719,2.6783,542589.0,5e-05
2025-02-02 12:00:00+00:00,2.6783,2.7161,2.4629,2.5464,2353271.0,5e-05
2025-02-02 16:00:00+00:00,2.5464,2.5474,2.3564,2.4814,2293023.0,5e-05
2025-02-02 20:00:00+00:00,2.4814,2.5034,2.2342,2.3649,2165765.0,5e-05
2025-02-03 00:00:00+00:00,2.3649,2.3665,1.7613,2.0808,5775732.0,5e-05
2025-02-03 04:00:00+00:00,2.0808,2.2378,2.0318,2.2323,1774841.0,5e-05
2025-02-03 08:00:00+00:00,2.2323,2.2408,2.1491,2.1757,1098260.0,5e-05
2025-02-03 12:00:00+00:00,2.1757,2.463,2.0861,2.4478,2855979.0,-2.921e-05
2025-02-03 16:00:00+00:00,2.4478,2.4478,2.2908,2.3769,1427721.0,5e-05
2025-02-03 20:00:00+00:00,2.3769,2.4701,2.3131,2.3803,728373.0,5e-05
2025-02-04 00:00:00+00:00,2.3803,2.4059,2.2455,2.2534,782126.0,5e-05
2025-02-04 04:00:00+00:00,2.2534,2.2783,2.0688,2.1139,1493733.0,5e-05
2025-02-04 08:00:00+00:00,2.1139,2.1714,2.0662,2.108,967517.0,5e-05
2025-02-04 12:00:00+00:00,2.108,2.2296,2.0939,2.17,2011255.0,5e-05
2025-02-04 16:00:00+00:00,2.17,2.2113,2.0691,2.0715,1690276.0,5e-05
2025-02-04 20:00:00+00:00,2.0715,2.0999,1.9784,2.0603,2193730.0,5e-05
2025-02-05 00:00:00+00:00,2.0603,2.0952,1.9991,2.0118,859071.0,5e-05
2025-02-05 04:00:00+00:00,2.0118,2.0243,1.9565,1.965,869830.0,5e-05
2025-02-05 08:00:00+00:00,1.965,2.0497,1.9548,2.0295,846610.0,5e-05
2025-02-05 12:00:00+00:00,2.0295,2.049,1.9707,2.0108,960081.0,5e-05
2025-02-05 16:00:00+00:00,2.0108,2.0302,1.9138,2.0058,1505596.0,4.568e-05
2025-02-05 20:00:00+00:00,2.0058,2.0263,1.906,1.9379,830420.0,5e-05
2025-02-06 00:00:00+00:00,1.9379,1.9564,1.8937,1.9381,706586.0,-5.26e-06
2025-02-06 04:00:00+00:00,1.9381,1.9867,1.9045,1.9263,747657.0,1.46e-06
2025-02-06 08:00:00+00:00,1.9263,1.9359,1.8423,1.8782,1277134.0,5.49e-06
2025-02-06 12:00:00+00:00,1.8782,1.9258,1.7984,1.8091,1393437.0,3.801e-05
2025-02-06 16:00:00+00:00,1.8091,1.8716,1.8025,1.8186,1173539.0,-3.076e-05
2025-02-06 20:00:00+00:00,1.8186,1.8965,1.8131,1.8466,592545.0,5e-05
2025-02-07 00:00:00+00:00,1.8466,1.9327,1.8465,1.8836,660723.0,5e-05
2025-02-07 04:00:00+00:00,1.8836,1.8935,1.828,1.8414,602985.0,5e-05
2025-02-07 08:00:00+00:00,1.8414,1.8985,1.8363,1.8687,503892.0,5e-05
2025-02-07 12:00:00+00:00,1.8687,2.0966,1.838,1.8865,7954049.0,5e-05
2025-02-07 16:00:00+00:00,1.8865,1.9268,1.85,1.8525,1104524.0,-6.935e-05
2025-02-07 20:00:00+00:00,1.8525,1.8581,1.7621,1.7721,1738663.0,-0.00014122
2025-02-08 00:00:00+00:00,1.7721,1.8,1.7309,1.7546,1071937.0,5e-05
2025-02-08 04:00:00+00:00,1.7546,1.8137,1.7448,1.7869,849000.0,5e-05
2025-02-08 08:00:00+00:00,1.7869,1.814,1.7638,1.8108,595657.0,5e-05
2025-02-08 12:00:00+00:00,1.8108,1.8999,1.7993,1.8611,816980.0,5e-05
2025-02-08 16:00:00+00:00,1.8611,2.0137,1.8454,1.9762,734142.0,5e-05
2025-02-08 20:00:00+00:00,1.9762,2.0575,1.9697,2.0314,732260.0,5e-05
2025-02-09 00:00:00+00:00,2.0314,2.0887,1.9741,2.0436,1278140.0,5e-05
2025-02-09 04:00:00+00:00,2.0436,2.0444,1.9811,2.0049,612401.0,5e-05
2025-02-09 08:00:00+00:00,2.0049,2.0317,1.986,2.0249,492710.0,5e-05
2025-02-09 12:00:00+00:00,2.0249,2.1316,2.0192,2.0961,1758075.0,5e-05
2025-02-09 16:00:00+00:00,2.0961,2.1071,1.9624,1.9882,1336389.0,-0.00011411
2025-02-09 20:00:00+00:00,1.9882,2.0469,1.955,2.0373,1243312.0,-0.00014195
2025-02-10 00:00:00+00:00,2.0373,2.0717,1.9488,2.0195,1001551.0,-3.355e-05
2025-02-10 04:00:00+00:00,2.0195,2.076,1.9895,2.0372,519694.0,-9.251e-05
2025-02-10 08:00:00+00:00,2.0372,2.1317,2.0299,2.0424,758565.0,5e-05
2025-02-10 12:00:00+00:00,2.0424,2.1264,2.0329,2.0843,804024.0,5e-05
2025-02-10 16:00:00+00:00,2.0843,2.0897,2.0,2.0038,557222.0,5e-05
2025-02-10 20:00:00+00:00,2.0038,2.0373,1.9809,2.0053,424683.0,5e-05
2025-02-11 00:00:00+00:00,2.0053,2.12,2.0021,2.0985,750156.0,-1.55e-06
2025-02-11 04:00:00+00:00,2.0985,2.313,2.0907,2.1752,1366978.0,5e-05
2025-02-11 08:00:00+00:00,2.1752,2.1945,2.0446,2.0635,1007801.0,5e-05
2025-02-11 12:00:00+00:00,2.0635,2.0722,1.93,1.971,2270341.0,5e-05
2025-02-11 16:00:00+00:00,1.971,1.9875,1.8764,1.8816,925853.0,-5.19e-05
2025-02-11 20:00:00+00:00,1.8816,1.9252,1.8791,1.9155,480819.0,-0.000175
2025-02-12 00:00:00+00:00,1.9155,2.0007,1.9096,1.9374,878611.0,1.249e-05
2025-02-12 04:00:00+00:00,1.9374,1.9472,1.8925,1.9184,554812.0,-8.141e-05
2025-02-12 08:00:00+00:00,1.9184,1.9555,1.909,1.9253,751642.0,-0.0001004
2025-02-12 12:00:00+00:00,1.9253,1.9684,1.816,1.8859,2075722.0,-7.658e-05
2025-02-12 16:00:00+00:00,1.8859,2.0006,1.8575,1.9669,841833.0,5e-05
2025-02-12 20:00:00+00:00,1.9669,2.0741,1.9511,2.0025,821342.0,5e-05
2025-02-13 00:00:00+00:00,2.0025,2.0316,1.9774,2.0102,777960.0,5e-05
2025-02-13 04:00:00+00:00,2.0102,2.0185,1.9171,1.9215,466775.0,5e-05
2025-02-13 08:00:00+00:00,1.9215,1.9938,1.9027,1.9668,1560799.0,5e-05
2025-02-13 12:00:00+00:00,1.9668,1.9927,1.9188,1.9614,806124.0,-3.281e-05
2025-02-13 16:00:00+00:00,1.9614,2.0516,1.953,2.0172,963984.0,5e-05
2025-02-13 20:00:00+00:00,2.0172,2.0602,2.013,2.0447,398170.0,5e-05
2025-02-14 00:00:00+00:00,2.0447,2.1421,2.0143,2.1224,796041.0,5e-05
2025-02-14 04:00:00+00:00,2.1224,2.1368,2.0408,2.0731,829725.0,-2.118e-05
2025-02-14 08:00:00+00:00,2.0731,2.2076,2.0603,2.1637,1268513.0,-3.032e-05
2025-02-14 12:00:00+00:00,2.1637,2.2324,2.1488,2.1866,1185407.0,5e-05
2025-02-14 16:00:00+00:00,2.1866,2.2762,2.1674,2.1798,1040815.0,5e-05
2025-02-14 20:00:00+00:00,2.1798,2.2716,2.128,2.1894,1912295.0,5e-05
2025-02-15 00:00:00+00:00,2.1894,2.1901,2.1459,2.1838,310363.0,5e-05
2025-02-15 04:00:00+00:00,2.1838,2.2301,2.1641,2.189,488923.0,5e-05
2025-02-15 08:00:00+00:00,2.189,2.2092,2.1524,2.1662,271694.0,5e-05
2025-02-15 12:00:00+00:00,2.1662,2.1738,2.1062,2.119,509167.0,5e-05
2025-02-15 16:00:00+00:00,2.119,2.1605,2.1149,2.1336,298430.0,5e-05
2025-02-15 20:00:00+00:00,2.1336,2.1956,2.1132,2.1692,324645.0,5e-05
2025-02-16 00:00:00+00:00,2.1692,2.1969,2.152,2.1797,288969.0,5e-05
2025-02-16 04:00:00+00:00,2.1797,2.1926,2.1586,2.1652,200795.0,5e-05
2025-02-16 08:00:00+00:00,2.1652,2.2003,2.1518,2.158,350647.0,5e-05
2025-02-16 12:00:00+00:00,2.158,2.1584,2.0539,2.0946,773715.0,5e-05
2025-02-16 16:00:00+00:00,2.0946,2.1153,2.0659,2.0848,402290.0,-4.147e-05
2025-02-16 20:00:00+00:00,2.0848,2.1345,2.0756,2.1297,344512.0,-3.207e-05
2025-02-17 00:00:00+00:00,2.1297,2.2866,2.1243,2.2041,1097103.0,4.92e-05
2025-02-17 04:00:00+00:00,2.2041,2.2081,2.072,2.1275,1302883.0,-0.00010006
2025-02-17 08:00:00+00:00,2.1275,2.2421,2.1213,2.1793,755640.0,-5.101e-05
2025-02-17 12:00:00+00:00,2.1793,2.2205,2.1578,2.1611,550908.0,4.707e-05
2025-02-17 16:00:00+00:00,2.1611,2.1819,2.0835,2.1099,694353.0,5e-05
2025-02-17 20:00:00+00:00,2.1099,2.1807,2.1049,2.1437,286491.0,-5.215e-05
2025-02-18 00:00:00+00:00,2.1437,2.151,2.086,2.0998,317396.0,1.775e-05
2025-02-18 04:00:00+00:00,2.0998,2.1074,1.9959,2.0249,604537.0,-2.229e-05
2025-02-18 08:00:00+00:00,2.0249,2.0295,1.9797,2.0073,487613.0,-0.00020155
2025-02-18 12:00:00+00:00,2.0073,2.0489,1.9613,1.9856,403887.0,-8.804e-05
2025-02-18 16:00:00+00:00,1.9856,2.0268,1.9578,1.9998,504844.0,-0.00013565
2025-02-18 20:00:00+00:00,1.9998,2.0272,1.9762,2.0193,242378.0,5e-05
2025-02-19 00:00:00+00:00,2.0193,2.028,1.9792,2.0104,292150.0,5e-05
2025-02-19 04:00:00+00:00,2.0104,2.0693,1.9779,2.0567,295399.0,5e-05
2025-02-19 08:00:00+00:00,2.0567,2.2506,2.0563,2.2315,1090468.0,5e-05
2025-02-19 12:00:00+00:00,2.2315,2.2457,2.1731,2.2296,1059552.0,5e-05
2025-02-19 16:00:00+00:00,2.2296,2.2695,2.1976,2.2233,656876.0,5e-05
2025-02-19 20:00:00+00:00,2.2233,2.2526,2.1912,2.2292,287058.0,5e-05
2025-02-20 00:00:00+00:00,2.2292,2.2522,2.1963,2.243,296372.0,5e-05
2025-02-20 04:00:00+00:00,2.243,2.2789,2.2208,2.2221,492485.0,5e-05
2025-02-20 08:00:00+00:00,2.2221,2.2968,2.2157,2.2651,491172.0,5e-05
2025-02-20 12:00:00+00:00,2.2651,2.3202,2.2184,2.2249,835634.0,5e-05
2025-02-20 16:00:00+00:00,2.2249,2.3241,2.2119,2.3086,454707.0,5e-05
2025-02-20 20:00:00+00:00,2.3086,2.363,2.2941,2.3589,359562.0,5e-05
2025-02-21 00:00:00+00:00,2.3589,2.4184,2.3095,2.3169,575222.0,5e-05
2025-02-21 04:00:00+00:00,2.3169,2.3447,2.3069,2.3243,254716.0,5e-05
2025-02-21 08:00:00+00:00,2.3243,2.4009,2.3145,2.3574,413949.0,5e-05
2025-02-21 12:00:00+00:00,2.3574,2.3983,2.1672,2.1756,1149285.0,5e-05
2025-02-21 16:00:00+00:00,2.1756,2.283,2.1381,2.1421,861293.0,3.92e-05
2025-02-21 20:00:00+00:00,2.1421,2.1654,2.0954,2.1387,259996.0,5e-05
2025-02-22 00:00:00+00:00,2.1387,2.1515,2.0877,2.0983,244209.0,5e-05
2025-02-22 04:00:00+00:00,2.0983,2.1491,2.0931,2.1338,234287.0,-0.00037551
2025-02-22 08:00:00+00:00,2.1338,2.2557,2.1202,2.2145,348262.0,-6.45e-06
2025-02-22 12:00:00+00:00,2.2145,2.2589,2.1694,2.2514,206204.0,-2.797e-05
2025-02-22 16:00:00+00:00,2.2514,2.2786,2.1823,2.2159,128742.0,5e-05
2025-02-22 20:00:00+00:00,2.2159,2.2577,2.2133,2.2381,141329.0,-0.00012845
2025-02-23 00:00:00+00:00,2.2381,2.2496,2.2068,2.2221,74426.0,-2.76e-05
2025-02-23 04:00:00+00:00,2.2221,2.2517,2.186,2.2461,166024.0,5.54e-06
2025-02-23 08:00:00+00:00,2.2461,2.2616,2.1951,2.2031,91119.0,-7.87e-05
2025-02-23 12:00:00+00:00,2.2031,2.2182,2.1689,2.1717,171102.0,-6.944e-05
2025-02-23 16:00:00+00:00,2.1717,2.1927,2.156,2.1676,129822.0,-3.534e-05
2025-02-23 20:00:00+00:00,2.1676,2.2174,2.1442,2.2117,154689.0,-4.928e-05
2025-02-24 00:00:00+00:00,2.2117,2.2233,2.1397,2.1397,186248.0,1.51e-06
2025-02-24 04:00:00+00:00,2.1397,2.1397,2.0527,2.0725,480201.0,9e-07
2025-02-24 08:00:00+00:00,2.0725,2.0765,2.0061,2.0456,448715.0,-2.894e-05
2025-02-24 12:00:00+00:00,2.0456,2.0789,2.0104,2.0343,256979.0,5e-05
2025-02-24 16:00:00+00:00,2.0343,2.075,2.0092,2.0233,131524.0,-2.171e-05
2025-02-24 20:00:00+00:00,2.0233,2.0654,1.8851,1.8955,589485.0,5e-05
2025-02-25 00:00:00+00:00,1.8955,1.9101,1.7943,1.8394,551158.0,5e-05
2025-02-25 04:00:00+00:00,1.8394,1.8634,1.7448,1.8055,473902.0,6.15e-06
2025-02-25 08:00:00+00:00,1.8055,1.8537,1.7795,1.8477,419612.0,-0.00011827
2025-02-25 12:00:00+00:00,1.8477,1.881,1.7934,1.8562,428165.0,-7.442e-05
2025-02-25 16:00:00+00:00,1.8562,1.9544,1.8249,1.9504,391895.0,-0.00021649
2025-02-25 20:00:00+00:00,1.9504,1.9984,1.9326,1.9723,213713.0,-0.00028755
2025-02-26 00:00:00+00:00,1.9723,2.0361,1.9532,2.0087,176710.0,-9.841e-05
2025-02-26 04:00:00+00:00,2.0087,2.02,1.9829,1.9918,148239.0,-2.869e-05
2025-02-26 08:00:00+00:00,1.9918,2.0121,1.9629,1.9848,156957.0,5e-05
2025-02-26 12:00:00+00:00,1.9848,2.0348,1.9369,2.0099,338931.0,5e-05
2025-02-26 16:00:00+00:00,2.0099,2.1085,1.9476,1.9627,2661742.0,4.374e-05
2025-02-26 20:00:00+00:00,1.9627,2.0872,1.9285,2.0265,534696.0,-0.00011989
2025-02-27 00:00:00+00:00,2.0265,2.0832,2.0131,2.072,216579.0,5e-05
2025-02-27 04:00:00+00:00,2.072,2.1131,2.0378,2.1061,214350.0,5e-05
2025-02-27 08:00:00+00:00,2.1061,2.1518,2.0819,2.0954,325061.0,5e-05
2025-02-27 12:00:00+00:00,2.0954,2.0979,2.0317,2.0601,450058.0,-3.673e-05
2025-02-27 16:00:00+00:00,2.0601,2.2759,2.0357,2.2007,1080804.0,-8.394e-05
2025-02-27 20:00:00+00:00,2.2007,2.455,2.1531,2.4199,1539138.0,-0.00022313
2025-02-28 00:00:00+00:00,2.4199,2.4309,2.2261,2.2881,1754613.0,-0.00039184
2025-02-28 04:00:00+00:00,2.2881,2.2913,2.1766,2.2343,1321603.0,9.79e-06
2025-02-28 08:00:00+00:00,2.2343,2.3085,2.2038,2.2485,943859.0,5e-05
2025-02-28 12:00:00+00:00,2.2485,2.2503,2.154,2.2382,1208237.0,5e-05
2025-02-28 16:00:00+00:00,2.2382,2.2459,2.15,2.1579,678997.0,5e-05
2025-02-28 20:00:00+00:00,2.1579,2.1649,2.0335,2.1004,833496.0,5e-05
2025-03-01 00:00:00+00:00,2.1004,2.1092,2.0512,2.0843,507142.0,5e-05
2025-03-01 04:00:00+00:00,2.0843,2.1337,2.0808,2.1058,391353.0,5e-05
2025-03-01 08:00:00+00:00,2.1058,2.112,1.9813,1.996,693950.0,4.38e-05
2025-03-01 12:00:00+00:00,1.996,2.0218,1.9777,2.0077,469281.0,5e-05
2025-03-01 16:00:00+00:00,2.0077,2.0325,1.9935,2.0039,292178.0,-5.13e-06
2025-03-01 20:00:00+00:00,2.0039,2.0298,1.9863,2.0182,289519.0,-0.00012308
2025-03-02 00:00:00+00:00,2.0182,2.0457,1.9971,2.0371,371528.0,5e-05
2025-03-02 04:00:00+00:00,2.0371,2.075,2.0225,2.0728,244262.0,-0.00010159
2025-03-02 08:00:00+00:00,2.0728,2.0919,2.0509,2.0859,198731.0,-5.195e-05
2025-03-02 12:00:00+00:00,2.0859,2.1106,2.0224,2.0385,664262.0,2.923e-05
2025-03-02 16:00:00+00:00,2.0385,2.2105,2.0385,2.1982,1089256.0,5e-05
2025-03-02 20:00:00+00:00,2.1982,2.2201,2.1656,2.1712,313357.0,5e-05
2025-03-03 00:00:00+00:00,2.1712,2.176,2.1046,2.1391,306639.0,5e-05
2025-03-03 04:00:00+00:00,2.1391,2.145,2.0288,2.0718,357502.0,5e-05
2025-03-03 08:00:00+00:00,2.0718,2.0722,1.9961,2.0496,271666.0,5e-05
2025-03-03 12:00:00+00:00,2.0496,2.0708,1.9427,1.9485,669217.0,5e-05
2025-03-03 16:00:00+00:00,1.9485,1.9609,1.7664,1.7775,763013.0,5e-05
2025-03-03 20:00:00+00:00,1.7775,1.8227,1.7549,1.8064,352214.0,5e-05
2025-03-04 00:00:00+00:00,1.8064,1.8234,1.7344,1.7656,925860.0,1.645e-05
2025-03-04 04:00:00+00:00,1.7656,1.8219,1.7351,1.7667,719740.0,-7.607e-05
2025-03-04 08:00:00+00:00,1.7667,1.7845,1.7069,1.7313,392564.0,5e-05
2025-03-04 12:00:00+00:00,1.7313,1.7341,1.6349,1.7026,1128677.0,5e-05
2025-03-04 16:00:00+00:00,1.7026,1.7373,1.602,1.7256,690340.0,5e-05
2025-03-04 20:00:00+00:00,1.7256,1.7732,1.7006,1.7321,341999.0,-0.00015426
2025-03-05 00:00:00+00:00,1.7321,1.7834,1.7178,1.7563,272582.0,5e-05
2025-03-05 04:00:00+00:00,1.7563,1.8194,1.7471,1.7992,310105.0,2.3e-05
2025-03-05 08:00:00+00:00,1.7992,1.8055,1.7616,1.7662,340965.0,-3.87e-05
2025-03-05 12:00:00+00:00,1.7662,1.7763,1.7065,1.7341,369707.0,-8.057e-05
2025-03-05 16:00:00+00:00,1.7341,1.7439,1.7011,1.7155,287358.0,5e-05
2025-03-05 20:00:00+00:00,1.7155,1.7375,1.702,1.7326,161092.0,5e-05
2025-03-06 00:00:00+00:00,1.7326,1.7481,1.6975,1.7145,314931.0,5e-05
2025-03-06 04:00:00+00:00,1.7145,1.7588,1.6997,1.7065,440499.0,3.255e-05
2025-03-06 08:00:00+00:00,1.7065,1.7265,1.6791,1.7185,435914.0,5e-05
2025-03-06 12:00:00+00:00,1.7185,1.7202,1.633,1.679,507463.0,-5.091e-05
2025-03-06 16:00:00+00:00,1.679,1.6831,1.5993,1.6049,267991.0,4.464e-05
2025-03-06 20:00:00+00:00,1.6049,1.6117,1.5572,1.5787,265251.0,5e-05
2025-03-07 00:00:00+00:00,1.5787,1.6258,1.5225,1.5496,405153.0,2.475e-05
2025-03-07 04:00:00+00:00,1.5496,1.5788,1.5461,1.5688,177034.0,4.268e-05
2025-03-07 08:00:00+00:00,1.5688,1.604,1.5575,1.5857,192770.0,4.826e-05
2025-03-07 12:00:00+00:00,1.5857,1.634,1.5758,1.6149,399846.0,4.872e-05
2025-03-07 16:00:00+00:00,1.6149,1.6194,1.5689,1.5839,221335.0,5e-05
2025-03-07 20:00:00+00:00,1.5839,1.6188,1.5443,1.5609,336128.0,5e-05
2025-03-08 00:00:00+00:00,1.5609,1.5907,1.5121,1.5316,378336.0,3.732e-05
2025-03-08 04:00:00+00:00,1.5316,1.5621,1.5284,1.5572,96761.0,5e-05
2025-03-08 08:00:00+00:00,1.5572,1.5608,1.514,1.5246,89249.0,5e-05
2025-03-08 12:00:00+00:00,1.5246,1.543,1.5108,1.5362,136108.0,5e-05
2025-03-08 16:00:00+00:00,1.5362,1.5522,1.5054,1.5451,122867.0,4.058e-05
2025-03-08 20:00:00+00:00,1.5451,1.5452,1.4994,1.5112,124516.0,-8.721e-05
2025-03-09 00:00:00+00:00,1.5112,1.5366,1.5051,1.5122,77554.0,-3.105e-05
2025-03-09 04:00:00+00:00,1.5122,1.5158,1.4707,1.4714,199746.0,5e-05
2025-03-09 08:00:00+00:00,1.4714,1.4883,1.4156,1.4232,421907.0,-0.00012432
2025-03-09 12:00:00+00:00,1.4232,1.4347,1.333,1.3725,595242.0,5e-05
2025-03-09 16:00:00+00:00,1.3725,1.3819,1.2939,1.3161,534691.0,5e-05
2025-03-09 20:00:00+00:00,1.3161,1.3346,1.2375,1.2497,594757.0,5e-05
2025-03-10 00:00:00+00:00,1.2497,1.3047,1.2487,1.2712,628897.0,5e-05
2025-03-10 04:00:00+00:00,1.2712,1.3267,1.2694,1.3196,285877.0,5e-05
2025-03-10 08:00:00+00:00,1.3196,1.3615,1.269,1.3171,693060.0,5e-05
2025-03-10 12:00:00+00:00,1.3171,1.3321,1.2212,1.2463,561427.0,5e-05
2025-03-10 16:00:00+00:00,1.2463,1.2513,1.1045,1.1735,988861.0,5e-05
2025-03-10 20:00:00+00:00,1.1735,1.1896,1.1508,1.1643,617506.0,5e-05
2025-03-11 00:00:00+00:00,1.1643,1.1879,1.0876,1.162,930018.0,5e-05
2025-03-11 04:00:00+00:00,1.162,1.2086,1.1583,1.1938,288359.0,8.97e-06
2025-03-11 08:00:00+00:00,1.1938,1.2114,1.185,1.2026,310170.0,5e-05
2025-03-11 12:00:00+00:00,1.2026,1.2199,1.1331,1.1917,1093464.0,5e-05
2025-03-11 16:00:00+00:00,1.1917,1.2445,1.1744,1.2391,459010.0,2.41e-06
2025-03-11 20:00:00+00:00,1.2391,1.241,1.1912,1.1963,380810.0,5e-05
2025-03-12 00:00:00+00:00,1.1963,1.2476,1.1949,1.1989,253634.0,-8.297e-05
2025-03-12 04:00:00+00:00,1.1989,1.2581,1.1956,1.2474,359493.0,-2.351e-05
2025-03-12 08:00:00+00:00,1.2474,1.2916,1.2352,1.2817,549716.0,-0.00011733
2025-03-12 12:00:00+00:00,1.2817,1.3665,1.2513,1.2817,1484064.0,-3.468e-05
2025-03-12 16:00:00+00:00,1.2817,1.3258,1.2768,1.3066,404612.0,-5.27e-06
2025-03-12 20:00:00+00:00,1.3066,1.326,1.3,1.3171,306330.0,1.703e-05
2025-03-13 00:00:00+00:00,1.3171,1.3204,1.2841,1.289,224171.0,5e-05
2025-03-13 04:00:00+00:00,1.289,1.2942,1.2609,1.274,202173.0,5e-05
2025-03-13 08:00:00+00:00,1.274,1.2977,1.2519,1.2811,327945.0,9.82e-06
2025-03-13 12:00:00+00:00,1.2811,1.3123,1.2535,1.2636,349180.0,5e-05
2025-03-13 16:00:00+00:00,1.2636,1.2679,1.2258,1.2448,154010.0,5e-05
2025-03-13 20:00:00+00:00,1.2448,1.2765,1.2333,1.2709,247909.0,-9.181e-05
2025-03-14 00:00:00+00:00,1.2709,1.2908,1.2588,1.2891,107048.0,5e-05
2025-03-14 04:00:00+00:00,1.2891,1.305,1.2719,1.2837,207653.0,5e-05
2025-03-14 08:00:00+00:00,1.2837,1.3002,1.2777,1.2917,100327.0,5e-05
2025-03-14 12:00:00+00:00,1.2917,1.321,1.2793,1.3015,409800.0,5e-05
2025-03-14 16:00:00+00:00,1.3015,1.3075,1.2759,1.2836,149675.0,5e-05
2025-03-14 20:00:00+00:00,1.2836,1.291,1.2715,1.2763,101633.0,-3.207e-05
2025-03-15 00:00:00+00:00,1.2763,1.3103,1.2716,1.3102,92678.0,-7.302e-05
2025-03-15 04:00:00+00:00,1.3102,1.3175,1.294,1.2962,141313.0,-0.00010362
2025-03-15 08:00:00+00:00,1.2962,1.3235,1.2883,1.3217,134155.0,-2.815e-05
2025-03-15 12:00:00+00:00,1.3217,1.3279,1.3014,1.3185,148780.0,-2.343e-05
2025-03-15 16:00:00+00:00,1.3185,1.3363,1.3092,1.3156,123011.0,5e-05
2025-03-15 20:00:00+00:00,1.3156,1.335,1.314,1.319,131939.0,5e-05
2025-03-16 00:00:00+00:00,1.319,1.3215,1.2989,1.314,138035.0,2.234e-05
2025-03-16 04:00:00+00:00,1.314,1.3216,1.3074,1.3171,75426.0,5e-05
2025-03-16 08:00:00+00:00,1.3171,1.3205,1.2514,1.2514,383199.0,5e-05
2025-03-16 12:00:00+00:00,1.2514,1.2862,1.2446,1.273,203544.0,5e-05
2025-03-16 16:00:00+00:00,1.273,1.3067,1.2545,1.2573,154747.0,-1.508e-05
2025-03-16 20:00:00+00:00,1.2573,1.268,1.2316,1.2447,90685.0,7.39e-06
2025-03-17 00:00:00+00:00,1.2447,1.2688,1.2429,1.2684,134833.0,5e-05
2025-03-17 04:00:00+00:00,1.2684,1.302,1.2671,1.3008,144251.0,5e-05
2025-03-17 08:00:00+00:00,1.3008,1.3278,1.2893,1.3172,149645.0,5e-05
2025-03-17 12:00:00+00:00,1.3172,1.339,1.2925,1.3064,610029.0,5e-05
2025-03-17 16:00:00+00:00,1.3064,1.3264,1.2945,1.3153,181046.0,4.108e-05
2025-03-17 20:00:00+00:00,1.3153,1.3194,1.2947,1.2976,82466.0,-5.849e-05
2025-03-18 00:00:00+00:00,1.2976,1.2994,1.2906,1.2927,148569.0,4.651e-05
2025-03-18 04:00:00+00:00,1.2927,1.3004,1.2666,1.291,234581.0,-7.424e-05
2025-03-18 08:00:00+00:00,1.291,1.3039,1.2881,1.2959,162750.0,-0.00035004
2025-03-18 12:00:00+00:00,1.2959,1.3224,1.2884,1.2905,399287.0,-0.00022756
2025-03-18 16:00:00+00:00,1.2905,1.2905,1.2481,1.2673,231274.0,-0.00012108
2025-03-18 20:00:00+00:00,1.2673,1.3045,1.2606,1.3011,136328.0,-0.00012601
2025-03-19 00:00:00+00:00,1.3011,1.3062,1.2958,1.3047,128006.0,-6.614e-05
2025-03-19 04:00:00+00:00,1.3047,1.3091,1.2977,1.2997,150334.0,-9.002e-05
2025-03-19 08:00:00+00:00,1.2997,1.3534,1.299,1.343,425207.0,4.63e-06
2025-03-19 12:00:00+00:00,1.343,1.3461,1.3089,1.3385,458774.0,5e-05
2025-03-19 16:00:00+00:00,1.3385,1.3543,1.3007,1.3437,551159.0,4.237e-05
2025-03-19 20:00:00+00:00,1.3437,1.3948,1.3437,1.3868,194534.0,-3.186e-05
2025-03-20 00:00:00+00:00,1.3868,1.4081,1.3579,1.3688,274993.0,-6.87e-06
2025-03-20 04:00:00+00:00,1.3688,1.3973,1.3618,1.3895,275714.0,2.114e-05
2025-03-20 08:00:00+00:00,1.3895,1.3993,1.3377,1.3471,749100.0,-0.00012165
2025-03-20 12:00:00+00:00,1.3471,1.3517,1.3171,1.3281,338694.0,-6.687e-05
2025-03-20 16:00:00+00:00,1.3281,1.3364,1.3049,1.3316,199574.0,3.883e-05
2025-03-20 20:00:00+00:00,1.3316,1.3488,1.3306,1.3433,124830.0,-0.00012191
2025-03-21 00:00:00+00:00,1.3433,1.3604,1.3376,1.3425,160060.0,-4.226e-05
2025-03-21 04:00:00+00:00,1.3425,1.3503,1.3242,1.3278,157306.0,-9.619e-05
2025-03-21 08:00:00+00:00,1.3278,1.3373,1.2931,1.3104,238440.0,-7.121e-05
2025-03-21 12:00:00+00:00,1.3104,1.3451,1.3088,1.3354,181882.0,5e-05
2025-03-21 16:00:00+00:00,1.3354,1.3396,1.3244,1.3314,142003.0,6.56e-06
2025-03-21 20:00:00+00:00,1.3314,1.3441,1.3261,1.3271,157071.0,4.761e-05
2025-03-22 00:00:00+00:00,1.3271,1.3488,1.3204,1.3449,201404.0,-0.00018589
2025-03-22 04:00:00+00:00,1.3449,1.3694,1.3426,1.3544,361851.0,5e-05
2025-03-22 08:00:00+00:00,1.3544,1.3648,1.334,1.3468,341698.0,5e-05
2025-03-22 12:00:00+00:00,1.3468,1.3579,1.3404,1.3577,120073.0,-0.00025778
2025-03-22 16:00:00+00:00,1.3577,1.3734,1.3561,1.3679,131616.0,-0.00012426
2025-03-22 20:00:00+00:00,1.3679,1.3754,1.3443,1.3503,112060.0,5e-05
2025-03-23 00:00:00+00:00,1.3503,1.3771,1.3487,1.3716,140668.0,5e-05
2025-03-23 04:00:00+00:00,1.3716,1.3744,1.353,1.3679,67530.0,5e-05
2025-03-23 08:00:00+00:00,1.3679,1.3911,1.3679,1.3731,176047.0,5e-05
2025-03-23 12:00:00+00:00,1.3731,1.3797,1.3482,1.3508,142411.0,5e-05
2025-03-23 16:00:00+00:00,1.3508,1.3539,1.3249,1.3322,124284.0,5e-05
2025-03-23 20:00:00+00:00,1.3322,1.3507,1.3311,1.3504,105031.0,-0.00015759
2025-03-24 00:00:00+00:00,1.3504,1.3618,1.3111,1.3614,285938.0,4.006e-05
2025-03-24 04:00:00+00:00,1.3614,1.3954,1.3584,1.392,246251.0,-1.672e-05
2025-03-24 08:00:00+00:00,1.392,1.4427,1.3912,1.4106,482317.0,5e-05
2025-03-24 12:00:00+00:00,1.4106,1.4383,1.4016,1.4201,238205.0,5e-05
2025-03-24 16:00:00+00:00,1.4201,1.4539,1.3972,1.4054,476671.0,5e-05
2025-03-24 20:00:00+00:00,1.4054,1.4142,1.3985,1.4129,73163.0,-3.911e-05
2025-03-25 00:00:00+00:00,1.4129,1.4297,1.3719,1.3734,284047.0,4.422e-05
2025-03-25 04:00:00+00:00,1.3734,1.3965,1.3681,1.3738,225154.0,-2.795e-05
2025-03-25 08:00:00+00:00,1.3738,1.4142,1.3738,1.4089,177524.0,4.784e-05
2025-03-25 12:00:00+00:00,1.4089,1.4622,1.4073,1.4391,248234.0,5e-05
2025-03-25 16:00:00+00:00,1.4391,1.4557,1.4237,1.453,127642.0,-2.144e-05
2025-03-25 20:00:00+00:00,1.453,1.4633,1.4408,1.4524,140522.0,-0.00017633
2025-03-26 00:00:00+00:00,1.4524,1.4569,1.4074,1.422,266154.0,6.68e-06
2025-03-26 04:00:00+00:00,1.422,1.4705,1.4189,1.4695,125691.0,5e-05
2025-03-26 08:00:00+00:00,1.4695,1.5157,1.4639,1.485,392592.0,5e-05
2025-03-26 12:00:00+00:00,1.485,1.4962,1.4291,1.4457,581147.0,3.552e-05
2025-03-26 16:00:00+00:00,1.4457,1.4593,1.4182,1.4411,330390.0,-1.36e-06
2025-03-26 20:00:00+00:00,1.4411,1.4872,1.438,1.4739,334769.0,-0.00017032
2025-03-27 00:00:00+00:00,1.4739,1.5334,1.4491,1.5276,521594.0,1.481e-05
2025-03-27 04:00:00+00:00,1.5276,1.5452,1.5215,1.5353,252884.0,5e-05
2025-03-27 08:00:00+00:00,1.5353,1.5391,1.4837,1.4884,279219.0,-4.307e-05
2025-03-27 12:00:00+00:00,1.4884,1.6315,1.4846,1.5489,718565.0,5e-05
2025-03-27 16:00:00+00:00,1.5489,1.6035,1.5454,1.5713,1072673.0,5e-05
2025-03-27 20:00:00+00:00,1.5713,1.5944,1.5572,1.566,247120.0,5e-05
2025-03-28 00:00:00+00:00,1.566,1.5664,1.5152,1.5258,407066.0,5e-05
2025-03-28 04:00:00+00:00,1.5258,1.5328,1.4158,1.4223,888864.0,-3.073e-05
2025-03-28 08:00:00+00:00,1.4223,1.4359,1.4,1.4125,420160.0,-0.00024568
2025-03-28 12:00:00+00:00,1.4125,1.4125,1.3815,1.3923,356391.0,-9.646e-05
2025-03-28 16:00:00+00:00,1.3923,1.4012,1.3708,1.3728,143022.0,1.083e-05
2025-03-28 20:00:00+00:00,1.3728,1.4073,1.3658,1.4015,137201.0,-6.54e-06
2025-03-29 00:00:00+00:00,1.4015,1.4214,1.3656,1.3909,202416.0,-6.33e-05
2025-03-29 04:00:00+00:00,1.3909,1.3949,1.338,1.3499,228220.0,-8.954e-05
2025-03-29 08:00:00+00:00,1.3499,1.3636,1.3061,1.3181,319533.0,-1.851e-05
2025-03-29 12:00:00+00:00,1.3181,1.3407,1.2985,1.307,321412.0,-7.25e-05
2025-03-29 16:00:00+00:00,1.307,1.3137,1.2661,1.302,226868.0,-8.821e-05
2025-03-29 20:00:00+00:00,1.302,1.3022,1.2723,1.2801,89009.0,-0.00024963
2025-03-30 00:00:00+00:00,1.2801,1.3045,1.2677,1.2924,155225.0,-0.00010753
2025-03-30 04:00:00+00:00,1.2924,1.3019,1.272,1.2784,133896.0,7.65e-06
2025-03-30 08:00:00+00:00,1.2784,1.2885,1.2473,1.2593,192821.0,-6.623e-05
2025-03-30 12:00:00+00:00,1.2593,1.2649,1.2254,1.2362,270717.0,-0.00017833
2025-03-30 16:00:00+00:00,1.2362,1.2629,1.2218,1.2471,244483.0,2.262e-05
2025-03-30 20:00:00+00:00,1.2471,1.2506,1.2121,1.2282,277000.0,5e-05
2025-03-31 00:00:00+00:00,1.2282,1.2342,1.1998,1.2177,224004.0,5e-05
2025-03-31 04:00:00+00:00,1.2177,1.2301,1.1875,1.1978,213421.0,2.602e-05
2025-03-31 08:00:00+00:00,1.1978,1.2078,1.1643,1.1892,266985.0,-0.00017138
2025-03-31 12:00:00+00:00,1.1892,1.2296,1.1798,1.218,404130.0,-3.334e-05
2025-03-31 16:00:00+00:00,1.218,1.2329,1.1951,1.2151,235774.0,-0.00048657
2025-03-31 20:00:00+00:00,1.2151,1.2223,1.1948,1.2166,134401.0,-0.00026207
2025-04-01 00:00:00+00:00,1.2166,1.2387,1.2089,1.2294,245191.0,5e-05
2025-04-01 04:00:00+00:00,1.2294,1.2434,1.2231,1.2291,154522.0,5e-05
2025-04-01 08:00:00+00:00,1.2291,1.2734,1.2291,1.2391,348879.0,-4.831e-05
2025-04-01 12:00:00+00:00,1.2391,1.3176,1.225,1.3056,431805.0,5e-05
2025-04-01 16:00:00+00:00,1.3056,1.325,1.2541,1.2564,583045.0,5e-05
2025-04-01 20:00:00+00:00,1.2564,1.2607,1.2303,1.251,367369.0,5e-05
2025-04-02 00:00:00+00:00,1.251,1.2529,1.1887,1.2024,296731.0,5e-05
2025-04-02 04:00:00+00:00,1.2024,1.2044,1.1378,1.1516,288207.0,5e-05
2025-04-02 08:00:00+00:00,1.1516,1.1993,1.1473,1.1743,312460.0,5e-05
2025-04-02 12:00:00+00:00,1.1743,1.2329,1.158,1.2164,1690140.0,5e-05
2025-04-02 16:00:00+00:00,1.2164,1.2302,1.1876,1.2164,334190.0,5e-05
2025-04-02 20:00:00+00:00,1.2164,1.2476,1.0899,1.1089,1093064.0,5e-05
2025-04-03 00:00:00+00:00,1.1089,1.1554,1.1067,1.1447,216719.0,5e-05
2025-04-03 04:00:00+00:00,1.1447,1.1887,1.1298,1.1416,867656.0,-2.438e-05
2025-04-03 08:00:00+00:00,1.1416,1.1631,1.0961,1.0961,312913.0,5e-05
2025-04-03 12:00:00+00:00,1.0961,1.1092,1.0582,1.0978,636219.0,5e-05
2025-04-03 16:00:00+00:00,1.0978,1.1148,1.084,1.1055,141752.0,5e-05
2025-04-03 20:00:00+00:00,1.1055,1.1342,1.0994,1.1265,179367.0,5e-05
2025-04-04 00:00:00+00:00,1.1265,1.1379,1.1125,1.1273,202740.0,-9.54e-05
2025-04-04 04:00:00+00:00,1.1273,1.1447,1.116,1.1435,149475.0,5e-05
2025-04-04 08:00:00+00:00,1.1435,1.1508,1.0761,1.0976,437302.0,5e-05
2025-04-04 12:00:00+00:00,1.0976,1.1499,1.0907,1.1358,364680.0,-7.768e-05
2025-04-04 16:00:00+00:00,1.1358,1.1561,1.1242,1.1561,236094.0,5e-05
2025-04-04 20:00:00+00:00,1.1561,1.1606,1.1406,1.1487,97491.0,5e-05
2025-04-05 00:00:00+00:00,1.1487,1.155,1.1331,1.1422,134718.0,5e-05
2025-04-05 04:00:00+00:00,1.1422,1.1492,1.1368,1.1472,71870.0,5e-05
2025-04-05 08:00:00+00:00,1.1472,1.1551,1.1346,1.1351,94263.0,5e-05
2025-04-05 12:00:00+00:00,1.1351,1.1417,1.1131,1.1197,115100.0,5e-05
2025-04-05 16:00:00+00:00,1.1197,1.133,1.1166,1.1215,50105.0,5e-05
2025-04-05 20:00:00+00:00,1.1215,1.1505,1.1205,1.1474,53562.0,5e-05
2025-04-06 00:00:00+00:00,1.1474,1.1482,1.1247,1.1268,91209.0,5e-05
2025-04-06 04:00:00+00:00,1.1268,1.1423,1.1221,1.1225,44659.0,4.17e-06
2025-04-06 08:00:00+00:00,1.1225,1.1308,1.1032,1.1154,104279.0,5e-05
2025-04-06 12:00:00+00:00,1.1154,1.1182,1.051,1.0536,243163.0,5e-05
2025-04-06 16:00:00+00:00,1.0536,1.0549,0.9115,0.9299,1403024.0,5e-05
2025-04-06 20:00:00+00:00,0.9299,0.9372,0.8802,0.9069,805493.0,5e-05
2025-04-07 00:00:00+00:00,0.9069,0.9454,0.8914,0.9035,541592.0,5e-05
2025-04-07 04:00:00+00:00,0.9035,0.9202,0.85,0.8741,684309.0,5e-05
2025-04-07 08:00:00+00:00,0.8741,0.9368,0.8735,0.9139,684897.0,5e-05
2025-04-07 12:00:00+00:00,0.9139,1.0215,0.9081,0.9518,1270402.0,5e-05
2025-04-07 16:00:00+00:00,0.9518,1.003,0.932,0.9743,447875.0,5e-05
2025-04-07 20:00:00+00:00,0.9743,1.0019,0.9743,0.9801,96042.0,5e-05
2025-04-08 00:00:00+00:00,0.9801,1.0074,0.9743,0.9917,332635.0,5e-05
2025-04-08 04:00:00+00:00,0.9917,1.0154,0.9604,0.9688,145070.0,5e-05
2025-04-08 08:00:00+00:00,0.9688,1.0128,0.9517,1.0092,204140.0,5e-05
2025-04-08 12:00:00+00:00,1.0092,1.023,0.9843,0.9925,329393.0,5e-05
2025-04-08 16:00:00+00:00,0.9925,0.9925,0.9454,0.9605,393813.0,5e-05
2025-04-08 20:00:00+00:00,0.9605,0.9721,0.9388,0.95,149476.0,5e-05
2025-04-09 00:00:00+00:00,0.95,0.966,0.913,0.9365,382541.0,-5.638e-05
2025-04-09 04:00:00+00:00,0.9365,0.9735,0.9341,0.9707,179326.0,-5.788e-05
2025-04-09 08:00:00+00:00,0.9707,0.9743,0.9313,0.9405,217514.0,-4.824e-05
2025-04-09 12:00:00+00:00,0.9405,0.9752,0.9296,0.9602,289858.0,-8.334e-05
2025-04-09 16:00:00+00:00,0.9602,1.0756,0.9591,1.0575,661610.0,5.66e-06
2025-04-09 20:00:00+00:00,1.0575,1.0832,1.0575,1.0691,149225.0,-3.026e-05
2025-04-10 00:00:00+00:00,1.0691,1.0699,1.0313,1.0427,126796.0,5e-05
2025-04-10 04:00:00+00:00,1.0427,1.0529,1.0215,1.0293,107804.0,5e-05
2025-04-10 08:00:00+00:00,1.0293,1.0356,1.0118,1.0221,78301.0,5e-05
2025-04-10 12:00:00+00:00,1.0221,1.0528,0.9735,0.9756,431433.0,5e-05
2025-04-10 16:00:00+00:00,0.9756,0.9954,0.9641,0.9865,220788.0,5e-05
2025-04-10 20:00:00+00:00,0.9865,1.0034,0.9865,0.9982,59897.0,5e-05
2025-04-11 00:00:00+00:00,0.9982,1.0131,0.9815,1.0081,358847.0,5e-05
2025-04-11 04:00:00+00:00,1.0081,1.0182,0.995,1.0006,197174.0,5e-05
2025-04-11 08:00:00+00:00,1.0006,1.0128,0.9843,0.9855,556978.0,5e-05
2025-04-11 12:00:00+00:00,0.9855,1.0132,0.9768,0.9921,805391.0,5e-05
2025-04-11 16:00:00+00:00,0.9921,1.0245,0.9826,0.9923,227639.0,5e-05
2025-04-11 20:00:00+00:00,0.9923,1.0191,0.9894,0.9896,99027.0,5e-05
2025-04-12 00:00:00+00:00,0.9896,0.994,0.9627,0.9667,134111.0,-0.00013185
2025-04-12 04:00:00+00:00,0.9667,0.9909,0.9594,0.9885,143044.0,-0.00013181
2025-04-12 08:00:00+00:00,0.9885,1.0231,0.9875,1.0047,320782.0,-4.679e-05
2025-04-12 12:00:00+00:00,1.0047,1.0798,1.004,1.0467,376240.0,-0.00016284
2025-04-12 16:00:00+00:00,1.0467,1.0519,1.024,1.0279,121731.0,4.396e-05
2025-04-12 20:00:00+00:00,1.0279,1.0461,1.0262,1.0356,76415.0,5e-05
2025-04-13 00:00:00+00:00,1.0356,1.0461,1.0139,1.0243,90290.0,4.309e-05
2025-04-13 04:00:00+00:00,1.0243,1.0258,1.0067,1.0099,56600.0,5e-05
2025-04-13 08:00:00+00:00,1.0099,1.027,1.0063,1.0155,36433.0,-1.184e-05
2025-04-13 12:00:00+00:00,1.0155,1.0199,0.9861,0.9977,165164.0,5e-05
2025-04-13 16:00:00+00:00,0.9977,1.0566,0.9711,0.9785,268214.0,5e-05
2025-04-13 20:00:00+00:00,0.9785,1.0018,0.9434,0.9678,269050.0,5e-05
2025-04-14 00:00:00+00:00,0.9678,1.0459,0.9672,1.0036,282813.0,5e-05
2025-04-14 04:00:00+00:00,1.0036,1.0046,0.9676,0.9783,120612.0,5e-05
2025-04-14 08:00:00+00:00,0.9783,1.0354,0.9774,1.0242,137616.0,5e-05
2025-04-14 12:00:00+00:00,1.0242,1.0253,0.9549,0.9559,413962.0,5e-05
2025-04-14 16:00:00+00:00,0.9559,0.996,0.9453,0.9805,383262.0,5e-05
2025-04-14 20:00:00+00:00,0.9805,0.9852,0.963,0.9792,73686.0,5e-05
2025-04-15 00:00:00+00:00,0.9792,0.9859,0.953,0.9745,97395.0,5e-05
2025-04-15 04:00:00+00:00,0.9745,0.9806,0.9637,0.9791,220284.0,5e-05
2025-04-15 08:00:00+00:00,0.9791,0.9849,0.9571,0.9662,119569.0,5e-05
2025-04-15 12:00:00+00:00,0.9662,0.9845,0.9289,0.9373,175218.0,5e-05
2025-04-15 16:00:00+00:00,0.9373,0.9399,0.8692,0.8755,634721.0,5e-05
2025-04-15 20:00:00+00:00,0.8755,0.8856,0.8587,0.876,237692.0,-2.154e-05
2025-04-16 00:00:00+00:00,0.876,0.8783,0.8648,0.8669,133468.0,-0.00041272
2025-04-16 04:00:00+00:00,0.8669,0.8722,0.8434,0.8466,275403.0,-0.0004161
2025-04-16 08:00:00+00:00,0.8466,0.8611,0.834,0.8434,323524.0,3.294e-05
2025-04-16 12:00:00+00:00,0.8434,0.8789,0.8157,0.8585,868461.0,5e-05
2025-04-16 16:00:00+00:00,0.8585,0.8681,0.8252,0.8601,279720.0,-6.21e-06
2025-04-16 20:00:00+00:00,0.8601,0.865,0.8463,0.8521,110079.0,1.436e-05
2025-04-17 00:00:00+00:00,0.8521,0.8619,0.8472,0.855,93801.0,-4.7e-06
2025-04-17 04:00:00+00:00,0.855,0.8826,0.8533,0.8795,107524.0,-0.00029646
2025-04-17 08:00:00+00:00,0.8795,0.8854,0.8598,0.867,185060.0,-0.00027957
2025-04-17 12:00:00+00:00,0.867,0.9073,0.8621,0.8948,987811.0,-0.00014526
2025-04-17 16:00:00+00:00,0.8948,0.9591,0.8859,0.9275,846708.0,-0.00073981
2025-04-17 20:00:00+00:00,0.9275,0.9294,0.9054,0.9138,217776.0,-0.00057832
2025-04-18 00:00:00+00:00,0.9138,0.9283,0.9119,0.9175,106561.0,-0.00037733
2025-04-18 04:00:00+00:00,0.9175,0.9185,0.9005,0.9037,136305.0,-0.00050496
2025-04-18 08:00:00+00:00,0.9037,0.9193,0.9026,0.9111,137540.0,-0.00023347
2025-04-18 12:00:00+00:00,0.9111,0.9281,0.9034,0.9052,183820.0,-0.00050603
2025-04-18 16:00:00+00:00,0.9052,0.9216,0.9026,0.9123,100534.0,-0.00085442
2025-04-18 20:00:00+00:00,0.9123,0.9136,0.8999,0.908,71849.0,-0.00047293
2025-04-19 00:00:00+00:00,0.908,0.9282,0.9054,0.9276,95619.0,-0.00041611
2025-04-19 04:00:00+00:00,0.9276,0.9313,0.9166,0.9219,115602.0,-0.00029335
2025-04-19 08:00:00+00:00,0.9219,0.9228,0.9103,0.9154,39673.0,-0.00043293
2025-04-19 12:00:00+00:00,0.9154,0.9334,0.9151,0.9322,108742.0,-0.00060856
2025-04-19 16:00:00+00:00,0.9322,0.9419,0.9175,0.9286,164901.0,-0.00014289
2025-04-19 20:00:00+00:00,0.9286,0.9409,0.9284,0.9351,52738.0,-0.00024336
2025-04-20 00:00:00+00:00,0.9351,0.9437,0.933,0.9412,51278.0,5e-05
2025-04-20 04:00:00+00:00,0.9412,0.9518,0.9234,0.926,87319.0,5e-05
2025-04-20 08:00:00+00:00,0.926,0.9276,0.8906,0.8988,71278.0,5e-05
2025-04-20 12:00:00+00:00,0.8988,0.9154,0.8979,0.9039,582950.0,5e-05
2025-04-20 16:00:00+00:00,0.9039,0.9246,0.9039,0.9246,58766.0,5e-05
2025-04-20 20:00:00+00:00,0.9246,0.9316,0.9095,0.9187,61874.0,5e-05
2025-04-21 00:00:00+00:00,0.9187,0.9434,0.9187,0.9249,86519.0,5e-05
2025-04-21 04:00:00+00:00,0.9249,0.9456,0.9234,0.9421,130271.0,1.683e-05
2025-04-21 08:00:00+00:00,0.9421,0.9502,0.9235,0.9308,100390.0,5e-05
2025-04-21 12:00:00+00:00,0.9308,0.944,0.9276,0.9403,187809.0,-0.00045326
2025-04-21 16:00:00+00:00,0.9403,0.9439,0.9039,0.9188,149707.0,-0.00032166
2025-04-21 20:00:00+00:00,0.9188,0.9248,0.9103,0.9163,71657.0,-0.00026823
2025-04-22 00:00:00+00:00,0.9163,0.9379,0.9018,0.9272,88675.0,-1.688e-05
2025-04-22 04:00:00+00:00,0.9272,0.9304,0.8908,0.9272,122018.0,-0.00022178
2025-04-22 08:00:00+00:00,0.9272,0.9407,0.9201,0.9379,159342.0,-5.971e-05
2025-04-22 12:00:00+00:00,0.9379,0.9675,0.93,0.9505,376352.0,5e-05
2025-04-22 16:00:00+00:00,0.9505,0.9782,0.9451,0.9744,214306.0,1.264e-05
2025-04-22 20:00:00+00:00,0.9744,1.0084,0.9695,1.0069,252413.0,3.149e-05
2025-04-23 00:00:00+00:00,1.0069,1.0431,1.0068,1.0429,254423.0,5e-05
2025-04-23 04:00:00+00:00,1.0429,1.07,1.0315,1.0412,201024.0,5e-05
2025-04-23 08:00:00+00:00,1.0412,1.0485,1.0141,1.0183,205548.0,5e-05
2025-04-23 12:00:00+00:00,1.0183,1.0502,0.98,0.9965,346337.0,-0.00021164
2025-04-23 16:00:00+00:00,0.9965,1.04,0.9862,1.0308,177657.0,-4.644e-05
2025-04-23 20:00:00+00:00,1.0308,1.1879,1.0293,1.1768,1498569.0,5e-05
2025-04-24 00:00:00+00:00,1.1768,1.1811,1.0573,1.063,960047.0,5e-05
2025-04-24 04:00:00+00:00,1.063,1.1136,1.063,1.0918,259230.0,5e-05
2025-04-24 08:00:00+00:00,1.0918,1.1049,1.0625,1.0991,471370.0,5e-05
2025-04-24 12:00:00+00:00,1.0991,1.1741,1.0903,1.1729,419452.0,5e-05
2025-04-24 16:00:00+00:00,1.1729,1.2453,1.0922,1.1107,1741036.0,5e-05
2025-04-24 20:00:00+00:00,1.1107,1.1595,1.1094,1.1529,227385.0,3.932e-05
2025-04-25 00:00:00+00:00,1.1529,1.1712,1.1,1.1219,222880.0,5e-05
2025-04-25 04:00:00+00:00,1.1219,1.1703,1.1166,1.1684,373418.0,-9.51e-06
2025-04-25 08:00:00+00:00,1.1684,1.2159,1.1479,1.2117,816235.0,5e-05
2025-04-25 12:00:00+00:00,1.2117,1.245,1.1809,1.2005,1167580.0,5e-05
2025-04-25 16:00:00+00:00,1.2005,1.2065,1.159,1.1781,689237.0,5e-05
2025-04-25 20:00:00+00:00,1.1781,1.1952,1.1672,1.1873,190243.0,5e-05
2025-04-26 00:00:00+00:00,1.1873,1.2572,1.1871,1.2454,276937.0,5e-05
2025-04-26 04:00:00+00:00,1.2454,1.3182,1.2211,1.2902,504273.0,5e-05
2025-04-26 08:00:00+00:00,1.2902,1.3079,1.2268,1.2318,568856.0,5e-05
2025-04-26 12:00:00+00:00,1.2318,1.2994,1.2165,1.2807,433337.0,5e-05
2025-04-26 16:00:00+00:00,1.2807,1.2881,1.2502,1.265,101829.0,5e-05
2025-04-26 20:00:00+00:00,1.265,1.2905,1.2538,1.2845,63201.0,5e-05
2025-04-27 00:00:00+00:00,1.2845,1.3029,1.2215,1.2702,204754.0,5e-05
2025-04-27 04:00:00+00:00,1.2702,1.2708,1.2223,1.2463,87412.0,5e-05
2025-04-27 08:00:00+00:00,1.2463,1.277,1.2316,1.2379,118947.0,5e-05
2025-04-27 12:00:00+00:00,1.2379,1.2433,1.1956,1.2133,237634.0,5e-05
2025-04-27 16:00:00+00:00,1.2133,1.2371,1.1973,1.2261,164682.0,5e-05
2025-04-27 20:00:00+00:00,1.2261,1.2281,1.2013,1.2081,43301.0,5e-05
2025-04-28 00:00:00+00:00,1.2081,1.2563,1.1739,1.2364,148150.0,5e-05
2025-04-28 04:00:00+00:00,1.2364,1.2738,1.2305,1.2541,122421.0,5e-05
2025-04-28 08:00:00+00:00,1.2541,1.2769,1.2364,1.2506,150857.0,5e-05
2025-04-28 12:00:00+00:00,1.2506,1.2574,1.1632,1.1748,352344.0,5e-05
2025-04-28 16:00:00+00:00,1.1748,1.2157,1.1612,1.2046,93793.0,5e-05
2025-04-28 20:00:00+00:00,1.2046,1.2063,1.1786,1.1886,80832.0,5e-05
2025-04-29 00:00:00+00:00,1.1886,1.2023,1.1789,1.1926,50490.0,5e-05
2025-04-29 04:00:00+00:00,1.1926,1.2195,1.169,1.219,94481.0,5e-05
2025-04-29 08:00:00+00:00,1.219,1.231,1.1961,1.2005,88493.0,5e-05
2025-04-29 12:00:00+00:00,1.2005,1.2412,1.1945,1.2208,134824.0,5e-05
2025-04-29 16:00:00+00:00,1.2208,1.2715,1.2208,1.2412,149428.0,5e-05
2025-04-29 20:00:00+00:00,1.2412,1.2466,1.1841,1.1962,119597.0,5e-05
2025-04-30 00:00:00+00:00,1.1962,1.2107,1.1844,1.2048,81791.0,5e-05
2025-04-30 04:00:00+00:00,1.2048,1.2135,1.1765,1.1857,92196.0,5e-05
2025-04-30 08:00:00+00:00,1.1857,1.2107,1.1857,1.2042,88376.0,5e-05
2025-04-30 12:00:00+00:00,1.2042,1.2505,1.1402,1.1871,667563.0,5e-05
2025-04-30 16:00:00+00:00,1.1871,1.2045,1.171,1.1868,144746.0,5e-05
2025-04-30 20:00:00+00:00,1.1868,1.2035,1.1834,1.1986,35667.0,5e-05
2025-05-01 00:00:00+00:00,1.1986,1.2426,1.1986,1.2219,133801.0,5e-05
2025-05-01 04:00:00+00:00,1.2219,1.2299,1.2134,1.2268,60294.0,5e-05
2025-05-01 08:00:00+00:00,1.2268,1.3354,1.2268,1.33,608862.0,5e-05
2025-05-01 12:00:00+00:00,1.33,1.4316,1.3107,1.3787,1686551.0,5e-05
2025-05-01 16:00:00+00:00,1.3787,1.3972,1.3492,1.3767,400938.0,5e-05
2025-05-01 20:00:00+00:00,1.3767,1.453,1.3745,1.4404,727862.0,4.483e-05
2025-05-02 00:00:00+00:00,1.4404,1.4661,1.4121,1.4426,711519.0,-0.00013417
2025-05-02 04:00:00+00:00,1.4426,1.45,1.3781,1.3954,536144.0,-0.00012142
2025-05-02 08:00:00+00:00,1.3954,1.4224,1.3906,1.402,365602.0,5e-05
2025-05-02 12:00:00+00:00,1.402,1.4668,1.3998,1.4418,566802.0,3.877e-05
2025-05-02 16:00:00+00:00,1.4418,1.4631,1.4054,1.4126,225045.0,5e-05
2025-05-02 20:00:00+00:00,1.4126,1.4365,1.4024,1.4248,200148.0,-5.187e-05
2025-05-03 00:00:00+00:00,1.4248,1.4259,1.3604,1.3651,430922.0,5e-05
2025-05-03 04:00:00+00:00,1.3651,1.3734,1.348,1.3569,147134.0,5e-05
2025-05-03 08:00:00+00:00,1.3569,1.3668,1.3364,1.3502,110667.0,-4.2e-07
2025-05-03 12:00:00+00:00,1.3502,1.3728,1.3438,1.3467,109417.0,5e-05
2025-05-03 16:00:00+00:00,1.3467,1.3618,1.3146,1.3505,334502.0,5e-05
2025-05-03 20:00:00+00:00,1.3505,1.3762,1.3324,1.3534,145876.0,5e-05
2025-05-04 00:00:00+00:00,1.3534,1.3648,1.3125,1.3235,164050.0,1.045e-05
2025-05-04 04:00:00+00:00,1.3235,1.3442,1.3173,1.3285,100929.0,5e-05
2025-05-04 08:00:00+00:00,1.3285,1.3412,1.299,1.335,167600.0,-9.771e-05
2025-05-04 12:00:00+00:00,1.335,1.3807,1.3236,1.3723,217424.0,5e-05
2025-05-04 16:00:00+00:00,1.3723,1.3816,1.3509,1.3585,172579.0,5e-05
2025-05-04 20:00:00+00:00,1.3585,1.3828,1.3396,1.3463,70683.0,5e-05
2025-05-05 00:00:00+00:00,1.3463,1.3801,1.3205,1.3584,173583.0,5e-05
2025-05-05 04:00:00+00:00,1.3584,1.3828,1.3556,1.3788,57068.0,5e-05
2025-05-05 08:00:00+00:00,1.3788,1.3857,1.321,1.3274,116146.0,5e-05
2025-05-05 12:00:00+00:00,1.3274,1.3491,1.3098,1.3134,98993.0,5e-05
2025-05-05 16:00:00+00:00,1.3134,1.397,1.3131,1.3745,117585.0,5e-05
2025-05-05 20:00:00+00:00,1.3745,1.3982,1.3622,1.382,200091.0,5e-05
2025-05-06 00:00:00+00:00,1.382,1.3876,1.3385,1.372,68702.0,5e-05
2025-05-06 04:00:00+00:00,1.372,1.3916,1.3547,1.3617,154386.0,5e-05
2025-05-06 08:00:00+00:00,1.3617,1.3617,1.2973,1.3086,149840.0,5e-05
2025-05-06 12:00:00+00:00,1.3086,1.3153,1.2749,1.3059,199959.0,5e-05
2025-05-06 16:00:00+00:00,1.3059,1.3429,1.2912,1.3247,220100.0,5e-05
2025-05-06 20:00:00+00:00,1.3247,1.3538,1.2724,1.3435,234979.0,5e-05
2025-05-07 00:00:00+00:00,1.3435,1.3688,1.3255,1.3472,81874.0,5e-05
2025-05-07 04:00:00+00:00,1.3472,1.3505,1.3288,1.3499,30650.0,5e-05
2025-05-07 08:00:00+00:00,1.3499,1.3582,1.3097,1.3198,65010.0,5e-05
2025-05-07 12:00:00+00:00,1.3198,1.3226,1.2751,1.2758,73651.0,5e-05
2025-05-07 16:00:00+00:00,1.2758,1.276,1.224,1.2422,338266.0,5e-05
2025-05-07 20:00:00+00:00,1.2422,1.289,1.2345,1.2627,92972.0,5e-05
2025-05-08 00:00:00+00:00,1.2627,1.3791,1.2626,1.3745,210932.0,5e-05
2025-05-08 04:00:00+00:00,1.3745,1.4052,1.3608,1.382,170681.0,5e-05
2025-05-08 08:00:00+00:00,1.382,1.4456,1.3817,1.4418,164681.0,5e-05
2025-05-08 12:00:00+00:00,1.4418,1.501,1.416,1.4761,334824.0,5e-05
2025-05-08 16:00:00+00:00,1.4761,1.4942,1.4425,1.4831,166569.0,5e-05
2025-05-08 20:00:00+00:00,1.4831,1.5464,1.4807,1.4993,261928.0,5e-05
2025-05-09 00:00:00+00:00,1.4993,1.5032,1.4563,1.457,113430.0,5e-05
2025-05-09 04:00:00+00:00,1.457,1.5983,1.457,1.5766,209292.0,5e-05
2025-05-09 08:00:00+00:00,1.5766,1.6243,1.5175,1.5421,421824.0,5e-05
2025-05-09 12:00:00+00:00,1.5421,1.569,1.4833,1.4943,322723.0,5e-05
2025-05-09 16:00:00+00:00,1.4943,1.5238,1.4664,1.4889,140691.0,5e-05
2025-05-09 20:00:00+00:00,1.4889,1.5095,1.4815,1.4986,83331.0,5e-05
2025-05-10 00:00:00+00:00,1.4986,1.5625,1.4963,1.5104,161257.0,5e-05
2025-05-10 04:00:00+00:00,1.5104,1.5622,1.4933,1.5548,84073.0,5e-05
2025-05-10 08:00:00+00:00,1.5548,1.5907,1.5249,1.5293,127817.0,5e-05
2025-05-10 12:00:00+00:00,1.5293,1.5956,1.5285,1.573,139922.0,5e-05
2025-05-10 16:00:00+00:00,1.573,1.6418,1.5619,1.6361,208997.0,5e-05
2025-05-10 20:00:00+00:00,1.6361,1.705,1.6083,1.691,284181.0,5e-05
2025-05-11 00:00:00+00:00,1.691,1.7046,1.6131,1.6354,192093.0,5e-05
2025-05-11 04:00:00+00:00,1.6354,1.6519,1.5654,1.5721,144078.0,5e-05
2025-05-11 08:00:00+00:00,1.5721,1.6313,1.5658,1.6235,100791.0,5e-05
2025-05-11 12:00:00+00:00,1.6235,1.6334,1.5558,1.5776,111844.0,5e-05
2025-05-11 16:00:00+00:00,1.5776,1.6149,1.543,1.6031,134006.0,5e-05
2025-05-11 20:00:00+00:00,1.6031,1.6227,1.584,1.5999,72661.0,5e-05
2025-05-12 00:00:00+00:00,1.5999,1.6352,1.5855,1.6206,165634.0,5e-05
2025-05-12 04:00:00+00:00,1.6206,1.7137,1.5923,1.6622,200579.0,5e-05
2025-05-12 08:00:00+00:00,1.6622,1.6871,1.6141,1.6192,168386.0,5e-05
2025-05-12 12:00:00+00:00,1.6192,1.6618,1.5558,1.5614,273996.0,5e-05
2025-05-12 16:00:00+00:00,1.5614,1.6169,1.504,1.5434,289834.0,5e-05
2025-05-12 20:00:00+00:00,1.5434,1.6251,1.5393,1.6145,96585.0,5e-05
2025-05-13 00:00:00+00:00,1.6145,1.615,1.5191,1.5234,166418.0,5e-05
2025-05-13 04:00:00+00:00,1.5234,1.5606,1.5184,1.5499,42610.0,5e-05
2025-05-13 08:00:00+00:00,1.5499,1.6259,1.5472,1.6095,94965.0,5e-05
2025-05-13 12:00:00+00:00,1.6095,1.6241,1.5721,1.6194,178937.0,5e-05
2025-05-13 16:00:00+00:00,1.6194,1.7416,1.6146,1.7174,331604.0,5e-05
2025-05-13 20:00:00+00:00,1.7174,1.7499,1.6953,1.7421,142167.0,5e-05
2025-05-14 00:00:00+00:00,1.7421,1.7666,1.6882,1.7184,203021.0,5e-05
2025-05-14 04:00:00+00:00,1.7184,1.7604,1.7105,1.7199,146455.0,5e-05
2025-05-14 08:00:00+00:00,1.7199,1.7336,1.6631,1.6879,228493.0,5e-05
2025-05-14 12:00:00+00:00,1.6879,1.7036,1.647,1.6711,153777.0,5e-05
2025-05-14 16:00:00+00:00,1.6711,1.6746,1.6184,1.6642,238067.0,5e-05
2025-05-14 20:00:00+00:00,1.6642,1.6717,1.6439,1.6621,58402.0,5e-05
2025-05-15 00:00:00+00:00,1.6621,1.6878,1.6156,1.6278,101963.0,5e-05
2025-05-15 04:00:00+00:00,1.6278,1.6583,1.5752,1.5925,149388.0,5e-05
2025-05-15 08:00:00+00:00,1.5925,1.6587,1.5923,1.6174,306160.0,5e-05
2025-05-15 12:00:00+00:00,1.6174,1.6717,1.5724,1.668,282199.0,5e-05
2025-05-15 16:00:00+00:00,1.668,1.7724,1.6164,1.6286,1512967.0,5e-05
2025-05-15 20:00:00+00:00,1.6286,1.6743,1.6082,1.6448,408746.0,5e-05
2025-05-16 00:00:00+00:00,1.6448,1.7321,1.6402,1.725,335483.0,5e-05
2025-05-16 04:00:00+00:00,1.725,1.7628,1.697,1.7372,307850.0,5e-05
2025-05-16 08:00:00+00:00,1.7372,1.7449,1.6766,1.7126,292009.0,5e-05
2025-05-16 12:00:00+00:00,1.7126,1.7213,1.6558,1.6789,268607.0,5e-05
2025-05-16 16:00:00+00:00,1.6789,1.6882,1.6355,1.6519,157888.0,5e-05
2025-05-16 20:00:00+00:00,1.6519,1.6579,1.5911,1.6102,148970.0,5e-05
2025-05-17 00:00:00+00:00,1.6102,1.615,1.5295,1.5658,265819.0,5e-05
2025-05-17 04:00:00+00:00,1.5658,1.586,1.5386,1.5518,116482.0,-7.47e-05
2025-05-17 08:00:00+00:00,1.5518,1.5744,1.5443,1.5546,109300.0,-0.00017435
2025-05-17 12:00:00+00:00,1.5546,1.5644,1.5156,1.5376,106083.0,5e-05
2025-05-17 16:00:00+00:00,1.5376,1.5411,1.4885,1.5209,199255.0,5e-05
2025-05-17 20:00:00+00:00,1.5209,1.544,1.5011,1.5156,62730.0,5e-05
2025-05-18 00:00:00+00:00,1.5156,1.5439,1.5134,1.5341,109897.0,5e-05
2025-05-18 04:00:00+00:00,1.5341,1.5911,1.5281,1.5877,82900.0,5e-05
2025-05-18 08:00:00+00:00,1.5877,1.6158,1.573,1.5891,125421.0,5e-05
2025-05-18 12:00:00+00:00,1.5891,1.69,1.5815,1.6575,228490.0,5e-05
2025-05-18 16:00:00+00:00,1.6575,1.6885,1.5427,1.5432,328071.0,5e-05
2025-05-18 20:00:00+00:00,1.5432,1.6416,1.5134,1.6268,189739.0,5e-05
2025-05-19 00:00:00+00:00,1.6268,1.65,1.5787,1.6003,121505.0,5e-05
2025-05-19 04:00:00+00:00,1.6003,1.6456,1.5649,1.6408,351153.0,5e-05
2025-05-19 08:00:00+00:00,1.6408,1.6468,1.5402,1.5761,435123.0,5e-05
2025-05-19 12:00:00+00:00,1.5761,1.6037,1.5297,1.5952,181141.0,5e-05
2025-05-19 16:00:00+00:00,1.5952,1.6551,1.5834,1.629,110664.0,5e-05
2025-05-19 20:00:00+00:00,1.629,1.6666,1.6148,1.6559,125383.0,5e-05
2025-05-20 00:00:00+00:00,1.6559,1.7541,1.644,1.7281,410802.0,5e-05
2025-05-20 04:00:00+00:00,1.7281,1.735,1.6698,1.6781,200531.0,5e-05
2025-05-20 08:00:00+00:00,1.6781,1.6887,1.6405,1.6702,172918.0,5e-05
2025-05-20 12:00:00+00:00,1.6702,1.6734,1.63,1.6503,220668.0,5e-05
2025-05-20 16:00:00+00:00,1.6503,1.6759,1.6052,1.6691,151053.0,5e-05
2025-05-20 20:00:00+00:00,1.6691,1.6893,1.6439,1.6724,164570.0,5e-05
2025-05-21 00:00:00+00:00,1.6724,1.7044,1.6602,1.6955,112667.0,5e-05
2025-05-21 04:00:00+00:00,1.6955,1.7383,1.6745,1.6844,172485.0,5e-05
2025-05-21 08:00:00+00:00,1.6844,1.6949,1.6464,1.6653,101471.0,5e-05
2025-05-21 12:00:00+00:00,1.6653,1.7168,1.6536,1.6986,157641.0,5e-05
2025-05-21 16:00:00+00:00,1.6986,1.7174,1.5927,1.6331,329548.0,5e-05
2025-05-21 20:00:00+00:00,1.6331,1.6942,1.6083,1.6653,118370.0,5e-05
2025-05-22 00:00:00+00:00,1.6653,1.7091,1.6562,1.7034,102734.0,5e-05
2025-05-22 04:00:00+00:00,1.7034,1.7227,1.6766,1.7017,125912.0,5e-05
2025-05-22 08:00:00+00:00,1.7017,1.7437,1.6702,1.6788,361419.0,5e-05
2025-05-22 12:00:00+00:00,1.6788,1.721,1.6585,1.7023,245273.0,5e-05
2025-05-22 16:00:00+00:00,1.7023,1.732,1.6962,1.7145,230913.0,5e-05
2025-05-22 20:00:00+00:00,1.7145,1.7256,1.6745,1.7232,115996.0,5e-05
2025-05-23 00:00:00+00:00,1.7232,1.7535,1.6908,1.7335,275884.0,5e-05
2025-05-23 04:00:00+00:00,1.7335,1.7363,1.6425,1.6525,150981.0,5e-05
2025-05-23 08:00:00+00:00,1.6525,1.686,1.5633,1.5774,295746.0,5e-05
2025-05-23 12:00:00+00:00,1.5774,1.6007,1.5188,1.5554,483303.0,5e-05
2025-05-23 16:00:00+00:00,1.5554,1.6151,1.5429,1.5771,224051.0,5e-05
2025-05-23 20:00:00+00:00,1.5771,1.5773,1.5117,1.5243,188365.0,5e-05
2025-05-24 00:00:00+00:00,1.5243,1.5602,1.5136,1.5525,65309.0,5e-05
2025-05-24 04:00:00+00:00,1.5525,1.5573,1.5291,1.5323,97833.0,5e-05
2025-05-24 08:00:00+00:00,1.5323,1.5562,1.5222,1.5441,80449.0,5e-05
2025-05-24 12:00:00+00:00,1.5441,1.5496,1.5289,1.5396,23646.0,5e-05
2025-05-24 16:00:00+00:00,1.5396,1.5466,1.5179,1.5405,64604.0,5e-05
2025-05-24 20:00:00+00:00,1.5405,1.5485,1.5015,1.5096,53498.0,5e-05
2025-05-25 00:00:00+00:00,1.5096,1.5184,1.4631,1.4896,258125.0,5e-05
2025-05-25 04:00:00+00:00,1.4896,1.4898,1.4531,1.4705,101123.0,5e-05
2025-05-25 08:00:00+00:00,1.4705,1.4713,1.4317,1.44,151537.0,5e-05
2025-05-25 12:00:00+00:00,1.44,1.4565,1.4142,1.4423,130429.0,5e-05
2025-05-25 16:00:00+00:00,1.4423,1.4577,1.4241,1.4508,81026.0,5e-05
2025-05-25 20:00:00+00:00,1.4508,1.5077,1.4419,1.5038,79113.0,5e-05
2025-05-26 00:00:00+00:00,1.5038,1.5373,1.487,1.5195,72505.0,5e-05
2025-05-26 04:00:00+00:00,1.5195,1.5402,1.5104,1.5297,63149.0,5e-05
2025-05-26 08:00:00+00:00,1.5297,1.5343,1.4999,1.5129,1251780.0,5e-05
2025-05-26 12:00:00+00:00,1.5129,1.5166,1.4616,1.4966,2214116.0,-0.00059155
2025-05-26 16:00:00+00:00,1.4966,1.5032,1.4521,1.4598,1682085.0,-0.00017513
2025-05-26 20:00:00+00:00,1.4598,1.4822,1.4569,1.4688,1068661.0,-6.221e-05
2025-05-27 00:00:00+00:00,1.4688,1.4932,1.4274,1.4715,712378.0,-0.00012765
2025-05-27 04:00:00+00:00,1.4715,1.496,1.4596,1.4892,122411.0,5e-05
2025-05-27 08:00:00+00:00,1.4892,1.5061,1.4751,1.494,183763.0,3.431e-05
2025-05-27 12:00:00+00:00,1.494,1.5362,1.483,1.5125,239948.0,5e-05
2025-05-27 16:00:00+00:00,1.5125,1.5372,1.5054,1.5117,88302.0,5e-05
2025-05-27 20:00:00+00:00,1.5117,1.5189,1.4798,1.4882,81841.0,5e-05
2025-05-28 00:00:00+00:00,1.4882,1.4985,1.4674,1.4832,46187.0,5e-05
2025-05-28 04:00:00+00:00,1.4832,1.4885,1.4609,1.4654,41080.0,5e-05
2025-05-28 08:00:00+00:00,1.4654,1.4803,1.45,1.4735,62753.0,5e-05
2025-05-28 12:00:00+00:00,1.4735,1.4873,1.4223,1.4334,154795.0,5e-05
2025-05-28 16:00:00+00:00,1.4334,1.4562,1.3971,1.4051,122971.0,5e-05
2025-05-28 20:00:00+00:00,1.4051,1.4489,1.3991,1.4451,38386.0,5e-05
2025-05-29 00:00:00+00:00,1.4451,1.5309,1.4348,1.5055,122757.0,5e-05
2025-05-29 04:00:00+00:00,1.5055,1.509,1.4546,1.4753,124071.0,5e-05
2025-05-29 08:00:00+00:00,1.4753,1.4869,1.4614,1.4722,112494.0,5e-05
2025-05-29 12:00:00+00:00,1.4722,1.4748,1.413,1.4208,171534.0,5e-05
2025-05-29 16:00:00+00:00,1.4208,1.438,1.3985,1.4062,77906.0,5e-05
2025-05-29 20:00:00+00:00,1.4062,1.4286,1.3901,1.3982,95583.0,5e-05
2025-05-30 00:00:00+00:00,1.3982,1.4026,1.2976,1.364,572990.0,5e-05
2025-05-30 04:00:00+00:00,1.364,1.3747,1.3355,1.3478,137899.0,5e-05
2025-05-30 08:00:00+00:00,1.3478,1.3756,1.3363,1.3673,133004.0,5e-05
2025-05-30 12:00:00+00:00,1.3673,1.3753,1.3261,1.3666,193403.0,5e-05
2025-05-30 16:00:00+00:00,1.3666,1.3682,1.3107,1.3539,282549.0,5e-05
2025-05-30 20:00:00+00:00,1.3539,1.3549,1.2655,1.277,161781.0,5e-05
2025-05-31 00:00:00+00:00,1.277,1.2818,1.2376,1.2635,298691.0,5e-05
2025-05-31 04:00:00+00:00,1.2635,1.2991,1.2544,1.2878,88992.0,5e-05
2025-05-31 08:00:00+00:00,1.2878,1.2962,1.2753,1.2802,90481.0,5e-05
2025-05-31 12:00:00+00:00,1.2802,1.3267,1.2791,1.3059,128040.0,5e-05
2025-05-31 16:00:00+00:00,1.3059,1.3217,1.295,1.3103,54377.0,5e-05
2025-05-31 20:00:00+00:00,1.3103,1.3308,1.3083,1.3172,87385.0,5e-05
2025-06-01 00:00:00+00:00,1.3172,1.3184,1.2909,1.3112,33199.0,5e-05
2025-06-01 04:00:00+00:00,1.3112,1.3272,1.3112,1.3207,16905.0,-4.469e-05
2025-06-01 08:00:00+00:00,1.3207,1.3259,1.2957,1.3228,41719.0,-9.867e-05
2025-06-01 12:00:00+00:00,1.3228,1.3459,1.3044,1.3363,100119.0,5e-05
2025-06-01 16:00:00+00:00,1.3363,1.3579,1.3148,1.3361,105696.0,5e-05
2025-06-01 20:00:00+00:00,1.3361,1.3638,1.3348,1.358,20628.0,5e-05
2025-06-02 00:00:00+00:00,1.358,1.3687,1.3325,1.34,58821.0,5e-05
2025-06-02 04:00:00+00:00,1.34,1.3641,1.3319,1.3462,97173.0,5e-05
2025-06-02 08:00:00+00:00,1.3462,1.3527,1.3112,1.3214,92132.0,5e-05
2025-06-02 12:00:00+00:00,1.3214,1.3291,1.2951,1.3163,229287.0,5e-05
2025-06-02 16:00:00+00:00,1.3163,1.3267,1.2996,1.3015,216737.0,-0.00017466
2025-06-02 20:00:00+00:00,1.3015,1.3637,1.3015,1.3614,187993.0,5e-05
2025-06-03 00:00:00+00:00,1.3614,1.3897,1.348,1.3517,251298.0,5e-05
2025-06-03 04:00:00+00:00,1.3517,1.3764,1.3406,1.3719,233735.0,5e-05
2025-06-03 08:00:00+00:00,1.3719,1.3875,1.357,1.3774,110117.0,5e-05
2025-06-03 12:00:00+00:00,1.3774,1.4205,1.3744,1.4037,300842.0,5e-05
2025-06-03 16:00:00+00:00,1.4037,1.4118,1.3901,1.4097,143788.0,5e-05
2025-06-03 20:00:00+00:00,1.4097,1.4097,1.3763,1.3917,124076.0,5e-05
2025-06-04 00:00:00+00:00,1.3917,1.4281,1.39,1.4221,136370.0,-1.751e-05
2025-06-04 04:00:00+00:00,1.4221,1.4271,1.3939,1.3991,55188.0,-8.177e-05
2025-06-04 08:00:00+00:00,1.3991,1.4084,1.3728,1.3787,121500.0,5e-05
2025-06-04 12:00:00+00:00,1.3787,1.4181,1.3696,1.4144,167458.0,5e-05
2025-06-04 16:00:00+00:00,1.4144,1.4303,1.3866,1.3866,203902.0,5e-05
2025-06-04 20:00:00+00:00,1.3866,1.3886,1.3578,1.3844,99847.0,5e-05
2025-06-05 00:00:00+00:00,1.3844,1.3982,1.3818,1.3956,76335.0,5e-05
2025-06-05 04:00:00+00:00,1.3956,1.3985,1.3572,1.3839,156366.0,5e-05
2025-06-05 08:00:00+00:00,1.3839,1.3907,1.3625,1.3833,62521.0,5e-05
2025-06-05 12:00:00+00:00,1.3833,1.4201,1.3636,1.3908,181905.0,5e-05
2025-06-05 16:00:00+00:00,1.3908,1.3956,1.3336,1.3336,178576.0,5e-05
2025-06-05 20:00:00+00:00,1.3336,1.3458,1.2557,1.2562,348821.0,-2.225e-05
2025-06-06 00:00:00+00:00,1.2562,1.281,1.2241,1.2786,172724.0,5e-05
2025-06-06 04:00:00+00:00,1.2786,1.2849,1.2521,1.26,71147.0,5e-05
2025-06-06 08:00:00+00:00,1.26,1.2977,1.2591,1.2818,58339.0,5e-05
2025-06-06 12:00:00+00:00,1.2818,1.3432,1.2818,1.3236,243911.0,4.509e-05
2025-06-06 16:00:00+00:00,1.3236,1.3392,1.2801,1.2891,111900.0,5e-05
2025-06-06 20:00:00+00:00,1.2891,1.3035,1.2868,1.2962,32817.0,5e-05
2025-06-07 00:00:00+00:00,1.2962,1.3277,1.2916,1.3265,32133.0,5e-05
2025-06-07 04:00:00+00:00,1.3265,1.3468,1.3194,1.3444,38502.0,5e-05
2025-06-07 08:00:00+00:00,1.3444,1.3482,1.3308,1.3417,72285.0,5e-05
2025-06-07 12:00:00+00:00,1.3417,1.366,1.3414,1.3658,86523.0,5e-05
2025-06-07 16:00:00+00:00,1.3658,1.3791,1.3533,1.3768,86631.0,5e-05
2025-06-07 20:00:00+00:00,1.3768,1.3859,1.3726,1.3837,81064.0,5e-05
2025-06-08 00:00:00+00:00,1.3837,1.4107,1.3794,1.3936,145780.0,-6.21e-05
2025-06-08 04:00:00+00:00,1.3936,1.4058,1.3816,1.3843,93833.0,5e-05
2025-06-08 08:00:00+00:00,1.3843,1.3937,1.3593,1.3801,184725.0,5e-05
2025-06-08 12:00:00+00:00,1.3801,1.3839,1.3644,1.3782,90551.0,5e-05
2025-06-08 16:00:00+00:00,1.3782,1.4004,1.3769,1.3928,125365.0,5e-05
2025-06-08 20:00:00+00:00,1.3928,1.3991,1.3754,1.3865,44522.0,5e-05
2025-06-09 00:00:00+00:00,1.3865,1.4134,1.3793,1.397,155463.0,5e-05
2025-06-09 04:00:00+00:00,1.397,1.4004,1.3752,1.3959,41927.0,5e-05
2025-06-09 08:00:00+00:00,1.3959,1.4316,1.3913,1.4268,106206.0,5e-05
2025-06-09 12:00:00+00:00,1.4268,1.4305,1.4073,1.4179,84823.0,5e-05
2025-06-09 16:00:00+00:00,1.4179,1.4596,1.4179,1.4564,119022.0,5e-05
2025-06-09 20:00:00+00:00,1.4564,1.5214,1.4469,1.5191,126040.0,5e-05
2025-06-10 00:00:00+00:00,1.5191,1.5297,1.5118,1.5216,130252.0,5e-05
2025-06-10 04:00:00+00:00,1.5216,1.5305,1.496,1.5173,97075.0,5e-05
2025-06-10 08:00:00+00:00,1.5173,1.5798,1.5004,1.5695,159353.0,5e-05
2025-06-10 12:00:00+00:00,1.5695,1.5885,1.5131,1.5347,491953.0,5e-05
2025-06-10 16:00:00+00:00,1.5347,1.5842,1.5259,1.5607,207272.0,5e-05
2025-06-10 20:00:00+00:00,1.5607,1.6027,1.5545,1.6004,157995.0,5e-05
2025-06-11 00:00:00+00:00,1.6004,1.6056,1.5737,1.5985,125203.0,5e-05
2025-06-11 04:00:00+00:00,1.5985,1.6094,1.5834,1.5922,196290.0,5e-05
2025-06-11 08:00:00+00:00,1.5922,1.5958,1.5547,1.5662,173361.0,5e-05
2025-06-11 12:00:00+00:00,1.5662,1.6521,1.5629,1.649,548422.0,5e-05
2025-06-11 16:00:00+00:00,1.649,1.6578,1.5924,1.599,275861.0,5e-05
2025-06-11 20:00:00+00:00,1.599,1.6192,1.5518,1.5763,203853.0,5e-05
2025-06-12 00:00:00+00:00,1.5763,1.5851,1.5456,1.5565,205068.0,5e-05
2025-06-12 04:00:00+00:00,1.5565,1.5683,1.5375,1.5412,90300.0,-6.09e-06
2025-06-12 08:00:00+00:00,1.5412,1.5558,1.5202,1.5254,190007.0,5e-05
2025-06-12 12:00:00+00:00,1.5254,1.5743,1.5181,1.5355,316478.0,5e-05
2025-06-12 16:00:00+00:00,1.5355,1.5686,1.525,1.5287,313039.0,5e-05
2025-06-12 20:00:00+00:00,1.5287,1.5378,1.42,1.4798,548027.0,5e-05
2025-06-13 00:00:00+00:00,1.4798,1.482,1.3595,1.4071,614511.0,-0.00022069
2025-06-13 04:00:00+00:00,1.4071,1.4071,1.3657,1.3886,275305.0,3.03e-05
2025-06-13 08:00:00+00:00,1.3886,1.4229,1.3869,1.4197,290440.0,-0.00018614
2025-06-13 12:00:00+00:00,1.4197,1.4421,1.3925,1.4297,317606.0,5e-05
2025-06-13 16:00:00+00:00,1.4297,1.46,1.3909,1.399,308284.0,5e-05
2025-06-13 20:00:00+00:00,1.399,1.4482,1.3834,1.4433,403816.0,5e-05
2025-06-14 00:00:00+00:00,1.4433,1.4433,1.4174,1.4259,102613.0,5e-05
2025-06-14 04:00:00+00:00,1.4259,1.4327,1.4123,1.4233,81768.0,2.69e-06
2025-06-14 08:00:00+00:00,1.4233,1.4261,1.4132,1.4236,31485.0,-0.0001915
2025-06-14 12:00:00+00:00,1.4236,1.4264,1.3868,1.398,162506.0,5e-05
2025-06-14 16:00:00+00:00,1.398,1.4022,1.3674,1.3738,202181.0,-0.00017709
2025-06-14 20:00:00+00:00,1.3738,1.3993,1.3615,1.3934,69807.0,5e-05
2025-06-15 00:00:00+00:00,1.3934,1.405,1.3926,1.4009,29320.0,5e-05
2025-06-15 04:00:00+00:00,1.4009,1.4251,1.3965,1.3984,72587.0,-5.009e-05
2025-06-15 08:00:00+00:00,1.3984,1.4026,1.3877,1.3908,83291.0,-2.692e-05
2025-06-15 12:00:00+00:00,1.3908,1.4165,1.3887,1.4022,70578.0,5e-05
2025-06-15 16:00:00+00:00,1.4022,1.4172,1.3977,1.4031,59992.0,5e-05
2025-06-15 20:00:00+00:00,1.4031,1.4115,1.3722,1.408,106770.0,5e-05
2025-06-16 00:00:00+00:00,1.408,1.4371,1.383,1.4239,74703.0,5e-05
2025-06-16 04:00:00+00:00,1.4239,1.4746,1.4207,1.4712,115344.0,5e-05
2025-06-16 08:00:00+00:00,1.4712,1.4742,1.4455,1.4598,114344.0,5e-05
2025-06-16 12:00:00+00:00,1.4598,1.4904,1.4466,1.4828,233246.0,5e-05
2025-06-16 16:00:00+00:00,1.4828,1.5275,1.4792,1.5193,124574.0,-4.716e-05
2025-06-16 20:00:00+00:00,1.5193,1.5327,1.4409,1.445,273705.0,5e-05
2025-06-17 00:00:00+00:00,1.445,1.5094,1.4207,1.5008,312359.0,5e-05
2025-06-17 04:00:00+00:00,1.5008,1.5031,1.4447,1.4486,460640.0,5e-05
2025-06-17 08:00:00+00:00,1.4486,1.4525,1.4165,1.4286,226196.0,2.773e-05
2025-06-17 12:00:00+00:00,1.4286,1.4375,1.3562,1.3599,492750.0,-1.361e-05
2025-06-17 16:00:00+00:00,1.3599,1.3993,1.3219,1.3774,417058.0,5e-05
2025-06-17 20:00:00+00:00,1.3774,1.3841,1.3493,1.3615,146673.0,-5.32e-06
2025-06-18 00:00:00+00:00,1.3615,1.3826,1.355,1.3652,102655.0,-9.173e-05
2025-06-18 04:00:00+00:00,1.3652,1.3906,1.3641,1.3806,241938.0,5e-05
2025-06-18 08:00:00+00:00,1.3806,1.3865,1.3267,1.3554,289077.0,5e-05
2025-06-18 12:00:00+00:00,1.3554,1.3651,1.3136,1.3383,334079.0,-0.00014382
2025-06-18 16:00:00+00:00,1.3383,1.3546,1.3244,1.3365,150131.0,5e-05
2025-06-18 20:00:00+00:00,1.3365,1.373,1.3332,1.3613,110594.0,5e-05
2025-06-19 00:00:00+00:00,1.3613,1.3763,1.338,1.3582,97011.0,-4.024e-05
2025-06-19 04:00:00+00:00,1.3582,1.3648,1.344,1.3448,92507.0,-0.00013633
2025-06-19 08:00:00+00:00,1.3448,1.3591,1.3401,1.3466,98639.0,-0.00011356
2025-06-19 12:00:00+00:00,1.3466,1.3526,1.3057,1.3093,162244.0,5e-05
2025-06-19 16:00:00+00:00,1.3093,1.3297,1.2984,1.3004,233358.0,-1.599e-05
2025-06-19 20:00:00+00:00,1.3004,1.3137,1.2626,1.2826,387836.0,-9.7e-07
2025-06-20 00:00:00+00:00,1.2826,1.289,1.2642,1.2716,63982.0,5e-05
2025-06-20 04:00:00+00:00,1.2716,1.2791,1.2344,1.2788,539009.0,5e-05
2025-06-20 08:00:00+00:00,1.2788,1.2865,1.2532,1.2603,183177.0,5e-05
2025-06-20 12:00:00+00:00,1.2603,1.2745,1.2261,1.2347,287358.0,5e-05
2025-06-20 16:00:00+00:00,1.2347,1.2347,1.1731,1.1968,443086.0,-0.00011142
2025-06-20 20:00:00+00:00,1.1968,1.2104,1.1779,1.1905,96148.0,-4.656e-05
2025-06-21 00:00:00+00:00,1.1905,1.2122,1.1877,1.2074,54289.0,5e-05
2025-06-21 04:00:00+00:00,1.2074,1.2315,1.2064,1.2222,79871.0,5e-05
2025-06-21 08:00:00+00:00,1.2222,1.2308,1.2186,1.2247,52487.0,3.868e-05
2025-06-21 12:00:00+00:00,1.2247,1.2278,1.1908,1.2017,154656.0,-8.29e-05
2025-06-21 16:00:00+00:00,1.2017,1.2092,1.1668,1.1701,150598.0,-9.737e-05
2025-06-21 20:00:00+00:00,1.1701,1.1829,1.113,1.1492,516977.0,-1.983e-05
2025-06-22 00:00:00+00:00,1.1492,1.1625,1.1266,1.1377,255348.0,5e-05
2025-06-22 04:00:00+00:00,1.1377,1.155,1.1346,1.1422,107602.0,1.993e-05
2025-06-22 08:00:00+00:00,1.1422,1.1467,1.127,1.1409,116092.0,-0.00012933
2025-06-22 12:00:00+00:00,1.1409,1.1479,1.0769,1.0954,539651.0,-0.000335
2025-06-22 16:00:00+00:00,1.0954,1.1295,1.095,1.1153,282581.0,-0.00026906
2025-06-22 20:00:00+00:00,1.1153,1.1701,1.0922,1.1616,368198.0,5e-05
2025-06-23 00:00:00+00:00,1.1616,1.1802,1.1544,1.1614,128161.0,5e-05
2025-06-23 04:00:00+00:00,1.1614,1.1806,1.1587,1.1686,148132.0,5e-05
2025-06-23 08:00:00+00:00,1.1686,1.1759,1.1628,1.168,158960.0,-7.25e-05
2025-06-23 12:00:00+00:00,1.168,1.2063,1.1589,1.1826,215774.0,-0.00022914
2025-06-23 16:00:00+00:00,1.1826,1.2723,1.1514,1.2701,485069.0,5e-05
2025-06-23 20:00:00+00:00,1.2701,1.3676,1.2629,1.3613,522597.0,5e-05
2025-06-24 00:00:00+00:00,1.3613,1.3659,1.3418,1.3496,225607.0,5e-05
2025-06-24 04:00:00+00:00,1.3496,1.3746,1.3398,1.3515,230261.0,5e-05
2025-06-24 08:00:00+00:00,1.3515,1.3821,1.3434,1.3677,465387.0,5e-05
2025-06-24 12:00:00+00:00,1.3677,1.3895,1.3573,1.3746,324975.0,5e-05
2025-06-24 16:00:00+00:00,1.3746,1.415,1.3741,1.3869,238443.0,5e-05
2025-06-24 20:00:00+00:00,1.3869,1.4063,1.3777,1.3995,106255.0,5e-05
2025-06-25 00:00:00+00:00,1.3995,1.4395,1.3713,1.3942,616402.0,5e-05
2025-06-25 04:00:00+00:00,1.3942,1.4225,1.3812,1.4136,155046.0,5e-05
2025-06-25 08:00:00+00:00,1.4136,1.4181,1.3887,1.409,232742.0,5e-05
2025-06-25 12:00:00+00:00,1.409,1.4251,1.3791,1.3846,380468.0,5e-05
2025-06-25 16:00:00+00:00,1.3846,1.4115,1.3826,1.4002,115319.0,5e-05
2025-06-25 20:00:00+00:00,1.4002,1.4117,1.3819,1.3862,123163.0,5e-05
2025-06-26 00:00:00+00:00,1.3862,1.4333,1.3802,1.4214,207009.0,5e-05
2025-06-26 04:00:00+00:00,1.4214,1.4395,1.4108,1.4266,209799.0,5e-05
2025-06-26 08:00:00+00:00,1.4266,1.4359,1.3898,1.4029,221794.0,5e-05
2025-06-26 12:00:00+00:00,1.4029,1.4087,1.3568,1.3663,300633.0,5e-05
2025-06-26 16:00:00+00:00,1.3663,1.3729,1.3463,1.3654,113141.0,3.054e-05
2025-06-26 20:00:00+00:00,1.3654,1.3851,1.3523,1.3557,213089.0,5e-05
2025-06-27 00:00:00+00:00,1.3557,1.3898,1.3319,1.3808,360620.0,5e-05
2025-06-27 04:00:00+00:00,1.3808,1.3824,1.3506,1.3509,139396.0,5e-05
2025-06-27 08:00:00+00:00,1.3509,1.3701,1.3462,1.3542,88633.0,5e-05
2025-06-27 12:00:00+00:00,1.3542,1.363,1.3307,1.3568,210580.0,5e-05
2025-06-27 16:00:00+00:00,1.3568,1.3736,1.324,1.3388,282246.0,5e-05
2025-06-27 20:00:00+00:00,1.3388,1.3509,1.3364,1.339,107500.0,5e-05
2025-06-28 00:00:00+00:00,1.339,1.3434,1.3301,1.3356,57094.0,5e-05
2025-06-28 04:00:00+00:00,1.3356,1.3505,1.3321,1.349,75305.0,5e-05
2025-06-28 08:00:00+00:00,1.349,1.3647,1.3341,1.3461,153408.0,5e-05
2025-06-28 12:00:00+00:00,1.3461,1.3604,1.3375,1.3592,93990.0,5e-05
2025-06-28 16:00:00+00:00,1.3592,1.3778,1.357,1.3728,195932.0,-0.00024074
2025-06-28 20:00:00+00:00,1.3728,1.3827,1.364,1.3768,51074.0,1.263e-05
2025-06-29 00:00:00+00:00,1.3768,1.3826,1.3532,1.3551,157951.0,5e-05
2025-06-29 04:00:00+00:00,1.3551,1.375,1.3522,1.3734,233339.0,-0.00017137
2025-06-29 08:00:00+00:00,1.3734,1.3966,1.3716,1.3942,188810.0,5e-05
2025-06-29 12:00:00+00:00,1.3942,1.395,1.36,1.3636,158545.0,5e-05
2025-06-29 16:00:00+00:00,1.3636,1.3886,1.3628,1.3825,115530.0,5e-05
2025-06-29 20:00:00+00:00,1.3825,1.4374,1.3705,1.4233,192137.0,5e-05
2025-06-30 00:00:00+00:00,1.4233,1.4346,1.3971,1.398,188713.0,5e-05
2025-06-30 04:00:00+00:00,1.398,1.4045,1.372,1.3819,153966.0,5e-05
2025-06-30 08:00:00+00:00,1.3819,1.383,1.353,1.3609,152222.0,5e-05
2025-06-30 12:00:00+00:00,1.3609,1.3826,1.3474,1.369,142304.0,5e-05
2025-06-30 16:00:00+00:00,1.369,1.3817,1.3564,1.3754,94201.0,5e-05
2025-06-30 20:00:00+00:00,1.3754,1.3754,1.3423,1.3454,72116.0,5e-05
2025-07-01 00:00:00+00:00,1.3454,1.3494,1.3286,1.3324,95966.0,5e-05
2025-07-01 04:00:00+00:00,1.3324,1.3332,1.3055,1.3178,180160.0,5e-05
2025-07-01 08:00:00+00:00,1.3178,1.3229,1.3032,1.3064,82562.0,5e-05
2025-07-01 12:00:00+00:00,1.3064,1.3169,1.2929,1.3034,117085.0,-6.74e-05
2025-07-01 16:00:00+00:00,1.3034,1.3066,1.2743,1.2754,222920.0,5e-05
2025-07-01 20:00:00+00:00,1.2754,1.2886,1.2662,1.2768,62817.0,-0.00013366
2025-07-02 00:00:00+00:00,1.2768,1.2929,1.2644,1.2824,90416.0,5e-05
2025-07-02 04:00:00+00:00,1.2824,1.311,1.2824,1.3055,95660.0,3.175e-05
2025-07-02 08:00:00+00:00,1.3055,1.3244,1.2996,1.3024,152791.0,5e-05
2025-07-02 12:00:00+00:00,1.3024,1.3394,1.2949,1.337,126112.0,5e-05
2025-07-02 16:00:00+00:00,1.337,1.402,1.3358,1.3986,413679.0,5e-05
2025-07-02 20:00:00+00:00,1.3986,1.4121,1.3745,1.3776,492809.0,5e-05
2025-07-03 00:00:00+00:00,1.3776,1.395,1.3703,1.3724,114674.0,5e-05
2025-07-03 04:00:00+00:00,1.3724,1.4186,1.3709,1.4141,196789.0,5e-05
2025-07-03 08:00:00+00:00,1.4141,1.4274,1.3966,1.4043,323770.0,5e-05
2025-07-03 12:00:00+00:00,1.4043,1.438,1.3767,1.3784,347661.0,-0.00010014
2025-07-03 16:00:00+00:00,1.3784,1.4017,1.3784,1.3973,75415.0,4.6e-05
2025-07-03 20:00:00+00:00,1.3973,1.4198,1.3965,1.4058,60445.0,5e-05
2025-07-04 00:00:00+00:00,1.4058,1.4198,1.3869,1.3903,103588.0,5e-05
2025-07-04 04:00:00+00:00,1.3903,1.3927,1.3501,1.352,539899.0,5e-05
2025-07-04 08:00:00+00:00,1.352,1.3953,1.3344,1.3913,1107653.0,-0.00020826
2025-07-04 12:00:00+00:00,1.3913,1.3913,1.3408,1.347,325909.0,-4.819e-05
2025-07-04 16:00:00+00:00,1.347,1.3488,1.3244,1.3272,173952.0,5e-05
2025-07-04 20:00:00+00:00,1.3272,1.3559,1.326,1.34,68589.0,5e-05
2025-07-05 00:00:00+00:00,1.34,1.3622,1.3306,1.3543,100465.0,5e-05
2025-07-05 04:00:00+00:00,1.3543,1.3585,1.3433,1.348,59039.0,5e-05
2025-07-05 08:00:00+00:00,1.348,1.3493,1.3368,1.3404,73789.0,5e-05
2025-07-05 12:00:00+00:00,1.3404,1.3721,1.3321,1.3541,410919.0,5e-05
2025-07-05 16:00:00+00:00,1.3541,1.3668,1.3438,1.3557,163628.0,5e-05
2025-07-05 20:00:00+00:00,1.3557,1.361,1.3489,1.3535,98546.0,5e-05
2025-07-06 00:00:00+00:00,1.3535,1.3575,1.3486,1.3521,64117.0,5e-05
2025-07-06 04:00:00+00:00,1.3521,1.3604,1.3476,1.3508,81617.0,5e-05
2025-07-06 08:00:00+00:00,1.3508,1.3543,1.342,1.3516,183972.0,5e-05
2025-07-06 12:00:00+00:00,1.3516,1.3881,1.3162,1.358,763897.0,5e-05
2025-07-06 16:00:00+00:00,1.358,1.3896,1.3571,1.3875,339042.0,5e-05
2025-07-06 20:00:00+00:00,1.3875,1.4198,1.3787,1.3899,762951.0,-5.872e-05
2025-07-07 00:00:00+00:00,1.3899,1.41,1.3761,1.3929,210348.0,5e-05
2025-07-07 04:00:00+00:00,1.3929,1.3976,1.3624,1.3787,170603.0,5e-05
2025-07-07 08:00:00+00:00,1.3787,1.382,1.3558,1.3668,106417.0,5e-05
2025-07-07 12:00:00+00:00,1.3668,1.3792,1.3511,1.3589,115757.0,4.965e-05
2025-07-07 16:00:00+00:00,1.3589,1.3735,1.3414,1.3558,160756.0,5e-05
2025-07-07 20:00:00+00:00,1.3558,1.3558,1.3341,1.351,103236.0,5e-05
2025-07-08 00:00:00+00:00,1.351,1.3569,1.326,1.3335,163727.0,5e-05
2025-07-08 04:00:00+00:00,1.3335,1.3464,1.3294,1.3441,46696.0,5e-05
2025-07-08 08:00:00+00:00,1.3441,1.3658,1.3385,1.3638,72508.0,5e-05
2025-07-08 12:00:00+00:00,1.3638,1.3774,1.3504,1.3532,129863.0,5e-05
2025-07-08 16:00:00+00:00,1.3532,1.4096,1.349,1.3832,521149.0,-8.465e-05
2025-07-08 20:00:00+00:00,1.3832,1.4119,1.3762,1.4099,243508.0,-0.00019281
2025-07-09 00:00:00+00:00,1.4099,1.4362,1.4016,1.4234,590313.0,3.16e-06
2025-07-09 04:00:00+00:00,1.4234,1.4693,1.4199,1.4636,915970.0,5e-05
2025-07-09 08:00:00+00:00,1.4636,1.482,1.4562,1.4643,629429.0,5e-05
2025-07-09 12:00:00+00:00,1.4643,1.5045,1.4538,1.4623,975942.0,-3.062e-05
2025-07-09 16:00:00+00:00,1.4623,1.559,1.4565,1.5474,779308.0,-2.549e-05
2025-07-09 20:00:00+00:00,1.5474,1.5893,1.5215,1.5781,703566.0,5e-05
2025-07-10 00:00:00+00:00,1.5781,1.6034,1.5671,1.5975,317687.0,5e-05
2025-07-10 04:00:00+00:00,1.5975,1.6506,1.5884,1.631,337567.0,5e-05
2025-07-10 08:00:00+00:00,1.631,1.6311,1.5881,1.6123,338022.0,5e-05
2025-07-10 12:00:00+00:00,1.6123,1.6273,1.6,1.6113,205337.0,5e-05
2025-07-10 16:00:00+00:00,1.6113,1.6789,1.609,1.6418,463052.0,5e-05
2025-07-10 20:00:00+00:00,1.6418,1.7253,1.6408,1.6915,389606.0,5e-05
2025-07-11 00:00:00+00:00,1.6915,1.7216,1.6627,1.7183,261051.0,5e-05
2025-07-11 04:00:00+00:00,1.7183,1.7388,1.6816,1.6827,398721.0,5e-05
2025-07-11 08:00:00+00:00,1.6827,1.7284,1.6818,1.7026,219229.0,5e-05
2025-07-11 12:00:00+00:00,1.7026,1.7314,1.67,1.6774,296059.0,5e-05
2025-07-11 16:00:00+00:00,1.6774,1.7414,1.6637,1.7394,257773.0,5e-05
2025-07-11 20:00:00+00:00,1.7394,1.7433,1.6681,1.6954,259394.0,5e-05
2025-07-12 00:00:00+00:00,1.6954,1.7187,1.6666,1.7153,105872.0,5e-05
2025-07-12 04:00:00+00:00,1.7153,1.7153,1.6715,1.6875,143276.0,5e-05
2025-07-12 08:00:00+00:00,1.6875,1.7167,1.6676,1.707,270936.0,5e-05
2025-07-12 12:00:00+00:00,1.707,1.7109,1.6024,1.6077,563291.0,5e-05
2025-07-12 16:00:00+00:00,1.6077,1.656,1.6026,1.6543,135888.0,5e-05
2025-07-12 20:00:00+00:00,1.6543,1.6703,1.6354,1.6645,108121.0,5e-05
2025-07-13 00:00:00+00:00,1.6645,1.6828,1.6538,1.6811,95945.0,5e-05
2025-07-13 04:00:00+00:00,1.6811,1.715,1.674,1.7141,352725.0,5e-05
2025-07-13 08:00:00+00:00,1.7141,1.8518,1.7059,1.8469,991512.0,5e-05
2025-07-13 12:00:00+00:00,1.8469,1.9641,1.8438,1.9392,1833365.0,5e-05
2025-07-13 16:00:00+00:00,1.9392,2.0458,1.8952,1.9065,1217546.0,5e-05
2025-07-13 20:00:00+00:00,1.9065,1.9204,1.8708,1.9101,467346.0,5e-05
2025-07-14 00:00:00+00:00,1.9101,1.9599,1.8845,1.9432,271968.0,5e-05
2025-07-14 04:00:00+00:00,1.9432,2.003,1.9033,1.9513,942317.0,5e-05
2025-07-14 08:00:00+00:00,1.9513,1.9537,1.8685,1.8926,589305.0,5e-05
2025-07-14 12:00:00+00:00,1.8926,1.9272,1.8317,1.8443,514461.0,5e-05
2025-07-14 16:00:00+00:00,1.8443,1.854,1.7946,1.8042,662305.0,5e-05
2025-07-14 20:00:00+00:00,1.8042,1.829,1.7721,1.8262,266035.0,5e-05
2025-07-15 00:00:00+00:00,1.8262,1.8375,1.7614,1.7851,363441.0,5e-05
2025-07-15 04:00:00+00:00,1.7851,1.9636,1.7634,1.8604,1349019.0,5e-05
2025-07-15 08:00:00+00:00,1.8604,1.8834,1.826,1.881,452708.0,5e-05
2025-07-15 12:00:00+00:00,1.881,1.9462,1.8421,1.9015,890515.0,5e-05
2025-07-15 16:00:00+00:00,1.9015,1.9945,1.8915,1.9796,660961.0,5e-05
2025-07-15 20:00:00+00:00,1.9796,2.133,1.9186,2.1,1250342.0,5e-05
2025-07-16 00:00:00+00:00,2.1,2.1036,2.0329,2.0475,563690.0,5e-05
2025-07-16 04:00:00+00:00,2.0475,2.0877,2.011,2.0735,414490.0,5e-05
2025-07-16 08:00:00+00:00,2.0735,2.109,2.0482,2.0688,472229.0,5e-05
2025-07-16 12:00:00+00:00,2.0688,2.108,2.0232,2.0533,389538.0,5e-05
2025-07-16 16:00:00+00:00,2.0533,2.1543,2.0411,2.1297,348969.0,5e-05
2025-07-16 20:00:00+00:00,2.1297,2.1597,2.0722,2.0852,339295.0,5e-05
2025-07-17 00:00:00+00:00,2.0852,2.1022,2.0194,2.0345,337425.0,5e-05
2025-07-17 04:00:00+00:00,2.0345,2.1352,2.0206,2.1049,297191.0,5e-05
2025-07-17 08:00:00+00:00,2.1049,2.1293,2.0659,2.0726,197855.0,5e-05
2025-07-17 12:00:00+00:00,2.0726,2.1009,2.0503,2.0583,361234.0,5e-05
2025-07-17 16:00:00+00:00,2.0583,2.1318,2.0075,2.0547,443653.0,5e-05
2025-07-17 20:00:00+00:00,2.0547,2.1095,2.0213,2.0638,362411.0,5e-05
2025-07-18 00:00:00+00:00,2.0638,2.2234,2.0556,2.208,446719.0,5e-05
2025-07-18 04:00:00+00:00,2.208,2.2504,2.1704,2.1737,343578.0,5e-05
2025-07-18 08:00:00+00:00,2.1737,2.1859,2.0581,2.082,418767.0,5e-05
2025-07-18 12:00:00+00:00,2.082,2.1454,2.0083,2.0378,1034785.0,5e-05
2025-07-18 16:00:00+00:00,2.0378,2.1193,2.0266,2.1085,286090.0,5e-05
2025-07-18 20:00:00+00:00,2.1085,2.1206,2.0129,2.0492,599467.0,5e-05
2025-07-19 00:00:00+00:00,2.0492,2.0748,1.9405,2.0283,979997.0,5e-05
2025-07-19 04:00:00+00:00,2.0283,2.0481,1.9842,1.9905,484880.0,5e-05
2025-07-19 08:00:00+00:00,1.9905,2.0031,1.96,1.9728,137132.0,5e-05
2025-07-19 12:00:00+00:00,1.9728,2.0018,1.9512,1.9842,202834.0,5e-05
2025-07-19 16:00:00+00:00,1.9842,2.0138,1.9693,2.0033,108380.0,5e-05
2025-07-19 20:00:00+00:00,2.0033,2.0312,1.967,1.9992,226604.0,5e-05
2025-07-20 00:00:00+00:00,1.9992,2.0852,1.9801,2.0668,206091.0,5e-05
2025-07-20 04:00:00+00:00,2.0668,2.1348,2.0439,2.1239,364250.0,5e-05
2025-07-20 08:00:00+00:00,2.1239,2.2098,2.1216,2.1655,508459.0,5e-05
2025-07-20 12:00:00+00:00,2.1655,2.1771,2.1154,2.1637,243685.0,5e-05
2025-07-20 16:00:00+00:00,2.1637,2.1898,2.1252,2.1461,192474.0,5e-05
2025-07-20 20:00:00+00:00,2.1461,2.1741,2.0891,2.163,329286.0,5e-05
2025-07-21 00:00:00+00:00,2.163,2.2003,2.1037,2.1833,271262.0,5e-05
2025-07-21 04:00:00+00:00,2.1833,2.2218,2.161,2.2011,284866.0,5e-05
2025-07-21 08:00:00+00:00,2.2011,2.2018,2.0965,2.1316,474187.0,5e-05
2025-07-21 12:00:00+00:00,2.1316,2.1316,2.061,2.0611,347381.0,5e-05
2025-07-21 16:00:00+00:00,2.0611,2.1041,2.0142,2.0538,372805.0,5e-05
2025-07-21 20:00:00+00:00,2.0538,2.0605,2.0219,2.0304,201449.0,5e-05
2025-07-22 00:00:00+00:00,2.0304,2.0508,1.9653,1.9912,485377.0,5e-05
2025-07-22 04:00:00+00:00,1.9912,1.9952,1.9225,1.9333,542041.0,5e-05
2025-07-22 08:00:00+00:00,1.9333,1.9784,1.8963,1.9691,366434.0,5e-05
2025-07-22 12:00:00+00:00,1.9691,2.0044,1.9405,1.9981,349148.0,5e-05
2025-07-22 16:00:00+00:00,1.9981,2.0244,1.972,1.9912,275839.0,5e-05
2025-07-22 20:00:00+00:00,1.9912,2.0361,1.9793,2.0349,280257.0,5e-05
2025-07-23 00:00:00+00:00,2.0349,2.0408,1.9677,1.9872,223047.0,5e-05
2025-07-23 04:00:00+00:00,1.9872,2.0093,1.9686,1.9771,160389.0,5e-05
2025-07-23 08:00:00+00:00,1.9771,1.9878,1.925,1.9396,359222.0,5e-05
2025-07-23 12:00:00+00:00,1.9396,1.9427,1.8625,1.9031,791833.0,5e-05
2025-07-23 16:00:00+00:00,1.9031,1.9031,1.8236,1.8675,695448.0,5e-05
2025-07-23 20:00:00+00:00,1.8675,1.8942,1.8124,1.8937,346602.0,5e-05
2025-07-24 00:00:00+00:00,1.8937,1.9115,1.8738,1.8836,274028.0,5e-05
2025-07-24 04:00:00+00:00,1.8836,1.8935,1.7665,1.8361,853685.0,5e-05
2025-07-24 08:00:00+00:00,1.8361,1.9107,1.8256,1.9038,477543.0,5e-05
2025-07-24 12:00:00+00:00,1.9038,1.9582,1.8438,1.9445,447157.0,5e-05
2025-07-24 16:00:00+00:00,1.9445,1.9616,1.8974,1.9453,298892.0,5e-05
2025-07-24 20:00:00+00:00,1.9453,1.9591,1.9033,1.9126,240323.0,5e-05
2025-07-25 00:00:00+00:00,1.9126,1.9134,1.8347,1.8537,384873.0,5e-05
2025-07-25 04:00:00+00:00,1.8537,1.8909,1.8356,1.8664,293355.0,5e-05
2025-07-25 08:00:00+00:00,1.8664,1.9681,1.8529,1.9547,430804.0,5e-05
2025-07-25 12:00:00+00:00,1.9547,1.97,1.8214,1.8529,367624.0,5e-05
2025-07-25 16:00:00+00:00,1.8529,1.8913,1.84,1.8748,194579.0,5e-05
2025-07-25 20:00:00+00:00,1.8748,1.9468,1.874,1.9438,155081.0,5e-05
2025-07-26 00:00:00+00:00,1.9438,1.9512,1.9059,1.9365,196170.0,5e-05
2025-07-26 04:00:00+00:00,1.9365,1.9538,1.9297,1.9409,72272.0,5e-05
2025-07-26 08:00:00+00:00,1.9409,1.9683,1.9409,1.9466,115665.0,5e-05
2025-07-26 12:00:00+00:00,1.9466,1.9689,1.9366,1.966,182387.0,5e-05
2025-07-26 16:00:00+00:00,1.966,2.0196,1.955,2.0047,347249.0,5e-05
2025-07-26 20:00:00+00:00,2.0047,2.0049,1.9565,1.9727,279660.0,5e-05
2025-07-27 00:00:00+00:00,1.9727,2.0029,1.9629,1.9785,205349.0,5e-05
2025-07-27 04:00:00+00:00,1.9785,1.9952,1.9704,1.9756,83152.0,5e-05
2025-07-27 08:00:00+00:00,1.9756,2.0157,1.9657,1.9959,142125.0,5e-05
2025-07-27 12:00:00+00:00,1.9959,2.0135,1.9601,1.9866,173343.0,5e-05
2025-07-27 16:00:00+00:00,1.9866,2.0069,1.9233,1.9249,265617.0,5e-05
2025-07-27 20:00:00+00:00,1.9249,1.9792,1.9249,1.9633,133447.0,5e-05
2025-07-28 00:00:00+00:00,1.9633,1.9771,1.9354,1.9579,156317.0,5e-05
2025-07-28 04:00:00+00:00,1.9579,2.018,1.9492,1.9773,199898.0,5e-05
2025-07-28 08:00:00+00:00,1.9773,1.9875,1.9272,1.9364,179335.0,5e-05
2025-07-28 12:00:00+00:00,1.9364,1.9478,1.8246,1.8299,421874.0,5e-05
2025-07-28 16:00:00+00:00,1.8299,1.8307,1.7527,1.776,1192602.0,5e-05
2025-07-28 20:00:00+00:00,1.776,1.7878,1.7448,1.7663,314062.0,5e-05
2025-07-29 00:00:00+00:00,1.7663,1.7855,1.7103,1.757,484449.0,5e-05
2025-07-29 04:00:00+00:00,1.757,1.8425,1.7349,1.8414,283355.0,5e-05
2025-07-29 08:00:00+00:00,1.8414,1.849,1.7946,1.8114,235253.0,5e-05
2025-07-29 12:00:00+00:00,1.8114,1.8794,1.7538,1.7587,640884.0,5e-05
2025-07-29 16:00:00+00:00,1.7587,1.7927,1.7359,1.7731,440905.0,5e-05
2025-07-29 20:00:00+00:00,1.7731,1.815,1.7523,1.8017,521370.0,5e-05
2025-07-30 00:00:00+00:00,1.8017,1.8137,1.7644,1.8039,322170.0,5e-05
2025-07-30 04:00:00+00:00,1.8039,1.829,1.7885,1.8065,218597.0,5e-05
2025-07-30 08:00:00+00:00,1.8065,1.822,1.7445,1.7522,313443.0,5e-05
2025-07-30 12:00:00+00:00,1.7522,1.8087,1.7403,1.7856,421202.0,5e-05
2025-07-30 16:00:00+00:00,1.7856,1.8135,1.6912,1.7734,514395.0,5e-05
2025-07-30 20:00:00+00:00,1.7734,1.8071,1.7562,1.8052,208928.0,5e-05
2025-07-31 00:00:00+00:00,1.8052,1.8661,1.8018,1.8588,121897.0,5e-05
2025-07-31 04:00:00+00:00,1.8588,1.8766,1.8536,1.8707,107569.0,5e-05
2025-07-31 08:00:00+00:00,1.8707,1.8778,1.8384,1.8426,112675.0,5e-05
2025-07-31 12:00:00+00:00,1.8426,1.8455,1.7814,1.8063,253965.0,5e-05
2025-07-31 16:00:00+00:00,1.8063,1.8404,1.7785,1.7844,195391.0,5e-05
2025-07-31 20:00:00+00:00,1.7844,1.7902,1.7292,1.7343,313243.0,-3.16e-05
2025-08-01 00:00:00+00:00,1.7343,1.7504,1.6833,1.7367,398746.0,-0.00010296
2025-08-01 04:00:00+00:00,1.7367,1.7367,1.6663,1.6793,258646.0,-0.00010544
2025-08-01 08:00:00+00:00,1.6793,1.6793,1.6312,1.6548,705847.0,5e-05
2025-08-01 12:00:00+00:00,1.6548,1.7029,1.6232,1.694,486980.0,5e-05
2025-08-01 16:00:00+00:00,1.694,1.7076,1.6078,1.6303,483315.0,5e-05
2025-08-01 20:00:00+00:00,1.6303,1.6533,1.5709,1.6351,577161.0,5e-05
2025-08-02 00:00:00+00:00,1.6351,1.6701,1.6323,1.6681,127980.0,5e-05
2025-08-02 04:00:00+00:00,1.6681,1.6729,1.6191,1.6582,175170.0,5e-05
2025-08-02 08:00:00+00:00,1.6582,1.6626,1.623,1.6553,131831.0,5e-05
2025-08-02 12:00:00+00:00,1.6553,1.6558,1.6015,1.6073,210413.0,-1.605e-05
2025-08-02 16:00:00+00:00,1.6073,1.6229,1.5613,1.585,386642.0,5e-05
2025-08-02 20:00:00+00:00,1.585,1.6166,1.5779,1.5953,146766.0,5e-05
2025-08-03 00:00:00+00:00,1.5953,1.6347,1.5754,1.6245,110713.0,5e-05
2025-08-03 04:00:00+00:00,1.6245,1.6492,1.6175,1.6471,97784.0,-0.00010082
2025-08-03 08:00:00+00:00,1.6471,1.6764,1.6455,1.6676,69321.0,6.55e-06
2025-08-03 12:00:00+00:00,1.6676,1.6759,1.6502,1.665,76077.0,-4.512e-05
2025-08-03 16:00:00+00:00,1.665,1.7057,1.6588,1.7055,158740.0,5e-05
2025-08-03 20:00:00+00:00,1.7055,1.743,1.7009,1.7317,186241.0,-1.686e-05
2025-08-04 00:00:00+00:00,1.7317,1.7753,1.7317,1.7592,211999.0,-4.578e-05
2025-08-04 04:00:00+00:00,1.7592,1.7673,1.7326,1.7552,105870.0,-1.543e-05
2025-08-04 08:00:00+00:00,1.7552,1.7741,1.7515,1.7667,126050.0,2.686e-05
2025-08-04 12:00:00+00:00,1.7667,1.8367,1.7593,1.8155,681409.0,-3.832e-05
2025-08-04 16:00:00+00:00,1.8155,1.8502,1.793,1.8019,299524.0,5e-05
2025-08-04 20:00:00+00:00,1.8019,1.8429,1.7966,1.83,252716.0,4.36e-06
2025-08-05 00:00:00+00:00,1.83,1.8393,1.7875,1.7901,153791.0,5e-05
2025-08-05 04:00:00+00:00,1.7901,1.8327,1.7852,1.8033,313108.0,-5.593e-05
2025-08-05 08:00:00+00:00,1.8033,1.8487,1.7902,1.8395,360812.0,5e-05
2025-08-05 12:00:00+00:00,1.8395,1.87,1.77,1.7888,1917708.0,6.16e-06
2025-08-05 16:00:00+00:00,1.7888,1.8214,1.7757,1.7914,689242.0,5e-05
2025-08-05 20:00:00+00:00,1.7914,1.8186,1.7626,1.8079,538975.0,5e-05
2025-08-06 00:00:00+00:00,1.8079,1.8122,1.7716,1.7975,449383.0,5e-05
2025-08-06 04:00:00+00:00,1.7975,1.8628,1.7837,1.8602,456633.0,5e-05
2025-08-06 08:00:00+00:00,1.8602,1.8619,1.7994,1.8141,433391.0,5e-05
2025-08-06 12:00:00+00:00,1.8141,1.8599,1.7912,1.8585,430508.0,5e-05
2025-08-06 16:00:00+00:00,1.8585,1.8668,1.8266,1.8539,294360.0,5e-05
2025-08-06 20:00:00+00:00,1.8539,1.8621,1.8285,1.8365,162884.0,5e-05
2025-08-07 00:00:00+00:00,1.8365,1.8602,1.8251,1.8354,146151.0,5e-05
2025-08-07 04:00:00+00:00,1.8354,1.8721,1.8327,1.8634,201506.0,5e-05
2025-08-07 08:00:00+00:00,1.8634,1.9442,1.8633,1.9353,500490.0,5e-05
2025-08-07 12:00:00+00:00,1.9353,1.951,1.9088,1.9262,376492.0,5e-05
2025-08-07 16:00:00+00:00,1.9262,1.9442,1.8827,1.9425,191965.0,5e-05
2025-08-07 20:00:00+00:00,1.9425,1.9869,1.931,1.9816,211141.0,5e-05
2025-08-08 00:00:00+00:00,1.9816,2.083,1.9621,2.0738,399060.0,5e-05
2025-08-08 04:00:00+00:00,2.0738,2.124,2.0258,2.1145,758903.0,5e-05
2025-08-08 08:00:00+00:00,2.1145,2.1229,2.041,2.0537,349502.0,5e-05
2025-08-08 12:00:00+00:00,2.0537,2.0768,1.9817,1.999,445210.0,5e-05
2025-08-08 16:00:00+00:00,1.999,2.0593,1.9889,2.0354,279251.0,5e-05
2025-08-08 20:00:00+00:00,2.0354,2.0568,2.0213,2.0322,187647.0,5e-05
2025-08-09 00:00:00+00:00,2.0322,2.0652,2.0239,2.0643,77297.0,5e-05
2025-08-09 04:00:00+00:00,2.0643,2.1487,2.0618,2.1296,307927.0,5e-05
2025-08-09 08:00:00+00:00,2.1296,2.1778,2.1228,2.1298,335161.0,5e-05
2025-08-09 12:00:00+00:00,2.1298,2.1583,2.104,2.1459,216814.0,5e-05
2025-08-09 16:00:00+00:00,2.1459,2.1924,2.1427,2.1753,245921.0,5e-05
2025-08-09 20:00:00+00:00,2.1753,2.2034,2.162,2.1707,176231.0,5e-05
2025-08-10 00:00:00+00:00,2.1707,2.2197,2.129,2.1474,253083.0,5e-05
2025-08-10 04:00:00+00:00,2.1474,2.1686,2.0873,2.0906,335210.0,5e-05
2025-08-10 08:00:00+00:00,2.0906,2.1023,2.0671,2.0779,262074.0,5e-05
2025-08-10 12:00:00+00:00,2.0779,2.1255,2.0741,2.1122,125740.0,5e-05
2025-08-10 16:00:00+00:00,2.1122,2.152,2.1091,2.1385,69618.0,5e-05
2025-08-10 20:00:00+00:00,2.1385,2.1552,2.0972,2.1542,84138.0,5e-05
2025-08-11 00:00:00+00:00,2.1542,2.2106,2.1391,2.1734,142956.0,5e-05
2025-08-11 04:00:00+00:00,2.1734,2.1967,2.1164,2.1201,251664.0,5e-05
2025-08-11 08:00:00+00:00,2.1201,2.1203,2.0164,2.02,333746.0,5e-05
2025-08-11 12:00:00+00:00,2.02,2.1314,2.0181,2.1263,338343.0,5e-05
2025-08-11 16:00:00+00:00,2.1263,2.15,2.0537,2.0681,173516.0,5e-05
2025-08-11 20:00:00+00:00,2.0681,2.0819,2.0177,2.0416,141337.0,5e-05
2025-08-12 00:00:00+00:00,2.0416,2.1036,2.0392,2.0897,89171.0,5e-05
2025-08-12 04:00:00+00:00,2.0897,2.1147,2.0594,2.0776,156373.0,5e-05
2025-08-12 08:00:00+00:00,2.0776,2.078,2.0191,2.0449,151474.0,5e-05
2025-08-12 12:00:00+00:00,2.0449,2.1798,2.0294,2.1707,451389.0,5e-05
2025-08-12 16:00:00+00:00,2.1707,2.1881,2.1459,2.1766,172970.0,5e-05
2025-08-12 20:00:00+00:00,2.1766,2.2574,2.173,2.2158,495206.0,5e-05
2025-08-13 00:00:00+00:00,2.2158,2.2729,2.1804,2.2512,498522.0,5e-05
2025-08-13 04:00:00+00:00,2.2512,2.2853,2.2178,2.2407,346561.0,5e-05
2025-08-13 08:00:00+00:00,2.2407,2.2832,2.2308,2.2654,294155.0,5e-05
2025-08-13 12:00:00+00:00,2.2654,2.2809,2.206,2.229,273631.0,5e-05
2025-08-13 16:00:00+00:00,2.229,2.2628,2.2139,2.252,174728.0,5e-05
2025-08-13 20:00:00+00:00,2.252,2.2681,2.2212,2.2628,172175.0,5e-05
2025-08-14 00:00:00+00:00,2.2628,2.2698,2.2089,2.2633,197296.0,5e-05
2025-08-14 04:00:00+00:00,2.2633,2.3027,2.1881,2.204,652618.0,5e-05
2025-08-14 08:00:00+00:00,2.204,2.2049,2.1552,2.1788,204903.0,5e-05
2025-08-14 12:00:00+00:00,2.1788,2.191,2.0243,2.087,1295412.0,5e-05
2025-08-14 16:00:00+00:00,2.087,2.0874,2.0166,2.0486,379829.0,5e-05
2025-08-14 20:00:00+00:00,2.0486,2.0559,1.9866,2.041,516239.0,5e-05
2025-08-15 00:00:00+00:00,2.041,2.0832,2.0246,2.0793,292910.0,5e-05
2025-08-15 04:00:00+00:00,2.0793,2.0869,2.0483,2.0773,154614.0,5e-05
2025-08-15 08:00:00+00:00,2.0773,2.0926,2.0316,2.0432,210857.0,5e-05
2025-08-15 12:00:00+00:00,2.0432,2.0558,1.9196,1.9329,502357.0,5e-05
2025-08-15 16:00:00+00:00,1.9329,1.9507,1.9,1.9064,331173.0,5e-05
2025-08-15 20:00:00+00:00,1.9064,1.9693,1.9013,1.9386,344485.0,5e-05
2025-08-16 00:00:00+00:00,1.9386,1.9758,1.9265,1.9275,164384.0,5e-05
2025-08-16 04:00:00+00:00,1.9275,1.9785,1.9262,1.9746,128397.0,5e-05
2025-08-16 08:00:00+00:00,1.9746,1.9834,1.915,1.9249,346230.0,5e-05
2025-08-16 12:00:00+00:00,1.9249,1.9804,1.9158,1.9668,331656.0,5e-05
2025-08-16 16:00:00+00:00,1.9668,2.0139,1.9656,2.004,124640.0,5e-05
2025-08-16 20:00:00+00:00,2.004,2.0176,1.9879,2.0052,117576.0,5e-05
2025-08-17 00:00:00+00:00,2.0052,2.0264,1.9847,2.0252,108670.0,5e-05
2025-08-17 04:00:00+00:00,2.0252,2.0419,2.0183,2.0297,171490.0,5e-05
2025-08-17 08:00:00+00:00,2.0297,2.0713,2.0285,2.0632,115097.0,5e-05
2025-08-17 12:00:00+00:00,2.0632,2.1226,2.0546,2.1222,198689.0,5e-05
2025-08-17 16:00:00+00:00,2.1222,2.1294,2.0565,2.0781,343174.0,5e-05
2025-08-17 20:00:00+00:00,2.0781,2.0849,2.051,2.0659,179273.0,5e-05
2025-08-18 00:00:00+00:00,2.0659,2.0711,1.9518,1.9817,737529.0,5e-05
2025-08-18 04:00:00+00:00,1.9817,1.9923,1.9256,1.9306,275318.0,5e-05
2025-08-18 08:00:00+00:00,1.9306,1.9833,1.9231,1.9645,405736.0,5e-05
2025-08-18 12:00:00+00:00,1.9645,2.0165,1.9306,1.9807,479835.0,5e-05
2025-08-18 16:00:00+00:00,1.9807,2.0086,1.955,1.999,257593.0,5e-05
2025-08-18 20:00:00+00:00,1.999,2.0337,1.9795,1.9823,161565.0,5e-05
2025-08-19 00:00:00+00:00,1.9823,2.0185,1.9347,1.9433,282337.0,5e-05
2025-08-19 04:00:00+00:00,1.9433,2.0026,1.9282,1.9897,388130.0,5e-05
2025-08-19 08:00:00+00:00,1.9897,2.047,1.9773,2.0465,322376.0,5e-05
2025-08-19 12:00:00+00:00,2.0465,2.1061,2.0307,2.049,1348459.0,5e-05
2025-08-19 16:00:00+00:00,2.049,2.071,2.0175,2.0327,562336.0,5e-05
2025-08-19 20:00:00+00:00,2.0327,2.0514,1.9817,1.9865,502262.0,5e-05
2025-08-20 00:00:00+00:00,1.9865,2.0554,1.9847,2.0417,299114.0,3.983e-05
2025-08-20 04:00:00+00:00,2.0417,2.103,2.041,2.0834,281691.0,5e-05
2025-08-20 08:00:00+00:00,2.0834,2.1172,2.0682,2.1014,348745.0,5e-05
2025-08-20 12:00:00+00:00,2.1014,2.159,2.0564,2.1273,630228.0,-9.489e-05
2025-08-20 16:00:00+00:00,2.1273,2.2153,2.1223,2.1883,441350.0,5e-05
2025-08-20 20:00:00+00:00,2.1883,2.2604,2.1793,2.2465,388096.0,5e-05
2025-08-21 00:00:00+00:00,2.2465,2.3027,2.232,2.2945,639582.0,5e-05
2025-08-21 04:00:00+00:00,2.2945,2.3767,2.2886,2.3595,830881.0,5e-05
2025-08-21 08:00:00+00:00,2.3595,2.3868,2.3166,2.3614,1143196.0,5e-05
2025-08-21 12:00:00+00:00,2.3614,2.387,2.2953,2.3086,1635577.0,5e-05
2025-08-21 16:00:00+00:00,2.3086,2.3575,2.2935,2.3349,716146.0,5e-05
2025-08-21 20:00:00+00:00,2.3349,2.3715,2.3128,2.338,583718.0,5e-05
2025-08-22 00:00:00+00:00,2.338,2.4164,2.328,2.3786,833522.0,-0.00013427
2025-08-22 04:00:00+00:00,2.3786,2.4692,2.3655,2.396,828665.0,-5.632e-05
2025-08-22 08:00:00+00:00,2.396,2.524,2.3923,2.441,1579345.0,-6.029e-05
2025-08-22 12:00:00+00:00,2.441,2.8435,2.402,2.7367,3333357.0,-4.216e-05
2025-08-22 16:00:00+00:00,2.7367,2.8592,2.7258,2.7292,1460204.0,-1.967e-05
2025-08-22 20:00:00+00:00,2.7292,2.7544,2.6749,2.6811,642553.0,5e-05
2025-08-23 00:00:00+00:00,2.6811,2.6916,2.593,2.6027,502452.0,5e-05
2025-08-23 04:00:00+00:00,2.6027,2.6759,2.5956,2.647,344405.0,5e-05
2025-08-23 08:00:00+00:00,2.647,2.6976,2.637,2.6767,183198.0,5e-05
2025-08-23 12:00:00+00:00,2.6767,2.84,2.6523,2.7635,551518.0,5e-05
2025-08-23 16:00:00+00:00,2.7635,2.7916,2.7107,2.7306,361837.0,5e-05
2025-08-23 20:00:00+00:00,2.7306,2.7317,2.6676,2.675,179153.0,5e-05
2025-08-24 00:00:00+00:00,2.675,2.69,2.6406,2.6527,234583.0,5e-05
2025-08-24 04:00:00+00:00,2.6527,2.6664,2.6053,2.6332,308133.0,5e-05
2025-08-24 08:00:00+00:00,2.6332,2.6446,2.5891,2.6,349286.0,5e-05
2025-08-24 12:00:00+00:00,2.6,2.6041,2.4517,2.5118,1108849.0,5e-05
2025-08-24 16:00:00+00:00,2.5118,2.6267,2.5068,2.5591,1072342.0,5e-05
2025-08-24 20:00:00+00:00,2.5591,2.5941,2.4988,2.555,457970.0,5e-05
2025-08-25 00:00:00+00:00,2.555,2.581,2.5001,2.5257,320649.0,5e-05
2025-08-25 04:00:00+00:00,2.5257,2.5393,2.4278,2.4416,745403.0,5e-05
2025-08-25 08:00:00+00:00,2.4416,2.4728,2.3913,2.4179,513503.0,5e-05
2025-08-25 12:00:00+00:00,2.4179,2.6007,2.3961,2.5574,1030149.0,5e-05
2025-08-25 16:00:00+00:00,2.5574,2.5983,2.4283,2.4337,893049.0,5e-05
2025-08-25 20:00:00+00:00,2.4337,2.451,2.3504,2.3604,805510.0,5e-05
2025-08-26 00:00:00+00:00,2.3604,2.413,2.3395,2.3721,444543.0,5e-05
2025-08-26 04:00:00+00:00,2.3721,2.401,2.3208,2.3399,307261.0,5e-05
2025-08-26 08:00:00+00:00,2.3399,2.3587,2.291,2.3073,339022.0,5e-05
2025-08-26 12:00:00+00:00,2.3073,2.418,2.2938,2.3779,747434.0,5e-05
2025-08-26 16:00:00+00:00,2.3779,2.3852,2.3354,2.365,380961.0,5e-05
2025-08-26 20:00:00+00:00,2.365,2.3879,2.3351,2.3499,565831.0,5e-05
2025-08-27 00:00:00+00:00,2.3499,2.3776,2.3123,2.3542,253414.0,5e-05
2025-08-27 04:00:00+00:00,2.3542,2.3742,2.2953,2.3147,340437.0,5e-05
2025-08-27 08:00:00+00:00,2.3147,2.3495,2.2451,2.2773,725628.0,5e-05
2025-08-27 12:00:00+00:00,2.2773,2.2773,2.16,2.2111,1825805.0,5e-05
2025-08-27 16:00:00+00:00,2.2111,2.2272,2.1553,2.1714,440592.0,5e-05
2025-08-27 20:00:00+00:00,2.1714,2.213,2.1509,2.1571,600076.0,5e-05
2025-08-28 00:00:00+00:00,2.1571,2.1818,2.116,2.172,396948.0,5e-05
2025-08-28 04:00:00+00:00,2.172,2.1989,2.1497,2.1989,387337.0,5e-05
2025-08-28 08:00:00+00:00,2.1989,2.2303,2.1906,2.2092,193722.0,5e-05
2025-08-28 12:00:00+00:00,2.2092,2.2163,2.1283,2.1455,364888.0,5e-05
2025-08-28 16:00:00+00:00,2.1455,2.1748,2.0949,2.097,364420.0,5e-05
2025-08-28 20:00:00+00:00,2.097,2.1246,2.0817,2.1122,387034.0,5e-05
2025-08-29 00:00:00+00:00,2.1122,2.1576,2.0999,2.1482,445376.0,5e-05
2025-08-29 04:00:00+00:00,2.1482,2.1872,2.0663,2.0748,616139.0,5e-05
2025-08-29 08:00:00+00:00,2.0748,2.0878,2.0182,2.0296,659754.0,5e-05
2025-08-29 12:00:00+00:00,2.0296,2.1034,1.9935,2.0105,637757.0,5e-05
2025-08-29 16:00:00+00:00,2.0105,2.0304,1.9771,2.0126,485477.0,5e-05
2025-08-29 20:00:00+00:00,2.0126,2.0241,1.9885,2.0157,217387.0,5e-05
2025-08-30 00:00:00+00:00,2.0157,2.046,1.9903,2.0273,172188.0,5e-05
2025-08-30 04:00:00+00:00,2.0273,2.0452,2.0119,2.0308,124625.0,5e-05
2025-08-30 08:00:00+00:00,2.0308,2.0332,1.996,2.003,117371.0,5e-05
2025-08-30 12:00:00+00:00,2.003,2.0072,1.9575,1.9992,371617.0,5e-05
2025-08-30 16:00:00+00:00,1.9992,2.0033,1.9805,2.0,86366.0,5e-05
2025-08-30 20:00:00+00:00,2.0,2.0124,1.9851,1.998,124708.0,5e-05
2025-08-31 00:00:00+00:00,1.998,2.0068,1.9868,2.0067,275354.0,5e-05
2025-08-31 04:00:00+00:00,2.0067,2.0156,1.9756,1.9871,151103.0,5e-05
2025-08-31 08:00:00+00:00,1.9871,2.0208,1.9788,2.0105,142348.0,5e-05
2025-08-31 12:00:00+00:00,2.0105,2.0311,1.9697,1.9786,212444.0,5e-05
2025-08-31 16:00:00+00:00,1.9786,1.9923,1.93,1.931,385282.0,5e-05
2025-08-31 20:00:00+00:00,1.931,1.9695,1.9217,1.9243,208099.0,5e-05
2025-09-01 00:00:00+00:00,1.9243,1.9315,1.8731,1.9057,786791.0,5e-05
2025-09-01 04:00:00+00:00,1.9057,1.9118,1.8468,1.9118,578151.0,5e-05
2025-09-01 08:00:00+00:00,1.9118,1.9327,1.8446,1.8538,489345.0,5e-05
2025-09-01 12:00:00+00:00,1.8538,1.9099,1.8526,1.9054,303709.0,5e-05
2025-09-01 16:00:00+00:00,1.9054,1.908,1.8311,1.8484,490641.0,5e-05
2025-09-01 20:00:00+00:00,1.8484,1.8507,1.7743,1.8133,615882.0,5e-05
2025-09-02 00:00:00+00:00,1.8133,1.8819,1.8107,1.8756,352536.0,5e-05
2025-09-02 04:00:00+00:00,1.8756,1.9362,1.8683,1.9212,492540.0,5e-05
2025-09-02 08:00:00+00:00,1.9212,1.9433,1.9021,1.9059,453323.0,5e-05
2025-09-02 12:00:00+00:00,1.9059,1.9559,1.8701,1.8822,867603.0,5e-05
2025-09-02 16:00:00+00:00,1.8822,1.9094,1.8599,1.8677,354826.0,5e-05
2025-09-02 20:00:00+00:00,1.8677,1.9431,1.8645,1.9266,219695.0,5e-05
2025-09-03 00:00:00+00:00,1.9266,1.9467,1.9111,1.9114,173175.0,5e-05
2025-09-03 04:00:00+00:00,1.9114,1.9133,1.8677,1.8811,198314.0,5e-05
2025-09-03 08:00:00+00:00,1.8811,1.9472,1.878,1.9276,359137.0,5e-05
2025-09-03 12:00:00+00:00,1.9276,1.9744,1.9173,1.973,403051.0,-1.376e-05
2025-09-03 16:00:00+00:00,1.973,2.0558,1.9602,2.019,727835.0,5e-05
2025-09-03 20:00:00+00:00,2.019,2.0221,1.9859,1.9921,150001.0,5e-05
2025-09-04 00:00:00+00:00,1.9921,2.0078,1.9542,1.9604,260615.0,5e-05
2025-09-04 04:00:00+00:00,1.9604,1.9646,1.9249,1.9409,283386.0,5e-05
2025-09-04 08:00:00+00:00,1.9409,2.1478,1.9356,2.0931,2718580.0,5e-05
2025-09-04 12:00:00+00:00,2.0931,2.1119,1.9878,1.9983,1170373.0,5e-05
2025-09-04 16:00:00+00:00,1.9983,2.0364,1.9799,1.986,429583.0,5e-05
2025-09-04 20:00:00+00:00,1.986,2.0377,1.9831,1.9982,536901.0,9.03e-06
2025-09-05 00:00:00+00:00,1.9982,2.03,1.9856,2.0053,481681.0,-3.579e-05
2025-09-05 04:00:00+00:00,2.0053,2.0357,1.9739,2.025,492783.0,-4.088e-05
2025-09-05 08:00:00+00:00,2.025,2.0443,2.0026,2.0381,373513.0,1.855e-05
2025-09-05 12:00:00+00:00,2.0381,2.064,1.9527,1.9619,996466.0,-3.203e-05
2025-09-05 16:00:00+00:00,1.9619,1.9796,1.9529,1.9796,194193.0,-1.788e-05
2025-09-05 20:00:00+00:00,1.9796,1.988,1.9538,1.9726,187082.0,-8.5e-06
2025-09-06 00:00:00+00:00,1.9726,2.0021,1.9674,1.9987,117538.0,3.351e-05
2025-09-06 04:00:00+00:00,1.9987,2.007,1.9711,1.9782,124298.0,-0.00010243
2025-09-06 08:00:00+00:00,1.9782,1.9925,1.9609,1.9823,126941.0,5e-05
2025-09-06 12:00:00+00:00,1.9823,1.9983,1.9726,1.9786,193821.0,5e-05
2025-09-06 16:00:00+00:00,1.9786,1.9955,1.9546,1.9586,149853.0,5e-05
2025-09-06 20:00:00+00:00,1.9586,2.0021,1.9583,1.9989,74596.0,5e-05
2025-09-07 00:00:00+00:00,1.9989,2.0058,1.9898,2.0017,100328.0,5e-05
2025-09-07 04:00:00+00:00,2.0017,2.0133,1.9808,2.0012,129363.0,5e-05
2025-09-07 08:00:00+00:00,2.0012,2.029,1.862,1.9068,1252238.0,5e-05
2025-09-07 12:00:00+00:00,1.9068,1.9342,1.8968,1.9193,570917.0,-2.189e-05
2025-09-07 16:00:00+00:00,1.9193,1.9579,1.9039,1.9579,226242.0,5e-05
2025-09-07 20:00:00+00:00,1.9579,2.033,1.9516,1.9885,281089.0,5e-05
2025-09-08 00:00:00+00:00,1.9885,2.0064,1.9678,1.9997,220806.0,5e-05
2025-09-08 04:00:00+00:00,1.9997,2.0025,1.9566,1.9626,185336.0,5e-05
2025-09-08 08:00:00+00:00,1.9626,2.0126,1.9622,1.9933,332452.0,5e-05
2025-09-08 12:00:00+00:00,1.9933,2.0179,1.9802,1.9979,240400.0,5e-05
2025-09-08 16:00:00+00:00,1.9979,2.0086,1.9317,1.9376,296089.0,5e-05
2025-09-08 20:00:00+00:00,1.9376,1.9654,1.9279,1.946,144111.0,5e-05
2025-09-09 00:00:00+00:00,1.946,1.9634,1.9155,1.9452,225011.0,5e-05
2025-09-09 04:00:00+00:00,1.9452,2.0113,1.9398,2.0049,400410.0,5e-05
2025-09-09 08:00:00+00:00,2.0049,2.0105,1.9802,1.9908,425761.0,5e-05
2025-09-09 12:00:00+00:00,1.9908,2.0013,1.921,1.9247,509389.0,5e-05
2025-09-09 16:00:00+00:00,1.9247,1.9608,1.9174,1.9513,141285.0,5e-05
2025-09-09 20:00:00+00:00,1.9513,1.9513,1.9102,1.9462,324496.0,5e-05
2025-09-10 00:00:00+00:00,1.9462,1.9731,1.9162,1.9712,218103.0,5e-05
2025-09-10 04:00:00+00:00,1.9712,1.9801,1.9398,1.9564,165348.0,5e-05
2025-09-10 08:00:00+00:00,1.9564,1.9851,1.9373,1.9713,308105.0,5e-05
2025-09-10 12:00:00+00:00,1.9713,2.1336,1.969,2.1284,627830.0,5e-05
2025-09-10 16:00:00+00:00,2.1284,2.1985,2.0001,2.0103,1277066.0,5e-05
2025-09-10 20:00:00+00:00,2.0103,2.024,1.9846,1.9881,287511.0,5e-05
2025-09-11 00:00:00+00:00,1.9881,2.0292,1.9819,2.0176,378436.0,5e-05
2025-09-11 04:00:00+00:00,2.0176,2.0673,2.0032,2.0589,427403.0,5e-05
2025-09-11 08:00:00+00:00,2.0589,2.063,2.0339,2.0378,341631.0,5e-05
2025-09-11 12:00:00+00:00,2.0378,2.0978,2.009,2.0562,913754.0,5e-05
2025-09-11 16:00:00+00:00,2.0562,2.0901,2.0412,2.0739,319130.0,5e-05
2025-09-11 20:00:00+00:00,2.0739,2.1389,2.0681,2.1239,266275.0,5e-05
2025-09-12 00:00:00+00:00,2.1239,2.1431,2.096,2.134,217191.0,5e-05
2025-09-12 04:00:00+00:00,2.134,2.1478,2.1091,2.1454,273015.0,5e-05
2025-09-12 08:00:00+00:00,2.1454,2.1456,2.0864,2.0983,255156.0,5e-05
2025-09-12 12:00:00+00:00,2.0983,2.1236,2.0641,2.1213,316794.0,5e-05
2025-09-12 16:00:00+00:00,2.1213,2.1868,2.1161,2.1787,203812.0,5e-05
2025-09-12 20:00:00+00:00,2.1787,2.2111,2.1593,2.1951,244002.0,5e-05
2025-09-13 00:00:00+00:00,2.1951,2.2011,2.1668,2.1926,242387.0,5e-05
2025-09-13 04:00:00+00:00,2.1926,2.1929,2.1246,2.1278,324020.0,5e-05
2025-09-13 08:00:00+00:00,2.1278,2.1726,2.1278,2.155,221661.0,5e-05
2025-09-13 12:00:00+00:00,2.155,2.1683,2.1085,2.1201,348051.0,5e-05
2025-09-13 16:00:00+00:00,2.1201,2.1311,2.0517,2.0941,636487.0,5e-05
2025-09-13 20:00:00+00:00,2.0941,2.1134,2.0869,2.1072,141485.0,5e-05
2025-09-14 00:00:00+00:00,2.1072,2.1129,2.075,2.0835,152562.0,5e-05
2025-09-14 04:00:00+00:00,2.0835,2.0995,2.0493,2.0682,263665.0,5e-05
2025-09-14 08:00:00+00:00,2.0682,2.0818,2.0212,2.0315,345948.0,5e-05
2025-09-14 12:00:00+00:00,2.0315,2.0483,1.9765,2.0019,611744.0,5e-05
2025-09-14 16:00:00+00:00,2.0019,2.0187,1.9931,2.0134,161963.0,5e-05
2025-09-14 20:00:00+00:00,2.0134,2.0463,2.0108,2.0333,118326.0,5e-05
2025-09-15 00:00:00+00:00,2.0333,2.0783,2.0101,2.0687,291659.0,5e-05
2025-09-15 04:00:00+00:00,2.0687,2.0825,1.9954,2.003,439486.0,5e-05
2025-09-15 08:00:00+00:00,2.003,2.003,1.9492,1.968,538903.0,5e-05
2025-09-15 12:00:00+00:00,1.968,2.0108,1.935,1.9554,911228.0,5e-05
2025-09-15 16:00:00+00:00,1.9554,1.9613,1.9356,1.9479,218314.0,5e-05
2025-09-15 20:00:00+00:00,1.9479,1.9805,1.9451,1.9688,96253.0,5e-05
2025-09-16 00:00:00+00:00,1.9688,1.9693,1.9458,1.9474,140644.0,5e-05
2025-09-16 04:00:00+00:00,1.9474,1.9633,1.9197,1.9486,185125.0,5e-05
2025-09-16 08:00:00+00:00,1.9486,1.9795,1.9465,1.9679,187658.0,5e-05
2025-09-16 12:00:00+00:00,1.9679,1.9851,1.9234,1.9805,361577.0,5e-05
2025-09-16 16:00:00+00:00,1.9805,2.015,1.9697,1.9997,469916.0,5e-05
2025-09-16 20:00:00+00:00,1.9997,2.0276,1.9868,1.9964,153072.0,5e-05
2025-09-17 00:00:00+00:00,1.9964,2.0294,1.9909,2.001,202769.0,5e-05
2025-09-17 04:00:00+00:00,2.001,2.0218,1.981,2.0178,210205.0,5e-05
2025-09-17 08:00:00+00:00,2.0178,2.0188,1.9716,1.981,178021.0,5e-05
2025-09-17 12:00:00+00:00,1.981,1.9907,1.9558,1.9867,263259.0,5e-05
2025-09-17 16:00:00+00:00,1.9867,2.025,1.9681,2.0146,819370.0,5e-05
2025-09-17 20:00:00+00:00,2.0146,2.0739,1.9874,2.0624,355312.0,5e-05
2025-09-18 00:00:00+00:00,2.0624,2.0799,2.0464,2.0654,289055.0,5e-05
2025-09-18 04:00:00+00:00,2.0654,2.0808,2.0271,2.0552,440849.0,5e-05
2025-09-18 08:00:00+00:00,2.0552,2.0779,2.0431,2.0521,271790.0,5e-05
2025-09-18 12:00:00+00:00,2.0521,2.1526,2.047,2.1297,1660888.0,5e-05
2025-09-18 16:00:00+00:00,2.1297,2.4768,2.0901,2.3592,7677136.0,5e-05
2025-09-18 20:00:00+00:00,2.3592,2.3686,2.2883,2.3512,1174327.0,5e-05
2025-09-19 00:00:00+00:00,2.3512,2.3561,2.2698,2.2717,913002.0,5e-05
2025-09-19 04:00:00+00:00,2.2717,2.2717,2.1974,2.1989,1542483.0,0.0001066
2025-09-19 08:00:00+00:00,2.1989,2.2188,2.1373,2.1481,494413.0,5e-05
2025-09-19 12:00:00+00:00,2.1481,2.1694,2.0925,2.1146,908714.0,5e-05
2025-09-19 16:00:00+00:00,2.1146,2.13,2.0799,2.0878,445391.0,5e-05
2025-09-19 20:00:00+00:00,2.0878,2.1044,2.07,2.0841,410453.0,5e-05
2025-09-20 00:00:00+00:00,2.0841,2.089,2.0485,2.0667,255787.0,5e-05
2025-09-20 04:00:00+00:00,2.0667,2.1188,2.0621,2.1166,616417.0,5e-05
2025-09-20 08:00:00+00:00,2.1166,2.1167,2.0061,2.0248,878950.0,5e-05
2025-09-20 12:00:00+00:00,2.0248,2.0508,2.0036,2.0297,438149.0,5e-05
2025-09-20 16:00:00+00:00,2.0297,2.0463,2.0024,2.0101,554679.0,5e-05
2025-09-20 20:00:00+00:00,2.0101,2.0182,2.0036,2.0093,133622.0,5e-05
2025-09-21 00:00:00+00:00,2.0093,2.0272,1.9929,2.0269,221529.0,5e-05
2025-09-21 04:00:00+00:00,2.0269,2.0703,2.0067,2.0348,521371.0,5e-05
2025-09-21 08:00:00+00:00,2.0348,2.0348,1.9691,1.9954,668433.0,5e-05
2025-09-21 12:00:00+00:00,1.9954,2.0149,1.9913,2.0001,271985.0,5e-05
2025-09-21 16:00:00+00:00,2.0001,2.0093,1.9727,1.9909,191752.0,5e-05
2025-09-21 20:00:00+00:00,1.9909,1.9909,1.958,1.958,225634.0,5e-05
2025-09-22 00:00:00+00:00,1.958,1.9662,1.8642,1.8913,791480.0,5e-05
2025-09-22 04:00:00+00:00,1.8913,1.8958,1.658,1.8223,1758831.0,5e-05
2025-09-22 08:00:00+00:00,1.8223,1.8737,1.8084,1.8737,432817.0,4.625e-05
2025-09-22 12:00:00+00:00,1.8737,1.8903,1.8421,1.8469,569609.0,5e-05
2025-09-22 16:00:00+00:00,1.8469,1.8521,1.8099,1.8236,476474.0,5e-05
2025-09-22 20:00:00+00:00,1.8236,1.8473,1.8203,1.8336,179491.0,5e-05
2025-09-23 00:00:00+00:00,1.8336,1.8387,1.7772,1.8089,340983.0,5e-05
2025-09-23 04:00:00+00:00,1.8089,1.8273,1.7949,1.8009,215967.0,5e-05
2025-09-23 08:00:00+00:00,1.8009,1.8178,1.794,1.8039,204535.0,5e-05
2025-09-23 12:00:00+00:00,1.8039,1.8184,1.7755,1.7952,246926.0,5e-05
2025-09-23 16:00:00+00:00,1.7952,1.825,1.7401,1.7462,289997.0,5e-05
2025-09-23 20:00:00+00:00,1.7462,1.7521,1.7236,1.7261,215135.0,5e-05
2025-09-24 00:00:00+00:00,1.7261,1.7835,1.7254,1.7436,452227.0,5e-05
2025-09-24 04:00:00+00:00,1.7436,1.7873,1.7209,1.7799,453278.0,5e-05
2025-09-24 08:00:00+00:00,1.7799,1.8005,1.7691,1.7892,200681.0,5e-05
2025-09-24 12:00:00+00:00,1.7892,1.8004,1.7612,1.7688,277183.0,5e-05
2025-09-24 16:00:00+00:00,1.7688,1.7716,1.739,1.7465,179295.0,5e-05
2025-09-24 20:00:00+00:00,1.7465,1.7507,1.7258,1.7339,140962.0,5e-05
2025-09-25 00:00:00+00:00,1.7339,1.7407,1.6914,1.7094,293029.0,5e-05
2025-09-25 04:00:00+00:00,1.7094,1.714,1.6456,1.6581,302784.0,5e-05
2025-09-25 08:00:00+00:00,1.6581,1.6865,1.6533,1.6606,337929.0,5e-05
2025-09-25 12:00:00+00:00,1.6606,1.6699,1.6275,1.6556,562006.0,5e-05
2025-09-25 16:00:00+00:00,1.6556,1.6718,1.6104,1.6546,676340.0,5e-05
2025-09-25 20:00:00+00:00,1.6546,1.6606,1.6132,1.6252,333245.0,5e-05
2025-09-26 00:00:00+00:00,1.6252,1.6696,1.6224,1.6682,301612.0,5e-05
2025-09-26 04:00:00+00:00,1.6682,1.6737,1.643,1.661,243222.0,5e-05
2025-09-26 08:00:00+00:00,1.661,1.6682,1.6214,1.6349,410310.0,5e-05
2025-09-26 12:00:00+00:00,1.6349,1.6806,1.6183,1.6703,509241.0,5e-05
2025-09-26 16:00:00+00:00,1.6703,1.7211,1.6692,1.6982,293875.0,5e-05
2025-09-26 20:00:00+00:00,1.6982,1.7143,1.6816,1.6868,337633.0,5e-05
2025-09-27 00:00:00+00:00,1.6868,1.6869,1.6622,1.675,225000.0,5e-05
2025-09-27 04:00:00+00:00,1.675,1.6843,1.6707,1.6732,97735.0,5e-05
2025-09-27 08:00:00+00:00,1.6732,1.6778,1.6551,1.6721,120686.0,5e-05
2025-09-27 12:00:00+00:00,1.6721,1.7099,1.6687,1.7078,189530.0,5e-05
2025-09-27 16:00:00+00:00,1.7078,1.7087,1.6732,1.6833,148847.0,5e-05
2025-09-27 20:00:00+00:00,1.6833,1.6983,1.6797,1.6866,243614.0,5e-05
2025-09-28 00:00:00+00:00,1.6866,1.694,1.6676,1.6748,126912.0,5e-05
2025-09-28 04:00:00+00:00,1.6748,1.697,1.6693,1.6944,118697.0,5e-05
2025-09-28 08:00:00+00:00,1.6944,1.6954,1.669,1.6746,168970.0,5e-05
2025-09-28 12:00:00+00:00,1.6746,1.6947,1.6559,1.6869,198272.0,5e-05
2025-09-28 16:00:00+00:00,1.6869,1.7222,1.6869,1.7164,167684.0,5e-05
2025-09-28 20:00:00+00:00,1.7164,1.7612,1.7164,1.7487,261500.0,5e-05
2025-09-29 00:00:00+00:00,1.7487,1.7714,1.742,1.7476,177269.0,5e-05
2025-09-29 04:00:00+00:00,1.7476,1.7494,1.7215,1.7313,140318.0,5e-05
2025-09-29 08:00:00+00:00,1.7313,1.7484,1.7184,1.7332,138781.0,5e-05
2025-09-29 12:00:00+00:00,1.7332,1.7733,1.7184,1.7264,529507.0,5e-05
2025-09-29 16:00:00+00:00,1.7264,1.7493,1.7088,1.739,296116.0,5e-05
2025-09-29 20:00:00+00:00,1.739,1.7604,1.735,1.7355,295384.0,5e-05
2025-09-30 00:00:00+00:00,1.7355,1.7386,1.7051,1.7065,201045.0,5e-05
2025-09-30 04:00:00+00:00,1.7065,1.708,1.6801,1.6838,193056.0,5e-05
2025-09-30 08:00:00+00:00,1.6838,1.6916,1.6751,1.6892,145224.0,5e-05
2025-09-30 12:00:00+00:00,1.6892,1.6931,1.6484,1.6586,347022.0,5e-05
2025-09-30 16:00:00+00:00,1.6586,1.7161,1.6436,1.7158,261726.0,5e-05
2025-09-30 20:00:00+00:00,1.7158,1.7374,1.6896,1.6982,209869.0,5e-05
2025-10-01 00:00:00+00:00,1.6982,1.7068,1.6823,1.6897,105727.0,5e-05
2025-10-01 04:00:00+00:00,1.6897,1.739,1.6832,1.7306,237947.0,5e-05
2025-10-01 08:00:00+00:00,1.7306,1.8322,1.7231,1.8185,765543.0,5e-05
2025-10-01 12:00:00+00:00,1.8185,1.8209,1.7824,1.8037,441041.0,5e-05
2025-10-01 16:00:00+00:00,1.8037,1.8468,1.7873,1.8437,274875.0,5e-05
2025-10-01 20:00:00+00:00,1.8437,1.8484,1.8159,1.8372,174032.0,5e-05
2025-10-02 00:00:00+00:00,1.8372,1.8468,1.8138,1.817,171995.0,5e-05
2025-10-02 04:00:00+00:00,1.817,1.8428,1.8101,1.8266,327759.0,5e-05
2025-10-02 08:00:00+00:00,1.8266,1.8425,1.8058,1.8165,229858.0,5e-05
2025-10-02 12:00:00+00:00,1.8165,1.8821,1.8129,1.8403,651577.0,5e-05
2025-10-02 16:00:00+00:00,1.8403,1.9976,1.8303,1.9865,1486328.0,5e-05
2025-10-02 20:00:00+00:00,1.9865,1.993,1.9185,1.9629,717335.0,5e-05
2025-10-03 00:00:00+00:00,1.9629,1.9722,1.9217,1.9356,280449.0,5e-05
2025-10-03 04:00:00+00:00,1.9356,1.943,1.9056,1.9371,243628.0,5e-05
2025-10-03 08:00:00+00:00,1.9371,2.1195,1.9352,2.0686,4528458.0,5e-05
2025-10-03 12:00:00+00:00,2.0686,2.1387,1.8714,1.9252,6916389.0,5e-05
2025-10-03 16:00:00+00:00,1.9252,1.9661,1.8576,1.8957,2943802.0,-0.00021427
2025-10-03 20:00:00+00:00,1.8957,1.9171,1.8739,1.8742,694850.0,5e-05
2025-10-04 00:00:00+00:00,1.8742,1.9087,1.8261,1.8287,1360882.0,5e-05
2025-10-04 04:00:00+00:00,1.8287,1.8924,1.8269,1.886,1169164.0,5e-05
2025-10-04 08:00:00+00:00,1.886,1.8976,1.85,1.8526,726510.0,5e-05
2025-10-04 12:00:00+00:00,1.8526,1.8782,1.8077,1.826,746134.0,5e-05
2025-10-04 16:00:00+00:00,1.826,1.869,1.8253,1.8619,521048.0,5e-05
2025-10-04 20:00:00+00:00,1.8619,1.8813,1.8533,1.8541,198075.0,5e-05
2025-10-05 00:00:00+00:00,1.8541,1.8701,1.8243,1.8552,450789.0,5e-05
2025-10-05 04:00:00+00:00,1.8552,1.902,1.8539,1.8896,454303.0,5e-05
2025-10-05 08:00:00+00:00,1.8896,1.8999,1.8624,1.8871,472182.0,5e-05
2025-10-05 12:00:00+00:00,1.8871,1.9151,1.8576,1.876,505629.0,5e-05
2025-10-05 16:00:00+00:00,1.876,1.9052,1.8586,1.8955,414078.0,5e-05
2025-10-05 20:00:00+00:00,1.8955,1.8955,1.8733,1.8832,250959.0,5e-05
2025-10-06 00:00:00+00:00,1.8832,1.8919,1.8326,1.8519,658620.0,4.755e-05
2025-10-06 04:00:00+00:00,1.8519,1.8709,1.8392,1.8571,231599.0,4.836e-05
2025-10-06 08:00:00+00:00,1.8571,1.9151,1.8454,1.9006,556171.0,5e-05
2025-10-06 12:00:00+00:00,1.9006,1.9831,1.8744,1.9604,934943.0,5e-05
2025-10-06 16:00:00+00:00,1.9604,2.0067,1.9359,1.9427,681066.0,5e-05
2025-10-06 20:00:00+00:00,1.9427,1.9506,1.9122,1.9151,273283.0,5e-05
2025-10-07 00:00:00+00:00,1.9151,1.9496,1.9112,1.9295,374068.0,5e-05
2025-10-07 04:00:00+00:00,1.9295,1.9461,1.9049,1.9219,428109.0,5e-05
2025-10-07 08:00:00+00:00,1.9219,1.9219,1.8893,1.9022,313174.0,5e-05
2025-10-07 12:00:00+00:00,1.9022,1.9244,1.8251,1.8254,1246607.0,5e-05
2025-10-07 16:00:00+00:00,1.8254,1.8314,1.7747,1.7807,848645.0,5e-05
2025-10-07 20:00:00+00:00,1.7807,1.8144,1.7749,1.778,251460.0,5e-05
2025-10-08 00:00:00+00:00,1.778,1.797,1.744,1.7556,274031.0,5e-05
2025-10-08 04:00:00+00:00,1.7556,1.778,1.7485,1.7774,229537.0,5e-05
2025-10-08 08:00:00+00:00,1.7774,1.7856,1.7465,1.7499,250860.0,5e-05
2025-10-08 12:00:00+00:00,1.7499,1.7964,1.7463,1.7741,324260.0,5e-05
2025-10-08 16:00:00+00:00,1.7741,1.8161,1.7706,1.8017,280099.0,5e-05
2025-10-08 20:00:00+00:00,1.8017,1.812,1.7842,1.7885,124808.0,5e-05
2025-10-09 00:00:00+00:00,1.7885,1.7941,1.7231,1.7436,271690.0,5e-05
2025-10-09 04:00:00+00:00,1.7436,1.7611,1.7331,1.7404,237983.0,5e-05
2025-10-09 08:00:00+00:00,1.7404,1.7411,1.6954,1.7185,541876.0,5e-05
2025-10-09 12:00:00+00:00,1.7185,1.737,1.6655,1.6742,432288.0,5e-05
2025-10-09 16:00:00+00:00,1.6742,1.7019,1.6656,1.6902,276281.0,5e-05
2025-10-09 20:00:00+00:00,1.6902,1.7051,1.6817,1.7039,115966.0,5e-05
2025-10-10 00:00:00+00:00,1.7039,1.7045,1.6372,1.6501,626540.0,5e-05
2025-10-10 04:00:00+00:00,1.6501,1.6659,1.6237,1.6308,346102.0,5e-05
2025-10-10 08:00:00+00:00,1.6308,1.6698,1.6291,1.6679,319277.0,5e-05
2025-10-10 12:00:00+00:00,1.6679,1.6935,1.5711,1.5864,1104269.0,5e-05
2025-10-10 16:00:00+00:00,1.5864,1.6079,1.5438,1.5616,598490.0,5e-05
2025-10-10 20:00:00+00:00,1.5616,1.5766,0.5178,1.3632,10254155.0,5e-05
2025-10-11 00:00:00+00:00,1.3632,1.5148,1.3157,1.5108,3275529.0,-0.00054029
2025-10-11 04:00:00+00:00,1.5108,1.7246,1.5089,1.5887,3477493.0,5e-05
2025-10-11 08:00:00+00:00,1.5887,1.6862,1.5755,1.6296,1405463.0,5e-05
2025-10-11 12:00:00+00:00,1.6296,1.8846,1.5817,1.6566,3937442.0,5e-05
2025-10-11 16:00:00+00:00,1.6566,1.7056,1.5834,1.6079,1788266.0,5e-05
2025-10-11 20:00:00+00:00,1.6079,1.62,1.544,1.604,1249352.0,5e-05
2025-10-12 00:00:00+00:00,1.604,1.6459,1.5715,1.6119,1040618.0,5e-05
2025-10-12 04:00:00+00:00,1.6119,1.7385,1.6081,1.7238,1216676.0,-0.0003083
2025-10-12 08:00:00+00:00,1.7238,1.8294,1.7071,1.824,1739727.0,-5.046e-05
2025-10-12 12:00:00+00:00,1.824,2.0049,1.7851,1.977,3295053.0,-0.00023338
2025-10-12 16:00:00+00:00,1.977,2.0429,1.9395,1.9794,1981372.0,-8.59e-06
2025-10-12 20:00:00+00:00,1.9794,2.0175,1.9431,1.9624,859771.0,5e-05
2025-10-13 00:00:00+00:00,1.9624,1.9975,1.9118,1.9802,635322.0,5e-05
2025-10-13 04:00:00+00:00,1.9802,2.0051,1.9455,1.9807,824980.0,5e-05
2025-10-13 08:00:00+00:00,1.9807,2.014,1.9135,1.9422,988043.0,5e-05
2025-10-13 12:00:00+00:00,1.9422,2.0143,1.9242,1.9784,1463834.0,5e-05
2025-10-13 16:00:00+00:00,1.9784,2.0107,1.947,1.9901,777646.0,5e-05
2025-10-13 20:00:00+00:00,1.9901,2.0021,1.9524,1.9784,425363.0,5e-05
2025-10-14 00:00:00+00:00,1.9784,1.9965,1.9188,1.9201,492489.0,5e-05
2025-10-14 04:00:00+00:00,1.9201,1.9272,1.7605,1.7715,1439847.0,5e-05
2025-10-14 08:00:00+00:00,1.7715,1.8084,1.7423,1.7971,852864.0,5e-05
2025-10-14 12:00:00+00:00,1.7971,1.8945,1.7744,1.8917,1314917.0,5e-05
2025-10-14 16:00:00+00:00,1.8917,1.9499,1.8648,1.9214,1054198.0,5e-05
2025-10-14 20:00:00+00:00,1.9214,1.9967,1.9161,1.9829,408393.0,5e-05
2025-10-15 00:00:00+00:00,1.9829,1.9992,1.9291,1.9327,731042.0,5e-05
2025-10-15 04:00:00+00:00,1.9327,1.9648,1.9202,1.964,368710.0,5e-05
2025-10-15 08:00:00+00:00,1.964,2.0731,1.9611,1.9798,1670429.0,5e-05
2025-10-15 12:00:00+00:00,1.9798,2.0746,1.9272,1.9486,2621620.0,5e-05
2025-10-15 16:00:00+00:00,1.9486,1.961,1.8764,1.8837,762081.0,5e-05
2025-10-15 20:00:00+00:00,1.8837,1.9162,1.8484,1.8967,888725.0,5e-05
2025-10-16 00:00:00+00:00,1.8967,1.9785,1.8922,1.9504,451623.0,5e-05
2025-10-16 04:00:00+00:00,1.9504,1.9776,1.9187,1.9239,342777.0,5e-05
2025-10-16 08:00:00+00:00,1.9239,1.99,1.8847,1.9856,849649.0,5e-05
2025-10-16 12:00:00+00:00,1.9856,1.9943,1.8364,1.8438,1098524.0,5e-05
2025-10-16 16:00:00+00:00,1.8438,1.8571,1.7537,1.7673,1800518.0,5e-05
2025-10-16 20:00:00+00:00,1.7673,1.7771,1.7376,1.7711,401517.0,5e-05
2025-10-17 00:00:00+00:00,1.7711,1.8034,1.7326,1.7583,585848.0,5e-05
2025-10-17 04:00:00+00:00,1.7583,1.7597,1.6154,1.6199,1046855.0,5e-05
2025-10-17 08:00:00+00:00,1.6199,1.6998,1.6072,1.694,1265361.0,5e-05
2025-10-17 12:00:00+00:00,1.694,1.6996,1.6366,1.6834,944327.0,1.741e-05
2025-10-17 16:00:00+00:00,1.6834,1.7046,1.6547,1.6972,529220.0,-0.00022749
2025-10-17 20:00:00+00:00,1.6972,1.7708,1.6932,1.769,482594.0,-0.00034241
2025-10-18 00:00:00+00:00,1.769,1.8295,1.7667,1.7866,596759.0,-0.0003073
2025-10-18 04:00:00+00:00,1.7866,1.8407,1.7634,1.8259,545413.0,5e-05
2025-10-18 08:00:00+00:00,1.8259,1.8775,1.8061,1.8542,815805.0,-3.708e-05
2025-10-18 12:00:00+00:00,1.8542,1.8722,1.8192,1.8409,610692.0,-0.00015241
2025-10-18 16:00:00+00:00,1.8409,1.8681,1.8121,1.8681,328716.0,-0.0001796
2025-10-18 20:00:00+00:00,1.8681,1.9098,1.8548,1.8855,398188.0,-9.903e-05
2025-10-19 00:00:00+00:00,1.8855,1.9486,1.8677,1.9358,572233.0,-0.00026903
2025-10-19 04:00:00+00:00,1.9358,1.9493,1.8236,1.8383,784703.0,-0.00010207
2025-10-19 08:00:00+00:00,1.8383,2.0341,1.8047,1.9433,1795748.0,4.164e-05
2025-10-19 12:00:00+00:00,1.9433,1.9891,1.8922,1.9477,2945505.0,5e-05
2025-10-19 16:00:00+00:00,1.9477,1.9677,1.9124,1.9144,1213355.0,5e-05
2025-10-19 20:00:00+00:00,1.9144,1.9502,1.9143,1.9299,346811.0,-0.00021588
2025-10-20 00:00:00+00:00,1.9299,2.1208,1.9166,2.1136,2748016.0,-0.00028944
2025-10-20 04:00:00+00:00,2.1136,2.238,1.9617,1.9768,4721312.0,-5.859e-05
2025-10-20 08:00:00+00:00,1.9768,2.0303,1.8749,2.0087,5425958.0,-0.0001539
2025-10-20 12:00:00+00:00,2.0087,2.0088,1.9264,1.9286,925516.0,-0.0005525
2025-10-20 16:00:00+00:00,1.9286,1.9531,1.896,1.9402,1040945.0,-0.00033467
2025-10-20 20:00:00+00:00,1.9402,1.968,1.9087,1.9288,534494.0,-0.00041722
2025-10-21 00:00:00+00:00,1.9288,1.9288,1.8596,1.8668,450879.0,-0.00043285
2025-10-21 04:00:00+00:00,1.8668,1.9031,1.8199,1.8922,722073.0,-0.00035612
2025-10-21 08:00:00+00:00,1.8922,1.898,1.8474,1.8764,572936.0,-0.00026576
2025-10-21 12:00:00+00:00,1.8764,2.0178,1.8677,1.9914,1106693.0,-0.00016728
2025-10-21 16:00:00+00:00,1.9914,1.9979,1.9232,1.9364,766934.0,-2.659e-05
2025-10-21 20:00:00+00:00,1.9364,1.9397,1.8447,1.8484,701585.0,-6.386e-05
2025-10-22 00:00:00+00:00,1.8484,1.8578,1.8242,1.8306,483115.0,-0.00014869
2025-10-22 04:00:00+00:00,1.8306,1.8403,1.8113,1.83,453746.0,-0.00020947
2025-10-22 08:00:00+00:00,1.83,1.8339,1.7781,1.8136,447391.0,-0.00021787
2025-10-22 12:00:00+00:00,1.8136,1.8411,1.788,1.8309,685612.0,-0.00017111
2025-10-22 16:00:00+00:00,1.8309,1.8438,1.8079,1.8261,568186.0,-0.00027098
2025-10-22 20:00:00+00:00,1.8261,1.8316,1.768,1.8179,476866.0,-0.00044693
2025-10-23 00:00:00+00:00,1.8179,1.854,1.8073,1.8497,326859.0,-0.00015269
2025-10-23 04:00:00+00:00,1.8497,1.8823,1.8411,1.8727,259153.0,-0.00048463
2025-10-23 08:00:00+00:00,1.8727,1.8896,1.8581,1.8729,227422.0,-0.0006965
2025-10-23 12:00:00+00:00,1.8729,1.8813,1.8395,1.8545,487646.0,-0.00075414
2025-10-23 16:00:00+00:00,1.8545,1.9098,1.8501,1.8869,485103.0,-0.00043981
2025-10-23 20:00:00+00:00,1.8869,1.9143,1.8581,1.9137,332039.0,-0.00030879
2025-10-24 00:00:00+00:00,1.9137,1.9626,1.9127,1.9503,355838.0,-0.00029949
2025-10-24 04:00:00+00:00,1.9503,2.0074,1.9395,1.9742,499464.0,-0.00031203
2025-10-24 08:00:00+00:00,1.9742,2.0012,1.9663,1.9916,335486.0,-0.00036328
2025-10-24 12:00:00+00:00,1.9916,2.0632,1.9275,1.9373,1558094.0,-0.00026022
2025-10-24 16:00:00+00:00,1.9373,1.9819,1.925,1.9812,319341.0,-0.00027561
2025-10-24 20:00:00+00:00,1.9812,2.0298,1.9767,2.0286,316573.0,-0.00025235
2025-10-25 00:00:00+00:00,2.0286,2.0288,1.9826,1.9908,248274.0,-6.053e-05
2025-10-25 04:00:00+00:00,1.9908,2.0045,1.954,1.9561,200716.0,5e-05
2025-10-25 08:00:00+00:00,1.9561,1.9907,1.956,1.9889,141077.0,5e-05
2025-10-25 12:00:00+00:00,1.9889,2.0383,1.9832,1.9888,339333.0,5e-05
2025-10-25 16:00:00+00:00,1.9888,2.0234,1.9888,2.0007,179272.0,5e-05
2025-10-25 20:00:00+00:00,2.0007,2.0091,1.982,1.9846,214544.0,5e-05
2025-10-26 00:00:00+00:00,1.9846,1.9984,1.966,1.9847,201645.0,5e-05
2025-10-26 04:00:00+00:00,1.9847,1.9948,1.9683,1.9916,157395.0,-0.0001501
2025-10-26 08:00:00+00:00,1.9916,2.0287,1.9821,2.0268,149010.0,-0.00015042
2025-10-26 12:00:00+00:00,2.0268,2.0884,2.0195,2.0854,330491.0,-0.00018035
2025-10-26 16:00:00+00:00,2.0854,2.0892,2.0419,2.0653,336248.0,-0.00011655
2025-10-26 20:00:00+00:00,2.0653,2.1133,2.0491,2.093,337640.0,2.716e-05
2025-10-27 00:00:00+00:00,2.093,2.1402,2.0863,2.1084,263367.0,-8.902e-05
2025-10-27 04:00:00+00:00,2.1084,2.1268,2.0909,2.1083,164336.0,-5.89e-05
2025-10-27 08:00:00+00:00,2.1083,2.1097,2.0468,2.0677,544784.0,-7.217e-05
2025-10-27 12:00:00+00:00,2.0677,2.0698,2.0115,2.0531,262619.0,-0.00027769
2025-10-27 16:00:00+00:00,2.0531,2.0951,2.0531,2.0708,222931.0,-8.389e-05
2025-10-27 20:00:00+00:00,2.0708,2.0735,2.0356,2.0474,201717.0,-0.00015307
2025-10-28 00:00:00+00:00,2.0474,2.0848,2.0407,2.0483,295595.0,-7.55e-05
2025-10-28 04:00:00+00:00,2.0483,2.0901,2.0421,2.0557,469308.0,-0.00022681
2025-10-28 08:00:00+00:00,2.0557,2.0663,1.9947,1.9957,173570.0,5e-05
2025-10-28 12:00:00+00:00,1.9957,2.0159,1.9507,1.99,437383.0,5e-05
2025-10-28 16:00:00+00:00,1.99,2.0029,1.9419,1.9483,181702.0,5e-05
2025-10-28 20:00:00+00:00,1.9483,1.9494,1.895,1.9248,285262.0,2.129e-05
2025-10-29 00:00:00+00:00,1.9248,1.9491,1.9093,1.9477,146942.0,-2.311e-05
2025-10-29 04:00:00+00:00,1.9477,1.9945,1.942,1.9835,281724.0,-8.282e-05
2025-10-29 08:00:00+00:00,1.9835,2.0007,1.9732,1.9837,109806.0,2.39e-06
2025-10-29 12:00:00+00:00,1.9837,2.0173,1.9679,1.9969,281578.0,-9.82e-06
2025-10-29 16:00:00+00:00,1.9969,2.0078,1.9161,1.9647,655361.0,-0.00011868
2025-10-29 20:00:00+00:00,1.9647,1.9973,1.9582,1.9783,162343.0,-0.00018554
2025-10-30 00:00:00+00:00,1.9783,1.9975,1.9718,1.9853,187971.0,-0.00022516
2025-10-30 04:00:00+00:00,1.9853,2.0001,1.9159,1.9853,566275.0,-0.00064065
2025-10-30 08:00:00+00:00,1.9853,1.9976,1.9611,1.9842,323027.0,-0.00037558
2025-10-30 12:00:00+00:00,1.9842,1.9911,1.8966,1.9162,637365.0,-0.00016385
2025-10-30 16:00:00+00:00,1.9162,1.9283,1.8774,1.8876,485833.0,-0.00014789
2025-10-30 20:00:00+00:00,1.8876,1.9647,1.8803,1.9614,210343.0,-8.445e-05
2025-10-31 00:00:00+00:00,1.9614,2.0177,1.9614,1.9858,323724.0,-0.00019339
2025-10-31 04:00:00+00:00,1.9858,2.0003,1.9805,1.9843,145813.0,-0.00022949
2025-10-31 08:00:00+00:00,1.9843,2.0343,1.9774,2.0057,264183.0,-5.188e-05
2025-10-31 12:00:00+00:00,2.0057,2.0059,1.9788,1.9835,172953.0,-0.00013204
2025-10-31 16:00:00+00:00,1.9835,2.0383,1.9793,1.9999,363332.0,-0.00047587
2025-10-31 20:00:00+00:00,1.9999,2.0035,1.9539,1.9569,159850.0,-3.309e-05
2025-11-01 00:00:00+00:00,1.9569,1.9962,1.9522,1.9928,157313.0,-0.0001369
2025-11-01 04:00:00+00:00,1.9928,2.02,1.9859,2.0009,123119.0,-0.00038297
2025-11-01 08:00:00+00:00,2.0009,2.0291,1.9939,2.0277,146237.0,-0.00020554
2025-11-01 12:00:00+00:00,2.0277,2.0556,2.0024,2.0259,210582.0,-0.00030134
2025-11-01 16:00:00+00:00,2.0259,2.0462,2.0229,2.0296,159942.0,5e-05
2025-11-01 20:00:00+00:00,2.0296,2.0461,2.0122,2.0303,128803.0,2.933e-05
2025-11-02 00:00:00+00:00,2.0303,2.0306,1.9987,2.0024,132072.0,5e-05
2025-11-02 04:00:00+00:00,2.0024,2.0266,1.998,2.0191,154915.0,5e-05
2025-11-02 08:00:00+00:00,2.0191,2.0213,1.9853,2.021,375252.0,-0.0002651
2025-11-02 12:00:00+00:00,2.021,2.04,1.9776,1.9817,858096.0,-0.00087042
2025-11-02 16:00:00+00:00,1.9817,2.0174,1.9791,1.9938,190989.0,-5.919e-05
2025-11-02 20:00:00+00:00,1.9938,2.0948,1.9843,2.0766,931121.0,-0.00052837
2025-11-03 00:00:00+00:00,2.0766,2.0906,1.9363,1.9407,636580.0,5e-05
2025-11-03 04:00:00+00:00,1.9407,1.9712,1.922,1.932,396886.0,5e-05
2025-11-03 08:00:00+00:00,1.932,1.9647,1.885,1.9071,506086.0,-0.00023825
2025-11-03 12:00:00+00:00,1.9071,1.9204,1.791,1.8196,1017648.0,-0.00014003
2025-11-03 16:00:00+00:00,1.8196,1.8649,1.8076,1.8264,464923.0,-0.00029746
2025-11-03 20:00:00+00:00,1.8264,1.8497,1.802,1.8475,343505.0,-0.0003876
2025-11-04 00:00:00+00:00,1.8475,1.8749,1.8035,1.8711,367698.0,5e-05
2025-11-04 04:00:00+00:00,1.8711,1.8799,1.6791,1.6887,1547701.0,-2.441e-05
2025-11-04 08:00:00+00:00,1.6887,1.693,1.6128,1.6365,1060531.0,-9.94e-06
2025-11-04 12:00:00+00:00,1.6365,1.7366,1.6093,1.6812,1242205.0,5e-05
2025-11-04 16:00:00+00:00,1.6812,1.6946,1.5969,1.6039,1435073.0,5e-05
2025-11-04 20:00:00+00:00,1.6039,1.6444,1.516,1.625,1905232.0,5e-05
2025-11-05 00:00:00+00:00,1.625,1.6331,1.5414,1.6255,850329.0,5e-05
2025-11-05 04:00:00+00:00,1.6255,1.6362,1.609,1.6261,296116.0,5e-05
2025-11-05 08:00:00+00:00,1.6261,1.6273,1.5935,1.6207,370064.0,-7.415e-05
2025-11-05 12:00:00+00:00,1.6207,1.6693,1.6099,1.6693,388304.0,-9.874e-05
2025-11-05 16:00:00+00:00,1.6693,1.7084,1.6532,1.6954,379444.0,-0.00012387
2025-11-05 20:00:00+00:00,1.6954,1.7092,1.6854,1.7014,211695.0,-6.543e-05
2025-11-06 00:00:00+00:00,1.7014,1.7158,1.6675,1.7126,286010.0,5e-05
2025-11-06 04:00:00+00:00,1.7126,1.733,1.6804,1.6816,233738.0,5e-05
2025-11-06 08:00:00+00:00,1.6816,1.6882,1.6545,1.6803,340386.0,5e-05
2025-11-06 12:00:00+00:00,1.6803,1.6803,1.6283,1.6364,408431.0,5e-05
2025-11-06 16:00:00+00:00,1.6364,1.6881,1.6203,1.6834,445695.0,-4.459e-05
2025-11-06 20:00:00+00:00,1.6834,1.7016,1.6746,1.6986,195126.0,-3.923e-05
2025-11-07 00:00:00+00:00,1.6986,1.7321,1.6916,1.7302,186508.0,5e-05
2025-11-07 04:00:00+00:00,1.7302,1.7534,1.7144,1.7524,164024.0,5e-05
2025-11-07 08:00:00+00:00,1.7524,1.7524,1.6738,1.6951,286127.0,1.268e-05
2025-11-07 12:00:00+00:00,1.6951,1.7167,1.6418,1.7052,474009.0,5e-05
2025-11-07 16:00:00+00:00,1.7052,1.7993,1.7005,1.7932,392732.0,5e-05
2025-11-07 20:00:00+00:00,1.7932,1.7983,1.7587,1.7739,363648.0,1.611e-05
2025-11-08 00:00:00+00:00,1.7739,1.8016,1.751,1.7719,458732.0,-0.0001876
2025-11-08 04:00:00+00:00,1.7719,1.8055,1.7542,1.7856,425804.0,-6.658e-05
2025-11-08 08:00:00+00:00,1.7856,1.8114,1.7774,1.789,286688.0,-9.416e-05
2025-11-08 12:00:00+00:00,1.789,1.8007,1.7577,1.7604,241754.0,-0.00018807
2025-11-08 16:00:00+00:00,1.7604,1.8072,1.7453,1.7996,297370.0,-0.00031076
2025-11-08 20:00:00+00:00,1.7996,1.8383,1.7892,1.834,197725.0,-0.00011468
2025-11-09 00:00:00+00:00,1.834,1.8481,1.7749,1.7969,193238.0,-0.00017426
2025-11-09 04:00:00+00:00,1.7969,1.86,1.7885,1.8552,401579.0,-0.00037047
2025-11-09 08:00:00+00:00,1.8552,1.8914,1.8233,1.8906,372740.0,5e-05
2025-11-09 12:00:00+00:00,1.8906,1.9957,1.8765,1.9564,800408.0,5e-05
2025-11-09 16:00:00+00:00,1.9564,2.0196,1.9276,2.009,552963.0,5e-05
2025-11-09 20:00:00+00:00,2.009,2.0195,1.9594,1.9774,294024.0,5e-05
2025-11-10 00:00:00+00:00,1.9774,2.0077,1.968,1.9894,153670.0,-9.405e-05
2025-11-10 04:00:00+00:00,1.9894,1.9955,1.9687,1.9885,106503.0,-0.00026808
2025-11-10 08:00:00+00:00,1.9885,2.0326,1.9851,2.0001,287807.0,-1.444e-05
2025-11-10 12:00:00+00:00,2.0001,2.0045,1.9828,1.9898,220676.0,-1.649e-05
2025-11-10 16:00:00+00:00,1.9898,2.0205,1.9847,1.9919,179677.0,-4.772e-05
2025-11-10 20:00:00+00:00,1.9919,2.0304,1.9848,2.0151,112883.0,-0.00015987
2025-11-11 00:00:00+00:00,2.0151,2.0513,2.0,2.0234,360520.0,5e-05
2025-11-11 04:00:00+00:00,2.0234,2.026,1.9774,1.9892,169146.0,5e-05
2025-11-11 08:00:00+00:00,1.9892,1.9982,1.9807,1.9891,462134.0,5e-05
2025-11-11 12:00:00+00:00,1.9891,2.0177,1.9816,1.996,138856.0,-0.00016715
2025-11-11 16:00:00+00:00,1.996,2.0037,1.982,1.9855,88476.0,5e-05
2025-11-11 20:00:00+00:00,1.9855,2.0037,1.9829,1.9876,115764.0,5e-05
2025-11-12 00:00:00+00:00,1.9876,2.0199,1.981,1.9983,624278.0,-5.743e-05
2025-11-12 04:00:00+00:00,1.9983,2.0122,1.9948,1.9972,62783.0,-1.612e-05
2025-11-12 08:00:00+00:00,1.9972,2.0236,1.9924,2.0066,140118.0,-7.832e-05
2025-11-12 12:00:00+00:00,2.0066,2.0222,1.9624,1.9968,616137.0,5e-05
2025-11-12 16:00:00+00:00,1.9968,2.0419,1.9904,1.9963,323003.0,5e-05
2025-11-12 20:00:00+00:00,1.9963,2.0359,1.9766,2.0054,559560.0,5e-05
2025-11-13 00:00:00+00:00,2.0054,2.0387,1.9866,2.0275,213814.0,-7.864e-05
2025-11-13 04:00:00+00:00,2.0275,2.1302,2.0128,2.0709,604028.0,-4.066e-05
2025-11-13 08:00:00+00:00,2.0709,2.1352,2.0459,2.0517,533671.0,-0.00019817
2025-11-13 12:00:00+00:00,2.0517,2.0571,1.9892,2.0042,307944.0,-6.859e-05
2025-11-13 16:00:00+00:00,2.0042,2.0164,1.965,1.9955,500417.0,5e-05
2025-11-13 20:00:00+00:00,1.9955,2.0663,1.986,2.0618,388538.0,-0.00034599
2025-11-14 00:00:00+00:00,2.0618,2.0828,2.009,2.0196,289835.0,-0.00013367
2025-11-14 04:00:00+00:00,2.0196,2.0442,1.9867,2.0289,232253.0,-0.00010319
2025-11-14 08:00:00+00:00,2.0289,2.0391,1.9909,2.0001,203057.0,-0.00039381
2025-11-14 12:00:00+00:00,2.0001,2.0587,1.9898,2.0441,507218.0,-0.00032687
2025-11-14 16:00:00+00:00,2.0441,2.0837,1.9944,2.014,299726.0,2.698e-05
2025-11-14 20:00:00+00:00,2.014,2.0165,1.9894,1.9971,165277.0,-5.814e-05
2025-11-15 00:00:00+00:00,1.9971,2.0364,1.9952,2.0209,107691.0,-0.00028894
2025-11-15 04:00:00+00:00,2.0209,2.0287,2.001,2.0076,55023.0,5e-05
2025-11-15 08:00:00+00:00,2.0076,2.0079,1.9942,1.997,57729.0,-0.00013808
2025-11-15 12:00:00+00:00,1.997,2.0246,1.9934,1.9979,154920.0,-0.00014959
2025-11-15 16:00:00+00:00,1.9979,2.0272,1.9943,2.0197,223980.0,-9.756e-05
2025-11-15 20:00:00+00:00,2.0197,2.0216,1.9929,1.9966,115236.0,-7.619e-05
2025-11-16 00:00:00+00:00,1.9966,2.0307,1.993,2.0198,112360.0,-0.00025756
2025-11-16 04:00:00+00:00,2.0198,2.0784,2.0086,2.0524,198357.0,5e-05
2025-11-16 08:00:00+00:00,2.0524,2.0567,1.9976,2.0056,182918.0,5e-05
2025-11-16 12:00:00+00:00,2.0056,2.014,1.9876,1.9939,218042.0,-0.00013291
2025-11-16 16:00:00+00:00,1.9939,2.0299,1.9918,1.9972,310795.0,-0.00035342
2025-11-16 20:00:00+00:00,1.9972,2.0121,1.9905,1.9973,206674.0,-4.713e-05
2025-11-17 00:00:00+00:00,1.9973,2.0317,1.96,2.0034,348390.0,-7.965e-05
2025-11-17 04:00:00+00:00,2.0034,2.0156,1.986,2.0081,78581.0,-0.00025143
2025-11-17 08:00:00+00:00,2.0081,2.0088,1.9708,1.9873,118872.0,-0.00032392
2025-11-17 12:00:00+00:00,1.9873,1.9903,1.8467,1.8745,680657.0,-0.00029619
2025-11-17 16:00:00+00:00,1.8745,1.8745,1.7678,1.7708,409864.0,-4.793e-05
2025-11-17 20:00:00+00:00,1.7708,1.8162,1.7666,1.8162,276908.0,-7.413e-05
2025-11-18 00:00:00+00:00,1.8162,1.8603,1.7747,1.8472,302202.0,-0.00019161
2025-11-18 04:00:00+00:00,1.8472,1.8505,1.7916,1.816,165675.0,-0.00010794
2025-11-18 08:00:00+00:00,1.816,1.8752,1.8137,1.8559,336077.0,1.145e-05
2025-11-18 12:00:00+00:00,1.8559,1.9086,1.8244,1.9007,328135.0,-0.00015742
2025-11-18 16:00:00+00:00,1.9007,1.9224,1.8715,1.9072,152122.0,1.873e-05
2025-11-18 20:00:00+00:00,1.9072,1.9135,1.8739,1.8836,83408.0,-0.00010231
2025-11-19 00:00:00+00:00,1.8836,1.9001,1.8534,1.8566,92446.0,-0.00010558
2025-11-19 04:00:00+00:00,1.8566,1.8863,1.812,1.8863,133440.0,-0.00030875
2025-11-19 08:00:00+00:00,1.8863,1.9165,1.8742,1.9005,122085.0,-6.987e-05
2025-11-19 12:00:00+00:00,1.9005,1.9261,1.8566,1.8603,148238.0,-0.00042637
2025-11-19 16:00:00+00:00,1.8603,1.8715,1.7779,1.7929,318946.0,-0.00051291
2025-11-19 20:00:00+00:00,1.7929,1.8717,1.7907,1.8588,167717.0,-2.667e-05
2025-11-20 00:00:00+00:00,1.8588,1.8605,1.8107,1.8125,100395.0,5e-05
2025-11-20 04:00:00+00:00,1.8125,1.8325,1.7982,1.8083,173198.0,-0.00015914
2025-11-20 08:00:00+00:00,1.8083,1.8102,1.7442,1.7659,247854.0,-2.14e-06
2025-11-20 12:00:00+00:00,1.7659,1.7659,1.7075,1.7331,350588.0,-0.00053672
2025-11-20 16:00:00+00:00,1.7331,1.7397,1.6134,1.6144,510428.0,4.38e-05
2025-11-20 20:00:00+00:00,1.6144,1.6402,1.5908,1.5925,431324.0,5e-05
2025-11-21 00:00:00+00:00,1.5925,1.6148,1.5815,1.6033,316509.0,5e-05
2025-11-21 04:00:00+00:00,1.6033,1.6076,1.4204,1.5043,707836.0,-2.831e-05
2025-11-21 08:00:00+00:00,1.5043,1.5648,1.5034,1.5439,397189.0,1.251e-05
2025-11-21 12:00:00+00:00,1.5439,1.5643,1.5022,1.5092,380377.0,-4.318e-05
2025-11-21 16:00:00+00:00,1.5092,1.5556,1.478,1.4808,237161.0,-2.002e-05
2025-11-21 20:00:00+00:00,1.4808,1.5133,1.4593,1.5109,156226.0,5e-05
2025-11-22 00:00:00+00:00,1.5109,1.5303,1.4994,1.5165,84778.0,5e-05
2025-11-22 04:00:00+00:00,1.5165,1.5225,1.4877,1.5026,90405.0,5e-05
2025-11-22 08:00:00+00:00,1.5026,1.5068,1.4612,1.4849,122316.0,5e-05
2025-11-22 12:00:00+00:00,1.4849,1.4966,1.4577,1.4804,82758.0,5e-05
2025-11-22 16:00:00+00:00,1.4804,1.4905,1.4636,1.4733,66840.0,5e-05
2025-11-22 20:00:00+00:00,1.4733,1.5042,1.4617,1.4895,47254.0,5e-05
2025-11-23 00:00:00+00:00,1.4895,1.5207,1.4829,1.5161,45188.0,5e-05
2025-11-23 04:00:00+00:00,1.5161,1.5314,1.4942,1.502,86729.0,-0.00016573
2025-11-23 08:00:00+00:00,1.502,1.5123,1.4887,1.499,427196.0,-0.00044423
2025-11-23 12:00:00+00:00,1.499,1.5147,1.4902,1.5044,159891.0,-0.00013079
2025-11-23 16:00:00+00:00,1.5044,1.5163,1.4888,1.5106,56279.0,-0.00011961
2025-11-23 20:00:00+00:00,1.5106,1.52,1.4869,1.4909,63600.0,-0.00020475
2025-11-24 00:00:00+00:00,1.4909,1.526,1.473,1.5192,115802.0,-6.314e-05
2025-11-24 04:00:00+00:00,1.5192,1.5389,1.4907,1.4917,166204.0,5e-05
2025-11-24 08:00:00+00:00,1.4917,1.5115,1.4735,1.5098,118688.0,5e-05
2025-11-24 12:00:00+00:00,1.5098,1.5147,1.4811,1.5053,97513.0,5e-05
2025-11-24 16:00:00+00:00,1.5053,1.5461,1.5028,1.5377,136567.0,5e-05
2025-11-24 20:00:00+00:00,1.5377,1.5667,1.5361,1.5502,130211.0,5e-05
2025-11-25 00:00:00+00:00,1.5502,1.5542,1.5261,1.529,103859.0,5e-05
2025-11-25 04:00:00+00:00,1.529,1.5406,1.5215,1.5224,78337.0,5e-05
2025-11-25 08:00:00+00:00,1.5224,1.5279,1.5027,1.507,237119.0,-3.75e-06
2025-11-25 12:00:00+00:00,1.507,1.5297,1.4878,1.516,201683.0,-0.00020199
2025-11-25 16:00:00+00:00,1.516,1.5357,1.4911,1.5155,122357.0,4.9e-05
2025-11-25 20:00:00+00:00,1.5155,1.5395,1.4963,1.5255,86040.0,9.28e-06
2025-11-26 00:00:00+00:00,1.5255,1.5332,1.5011,1.502,102690.0,5e-05
2025-11-26 04:00:00+00:00,1.502,1.5153,1.494,1.51,245591.0,5e-05
2025-11-26 08:00:00+00:00,1.51,1.5108,1.467,1.4735,475662.0,5e-05
2025-11-26 12:00:00+00:00,1.4735,1.4867,1.4557,1.4686,392004.0,-0.00032587
2025-11-26 16:00:00+00:00,1.4686,1.5407,1.4677,1.532,556197.0,5e-05
2025-11-26 20:00:00+00:00,1.532,1.5436,1.5067,1.5095,371905.0,5e-05
2025-11-27 00:00:00+00:00,1.5095,1.5392,1.4993,1.5226,386492.0,5e-05
2025-11-27 04:00:00+00:00,1.5226,1.5337,1.5077,1.5334,322560.0,5e-05
2025-11-27 08:00:00+00:00,1.5334,1.5397,1.5193,1.522,134174.0,5e-05
2025-11-27 12:00:00+00:00,1.522,1.5251,1.51,1.5238,61237.0,5e-05
2025-11-27 16:00:00+00:00,1.5238,1.5382,1.5176,1.528,37618.0,5e-05
2025-11-27 20:00:00+00:00,1.528,1.5362,1.5206,1.5304,76081.0,5e-05
2025-11-28 00:00:00+00:00,1.5304,1.537,1.5152,1.5305,193404.0,-0.00010937
2025-11-28 04:00:00+00:00,1.5305,1.5443,1.5199,1.5256,324811.0,3.814e-05
2025-11-28 08:00:00+00:00,1.5256,1.5618,1.5182,1.541,1166693.0,3.097e-05
2025-11-28 12:00:00+00:00,1.541,1.5659,1.5352,1.5537,883405.0,5e-05
2025-11-28 16:00:00+00:00,1.5537,1.5537,1.5196,1.5407,476180.0,-2.3e-05
2025-11-28 20:00:00+00:00,1.5407,1.543,1.5263,1.5273,343623.0,-0.00024385
2025-11-29 00:00:00+00:00,1.5273,1.5374,1.5187,1.5196,273963.0,5e-05
2025-11-29 04:00:00+00:00,1.5196,1.5306,1.5127,1.5185,208471.0,4.322e-05
2025-11-29 08:00:00+00:00,1.5185,1.5188,1.5016,1.5078,69148.0,-4.92e-06
2025-11-29 12:00:00+00:00,1.5078,1.5128,1.492,1.5024,61836.0,-0.00020585
2025-11-29 16:00:00+00:00,1.5024,1.5028,1.4833,1.4947,74032.0,5e-05
2025-11-29 20:00:00+00:00,1.4947,1.4998,1.4825,1.4851,52431.0,5e-05
2025-11-30 00:00:00+00:00,1.4851,1.4944,1.4766,1.4935,58030.0,5e-05
2025-11-30 04:00:00+00:00,1.4935,1.4941,1.4757,1.4823,38173.0,-0.00016681
2025-11-30 08:00:00+00:00,1.4823,1.4884,1.4744,1.4786,43148.0,-0.00012852
2025-11-30 12:00:00+00:00,1.4786,1.4986,1.476,1.4806,376915.0,5e-05
2025-11-30 16:00:00+00:00,1.4806,1.4954,1.4806,1.4913,79855.0,3.656e-05
2025-11-30 20:00:00+00:00,1.4913,1.4926,1.4457,1.4529,267969.0,-0.00092164
2025-12-01 00:00:00+00:00,1.4529,1.4567,1.3622,1.3735,472464.0,-0.00022248
2025-12-01 04:00:00+00:00,1.3735,1.3806,1.3617,1.3765,132256.0,1.733e-05
2025-12-01 08:00:00+00:00,1.3765,1.3801,1.3615,1.3678,65022.0,5e-05
2025-12-01 12:00:00+00:00,1.3678,1.3738,1.3282,1.3433,307432.0,5e-05
2025-12-01 16:00:00+00:00,1.3433,1.3831,1.3158,1.3508,546173.0,5e-05
2025-12-01 20:00:00+00:00,1.3508,1.3932,1.3501,1.3791,155202.0,5e-05
2025-12-02 00:00:00+00:00,1.3791,1.4009,1.3545,1.3587,216914.0,-4.804e-05
2025-12-02 04:00:00+00:00,1.3587,1.3689,1.3477,1.3552,83849.0,5e-05
2025-12-02 08:00:00+00:00,1.3552,1.3805,1.3454,1.3693,94851.0,5e-05
2025-12-02 12:00:00+00:00,1.3693,1.4714,1.3603,1.4677,229887.0,5e-05
2025-12-02 16:00:00+00:00,1.4677,1.4737,1.4377,1.4393,169203.0,5e-05
2025-12-02 20:00:00+00:00,1.4393,1.5035,1.4368,1.4614,412547.0,5e-05
2025-12-03 00:00:00+00:00,1.4614,1.4684,1.4427,1.4673,131771.0,-0.00010745
2025-12-03 04:00:00+00:00,1.4673,1.4797,1.4516,1.453,158339.0,5e-05
2025-12-03 08:00:00+00:00,1.453,1.4652,1.4427,1.4603,172643.0,-0.00014658
2025-12-03 12:00:00+00:00,1.4603,1.4738,1.4306,1.4478,135643.0,5e-05
2025-12-03 16:00:00+00:00,1.4478,1.4627,1.4402,1.4582,70325.0,5e-05
2025-12-03 20:00:00+00:00,1.4582,1.4987,1.4539,1.4839,201123.0,5e-05
2025-12-04 00:00:00+00:00,1.4839,1.4957,1.4685,1.4723,218295.0,-0.00045
2025-12-04 04:00:00+00:00,1.4723,1.4757,1.4563,1.4668,70892.0,-0.00024909
2025-12-04 08:00:00+00:00,1.4668,1.4694,1.4491,1.4568,181427.0,2.384e-05
2025-12-04 12:00:00+00:00,1.4568,1.4863,1.4151,1.4692,1709168.0,-3.83e-06
2025-12-04 16:00:00+00:00,1.4692,1.4783,1.4006,1.4248,350332.0,-0.00025454
2025-12-04 20:00:00+00:00,1.4248,1.4328,1.4119,1.4241,211776.0,-0.00024872
2025-12-05 00:00:00+00:00,1.4241,1.4299,1.4038,1.4076,77384.0,5e-05
2025-12-05 04:00:00+00:00,1.4076,1.4105,1.3874,1.395,87195.0,5e-05
2025-12-05 08:00:00+00:00,1.395,1.3953,1.3584,1.362,101674.0,5e-05
2025-12-05 12:00:00+00:00,1.362,1.3643,1.334,1.3456,213767.0,5e-05
2025-12-05 16:00:00+00:00,1.3456,1.3462,1.2837,1.2994,901319.0,5e-05
2025-12-05 20:00:00+00:00,1.2994,1.3011,1.2844,1.2888,77586.0,-0.00035936
2025-12-06 00:00:00+00:00,1.2888,1.2901,1.2758,1.2835,108796.0,1.561e-05
2025-12-06 04:00:00+00:00,1.2835,1.284,1.2317,1.2464,167951.0,-0.00026612
2025-12-06 08:00:00+00:00,1.2464,1.2485,1.2324,1.2439,205008.0,-0.00019088
2025-12-06 12:00:00+00:00,1.2439,1.2501,1.2359,1.2392,181491.0,-0.00013584
2025-12-06 16:00:00+00:00,1.2392,1.2479,1.2332,1.2389,154017.0,-7.81e-05
2025-12-06 20:00:00+00:00,1.2389,1.2616,1.2375,1.2413,158526.0,5e-05
2025-12-07 00:00:00+00:00,1.2413,1.2451,1.2338,1.2367,107985.0,5e-05
2025-12-07 04:00:00+00:00,1.2367,1.2441,1.2227,1.2279,91183.0,5e-05
2025-12-07 08:00:00+00:00,1.2279,1.233,1.216,1.2217,71176.0,-1.208e-05
2025-12-07 12:00:00+00:00,1.2217,1.2346,1.2081,1.2301,216544.0,5e-05
2025-12-07 16:00:00+00:00,1.2301,1.2431,1.2161,1.2358,136385.0,-4.575e-05
2025-12-07 20:00:00+00:00,1.2358,1.2408,1.1847,1.1973,212677.0,-0.00016083
2025-12-08 00:00:00+00:00,1.1973,1.2334,1.1913,1.2224,61140.0,-0.00031467
2025-12-08 04:00:00+00:00,1.2224,1.2319,1.2165,1.2208,85560.0,-2.325e-05
2025-12-08 08:00:00+00:00,1.2208,1.236,1.2154,1.2274,62960.0,5e-05
2025-12-08 12:00:00+00:00,1.2274,1.2316,1.2032,1.2069,153818.0,-6.062e-05
2025-12-08 16:00:00+00:00,1.2069,1.2141,1.1845,1.2001,91002.0,5e-05
2025-12-08 20:00:00+00:00,1.2001,1.2102,1.1958,1.2048,64067.0,5e-05
2025-12-09 00:00:00+00:00,1.2048,1.2112,1.1905,1.1994,56402.0,5e-05
2025-12-09 04:00:00+00:00,1.1994,1.2021,1.1918,1.2013,30742.0,5e-05
2025-12-09 08:00:00+00:00,1.2013,1.2032,1.189,1.1953,55751.0,4.9e-06
2025-12-09 12:00:00+00:00,1.1953,1.2326,1.1908,1.2303,142965.0,-0.00029432
2025-12-09 16:00:00+00:00,1.2303,1.3032,1.2303,1.3002,306248.0,5e-05
2025-12-09 20:00:00+00:00,1.3002,1.3253,1.2691,1.2869,472112.0,5e-05
2025-12-10 00:00:00+00:00,1.2869,1.2871,1.2551,1.2666,113131.0,5e-05
2025-12-10 04:00:00+00:00,1.2666,1.2774,1.2512,1.2649,134393.0,-3.79e-05
2025-12-10 08:00:00+00:00,1.2649,1.2834,1.2577,1.2724,121914.0,-5.219e-05
2025-12-10 12:00:00+00:00,1.2724,1.2951,1.2644,1.2708,242909.0,-0.00028879
2025-12-10 16:00:00+00:00,1.2708,1.2984,1.2543,1.2703,251424.0,-0.00011404
2025-12-10 20:00:00+00:00,1.2703,1.2901,1.2264,1.2322,213852.0,5e-05
2025-12-11 00:00:00+00:00,1.2322,1.2342,1.1762,1.1773,166262.0,-0.00010768
2025-12-11 04:00:00+00:00,1.1773,1.1954,1.1738,1.1909,101523.0,1.062e-05
2025-12-11 08:00:00+00:00,1.1909,1.1972,1.1857,1.1931,161196.0,-5.733e-05
2025-12-11 12:00:00+00:00,1.1931,1.1969,1.174,1.1783,192132.0,5e-05
2025-12-11 16:00:00+00:00,1.1783,1.2057,1.1709,1.1962,331359.0,5e-05
2025-12-11 20:00:00+00:00,1.1962,1.2279,1.1955,1.2179,375583.0,5e-05
2025-12-12 00:00:00+00:00,1.2179,1.2297,1.2031,1.2246,96267.0,5e-05
2025-12-12 04:00:00+00:00,1.2246,1.2628,1.2195,1.2611,356180.0,5e-05
2025-12-12 08:00:00+00:00,1.2611,1.2636,1.2356,1.2435,269509.0,5e-05
2025-12-12 12:00:00+00:00,1.2435,1.2658,1.1735,1.1825,488039.0,-0.00015186
2025-12-12 16:00:00+00:00,1.1825,1.1838,1.1557,1.1737,313251.0,5e-05
2025-12-12 20:00:00+00:00,1.1737,1.1872,1.1725,1.1759,150196.0,-3.102e-05
2025-12-13 00:00:00+00:00,1.1759,1.1808,1.1421,1.1429,230995.0,-7.36e-06
2025-12-13 04:00:00+00:00,1.1429,1.1509,1.1341,1.146,323296.0,-3.147e-05
2025-12-13 08:00:00+00:00,1.146,1.159,1.1377,1.1428,187384.0,5e-05
2025-12-13 12:00:00+00:00,1.1428,1.1429,1.1198,1.1283,263943.0,-0.00019867
2025-12-13 16:00:00+00:00,1.1283,1.1488,1.1201,1.1411,161807.0,-0.00017045
2025-12-13 20:00:00+00:00,1.1411,1.1472,1.1374,1.1391,71224.0,5e-05
2025-12-14 00:00:00+00:00,1.1391,1.1553,1.1357,1.143,55274.0,5e-05
2025-12-14 04:00:00+00:00,1.143,1.1448,1.1259,1.1281,99514.0,5e-05
2025-12-14 08:00:00+00:00,1.1281,1.1292,1.0992,1.1025,126682.0,5e-05
2025-12-14 12:00:00+00:00,1.1025,1.1125,1.0951,1.1033,89430.0,9.39e-06
2025-12-14 16:00:00+00:00,1.1033,1.1292,1.0972,1.1227,182325.0,5e-05
2025-12-14 20:00:00+00:00,1.1227,1.1256,1.1004,1.1107,164086.0,-9.772e-05
2025-12-15 00:00:00+00:00,1.1107,1.1349,1.1106,1.1181,128689.0,-9.669e-05
2025-12-15 04:00:00+00:00,1.1181,1.1223,1.1055,1.1071,36433.0,5e-05
2025-12-15 08:00:00+00:00,1.1071,1.1291,1.1058,1.1142,100042.0,3.695e-05
2025-12-15 12:00:00+00:00,1.1142,1.1812,1.0946,1.147,1220961.0,-0.00010771
2025-12-15 16:00:00+00:00,1.147,1.2401,1.133,1.1498,2556770.0,-0.00030754
2025-12-15 20:00:00+00:00,1.1498,1.151,1.1072,1.1381,754192.0,-0.00177307
2025-12-16 00:00:00+00:00,1.1381,1.1421,1.0949,1.1006,249088.0,-2.52e-05
2025-12-16 04:00:00+00:00,1.1006,1.1035,1.0822,1.0903,254513.0,5e-05
2025-12-16 08:00:00+00:00,1.0903,1.1132,1.0871,1.0987,176310.0,-1.571e-05
2025-12-16 12:00:00+00:00,1.0987,1.115,1.0785,1.1095,249141.0,5e-05
2025-12-16 16:00:00+00:00,1.1095,1.1631,1.0945,1.1463,250218.0,5e-05
2025-12-16 20:00:00+00:00,1.1463,1.1809,1.1451,1.1745,482024.0,5e-05
2025-12-17 00:00:00+00:00,1.1745,1.1982,1.1729,1.183,285389.0,5e-05
2025-12-17 04:00:00+00:00,1.183,1.1907,1.1643,1.1829,266690.0,5e-05
2025-12-17 08:00:00+00:00,1.1829,1.1929,1.1661,1.188,230225.0,5e-05
2025-12-17 12:00:00+00:00,1.188,1.2265,1.1764,1.2078,772999.0,4.904e-05
2025-12-17 16:00:00+00:00,1.2078,1.214,1.1606,1.1757,691934.0,5e-05
2025-12-17 20:00:00+00:00,1.1757,1.1785,1.1542,1.1698,285574.0,-1.873e-05
2025-12-18 00:00:00+00:00,1.1698,1.1827,1.1552,1.1649,116401.0,-4.228e-05
2025-12-18 04:00:00+00:00,1.1649,1.1798,1.1408,1.1521,190467.0,5e-05
2025-12-18 08:00:00+00:00,1.1521,1.1635,1.1462,1.1612,163676.0,-0.00016323
2025-12-18 12:00:00+00:00,1.1612,1.2073,1.153,1.1836,262402.0,-0.00028622
2025-12-18 16:00:00+00:00,1.1836,1.1848,1.1037,1.1052,259273.0,5e-05
2025-12-18 20:00:00+00:00,1.1052,1.1469,1.1052,1.1332,608249.0,-0.00014186
2025-12-19 00:00:00+00:00,1.1332,1.1966,1.1208,1.1848,316538.0,-0.00045954
2025-12-19 04:00:00+00:00,1.1848,1.2175,1.1848,1.2058,194755.0,5e-05
2025-12-19 08:00:00+00:00,1.2058,1.2168,1.1976,1.2074,179606.0,5e-05
2025-12-19 12:00:00+00:00,1.2074,1.2308,1.201,1.2025,210821.0,-8.093e-05
2025-12-19 16:00:00+00:00,1.2025,1.2241,1.1994,1.22,145074.0,-5.58e-06
2025-12-19 20:00:00+00:00,1.22,1.2231,1.2121,1.2147,135069.0,-0.0001231
2025-12-20 00:00:00+00:00,1.2147,1.2183,1.1971,1.2115,118735.0,-0.00028757
2025-12-20 04:00:00+00:00,1.2115,1.2187,1.2059,1.2122,34833.0,-0.00027896
2025-12-20 08:00:00+00:00,1.2122,1.2219,1.2095,1.2201,53693.0,-0.0002894
2025-12-20 12:00:00+00:00,1.2201,1.2426,1.2078,1.2422,169010.0,-0.00012742
2025-12-20 16:00:00+00:00,1.2422,1.2449,1.2132,1.2141,95263.0,5e-05
2025-12-20 20:00:00+00:00,1.2141,1.2171,1.2089,1.2116,53568.0,5e-05
2025-12-21 00:00:00+00:00,1.2116,1.2178,1.2081,1.2128,35494.0,-0.00016066
2025-12-21 04:00:00+00:00,1.2128,1.2176,1.2083,1.2144,21999.0,-0.00018532
2025-12-21 08:00:00+00:00,1.2144,1.2281,1.2093,1.2137,40051.0,5e-05
2025-12-21 12:00:00+00:00,1.2137,1.2174,1.1842,1.2018,224605.0,-0.00029582
2025-12-21 16:00:00+00:00,1.2018,1.2176,1.2001,1.2133,87333.0,-0.00025179
2025-12-21 20:00:00+00:00,1.2133,1.23,1.2101,1.2285,107727.0,-0.00041343
2025-12-22 00:00:00+00:00,1.2285,1.2447,1.2132,1.2384,124391.0,-7.759e-05
2025-12-22 04:00:00+00:00,1.2384,1.2523,1.2353,1.2425,112355.0,5e-05
2025-12-22 08:00:00+00:00,1.2425,1.2514,1.2151,1.2205,122420.0,5e-05
2025-12-22 12:00:00+00:00,1.2205,1.2349,1.2133,1.2315,185399.0,5e-05
2025-12-22 16:00:00+00:00,1.2315,1.2337,1.1969,1.1991,92654.0,5e-05
2025-12-22 20:00:00+00:00,1.1991,1.208,1.1918,1.2042,100243.0,5e-05
2025-12-23 00:00:00+00:00,1.2042,1.2145,1.1908,1.2009,54982.0,5e-05
2025-12-23 04:00:00+00:00,1.2009,1.2057,1.1828,1.1844,90949.0,-0.00019806
2025-12-23 08:00:00+00:00,1.1844,1.1905,1.1777,1.1889,65672.0,5e-05
2025-12-23 12:00:00+00:00,1.1889,1.1906,1.1635,1.1723,91094.0,5e-05
2025-12-23 16:00:00+00:00,1.1723,1.1877,1.1626,1.1775,96105.0,5e-05
2025-12-23 20:00:00+00:00,1.1775,1.1913,1.176,1.1847,53910.0,5e-05
2025-12-24 00:00:00+00:00,1.1847,1.1887,1.1517,1.1589,69588.0,5e-05
2025-12-24 04:00:00+00:00,1.1589,1.1645,1.1495,1.1501,154249.0,5e-05
2025-12-24 08:00:00+00:00,1.1501,1.155,1.1367,1.137,127219.0,5e-05
2025-12-24 12:00:00+00:00,1.137,1.1543,1.1268,1.1526,101432.0,5e-05
2025-12-24 16:00:00+00:00,1.1526,1.1573,1.1408,1.148,51857.0,5e-05
2025-12-24 20:00:00+00:00,1.148,1.1723,1.1468,1.1616,48211.0,5e-05
2025-12-25 00:00:00+00:00,1.1616,1.1631,1.1429,1.1491,130300.0,5e-05
2025-12-25 04:00:00+00:00,1.1491,1.1509,1.1442,1.1462,23587.0,5e-05
2025-12-25 08:00:00+00:00,1.1462,1.1537,1.14,1.1421,37256.0,5e-05
2025-12-25 12:00:00+00:00,1.1421,1.1552,1.1352,1.1508,139831.0,5e-05
2025-12-25 16:00:00+00:00,1.1508,1.1575,1.138,1.1544,90158.0,5e-05
2025-12-25 20:00:00+00:00,1.1544,1.1569,1.115,1.1187,122234.0,5e-05
2025-12-26 00:00:00+00:00,1.1187,1.181,1.1187,1.1761,117275.0,5e-05
2025-12-26 04:00:00+00:00,1.1761,1.1872,1.1635,1.1662,69094.0,5e-05
2025-12-26 08:00:00+00:00,1.1662,1.1867,1.1656,1.1807,144079.0,5e-05
2025-12-26 12:00:00+00:00,1.1807,1.2516,1.1807,1.205,689910.0,5e-05
2025-12-26 16:00:00+00:00,1.205,1.2064,1.1909,1.2006,121758.0,5e-05
2025-12-26 20:00:00+00:00,1.2006,1.2019,1.171,1.1726,93858.0,5e-05
2025-12-27 00:00:00+00:00,1.1726,1.1786,1.169,1.1758,37637.0,5e-05
2025-12-27 04:00:00+00:00,1.1758,1.1759,1.167,1.1687,40046.0,5e-05
2025-12-27 08:00:00+00:00,1.1687,1.1817,1.1685,1.1789,26336.0,5e-05
2025-12-27 12:00:00+00:00,1.1789,1.1933,1.1789,1.1841,47028.0,5e-05
2025-12-27 16:00:00+00:00,1.1841,1.186,1.1773,1.1789,28283.0,5e-05
2025-12-27 20:00:00+00:00,1.1789,1.1878,1.1775,1.1869,57922.0,5e-05
2025-12-28 00:00:00+00:00,1.1869,1.1913,1.1778,1.1814,58058.0,5e-05
2025-12-28 04:00:00+00:00,1.1814,1.1856,1.1737,1.1786,72048.0,5e-05
2025-12-28 08:00:00+00:00,1.1786,1.1815,1.1754,1.1768,30816.0,5e-05
2025-12-28 12:00:00+00:00,1.1768,1.1834,1.174,1.1778,52087.0,5e-05
2025-12-28 16:00:00+00:00,1.1778,1.1798,1.1642,1.1676,77878.0,5e-05
2025-12-28 20:00:00+00:00,1.1676,1.1759,1.1648,1.1727,20975.0,5e-05
2025-12-29 00:00:00+00:00,1.1727,1.212,1.1708,1.2047,63829.0,5e-05
2025-12-29 04:00:00+00:00,1.2047,1.2158,1.19,1.1954,88800.0,5e-05
2025-12-29 08:00:00+00:00,1.1954,1.1991,1.1751,1.1813,62746.0,5e-05
2025-12-29 12:00:00+00:00,1.1813,1.1813,1.1622,1.1731,115197.0,5e-05
2025-12-29 16:00:00+00:00,1.1731,1.1764,1.1594,1.171,67194.0,5e-05
2025-12-29 20:00:00+00:00,1.171,1.1717,1.1612,1.1649,43516.0,5e-05
2025-12-30 00:00:00+00:00,1.1649,1.1699,1.1596,1.1666,22049.0,5e-05
2025-12-30 04:00:00+00:00,1.1666,1.1758,1.1594,1.1611,47635.0,5e-05
2025-12-30 08:00:00+00:00,1.1611,1.1747,1.1606,1.1631,76535.0,5e-05
2025-12-30 12:00:00+00:00,1.1631,1.165,1.1492,1.1544,103069.0,5e-05
2025-12-30 16:00:00+00:00,1.1544,1.1559,1.1387,1.1425,73425.0,5e-05
2025-12-30 20:00:00+00:00,1.1425,1.1425,1.1288,1.1289,72535.0,5e-05
2025-12-31 00:00:00+00:00,1.1289,1.1322,1.1125,1.1162,93679.0,5e-05
2025-12-31 04:00:00+00:00,1.1162,1.1164,1.1019,1.1032,51498.0,5e-05
2025-12-31 08:00:00+00:00,1.1032,1.1032,1.091,1.101,96140.0,5e-05
2025-12-31 12:00:00+00:00,1.101,1.1027,1.0871,1.0971,133015.0,5e-05
2025-12-31 16:00:00+00:00,1.0971,1.0999,1.0713,1.0796,284216.0,-4.179e-05
2025-12-31 20:00:00+00:00,1.0796,1.0997,1.074,1.0911,85505.0,-0.0002901
2026-01-01 00:00:00+00:00,1.0911,1.1038,1.0898,1.0972,52346.0,5e-05
2026-01-01 04:00:00+00:00,1.0972,1.1098,1.0959,1.1063,30876.0,5e-05
2026-01-01 08:00:00+00:00,1.1063,1.117,1.1056,1.1164,28005.0,5e-05
2026-01-01 12:00:00+00:00,1.1164,1.1164,1.0994,1.1037,86682.0,5e-05
2026-01-01 16:00:00+00:00,1.1037,1.1045,1.0838,1.0961,320791.0,5e-05
2026-01-01 20:00:00+00:00,1.0961,1.1021,1.0915,1.1011,91928.0,5e-05
2026-01-02 00:00:00+00:00,1.1011,1.1068,1.0893,1.1003,101171.0,5e-05
2026-01-02 04:00:00+00:00,1.1003,1.1077,1.0919,1.1035,102834.0,5e-05
2026-01-02 08:00:00+00:00,1.1035,1.1198,1.1006,1.1068,132607.0,5e-05
2026-01-02 12:00:00+00:00,1.1068,1.1169,1.0911,1.1075,234388.0,5e-05
2026-01-02 16:00:00+00:00,1.1075,1.1336,1.1059,1.1242,369488.0,5e-05
2026-01-02 20:00:00+00:00,1.1242,1.137,1.1163,1.1296,217680.0,5e-05
2026-01-03 00:00:00+00:00,1.1296,1.1434,1.1255,1.1418,123164.0,5e-05
2026-01-03 04:00:00+00:00,1.1418,1.1528,1.1089,1.1101,320313.0,5e-05
2026-01-03 08:00:00+00:00,1.1101,1.1343,1.1072,1.1216,131963.0,5e-05
2026-01-03 12:00:00+00:00,1.1216,1.1334,1.118,1.1223,48906.0,5e-05
2026-01-03 16:00:00+00:00,1.1223,1.1381,1.121,1.1315,83709.0,5e-05
2026-01-03 20:00:00+00:00,1.1315,1.1417,1.1287,1.14,56534.0,5e-05
2026-01-04 00:00:00+00:00,1.14,1.1809,1.1389,1.1806,211245.0,5e-05
2026-01-04 04:00:00+00:00,1.1806,1.2148,1.1791,1.1847,255485.0,5e-05
2026-01-04 08:00:00+00:00,1.1847,1.1859,1.1719,1.1758,114787.0,5e-05
2026-01-04 12:00:00+00:00,1.1758,1.179,1.1662,1.1772,94329.0,5e-05
2026-01-04 16:00:00+00:00,1.1772,1.1813,1.1458,1.1585,118234.0,5e-05
2026-01-04 20:00:00+00:00,1.1585,1.1669,1.1567,1.1616,80761.0,5e-05
2026-01-05 00:00:00+00:00,1.1616,1.1909,1.1607,1.1838,163671.0,5e-05
2026-01-05 04:00:00+00:00,1.1838,1.1848,1.1478,1.1625,259322.0,5e-05
2026-01-05 08:00:00+00:00,1.1625,1.1666,1.1498,1.153,162078.0,5e-05
2026-01-05 12:00:00+00:00,1.153,1.1758,1.1351,1.1754,205753.0,5e-05
2026-01-05 16:00:00+00:00,1.1754,1.2269,1.1623,1.2238,314676.0,5e-05
2026-01-05 20:00:00+00:00,1.2238,1.2267,1.2009,1.2169,141626.0,5e-05
2026-01-06 00:00:00+00:00,1.2169,1.2245,1.1975,1.2242,129407.0,5e-05
2026-01-06 04:00:00+00:00,1.2242,1.2469,1.2212,1.2328,208780.0,5e-05
2026-01-06 08:00:00+00:00,1.2328,1.2444,1.228,1.2433,87189.0,5e-05
2026-01-06 12:00:00+00:00,1.2433,1.3153,1.2368,1.288,644160.0,5e-05
2026-01-06 16:00:00+00:00,1.288,1.2923,1.211,1.2276,347118.0,5e-05
2026-01-06 20:00:00+00:00,1.2276,1.2786,1.2276,1.2767,100443.0,5e-05
2026-01-07 00:00:00+00:00,1.2767,1.2788,1.2392,1.2564,114883.0,5e-05
2026-01-07 04:00:00+00:00,1.2564,1.2668,1.2464,1.2638,185138.0,-4.273e-05
2026-01-07 08:00:00+00:00,1.2638,1.272,1.2458,1.2494,128924.0,5e-05
2026-01-07 12:00:00+00:00,1.2494,1.2507,1.207,1.2118,178843.0,5e-05
2026-01-07 16:00:00+00:00,1.2118,1.237,1.2091,1.2231,719010.0,5e-05
2026-01-07 20:00:00+00:00,1.2231,1.2412,1.2149,1.2396,60217.0,-2.839e-05
2026-01-08 00:00:00+00:00,1.2396,1.2468,1.2184,1.2205,68344.0,-3.681e-05
2026-01-08 04:00:00+00:00,1.2205,1.233,1.1946,1.2072,174360.0,-2e-07
2026-01-08 08:00:00+00:00,1.2072,1.2146,1.1942,1.2024,264896.0,5e-05
2026-01-08 12:00:00+00:00,1.2024,1.2049,1.1694,1.2045,235847.0,-0.00010893
2026-01-08 16:00:00+00:00,1.2045,1.2117,1.1894,1.2048,72024.0,5e-05
2026-01-08 20:00:00+00:00,1.2048,1.2231,1.1935,1.2118,78602.0,5e-05
2026-01-09 00:00:00+00:00,1.2118,1.2261,1.2014,1.2253,100026.0,5e-05
2026-01-09 04:00:00+00:00,1.2253,1.2486,1.2144,1.2325,151390.0,5e-05
2026-01-09 08:00:00+00:00,1.2325,1.2347,1.2022,1.2156,121877.0,5e-05
2026-01-09 12:00:00+00:00,1.2156,1.265,1.2025,1.2546,339314.0,5e-05
2026-01-09 16:00:00+00:00,1.2546,1.2639,1.2067,1.2115,167871.0,5e-05
2026-01-09 20:00:00+00:00,1.2115,1.2525,1.2093,1.2525,38140.0,-0.00016786
2026-01-10 00:00:00+00:00,1.2525,1.2685,1.2458,1.2672,60653.0,-7.626e-05
2026-01-10 04:00:00+00:00,1.2672,1.3027,1.2567,1.2881,285180.0,5e-05
2026-01-10 08:00:00+00:00,1.2881,1.3409,1.2859,1.2963,617441.0,5e-05
2026-01-10 12:00:00+00:00,1.2963,1.3057,1.2872,1.2938,109403.0,5e-05
2026-01-10 16:00:00+00:00,1.2938,1.2954,1.2872,1.2904,64940.0,5e-05
2026-01-10 20:00:00+00:00,1.2904,1.2955,1.2862,1.2908,63813.0,-3.751e-05
2026-01-11 00:00:00+00:00,1.2908,1.3035,1.2878,1.302,41619.0,5e-05
2026-01-11 04:00:00+00:00,1.302,1.3029,1.289,1.2934,56034.0,5e-05
2026-01-11 08:00:00+00:00,1.2934,1.2995,1.2892,1.2915,38634.0,5e-05
2026-01-11 12:00:00+00:00,1.2915,1.2992,1.2878,1.2929,32254.0,4.93e-06
2026-01-11 16:00:00+00:00,1.2929,1.3063,1.2824,1.2913,78737.0,5e-05
2026-01-11 20:00:00+00:00,1.2913,1.2949,1.2739,1.2933,123319.0,5e-05
2026-01-12 00:00:00+00:00,1.2933,1.3246,1.2834,1.3064,89931.0,-2.915e-05
2026-01-12 04:00:00+00:00,1.3064,1.3213,1.3042,1.3084,70872.0,5e-05
2026-01-12 08:00:00+00:00,1.3084,1.3097,1.2776,1.2928,143906.0,2.442e-05
2026-01-12 12:00:00+00:00,1.2928,1.3006,1.2723,1.2943,157186.0,5e-05
2026-01-12 16:00:00+00:00,1.2943,1.299,1.2776,1.2929,78998.0,5e-05
2026-01-12 20:00:00+00:00,1.2929,1.297,1.2831,1.2862,32401.0,-5.635e-05
2026-01-13 00:00:00+00:00,1.2862,1.3,1.2818,1.289,171192.0,-0.00015736
2026-01-13 04:00:00+00:00,1.289,1.3033,1.2887,1.2976,49405.0,5e-05
2026-01-13 08:00:00+00:00,1.2976,1.3065,1.2953,1.3022,25428.0,5e-05
2026-01-13 12:00:00+00:00,1.3022,1.3177,1.298,1.3164,195795.0,5e-05
2026-01-13 16:00:00+00:00,1.3164,1.3663,1.315,1.3548,316698.0,5e-05
2026-01-13 20:00:00+00:00,1.3548,1.379,1.3338,1.3782,176487.0,5e-05
2026-01-14 00:00:00+00:00,1.3782,1.4031,1.3782,1.4,118782.0,5e-05
2026-01-14 04:00:00+00:00,1.4,1.4058,1.3887,1.3981,94407.0,5e-05
2026-01-14 08:00:00+00:00,1.3981,1.4095,1.3821,1.3911,92124.0,5e-05
2026-01-14 12:00:00+00:00,1.3911,1.4193,1.3881,1.3979,162820.0,5e-05
2026-01-14 16:00:00+00:00,1.3979,1.4237,1.3803,1.4123,257032.0,5e-05
2026-01-14 20:00:00+00:00,1.4123,1.4184,1.4065,1.4076,173812.0,5e-05
2026-01-15 00:00:00+00:00,1.4076,1.4091,1.368,1.3765,146032.0,5e-05
2026-01-15 04:00:00+00:00,1.3765,1.4091,1.3759,1.3987,124807.0,5e-05
2026-01-15 08:00:00+00:00,1.3987,1.4289,1.3987,1.4218,150186.0,5e-05
2026-01-15 12:00:00+00:00,1.4218,1.4284,1.3835,1.4063,164542.0,5e-05
2026-01-15 16:00:00+00:00,1.4063,1.4063,1.3828,1.3951,134026.0,5e-05
2026-01-15 20:00:00+00:00,1.3951,1.3996,1.3713,1.3967,132437.0,-2.881e-05
2026-01-16 00:00:00+00:00,1.3967,1.4014,1.3705,1.371,94625.0,5e-05
2026-01-16 04:00:00+00:00,1.371,1.3819,1.3658,1.369,93285.0,5e-05
2026-01-16 08:00:00+00:00,1.369,1.3778,1.3578,1.3599,81289.0,5e-05
2026-01-16 12:00:00+00:00,1.3599,1.3636,1.3328,1.3369,188460.0,5e-05
2026-01-16 16:00:00+00:00,1.3369,1.3473,1.3332,1.3391,76708.0,5e-05
2026-01-16 20:00:00+00:00,1.3391,1.3562,1.3366,1.351,33968.0,5e-05
2026-01-17 00:00:00+00:00,1.351,1.3514,1.3404,1.3415,42816.0,5e-05
2026-01-17 04:00:00+00:00,1.3415,1.3415,1.3321,1.3339,33192.0,-3.325e-05
2026-01-17 08:00:00+00:00,1.3339,1.3363,1.3193,1.3239,61642.0,-5.383e-05
2026-01-17 12:00:00+00:00,1.3239,1.3448,1.3212,1.3402,53315.0,5e-05
2026-01-17 16:00:00+00:00,1.3402,1.3416,1.3198,1.3199,60310.0,5e-05
2026-01-17 20:00:00+00:00,1.3199,1.3245,1.3065,1.307,52868.0,5e-05
2026-01-18 00:00:00+00:00,1.307,1.3153,1.3056,1.3103,38263.0,5e-05
2026-01-18 04:00:00+00:00,1.3103,1.3232,1.3062,1.3075,31494.0,5e-05
2026-01-18 08:00:00+00:00,1.3075,1.3397,1.3075,1.3387,31260.0,5e-05
2026-01-18 12:00:00+00:00,1.3387,1.3443,1.3238,1.3443,73500.0,5e-05
2026-01-18 16:00:00+00:00,1.3443,1.3655,1.3382,1.3618,73054.0,5e-05
2026-01-18 20:00:00+00:00,1.3618,1.367,1.3114,1.3114,86782.0,5e-05
2026-01-19 00:00:00+00:00,1.3114,1.3115,1.2053,1.2689,918248.0,5e-05
2026-01-19 04:00:00+00:00,1.2689,1.2746,1.2539,1.2628,163384.0,5e-05
2026-01-19 08:00:00+00:00,1.2628,1.2837,1.262,1.2802,151778.0,5e-05
2026-01-19 12:00:00+00:00,1.2802,1.2862,1.2717,1.2785,74258.0,5e-05
2026-01-19 16:00:00+00:00,1.2785,1.3003,1.2775,1.2974,71577.0,5e-05
2026-01-19 20:00:00+00:00,1.2974,1.3008,1.2797,1.286,50876.0,5e-05
2026-01-20 00:00:00+00:00,1.286,1.2876,1.2663,1.271,78920.0,5e-05
2026-01-20 04:00:00+00:00,1.271,1.2738,1.235,1.2372,91990.0,5e-05
2026-01-20 08:00:00+00:00,1.2372,1.2372,1.1892,1.1986,297122.0,5e-05
2026-01-20 12:00:00+00:00,1.1986,1.207,1.1459,1.1512,331331.0,5e-05
2026-01-20 16:00:00+00:00,1.1512,1.165,1.1461,1.1566,198328.0,5e-05
2026-01-20 20:00:00+00:00,1.1566,1.1698,1.1352,1.1384,177189.0,5e-05
2026-01-21 00:00:00+00:00,1.1384,1.165,1.1379,1.1595,94848.0,-0.00010491
2026-01-21 04:00:00+00:00,1.1595,1.1735,1.1546,1.1621,123876.0,2.327e-05
2026-01-21 08:00:00+00:00,1.1621,1.1628,1.1361,1.1386,76249.0,5e-05
2026-01-21 12:00:00+00:00,1.1386,1.1696,1.1208,1.1622,306242.0,5e-05
2026-01-21 16:00:00+00:00,1.1622,1.1952,1.1089,1.1902,209190.0,5e-05
2026-01-21 20:00:00+00:00,1.1902,1.1988,1.1755,1.1797,159396.0,5e-05
2026-01-22 00:00:00+00:00,1.1797,1.2028,1.1769,1.1997,60316.0,5e-05
2026-01-22 04:00:00+00:00,1.1997,1.211,1.1955,1.1987,92805.0,5e-05
2026-01-22 08:00:00+00:00,1.1987,1.2061,1.1913,1.1919,45429.0,5e-05
2026-01-22 12:00:00+00:00,1.1919,1.2007,1.1641,1.1839,111681.0,5e-05
2026-01-22 16:00:00+00:00,1.1839,1.2148,1.182,1.1964,117903.0,1.73e-06
2026-01-22 20:00:00+00:00,1.1964,1.2025,1.1911,1.1931,44423.0,5e-05
2026-01-23 00:00:00+00:00,1.1931,1.2077,1.192,1.2004,17580.0,5e-05
2026-01-23 04:00:00+00:00,1.2004,1.202,1.1853,1.1932,42005.0,5e-05
2026-01-23 08:00:00+00:00,1.1932,1.1968,1.1807,1.1953,47282.0,5e-05
2026-01-23 12:00:00+00:00,1.1953,1.1962,1.1706,1.1955,56388.0,1.633e-05
2026-01-23 16:00:00+00:00,1.1955,1.2189,1.1815,1.1859,104491.0,5e-05
2026-01-23 20:00:00+00:00,1.1859,1.1958,1.1781,1.1943,42892.0,5e-05
2026-01-24 00:00:00+00:00,1.1943,1.2,1.1914,1.1973,59846.0,5e-05
2026-01-24 04:00:00+00:00,1.1973,1.2017,1.1952,1.1972,13877.0,5e-05
2026-01-24 08:00:00+00:00,1.1972,1.1994,1.1915,1.192,14348.0,5e-05
2026-01-24 12:00:00+00:00,1.192,1.1974,1.1911,1.1914,18673.0,5e-05
2026-01-24 16:00:00+00:00,1.1914,1.1949,1.191,1.1915,18367.0,5e-05
2026-01-24 20:00:00+00:00,1.1915,1.197,1.1913,1.1942,15230.0,-6.72e-05
2026-01-25 00:00:00+00:00,1.1942,1.198,1.1861,1.193,38782.0,-1.635e-05
2026-01-25 04:00:00+00:00,1.193,1.1988,1.1891,1.1988,15050.0,5e-05
2026-01-25 08:00:00+00:00,1.1988,1.2044,1.1879,1.1902,88970.0,5e-05
2026-01-25 12:00:00+00:00,1.1902,1.1944,1.1827,1.1885,49770.0,-0.00011723
2026-01-25 16:00:00+00:00,1.1885,1.1888,1.1227,1.128,428816.0,-0.00021073
2026-01-25 20:00:00+00:00,1.128,1.1445,1.1139,1.1445,96677.0,-0.00022768
2026-01-26 00:00:00+00:00,1.1445,1.1796,1.1419,1.1748,89706.0,-0.00015754
2026-01-26 04:00:00+00:00,1.1748,1.2211,1.1748,1.2133,195853.0,-0.00021984
2026-01-26 08:00:00+00:00,1.2133,1.2349,1.2123,1.228,123108.0,-0.00011397
2026-01-26 12:00:00+00:00,1.228,1.2483,1.2134,1.2205,147548.0,5e-05
2026-01-26 16:00:00+00:00,1.2205,1.2533,1.2199,1.2396,162153.0,5e-05
2026-01-26 20:00:00+00:00,1.2396,1.2609,1.2346,1.2427,142929.0,5e-05
2026-01-27 00:00:00+00:00,1.2427,1.2493,1.2306,1.2401,82509.0,5e-05
2026-01-27 04:00:00+00:00,1.2401,1.2459,1.2278,1.2386,45347.0,5e-05
2026-01-27 08:00:00+00:00,1.2386,1.2409,1.219,1.2253,48534.0,5e-05
2026-01-27 12:00:00+00:00,1.2253,1.2317,1.2073,1.2283,152365.0,5e-05
2026-01-27 16:00:00+00:00,1.2283,1.2433,1.2028,1.2059,146771.0,5e-05
2026-01-27 20:00:00+00:00,1.2059,1.2176,1.1919,1.194,77285.0,5e-05
2026-01-28 00:00:00+00:00,1.194,1.1997,1.1919,1.1978,39770.0,5e-05
2026-01-28 04:00:00+00:00,1.1978,1.2082,1.1889,1.198,72798.0,5e-05
2026-01-28 08:00:00+00:00,1.198,1.2244,1.193,1.2227,59267.0,5e-05
2026-01-28 12:00:00+00:00,1.2227,1.2318,1.195,1.2004,100063.0,5e-05
2026-01-28 16:00:00+00:00,1.2004,1.219,1.1964,1.2112,93048.0,5e-05
2026-01-28 20:00:00+00:00,1.2112,1.2246,1.2048,1.2069,72849.0,5e-05
2026-01-29 00:00:00+00:00,1.2069,1.2119,1.1899,1.2084,99296.0,5e-05
2026-01-29 04:00:00+00:00,1.2084,1.216,1.1974,1.1984,36573.0,-6.761e-05
2026-01-29 08:00:00+00:00,1.1984,1.204,1.1906,1.193,44173.0,5e-05
2026-01-29 12:00:00+00:00,1.193,1.2202,1.1644,1.1894,259647.0,5e-05
2026-01-29 16:00:00+00:00,1.1894,1.2189,1.1795,1.2047,202391.0,1.176e-05
2026-01-29 20:00:00+00:00,1.2047,1.2086,1.1937,1.202,91138.0,2.656e-05
2026-01-30 00:00:00+00:00,1.202,1.2131,1.1836,1.2101,225990.0,5e-05
2026-01-30 04:00:00+00:00,1.2101,1.2166,1.1842,1.2024,137056.0,-0.00013502
2026-01-30 08:00:00+00:00,1.2024,1.206,1.1886,1.2019,54418.0,-0.00015138
2026-01-30 12:00:00+00:00,1.2019,1.2111,1.1895,1.193,137905.0,-7.49e-05
2026-01-30 16:00:00+00:00,1.193,1.2257,1.1843,1.213,242661.0,-1.84e-05
2026-01-30 20:00:00+00:00,1.213,1.2148,1.19,1.2058,88237.0,5e-05
2026-01-31 00:00:00+00:00,1.2058,1.2194,1.2022,1.2026,33238.0,5e-05
2026-01-31 04:00:00+00:00,1.2026,1.2105,1.1887,1.1949,40963.0,5e-05
2026-01-31 08:00:00+00:00,1.1949,1.2024,1.1725,1.1918,76186.0,-8.707e-05
2026-01-31 12:00:00+00:00,1.1918,1.1934,1.1415,1.154,211380.0,-3.424e-05
2026-01-31 16:00:00+00:00,1.154,1.1688,1.0434,1.1094,716000.0,3.25e-05
2026-01-31 20:00:00+00:00,1.1094,1.1453,1.0925,1.1366,82328.0,5e-05
2026-02-01 00:00:00+00:00,1.1366,1.157,1.1347,1.1521,74208.0,5e-05
2026-02-01 04:00:00+00:00,1.1521,1.1571,1.129,1.1296,57523.0,-0.00011089
2026-02-01 08:00:00+00:00,1.1296,1.1356,1.1112,1.1226,92939.0,-7.528e-05
2026-02-01 12:00:00+00:00,1.1226,1.123,1.0775,1.0891,124977.0,-0.00044957
2026-02-01 16:00:00+00:00,1.0891,1.1272,1.0836,1.1189,181879.0,-0.00036671
2026-02-01 20:00:00+00:00,1.1189,1.1367,1.0852,1.1049,227226.0,5e-05
2026-02-02 00:00:00+00:00,1.1049,1.1384,1.0688,1.1105,158393.0,5e-05
2026-02-02 04:00:00+00:00,1.1105,1.1287,1.076,1.1248,134792.0,5e-05
2026-02-02 08:00:00+00:00,1.1248,1.1881,1.121,1.1503,212751.0,5e-05
2026-02-02 12:00:00+00:00,1.1503,1.2722,1.1503,1.2585,509556.0,5e-05
2026-02-02 16:00:00+00:00,1.2585,1.2953,1.2053,1.2082,489118.0,5e-05
2026-02-02 20:00:00+00:00,1.2082,1.2414,1.1966,1.2347,130914.0,5e-05
2026-02-03 00:00:00+00:00,1.2347,1.2566,1.2141,1.2529,142311.0,5e-05
2026-02-03 04:00:00+00:00,1.2529,1.2955,1.2439,1.2888,181270.0,5e-05
2026-02-03 08:00:00+00:00,1.2888,1.3013,1.2516,1.266,239800.0,5e-05
2026-02-03 12:00:00+00:00,1.266,1.3046,1.26,1.2984,327993.0,5e-05
2026-02-03 16:00:00+00:00,1.2984,1.2989,1.1926,1.2426,646660.0,4.736e-05
2026-02-03 20:00:00+00:00,1.2426,1.3022,1.2291,1.2538,391095.0,-0.00016562
2026-02-04 00:00:00+00:00,1.2538,1.3574,1.2462,1.3428,561003.0,-8.055e-05
2026-02-04 04:00:00+00:00,1.3428,1.3529,1.2965,1.3166,313573.0,-0.00023717
2026-02-04 08:00:00+00:00,1.3166,1.3225,1.2884,1.3002,269393.0,5e-05
2026-02-04 12:00:00+00:00,1.3002,1.3184,1.2579,1.2694,502239.0,5e-05
2026-02-04 16:00:00+00:00,1.2694,1.3105,1.2517,1.2978,418419.0,4.881e-05
2026-02-04 20:00:00+00:00,1.2978,1.2996,1.1942,1.1955,648563.0,5e-05
2026-02-05 00:00:00+00:00,1.1955,1.2054,1.1593,1.1644,347455.0,5e-05
2026-02-05 04:00:00+00:00,1.1644,1.1856,1.1498,1.1656,289174.0,5e-05
2026-02-05 08:00:00+00:00,1.1656,1.1931,1.1476,1.1569,242406.0,2.396e-05
2026-02-05 12:00:00+00:00,1.1569,1.1702,1.09,1.099,489706.0,-0.00011907
2026-02-05 16:00:00+00:00,1.099,1.1436,1.065,1.0691,442083.0,-7.73e-06
2026-02-05 20:00:00+00:00,1.0691,1.0781,1.0175,1.025,521552.0,5e-05
2026-02-06 00:00:00+00:00,1.025,1.1121,0.9563,1.1051,1459105.0,5e-05
2026-02-06 04:00:00+00:00,1.1051,1.153,1.1001,1.1184,215621.0,5e-05
2026-02-06 08:00:00+00:00,1.1184,1.1562,1.1034,1.1542,187899.0,5e-05
2026-02-06 12:00:00+00:00,1.1542,1.2417,1.1504,1.196,852210.0,5e-05
2026-02-06 16:00:00+00:00,1.196,1.2386,1.1889,1.1945,381996.0,5e-05
2026-02-06 20:00:00+00:00,1.1945,1.2032,1.1781,1.187,261818.0,5e-05
2026-02-07 00:00:00+00:00,1.187,1.1914,1.1642,1.1886,126541.0,-4.455e-05
2026-02-07 04:00:00+00:00,1.1886,1.1977,1.1382,1.1574,109276.0,-3.83e-05
2026-02-07 08:00:00+00:00,1.1574,1.1638,1.1343,1.1416,82839.0,1.502e-05
2026-02-07 12:00:00+00:00,1.1416,1.1742,1.1376,1.1504,129544.0,5e-05
2026-02-07 16:00:00+00:00,1.1504,1.1741,1.1359,1.164,603297.0,5e-05
2026-02-07 20:00:00+00:00,1.164,1.1843,1.1637,1.1742,243048.0,5e-05
2026-02-08 00:00:00+00:00,1.1742,1.1742,1.1589,1.1597,50747.0,5e-05
2026-02-08 04:00:00+00:00,1.1597,1.1638,1.1516,1.1629,39900.0,5e-05
2026-02-08 08:00:00+00:00,1.1629,1.1822,1.1572,1.1797,85876.0,5e-05
2026-02-08 12:00:00+00:00,1.1797,1.1949,1.1647,1.1688,73640.0,5e-05
2026-02-08 16:00:00+00:00,1.1688,1.1777,1.1483,1.1763,33611.0,5e-05
2026-02-08 20:00:00+00:00,1.1763,1.1802,1.1463,1.1563,48498.0,5e-05
2026-02-09 00:00:00+00:00,1.1563,1.1668,1.1456,1.1614,69815.0,5e-05
2026-02-09 04:00:00+00:00,1.1614,1.1634,1.1408,1.1411,31834.0,5e-05
2026-02-09 08:00:00+00:00,1.1411,1.1421,1.0987,1.1109,112165.0,5e-05
2026-02-09 12:00:00+00:00,1.1109,1.144,1.1093,1.1366,108807.0,5e-05
2026-02-09 16:00:00+00:00,1.1366,1.1633,1.1245,1.1625,68479.0,5e-05
2026-02-09 20:00:00+00:00,1.1625,1.1692,1.1473,1.1575,65118.0,5e-05
2026-02-10 00:00:00+00:00,1.1575,1.166,1.1376,1.1478,62821.0,5e-05
2026-02-10 04:00:00+00:00,1.1478,1.1518,1.11,1.117,80228.0,5e-05
2026-02-10 08:00:00+00:00,1.117,1.1393,1.114,1.1238,95466.0,5e-05
2026-02-10 12:00:00+00:00,1.1238,1.1533,1.1235,1.152,67733.0,5e-05
2026-02-10 16:00:00+00:00,1.152,1.1638,1.137,1.1432,97785.0,5e-05
2026-02-10 20:00:00+00:00,1.1432,1.146,1.1314,1.1436,92138.0,5e-05
2026-02-11 00:00:00+00:00,1.1436,1.147,1.1226,1.1327,58115.0,5e-05
2026-02-11 04:00:00+00:00,1.1327,1.1327,1.0839,1.0926,265328.0,5e-05
2026-02-11 08:00:00+00:00,1.0926,1.1014,1.0845,1.095,56926.0,5e-05
2026-02-11 12:00:00+00:00,1.095,1.1288,1.0739,1.0824,228469.0,5e-05
2026-02-11 16:00:00+00:00,1.0824,1.0997,1.0679,1.0947,144573.0,5e-05
2026-02-11 20:00:00+00:00,1.0947,1.1124,1.0737,1.0793,91255.0,5e-05
2026-02-12 00:00:00+00:00,1.0793,1.101,1.0793,1.101,45925.0,5e-05
2026-02-12 04:00:00+00:00,1.101,1.1095,1.0888,1.1068,55551.0,5e-05
2026-02-12 08:00:00+00:00,1.1068,1.1211,1.0997,1.1185,138258.0,5e-05
2026-02-12 12:00:00+00:00,1.1185,1.1193,1.0869,1.0872,133523.0,5e-05
2026-02-12 16:00:00+00:00,1.0872,1.1047,1.0697,1.0906,143039.0,5e-05
2026-02-12 20:00:00+00:00,1.0906,1.1095,1.0851,1.1095,71697.0,5e-05
2026-02-13 00:00:00+00:00,1.1095,1.1236,1.0949,1.116,37108.0,5e-05
2026-02-13 04:00:00+00:00,1.116,1.1356,1.1089,1.1275,61470.0,5e-05
2026-02-13 08:00:00+00:00,1.1275,1.1412,1.1211,1.1341,65965.0,5e-05
2026-02-13 12:00:00+00:00,1.1341,1.1573,1.1122,1.1436,284153.0,5e-05
2026-02-13 16:00:00+00:00,1.1436,1.2272,1.1395,1.1987,718240.0,5e-05
2026-02-13 20:00:00+00:00,1.1987,1.2054,1.183,1.1856,152690.0,5e-05
2026-02-14 00:00:00+00:00,1.1856,1.312,1.1836,1.2315,4952162.0,5e-05
2026-02-14 04:00:00+00:00,1.2315,1.2357,1.215,1.227,294204.0,5e-05
2026-02-14 08:00:00+00:00,1.227,1.3369,1.2264,1.2993,754245.0,5e-05
2026-02-14 12:00:00+00:00,1.2993,1.3786,1.2938,1.3541,790598.0,5e-05
2026-02-14 16:00:00+00:00,1.3541,1.3975,1.3336,1.3933,540615.0,5e-05
2026-02-14 20:00:00+00:00,1.3933,1.4024,1.3668,1.3998,210662.0,5e-05
2026-02-15 00:00:00+00:00,1.3998,1.4346,1.3599,1.3836,580812.0,5e-05
2026-02-15 04:00:00+00:00,1.3836,1.4381,1.3829,1.4329,364778.0,5e-05
2026-02-15 08:00:00+00:00,1.4329,1.4416,1.3988,1.42,273091.0,5e-05
2026-02-15 12:00:00+00:00,1.42,1.4322,1.3537,1.3581,362465.0,5e-05
2026-02-15 16:00:00+00:00,1.3581,1.3601,1.2802,1.3008,599924.0,5e-05
2026-02-15 20:00:00+00:00,1.3008,1.3352,1.2947,1.3301,374270.0,2.965e-05
2026-02-16 00:00:00+00:00,1.3301,1.4201,1.3301,1.4188,360832.0,-3.288e-05
2026-02-16 04:00:00+00:00,1.4188,1.4495,1.3788,1.4175,477136.0,5e-05
2026-02-16 08:00:00+00:00,1.4175,1.4205,1.366,1.3752,334409.0,5e-05
2026-02-16 12:00:00+00:00,1.3752,1.4063,1.3363,1.3412,604555.0,-1.369e-05
2026-02-16 16:00:00+00:00,1.3412,1.3551,1.3285,1.3427,511809.0,5e-05
2026-02-16 20:00:00+00:00,1.3427,1.3751,1.3415,1.3689,175394.0,5e-05
2026-02-17 00:00:00+00:00,1.3689,1.3879,1.3513,1.3837,273811.0,5e-05
2026-02-17 04:00:00+00:00,1.3837,1.4085,1.3837,1.4038,241060.0,5.5e-07
2026-02-17 08:00:00+00:00,1.4038,1.4149,1.3796,1.3801,126318.0,-2.486e-05
2026-02-17 12:00:00+00:00,1.3801,1.4138,1.368,1.3893,252684.0,5e-05
2026-02-17 16:00:00+00:00,1.3893,1.497,1.3876,1.4866,716591.0,5e-05
2026-02-17 20:00:00+00:00,1.4866,1.518,1.4512,1.5064,908457.0,5e-05
2026-02-18 00:00:00+00:00,1.5064,1.5322,1.4867,1.5013,676895.0,-6.99e-05
2026-02-18 04:00:00+00:00,1.5013,1.5166,1.465,1.4736,376367.0,5e-05
2026-02-18 08:00:00+00:00,1.4736,1.5094,1.4596,1.4827,292062.0,5e-05
2026-02-18 12:00:00+00:00,1.4827,1.4994,1.4435,1.4697,446349.0,5e-05
2026-02-18 16:00:00+00:00,1.4697,1.4777,1.4241,1.4319,543911.0,-0.00015161
2026-02-18 20:00:00+00:00,1.4319,1.4684,1.4319,1.4597,272795.0,-0.00049535
2026-02-19 00:00:00+00:00,1.4597,1.4766,1.4461,1.4508,256086.0,-0.00023773
2026-02-19 04:00:00+00:00,1.4508,1.4597,1.4356,1.4386,162127.0,-0.00020694
2026-02-19 08:00:00+00:00,1.4386,1.4386,1.3875,1.391,354439.0,-4.303e-05
2026-02-19 12:00:00+00:00,1.391,1.3955,1.3462,1.3655,416539.0,-0.0002284
2026-02-19 16:00:00+00:00,1.3655,1.3884,1.3507,1.3831,250373.0,-2.293e-05
2026-02-19 20:00:00+00:00,1.3831,1.4128,1.374,1.3804,191823.0,5e-05
2026-02-20 00:00:00+00:00,1.3804,1.4179,1.3793,1.4153,174464.0,-0.00023403
2026-02-20 04:00:00+00:00,1.4153,1.4918,1.4071,1.4888,551586.0,5e-05
2026-02-20 08:00:00+00:00,1.4888,1.5745,1.4654,1.5619,1165248.0,5e-05
2026-02-20 12:00:00+00:00,1.5619,1.5728,1.4709,1.5525,1101086.0,1.387e-05
2026-02-20 16:00:00+00:00,1.5525,1.5542,1.5022,1.5282,502210.0,-5.934e-05
2026-02-20 20:00:00+00:00,1.5282,1.6439,1.5223,1.5756,1372726.0,5e-05
2026-02-21 00:00:00+00:00,1.5756,1.6183,1.5517,1.5567,627129.0,-0.00015384
2026-02-21 04:00:00+00:00,1.5567,1.5935,1.5518,1.587,447522.0,-0.00031965
2026-02-21 08:00:00+00:00,1.587,1.6096,1.5654,1.6076,333379.0,5e-05
2026-02-21 12:00:00+00:00,1.6076,1.6524,1.5961,1.6224,593388.0,5e-05
2026-02-21 16:00:00+00:00,1.6224,1.646,1.6089,1.6247,414109.0,-6.367e-05
2026-02-21 20:00:00+00:00,1.6247,1.6307,1.6132,1.6137,172639.0,-0.0001141
2026-02-22 00:00:00+00:00,1.6137,1.6367,1.6016,1.6315,291069.0,-0.00024113
2026-02-22 04:00:00+00:00,1.6315,1.6568,1.6119,1.6175,375353.0,-0.00031129
2026-02-22 08:00:00+00:00,1.6175,1.6421,1.609,1.6362,264181.0,5e-05
2026-02-22 12:00:00+00:00,1.6362,1.6383,1.5581,1.5965,582839.0,-9.411e-05
2026-02-22 16:00:00+00:00,1.5965,1.6079,1.5449,1.5825,517234.0,5e-05
2026-02-22 20:00:00+00:00,1.5825,1.61,1.5787,1.5985,552530.0,5e-05
2026-02-23 00:00:00+00:00,1.5985,1.6039,1.507,1.5356,793491.0,5e-05
2026-02-23 04:00:00+00:00,1.5356,1.5868,1.5245,1.5687,359306.0,5e-05
2026-02-23 08:00:00+00:00,1.5687,1.6645,1.5645,1.6433,819221.0,5e-05
2026-02-23 12:00:00+00:00,1.6433,1.6621,1.6031,1.6086,489611.0,5e-05
2026-02-23 16:00:00+00:00,1.6086,1.6091,1.562,1.5708,447722.0,5e-05
2026-02-23 20:00:00+00:00,1.5708,1.6083,1.5628,1.5705,202334.0,-0.00014017
2026-02-24 00:00:00+00:00,1.5705,1.5988,1.5555,1.5644,324412.0,-8.51e-05
2026-02-24 04:00:00+00:00,1.5644,1.5727,1.5232,1.535,420628.0,-9.423e-05
2026-02-24 08:00:00+00:00,1.535,1.5773,1.5329,1.5749,291122.0,-0.00029958
2026-02-24 12:00:00+00:00,1.5749,1.6095,1.5473,1.6007,280882.0,2.773e-05
2026-02-24 16:00:00+00:00,1.6007,1.6059,1.5732,1.6048,217178.0,5e-05
2026-02-24 20:00:00+00:00,1.6048,1.7694,1.6011,1.7382,845432.0,-1.098e-05
2026-02-25 00:00:00+00:00,1.7382,1.8403,1.7006,1.7451,973765.0,5e-05
2026-02-25 04:00:00+00:00,1.7451,1.7712,1.7253,1.756,345250.0,5e-05
2026-02-25 08:00:00+00:00,1.756,1.8123,1.7461,1.7905,576383.0,5e-05
2026-02-25 12:00:00+00:00,1.7905,1.9629,1.7814,1.8879,2558333.0,5e-05
2026-02-25 16:00:00+00:00,1.8879,1.9093,1.8102,1.8299,750625.0,-8.78e-05
2026-02-25 20:00:00+00:00,1.8299,1.878,1.7897,1.8291,705708.0,-0.00011146
2026-02-26 00:00:00+00:00,1.8291,1.8847,1.8209,1.8649,500938.0,-0.00014067
2026-02-26 04:00:00+00:00,1.8649,1.8777,1.832,1.8349,414331.0,5e-05
2026-02-26 08:00:00+00:00,1.8349,1.8746,1.8233,1.8469,344938.0,5e-05
2026-02-26 12:00:00+00:00,1.8469,1.9059,1.8314,1.8988,654219.0,5e-05
2026-02-26 16:00:00+00:00,1.8988,1.912,1.801,1.8877,843090.0,5e-05
2026-02-26 20:00:00+00:00,1.8877,1.9216,1.8358,1.8545,309364.0,5e-05
2026-02-27 00:00:00+00:00,1.8545,1.8747,1.8236,1.86,204047.0,5e-05
2026-02-27 04:00:00+00:00,1.86,1.8892,1.8526,1.864,220033.0,5e-05
2026-02-27 08:00:00+00:00,1.864,1.8961,1.7668,1.7781,705324.0,5e-05
2026-02-27 12:00:00+00:00,1.7781,1.8275,1.7567,1.8246,517991.0,-0.00014414
2026-02-27 16:00:00+00:00,1.8246,1.8246,1.7597,1.7871,632767.0,5e-05
2026-02-27 20:00:00+00:00,1.7871,1.8384,1.7842,1.8331,252172.0,-6.991e-05
2026-02-28 00:00:00+00:00,1.8331,1.8369,1.7901,1.8037,248223.0,-1.543e-05
2026-02-28 04:00:00+00:00,1.8037,1.8176,1.6961,1.7546,1100109.0,5e-05
2026-02-28 08:00:00+00:00,1.7546,1.7823,1.7413,1.7448,399480.0,4.642e-05
2026-02-28 12:00:00+00:00,1.7448,1.7953,1.7228,1.7432,655153.0,-0.00010456
2026-02-28 16:00:00+00:00,1.7432,1.7795,1.7268,1.7748,281246.0,5e-05
2026-02-28 20:00:00+00:00,1.7748,1.804,1.7561,1.7624,286660.0,5e-05
2026-03-01 00:00:00+00:00,1.7624,1.8215,1.7351,1.7746,483534.0,5e-05
2026-03-01 04:00:00+00:00,1.7746,1.7759,1.7059,1.7241,894962.0,-0.00022505
2026-03-01 08:00:00+00:00,1.7241,1.7251,1.6908,1.704,341180.0,-0.00010397
2026-03-01 12:00:00+00:00,1.704,1.752,1.689,1.72,373585.0,4.674e-05
2026-03-01 16:00:00+00:00,1.72,1.7457,1.7013,1.7123,309325.0,-5.597e-05
2026-03-01 20:00:00+00:00,1.7123,1.7512,1.6727,1.7428,597444.0,-4.03e-06
2026-03-02 00:00:00+00:00,1.7428,1.789,1.7222,1.7808,447424.0,5e-05
2026-03-02 04:00:00+00:00,1.7808,1.8132,1.7352,1.7562,573181.0,5e-05
2026-03-02 08:00:00+00:00,1.7562,1.8201,1.7509,1.814,506645.0,-0.00017994
2026-03-02 12:00:00+00:00,1.814,1.9602,1.79,1.941,1279749.0,5e-05
2026-03-02 16:00:00+00:00,1.941,1.9544,1.8983,1.9064,661104.0,5e-05
2026-03-02 20:00:00+00:00,1.9064,1.9793,1.9041,1.9262,547417.0,2.619e-05
2026-03-03 00:00:00+00:00,1.9262,1.9404,1.9011,1.924,280273.0,5e-05
2026-03-03 04:00:00+00:00,1.924,1.9694,1.9076,1.9416,388211.0,5e-05
2026-03-03 08:00:00+00:00,1.9416,1.992,1.8647,1.9828,1338412.0,-3.716e-05
2026-03-03 12:00:00+00:00,1.9828,2.0067,1.8485,1.9148,1569951.0,5e-05
2026-03-03 16:00:00+00:00,1.9148,1.9557,1.8726,1.9436,716383.0,-2.41e-05
2026-03-03 20:00:00+00:00,1.9436,2.0201,1.9279,1.9542,1032515.0,-5.99e-06
2026-03-04 00:00:00+00:00,1.9542,1.9844,1.9304,1.9333,250148.0,5e-05
2026-03-04 04:00:00+00:00,1.9333,1.9414,1.9034,1.9397,296513.0,5e-05
2026-03-04 08:00:00+00:00,1.9397,1.9769,1.9069,1.9205,652223.0,5e-05
2026-03-04 12:00:00+00:00,1.9205,1.9684,1.8827,1.9626,794980.0,-0.00013207
2026-03-04 16:00:00+00:00,1.9626,1.9629,1.889,1.9115,534398.0,5e-05
2026-03-04 20:00:00+00:00,1.9115,1.9185,1.8555,1.8678,279397.0,-0.00013916
2026-03-05 00:00:00+00:00,1.8678,1.8909,1.8549,1.8849,184437.0,-6.304e-05
2026-03-05 04:00:00+00:00,1.8849,1.9152,1.8679,1.8774,147263.0,4.11e-06
2026-03-05 08:00:00+00:00,1.8774,1.9657,1.8713,1.9415,417677.0,-0.00026173
2026-03-05 12:00:00+00:00,1.9415,1.9944,1.9182,1.938,429632.0,5e-05
2026-03-05 16:00:00+00:00,1.938,1.9584,1.9026,1.9469,352651.0,5e-05
2026-03-05 20:00:00+00:00,1.9469,1.9743,1.9317,1.938,204262.0,5e-05
2026-03-06 00:00:00+00:00,1.938,1.9692,1.9306,1.943,172949.0,-1.923e-05
2026-03-06 04:00:00+00:00,1.943,1.9551,1.9076,1.9174,425052.0,5e-05
2026-03-06 08:00:00+00:00,1.9174,1.9309,1.854,1.8612,897708.0,5e-05
2026-03-06 12:00:00+00:00,1.8612,1.8684,1.7678,1.7795,652622.0,-0.00030467
2026-03-06 16:00:00+00:00,1.7795,1.7972,1.7636,1.7934,268730.0,-0.00028753
2026-03-06 20:00:00+00:00,1.7934,1.8,1.7853,1.7911,195100.0,-0.00024715
2026-03-07 00:00:00+00:00,1.7911,1.8117,1.7853,1.8068,170537.0,-0.00047939
2026-03-07 04:00:00+00:00,1.8068,1.815,1.7789,1.8108,176740.0,-0.00026477
2026-03-07 08:00:00+00:00,1.8108,1.839,1.7595,1.7818,505419.0,-9.38e-06
2026-03-07 12:00:00+00:00,1.7818,1.8319,1.7812,1.8284,283294.0,-0.0002021
2026-03-07 16:00:00+00:00,1.8284,1.8551,1.8039,1.8127,295659.0,-0.00040445
2026-03-07 20:00:00+00:00,1.8127,1.8321,1.8004,1.8237,218818.0,-0.00052803
2026-03-08 00:00:00+00:00,1.8237,1.8505,1.8144,1.8462,192558.0,-0.00060298
2026-03-08 04:00:00+00:00,1.8462,1.88,1.8268,1.8424,272898.0,-0.00015555
2026-03-08 08:00:00+00:00,1.8424,1.8624,1.8319,1.8494,131723.0,5e-05
2026-03-08 12:00:00+00:00,1.8494,1.8654,1.8391,1.864,193179.0,-0.00018263
2026-03-08 16:00:00+00:00,1.864,1.9514,1.8466,1.9193,585748.0,-0.00017458
2026-03-08 20:00:00+00:00,1.9193,1.9375,1.8565,1.8631,511100.0,-7.78e-06
2026-03-09 00:00:00+00:00,1.8631,1.9119,1.8511,1.8835,225886.0,5e-05
2026-03-09 04:00:00+00:00,1.8835,1.9295,1.8835,1.9196,319651.0,3.222e-05
2026-03-09 08:00:00+00:00,1.9196,1.9577,1.906,1.9214,412592.0,5e-05
2026-03-09 12:00:00+00:00,1.9214,1.9407,1.892,1.9197,293804.0,5e-05
2026-03-09 16:00:00+00:00,1.9197,1.9458,1.8994,1.9313,185008.0,-8.023e-05
2026-03-09 20:00:00+00:00,1.9313,1.9664,1.8938,1.8997,316076.0,5e-05
2026-03-10 00:00:00+00:00,1.8997,2.0959,1.8946,2.0337,1068395.0,-7.338e-05
2026-03-10 04:00:00+00:00,2.0337,2.047,1.9337,1.9437,806493.0,5e-05
2026-03-10 08:00:00+00:00,1.9437,1.9903,1.9437,1.9792,304359.0,-9.096e-05
2026-03-10 12:00:00+00:00,1.9792,2.0265,1.963,2.0087,450789.0,3.55e-06
2026-03-10 16:00:00+00:00,2.0087,2.0144,1.936,1.9561,387585.0,5e-05
2026-03-10 20:00:00+00:00,1.9561,1.984,1.936,1.9507,127715.0,-9.24e-05
2026-03-11 00:00:00+00:00,1.9507,1.9587,1.9349,1.9431,137313.0,-0.00025019
2026-03-11 04:00:00+00:00,1.9431,1.9907,1.9426,1.9642,199255.0,-0.00010117
2026-03-11 08:00:00+00:00,1.9642,1.9889,1.9547,1.9603,187764.0,5e-05
2026-03-11 12:00:00+00:00,1.9603,2.0055,1.9407,1.9592,436723.0,-0.0001099
2026-03-11 16:00:00+00:00,1.9592,1.9699,1.933,1.9564,255232.0,5e-05
2026-03-11 20:00:00+00:00,1.9564,1.9658,1.9154,1.9222,164930.0,2.626e-05
2026-03-12 00:00:00+00:00,1.9222,1.9355,1.8883,1.903,388968.0,5e-05
2026-03-12 04:00:00+00:00,1.903,1.9588,1.9017,1.9577,154148.0,-0.00017205
2026-03-12 08:00:00+00:00,1.9577,1.9737,1.9423,1.9518,172018.0,5e-05
2026-03-12 12:00:00+00:00,1.9518,1.9944,1.9426,1.9819,384573.0,5e-05
2026-03-12 16:00:00+00:00,1.9819,1.9974,1.9536,1.97,220525.0,5e-05
2026-03-12 20:00:00+00:00,1.97,1.999,1.9665,1.9813,86466.0,5e-05
2026-03-13 00:00:00+00:00,1.9813,2.0161,1.966,1.9735,160930.0,5e-05
2026-03-13 04:00:00+00:00,1.9735,1.9803,1.9321,1.9338,157804.0,5e-05
2026-03-13 08:00:00+00:00,1.9338,1.9391,1.892,1.9266,265219.0,1.129e-05
2026-03-13 12:00:00+00:00,1.9266,1.959,1.8434,1.859,554580.0,5e-05
2026-03-13 16:00:00+00:00,1.859,1.8888,1.853,1.8643,285696.0,-5.931e-05
2026-03-13 20:00:00+00:00,1.8643,1.8749,1.837,1.8609,140272.0,-2.861e-05
2026-03-14 00:00:00+00:00,1.8609,1.8687,1.8386,1.8501,138236.0,5e-05
2026-03-14 04:00:00+00:00,1.8501,1.8597,1.8225,1.8571,349190.0,-0.00013348
2026-03-14 08:00:00+00:00,1.8571,1.8727,1.8343,1.8636,199897.0,-0.00011225
2026-03-14 12:00:00+00:00,1.8636,1.8827,1.841,1.8531,160859.0,-0.0001422
2026-03-14 16:00:00+00:00,1.8531,1.874,1.8475,1.8589,73187.0,-0.00019183
2026-03-14 20:00:00+00:00,1.8589,1.8971,1.856,1.892,78427.0,-7.774e-05
2026-03-15 00:00:00+00:00,1.892,1.8994,1.8736,1.8851,188636.0,-2.78e-06
2026-03-15 04:00:00+00:00,1.8851,1.906,1.8626,1.8639,173506.0,-0.00036818
2026-03-15 08:00:00+00:00,1.8639,1.8707,1.835,1.8425,210071.0,-0.00041601
2026-03-15 12:00:00+00:00,1.8425,1.8683,1.8367,1.8649,167931.0,-0.00037429
2026-03-15 16:00:00+00:00,1.8649,1.9034,1.8555,1.894,245947.0,-0.00015977
2026-03-15 20:00:00+00:00,1.894,1.9564,1.887,1.9278,335985.0,-5.726e-05
2026-03-16 00:00:00+00:00,1.9278,1.9463,1.9066,1.9308,174982.0,5e-05
2026-03-16 04:00:00+00:00,1.9308,1.9503,1.9031,1.9064,126227.0,-0.00015993
2026-03-16 08:00:00+00:00,1.9064,1.9161,1.8649,1.8775,182364.0,-0.00021884
2026-03-16 12:00:00+00:00,1.8775,1.9148,1.8722,1.8833,169528.0,-0.00032327
2026-03-16 16:00:00+00:00,1.8833,1.892,1.8595,1.867,150941.0,-0.00021975
2026-03-16 20:00:00+00:00,1.867,1.8885,1.8143,1.8223,294934.0,-0.00028435
2026-03-17 00:00:00+00:00,1.8223,1.8364,1.7705,1.7734,444110.0,-0.00025488
2026-03-17 04:00:00+00:00,1.7734,1.8109,1.7698,1.7942,207593.0,-0.00027077
2026-03-17 08:00:00+00:00,1.7942,1.7975,1.7215,1.7294,364051.0,-0.00029199
2026-03-17 12:00:00+00:00,1.7294,1.7995,1.727,1.7779,426168.0,-0.00046353
2026-03-17 16:00:00+00:00,1.7779,1.8099,1.7681,1.7957,181289.0,2.01e-05
2026-03-17 20:00:00+00:00,1.7957,1.8322,1.7946,1.8031,219203.0,5e-05
2026-03-18 00:00:00+00:00,1.8031,1.8424,1.8006,1.8363,186476.0,-0.00016174
2026-03-18 04:00:00+00:00,1.8363,1.841,1.8061,1.822,127265.0,-0.00012527
2026-03-18 08:00:00+00:00,1.822,1.8597,1.8123,1.8297,233372.0,-2.986e-05
2026-03-18 12:00:00+00:00,1.8297,1.8395,1.7504,1.7813,494086.0,-0.00015759
2026-03-18 16:00:00+00:00,1.7813,1.8041,1.7416,1.745,282173.0,5e-05
2026-03-18 20:00:00+00:00,1.745,1.7555,1.7242,1.7406,175592.0,5e-05
2026-03-19 00:00:00+00:00,1.7406,1.7642,1.7074,1.7555,191586.0,-2.567e-05
2026-03-19 04:00:00+00:00,1.7555,1.7605,1.697,1.7081,142606.0,-4.812e-05
2026-03-19 08:00:00+00:00,1.7081,1.7244,1.6944,1.6993,160926.0,-4.292e-05
2026-03-19 12:00:00+00:00,1.6993,1.7045,1.655,1.6724,341352.0,-0.0001402
2026-03-19 16:00:00+00:00,1.6724,1.6961,1.6532,1.6846,124196.0,5e-05
2026-03-19 20:00:00+00:00,1.6846,1.782,1.6831,1.7479,546863.0,-6.338e-05
2026-03-20 00:00:00+00:00,1.7479,1.7759,1.7331,1.7637,181394.0,5e-05
2026-03-20 04:00:00+00:00,1.7637,1.7725,1.7246,1.7475,169631.0,-4.503e-05
2026-03-20 08:00:00+00:00,1.7475,1.7695,1.7326,1.7597,137144.0,-2.888e-05
2026-03-20 12:00:00+00:00,1.7597,1.7688,1.7214,1.7294,157544.0,5e-05
2026-03-20 16:00:00+00:00,1.7294,1.7405,1.7055,1.7201,120016.0,-0.00014395
2026-03-20 20:00:00+00:00,1.7201,1.7749,1.7083,1.769,154136.0,-1.927e-05
2026-03-21 00:00:00+00:00,1.769,1.7754,1.7493,1.7711,65361.0,5e-05
2026-03-21 04:00:00+00:00,1.7711,1.7765,1.7496,1.7504,88834.0,5e-05
2026-03-21 08:00:00+00:00,1.7504,1.8003,1.7497,1.8003,148080.0,5e-05
2026-03-21 12:00:00+00:00,1.8003,1.8059,1.7695,1.7861,103923.0,5e-05
2026-03-21 16:00:00+00:00,1.7861,1.8074,1.7834,1.8054,76807.0,5e-05
2026-03-21 20:00:00+00:00,1.8054,1.8061,1.7419,1.7513,109411.0,5e-05
2026-03-22 00:00:00+00:00,1.7513,1.7614,1.7254,1.73,367890.0,5e-05
2026-03-22 04:00:00+00:00,1.73,1.7427,1.7115,1.7244,94354.0,-3.36e-05
2026-03-22 08:00:00+00:00,1.7244,1.7302,1.6855,1.6937,193483.0,5e-05
2026-03-22 12:00:00+00:00,1.6937,1.7036,1.6622,1.6695,128519.0,-0.00012779
2026-03-22 16:00:00+00:00,1.6695,1.7032,1.6677,1.6887,193677.0,-5.32e-05
2026-03-22 20:00:00+00:00,1.6887,1.6978,1.6549,1.6664,139872.0,-3.143e-05
2026-03-23 00:00:00+00:00,1.6664,1.6835,1.6535,1.6599,72669.0,5e-05
2026-03-23 04:00:00+00:00,1.6599,1.6826,1.6486,1.6691,150630.0,-0.00018033
2026-03-23 08:00:00+00:00,1.6691,1.777,1.6285,1.6837,514145.0,5e-05
2026-03-23 12:00:00+00:00,1.6837,1.7189,1.6587,1.6625,295684.0,5e-05
2026-03-23 16:00:00+00:00,1.6625,1.7062,1.6505,1.7016,255588.0,-8.4e-06
2026-03-23 20:00:00+00:00,1.7016,1.7226,1.6899,1.6976,60744.0,7.32e-06
2026-03-24 00:00:00+00:00,1.6976,1.6994,1.6517,1.66,82641.0,-0.00017345
2026-03-24 04:00:00+00:00,1.66,1.674,1.6504,1.6729,90042.0,5e-05
2026-03-24 08:00:00+00:00,1.6729,1.6964,1.6491,1.6943,211687.0,2.228e-05
2026-03-24 12:00:00+00:00,1.6943,1.7227,1.6696,1.7148,405782.0,-2.512e-05
2026-03-24 16:00:00+00:00,1.7148,1.7179,1.6867,1.6945,124320.0,5e-05
2026-03-24 20:00:00+00:00,1.6945,1.7685,1.6807,1.7537,194167.0,5e-05
2026-03-25 00:00:00+00:00,1.7537,1.777,1.744,1.7447,107021.0,5e-05
2026-03-25 04:00:00+00:00,1.7447,1.7566,1.705,1.7073,175746.0,5e-05
2026-03-25 08:00:00+00:00,1.7073,1.751,1.7073,1.736,280932.0,5e-05
2026-03-25 12:00:00+00:00,1.736,1.758,1.7149,1.7263,171350.0,5e-05
2026-03-25 16:00:00+00:00,1.7263,1.752,1.7145,1.7295,252083.0,5e-05
2026-03-25 20:00:00+00:00,1.7295,1.7309,1.7031,1.7051,169141.0,5e-05
2026-03-26 00:00:00+00:00,1.7051,1.7064,1.6725,1.6782,164724.0,5e-05
2026-03-26 04:00:00+00:00,1.6782,1.6807,1.6567,1.6695,49357.0,5e-05
2026-03-26 08:00:00+00:00,1.6695,1.6707,1.6076,1.6347,175976.0,-4.4e-07
2026-03-26 12:00:00+00:00,1.6347,1.6602,1.6058,1.6385,205171.0,5e-05
2026-03-26 16:00:00+00:00,1.6385,1.6437,1.6001,1.6023,178746.0,-8.405e-05
2026-03-26 20:00:00+00:00,1.6023,1.6212,1.5464,1.5566,331564.0,-1.021e-05
2026-03-27 00:00:00+00:00,1.5566,1.5654,1.5462,1.5545,82400.0,-4.81e-06
2026-03-27 04:00:00+00:00,1.5545,1.6005,1.5357,1.593,217568.0,-0.00018782
2026-03-27 08:00:00+00:00,1.593,1.5975,1.5062,1.5091,241689.0,5e-05
2026-03-27 12:00:00+00:00,1.5091,1.5211,1.4762,1.5195,165923.0,6.8e-07
2026-03-27 16:00:00+00:00,1.5195,1.5198,1.4782,1.4824,355697.0,5e-05
2026-03-27 20:00:00+00:00,1.4824,1.5035,1.4741,1.492,105973.0,-0.00031325
2026-03-28 00:00:00+00:00,1.492,1.5031,1.4722,1.5008,70039.0,-3.151e-05
2026-03-28 04:00:00+00:00,1.5008,1.52,1.4987,1.5197,87544.0,-4.752e-05
2026-03-28 08:00:00+00:00,1.5197,1.521,1.5022,1.5045,204520.0,-0.00013706
2026-03-28 12:00:00+00:00,1.5045,1.5426,1.5031,1.516,161159.0,-4.469e-05
2026-03-28 16:00:00+00:00,1.516,1.5217,1.4913,1.5025,102389.0,-0.00022295
2026-03-28 20:00:00+00:00,1.5025,1.5143,1.4811,1.4952,66539.0,5e-05
2026-03-29 00:00:00+00:00,1.4952,1.4998,1.4861,1.4961,45938.0,5e-05
2026-03-29 04:00:00+00:00,1.4961,1.5052,1.4891,1.494,30355.0,-8.616e-05
2026-03-29 08:00:00+00:00,1.494,1.4994,1.4814,1.4914,38702.0,5e-05
2026-03-29 12:00:00+00:00,1.4914,1.4963,1.4727,1.4837,67255.0,5e-05
2026-03-29 16:00:00+00:00,1.4837,1.4894,1.4747,1.476,41663.0,2.807e-05
2026-03-29 20:00:00+00:00,1.476,1.4818,1.4425,1.4735,215205.0,-0.00021912
2026-03-30 00:00:00+00:00,1.4735,1.5297,1.4723,1.5271,107893.0,5e-05
2026-03-30 04:00:00+00:00,1.5271,1.5692,1.5268,1.561,102624.0,5e-05
2026-03-30 08:00:00+00:00,1.561,1.5621,1.5312,1.532,148084.0,5e-05
2026-03-30 12:00:00+00:00,1.532,1.5402,1.511,1.5155,63535.0,5e-05
2026-03-30 16:00:00+00:00,1.5155,1.5155,1.4722,1.4766,113151.0,5e-05
2026-03-30 20:00:00+00:00,1.4766,1.491,1.4637,1.4675,43490.0,5e-05
2026-03-31 00:00:00+00:00,1.4675,1.5059,1.4619,1.4891,162130.0,5e-05
2026-03-31 04:00:00+00:00,1.4891,1.492,1.4731,1.485,72767.0,5e-05
2026-03-31 08:00:00+00:00,1.485,1.4865,1.4476,1.4725,147920.0,5e-05
2026-03-31 12:00:00+00:00,1.4725,1.5105,1.4675,1.4873,169441.0,5e-05
2026-03-31 16:00:00+00:00,1.4873,1.5339,1.4873,1.5035,167643.0,5e-05
2026-03-31 20:00:00+00:00,1.5035,1.5391,1.5024,1.537,163233.0,5e-05
2026-04-01 00:00:00+00:00,1.537,1.56,1.5347,1.5523,196425.0,5e-05
2026-04-01 04:00:00+00:00,1.5523,1.6105,1.5499,1.5925,402019.0,5e-05
2026-04-01 08:00:00+00:00,1.5925,1.6748,1.5864,1.6713,657579.0,5e-05
2026-04-01 12:00:00+00:00,1.6713,1.7005,1.5439,1.5707,1626431.0,5e-05
2026-04-01 16:00:00+00:00,1.5707,1.581,1.5363,1.5408,149296.0,4.611e-05
2026-04-01 20:00:00+00:00,1.5408,1.5447,1.524,1.5281,63834.0,5e-05
2026-04-02 00:00:00+00:00,1.5281,1.5437,1.4915,1.4944,135260.0,5e-05
2026-04-02 04:00:00+00:00,1.4944,1.5041,1.4822,1.5023,83161.0,5e-05
2026-04-02 08:00:00+00:00,1.5023,1.504,1.4823,1.5028,121532.0,5e-05
2026-04-02 12:00:00+00:00,1.5028,1.5512,1.4934,1.5146,205626.0,5e-05
2026-04-02 16:00:00+00:00,1.5146,1.5346,1.4755,1.4773,176226.0,5e-05
2026-04-02 20:00:00+00:00,1.4773,1.5044,1.4678,1.502,92818.0,5e-05
2026-04-03 00:00:00+00:00,1.502,1.5098,1.4901,1.5006,44806.0,5e-05
2026-04-03 04:00:00+00:00,1.5006,1.5068,1.4876,1.497,59594.0,5e-05
2026-04-03 08:00:00+00:00,1.497,1.5122,1.4949,1.504,61661.0,5e-05
2026-04-03 12:00:00+00:00,1.504,1.517,1.4795,1.4947,85758.0,5e-05
2026-04-03 16:00:00+00:00,1.4947,1.5018,1.4859,1.4889,31643.0,5e-05
2026-04-03 20:00:00+00:00,1.4889,1.5014,1.4845,1.4988,54654.0,5e-05
2026-04-04 00:00:00+00:00,1.4988,1.5077,1.487,1.4882,33779.0,5e-05
2026-04-04 04:00:00+00:00,1.4882,1.4909,1.4758,1.4778,37895.0,5e-05
2026-04-04 08:00:00+00:00,1.4778,1.4801,1.4636,1.4671,45004.0,5e-05
2026-04-04 12:00:00+00:00,1.4671,1.4819,1.4636,1.4668,55948.0,5e-05
2026-04-04 16:00:00+00:00,1.4668,1.4904,1.4649,1.4789,83258.0,-1.816e-05
2026-04-04 20:00:00+00:00,1.4789,1.4832,1.4702,1.4799,39884.0,3.409e-05
2026-04-05 00:00:00+00:00,1.4799,1.4897,1.474,1.4817,37238.0,5e-05
2026-04-05 04:00:00+00:00,1.4817,1.4837,1.449,1.4572,87652.0,5e-05
2026-04-05 08:00:00+00:00,1.4572,1.46,1.4491,1.4581,43066.0,5e-05
2026-04-05 12:00:00+00:00,1.4581,1.4645,1.428,1.4482,141840.0,5e-05
2026-04-05 16:00:00+00:00,1.4482,1.4629,1.4462,1.4594,43542.0,5e-05
2026-04-05 20:00:00+00:00,1.4594,1.5052,1.4471,1.4932,118526.0,5e-05
2026-04-06 00:00:00+00:00,1.4932,1.52,1.4932,1.5051,60882.0,5e-05
2026-04-06 04:00:00+00:00,1.5051,1.5248,1.4975,1.5227,119052.0,5e-05
2026-04-06 08:00:00+00:00,1.5227,1.5516,1.509,1.5395,231388.0,5e-05
2026-04-06 12:00:00+00:00,1.5395,1.5515,1.5114,1.5395,177446.0,5e-05
2026-04-06 16:00:00+00:00,1.5395,1.6256,1.5304,1.5993,593629.0,5e-05
2026-04-06 20:00:00+00:00,1.5993,1.6338,1.5575,1.5701,293441.0,5e-05
2026-04-07 00:00:00+00:00,1.5701,1.5919,1.5621,1.588,134818.0,5e-05
2026-04-07 04:00:00+00:00,1.588,1.6028,1.577,1.5946,129440.0,5e-05
2026-04-07 08:00:00+00:00,1.5946,1.6303,1.5944,1.6082,349139.0,5e-05
2026-04-07 12:00:00+00:00,1.6082,1.6517,1.5958,1.6274,506932.0,5e-05
2026-04-07 16:00:00+00:00,1.6274,1.6699,1.6209,1.6536,330938.0,5e-05
2026-04-07 20:00:00+00:00,1.6536,1.7608,1.6431,1.7471,413518.0,5e-05
2026-04-08 00:00:00+00:00,1.7471,1.7651,1.7069,1.7215,318242.0,5e-05
2026-04-08 04:00:00+00:00,1.7215,1.7345,1.696,1.7273,188648.0,2.258e-05
2026-04-08 08:00:00+00:00,1.7273,1.7836,1.7273,1.7763,227520.0,-4.113e-05
2026-04-08 12:00:00+00:00,1.7763,1.7899,1.7137,1.7179,220996.0,-1.455e-05
2026-04-08 16:00:00+00:00,1.7179,1.7292,1.7016,1.7162,174331.0,-0.0002126
2026-04-08 20:00:00+00:00,1.7162,1.7251,1.6873,1.6983,76309.0,5.4e-07
2026-04-09 00:00:00+00:00,1.6983,1.7164,1.679,1.7035,158259.0,-0.00013842
2026-04-09 04:00:00+00:00,1.7035,1.7594,1.6939,1.7458,324696.0,2.768e-05
2026-04-09 08:00:00+00:00,1.7458,1.7716,1.7283,1.7586,171359.0,5e-05
2026-04-09 12:00:00+00:00,1.7586,1.8152,1.7494,1.8115,347898.0,-0.00014182
2026-04-09 16:00:00+00:00,1.8115,1.8938,1.8115,1.8712,833297.0,-1.303e-05
2026-04-09 20:00:00+00:00,1.8712,1.8901,1.8275,1.8385,258634.0,-2.907e-05
2026-04-10 00:00:00+00:00,1.8385,1.8824,1.826,1.8593,143158.0,5e-05
2026-04-10 04:00:00+00:00,1.8593,1.8841,1.7696,1.8171,482262.0,5e-05
2026-04-10 08:00:00+00:00,1.8171,1.8901,1.8144,1.8869,221954.0,5e-05
2026-04-10 12:00:00+00:00,1.8869,1.9065,1.8295,1.8569,274636.0,1.293e-05
2026-04-10 16:00:00+00:00,1.8569,1.8753,1.8201,1.8315,126298.0,-0.0001005
2026-04-10 20:00:00+00:00,1.8315,1.8402,1.8146,1.821,89422.0,-0.00013667
2026-04-11 00:00:00+00:00,1.821,1.8222,1.7572,1.7817,254107.0,-4.32e-05
2026-04-11 04:00:00+00:00,1.7817,1.7889,1.763,1.7691,79125.0,-0.00025722
2026-04-11 08:00:00+00:00,1.7691,1.7736,1.7513,1.7622,125149.0,-0.00020434
2026-04-11 12:00:00+00:00,1.7622,1.7714,1.7396,1.7604,162387.0,1.94e-06
2026-04-11 16:00:00+00:00,1.7604,1.8278,1.7545,1.8225,205225.0,-0.00019432
2026-04-11 20:00:00+00:00,1.8225,1.8229,1.7897,1.8019,88652.0,2.706e-05
2026-04-12 00:00:00+00:00,1.8019,1.8176,1.7313,1.7329,251796.0,-9.679e-05
2026-04-12 04:00:00+00:00,1.7329,1.7483,1.7287,1.7323,96346.0,-4.543e-05
2026-04-12 08:00:00+00:00,1.7323,1.7403,1.7142,1.7179,94020.0,-9.971e-05
2026-04-12 12:00:00+00:00,1.7179,1.7209,1.666,1.6675,252623.0,-9.296e-05
2026-04-12 16:00:00+00:00,1.6675,1.6765,1.6454,1.6717,290097.0,-0.000303
2026-04-12 20:00:00+00:00,1.6717,1.7184,1.6702,1.6847,244314.0,-0.00010366
2026-04-13 00:00:00+00:00,1.6847,1.725,1.6788,1.7159,169062.0,-4.439e-05
2026-04-13 04:00:00+00:00,1.7159,1.7302,1.6934,1.6961,224530.0,5e-05
2026-04-13 08:00:00+00:00,1.6961,1.715,1.6916,1.7031,119816.0,-0.00010887
2026-04-13 12:00:00+00:00,1.7031,1.7306,1.6813,1.7021,289181.0,-0.0001115
2026-04-13 16:00:00+00:00,1.7021,1.7232,1.6794,1.7082,202313.0,-9.668e-05
2026-04-13 20:00:00+00:00,1.7082,1.8115,1.6947,1.8107,253470.0,-0.00011844
2026-04-14 00:00:00+00:00,1.8107,1.8344,1.794,1.8031,243114.0,-2.496e-05
2026-04-14 04:00:00+00:00,1.8031,1.8034,1.7771,1.7831,95645.0,-0.00016131
2026-04-14 08:00:00+00:00,1.7831,1.8116,1.78,1.7868,133886.0,-0.00014279
2026-04-14 12:00:00+00:00,1.7868,1.8117,1.7512,1.7575,309146.0,-0.00024662
2026-04-14 16:00:00+00:00,1.7575,1.7681,1.7078,1.7214,283847.0,-2.142e-05
2026-04-14 20:00:00+00:00,1.7214,1.7332,1.7152,1.7237,105781.0,-0.00012054
2026-04-15 00:00:00+00:00,1.7237,1.7455,1.7189,1.726,53485.0,-0.00025023
2026-04-15 04:00:00+00:00,1.726,1.7503,1.7259,1.7389,97781.0,-0.00026322
2026-04-15 08:00:00+00:00,1.7389,1.7521,1.7223,1.7491,149215.0,-0.0001084
2026-04-15 12:00:00+00:00,1.7491,1.816,1.7322,1.8107,525873.0,-0.00028204
2026-04-15 16:00:00+00:00,1.8107,1.8989,1.805,1.876,361152.0,-2.947e-05
2026-04-15 20:00:00+00:00,1.876,1.8769,1.8124,1.8176,155943.0,5e-05
2026-04-16 00:00:00+00:00,1.8176,1.9228,1.7904,1.7947,909669.0,4.17e-06
2026-04-16 04:00:00+00:00,1.7947,1.8033,1.7672,1.7783,231236.0,5e-05
2026-04-16 08:00:00+00:00,1.7783,1.7812,1.7335,1.7409,160811.0,-0.00029587
2026-04-16 12:00:00+00:00,1.7409,1.7916,1.6984,1.7802,404037.0,4.278e-05
2026-04-16 16:00:00+00:00,1.7802,1.8012,1.7559,1.7973,124108.0,5e-05
2026-04-16 20:00:00+00:00,1.7973,1.8096,1.7837,1.7966,147002.0,5e-05
2026-04-17 00:00:00+00:00,1.7966,1.8051,1.7746,1.79,93189.0,-2.986e-05
2026-04-17 04:00:00+00:00,1.79,1.8233,1.7817,1.8193,129041.0,-0.00015091
2026-04-17 08:00:00+00:00,1.8193,1.8809,1.8169,1.8785,199099.0,4.875e-05
2026-04-17 12:00:00+00:00,1.8785,2.0563,1.8735,1.9779,1300684.0,5e-05
2026-04-17 16:00:00+00:00,1.9779,2.0086,1.9378,1.9616,369320.0,5e-05
2026-04-17 20:00:00+00:00,1.9616,1.9686,1.9324,1.9337,269422.0,5e-05
2026-04-18 00:00:00+00:00,1.9337,1.9647,1.9325,1.9443,246971.0,5e-05
2026-04-18 04:00:00+00:00,1.9443,1.954,1.9343,1.943,104353.0,5e-05
2026-04-18 08:00:00+00:00,1.943,1.9541,1.8958,1.9148,427716.0,1.625e-05
2026-04-18 12:00:00+00:00,1.9148,1.9476,1.8941,1.9445,167318.0,-0.00030942
2026-04-18 16:00:00+00:00,1.9445,1.9745,1.923,1.933,361088.0,5e-05
2026-04-18 20:00:00+00:00,1.933,1.9472,1.8966,1.9233,347721.0,5e-05
2026-04-19 00:00:00+00:00,1.9233,2.0129,1.9063,1.9775,581221.0,-0.00033653
2026-04-19 04:00:00+00:00,1.9775,2.0081,1.9285,1.946,278806.0,5e-05
2026-04-19 08:00:00+00:00,1.946,2.0344,1.9378,2.0274,431666.0,-9.267e-05
2026-04-19 12:00:00+00:00,2.0274,2.0917,1.9545,1.967,879551.0,5e-05
2026-04-19 16:00:00+00:00,1.967,2.023,1.9315,1.9725,738427.0,5e-05
2026-04-19 20:00:00+00:00,1.9725,1.9843,1.8934,1.898,499234.0,-7.362e-05
2026-04-20 00:00:00+00:00,1.898,1.9409,1.898,1.933,208691.0,-1.906e-05
2026-04-20 04:00:00+00:00,1.933,1.9674,1.907,1.937,278296.0,-0.00010041
2026-04-20 08:00:00+00:00,1.937,1.9697,1.9364,1.9645,170137.0,5e-05
2026-04-20 12:00:00+00:00,1.9645,1.9725,1.9265,1.9532,218303.0,5e-05
2026-04-20 16:00:00+00:00,1.9532,1.971,1.924,1.9434,252950.0,4.32e-06
2026-04-20 20:00:00+00:00,1.9434,1.951,1.9006,1.9163,257241.0,-1.48e-06
2026-04-21 00:00:00+00:00,1.9163,1.9339,1.8771,1.9027,351551.0,-4.413e-05
2026-04-21 04:00:00+00:00,1.9027,1.9911,1.8999,1.9766,529117.0,-0.00027468
2026-04-21 08:00:00+00:00,1.9766,1.991,1.946,1.9645,325527.0,5e-05
2026-04-21 12:00:00+00:00,1.9645,2.0338,1.9382,1.9772,770913.0,-3.166e-05
2026-04-21 16:00:00+00:00,1.9772,1.9822,1.9298,1.9375,468631.0,5e-05
2026-04-21 20:00:00+00:00,1.9375,1.9599,1.932,1.9475,86914.0,-0.00012931
2026-04-22 00:00:00+00:00,1.9475,1.9889,1.9233,1.9653,235414.0,-7.51e-06
2026-04-22 04:00:00+00:00,1.9653,2.0204,1.9624,1.9867,231895.0,3.19e-06
2026-04-22 08:00:00+00:00,1.9867,1.9917,1.9693,1.9782,104823.0,4.226e-05
2026-04-22 12:00:00+00:00,1.9782,1.9956,1.9314,1.9381,371626.0,-1.151e-05
2026-04-22 16:00:00+00:00,1.9381,1.9505,1.9244,1.9476,221361.0,-0.00023325
2026-04-22 20:00:00+00:00,1.9476,1.9773,1.9321,1.9586,174650.0,-6.116e-05
2026-04-23 00:00:00+00:00,1.9586,1.967,1.9002,1.925,302019.0,2.501e-05
2026-04-23 04:00:00+00:00,1.925,1.9346,1.8938,1.907,257486.0,-0.00020789
2026-04-23 08:00:00+00:00,1.907,1.9104,1.8475,1.8738,426221.0,-0.00015212
2026-04-23 12:00:00+00:00,1.8738,1.9058,1.8712,1.9007,205087.0,-0.00032666
2026-04-23 16:00:00+00:00,1.9007,1.9127,1.8603,1.8918,248635.0,-1.947e-05
2026-04-23 20:00:00+00:00,1.8918,1.9382,1.8918,1.9157,136764.0,-0.00030587
2026-04-24 00:00:00+00:00,1.9157,1.9204,1.8447,1.8637,221961.0,-0.00013281
2026-04-24 04:00:00+00:00,1.8637,1.8813,1.849,1.8657,151028.0,-0.00010657
2026-04-24 08:00:00+00:00,1.8657,1.882,1.85,1.8713,170307.0,1.419e-05
2026-04-24 12:00:00+00:00,1.8713,1.8738,1.8488,1.8576,183078.0,-0.00028135
2026-04-24 16:00:00+00:00,1.8576,1.8689,1.8484,1.8665,179052.0,-0.0001435
2026-04-24 20:00:00+00:00,1.8665,1.8705,1.8405,1.85,89624.0,-0.00011711
2026-04-25 00:00:00+00:00,1.85,1.85,1.8312,1.8348,65051.0,-0.00020385
2026-04-25 04:00:00+00:00,1.8348,1.8596,1.8334,1.8472,78502.0,-0.00014221
2026-04-25 08:00:00+00:00,1.8472,1.851,1.8343,1.8439,54140.0,-0.00019589
2026-04-25 12:00:00+00:00,1.8439,1.8547,1.8143,1.8257,160954.0,-0.00012618
2026-04-25 16:00:00+00:00,1.8257,1.8553,1.8197,1.8418,142965.0,-2.315e-05
2026-04-25 20:00:00+00:00,1.8418,1.869,1.8408,1.8636,153067.0,-7.823e-05
2026-04-26 00:00:00+00:00,1.8636,1.8792,1.8525,1.8542,98704.0,5e-05
2026-04-26 04:00:00+00:00,1.8542,1.8919,1.8498,1.8883,79200.0,-2.662e-05
2026-04-26 08:00:00+00:00,1.8883,1.9227,1.8883,1.8997,187375.0,3.793e-05
2026-04-26 12:00:00+00:00,1.8997,1.9473,1.8875,1.9427,192274.0,5e-05
2026-04-26 16:00:00+00:00,1.9427,1.9747,1.9224,1.9685,204475.0,5e-05
2026-04-26 20:00:00+00:00,1.9685,1.9792,1.9529,1.9533,152468.0,5e-05
2026-04-27 00:00:00+00:00,1.9533,1.9892,1.9324,1.9557,166466.0,5e-05
2026-04-27 04:00:00+00:00,1.9557,1.9586,1.8901,1.9114,160560.0,5e-05
2026-04-27 08:00:00+00:00,1.9114,1.941,1.9074,1.9352,110616.0,5e-05
2026-04-27 12:00:00+00:00,1.9352,1.9634,1.9121,1.9157,165845.0,5e-05
2026-04-27 16:00:00+00:00,1.9157,1.9488,1.9084,1.9429,77725.0,5e-05
2026-04-27 20:00:00+00:00,1.9429,1.9577,1.934,1.9527,84051.0,5e-05
2026-04-28 00:00:00+00:00,1.9527,1.965,1.9377,1.9496,59486.0,5e-05
2026-04-28 04:00:00+00:00,1.9496,1.9586,1.9121,1.9189,66017.0,5e-05
2026-04-28 08:00:00+00:00,1.9189,1.9326,1.912,1.9193,45936.0,5e-05
2026-04-28 12:00:00+00:00,1.9193,1.9332,1.8992,1.9327,98007.0,5e-05
2026-04-28 16:00:00+00:00,1.9327,1.9677,1.9213,1.9648,66007.0,5e-05
2026-04-28 20:00:00+00:00,1.9648,1.9729,1.9457,1.9595,67194.0,5e-05
2026-04-29 00:00:00+00:00,1.9595,2.0422,1.9484,2.0316,171129.0,5e-05
2026-04-29 04:00:00+00:00,2.0316,2.0368,1.9907,1.9966,111458.0,5e-05
2026-04-29 08:00:00+00:00,1.9966,2.0447,1.9856,2.0328,185319.0,5e-05
2026-04-29 12:00:00+00:00,2.0328,2.0334,1.9927,1.9966,190489.0,5e-05
2026-04-29 16:00:00+00:00,1.9966,2.0008,1.9351,1.9468,260327.0,5e-05
2026-04-29 20:00:00+00:00,1.9468,1.9686,1.946,1.9622,134817.0,5e-05
2026-04-30 00:00:00+00:00,1.9622,1.98,1.932,1.9428,132683.0,5e-05
2026-04-30 04:00:00+00:00,1.9428,1.9528,1.9325,1.9479,149134.0,-5.169e-05
2026-04-30 08:00:00+00:00,1.9479,2.0575,1.9074,2.0331,858395.0,-0.00017885
2026-04-30 12:00:00+00:00,2.0331,2.0476,1.9801,1.9991,282260.0,5e-05
2026-04-30 16:00:00+00:00,1.9991,2.0037,1.9781,1.99,93530.0,5e-05
2026-04-30 20:00:00+00:00,1.99,2.0066,1.9818,1.9997,52334.0,5e-05
2026-05-01 00:00:00+00:00,1.9997,2.0284,1.9895,1.9948,82144.0,5e-05
2026-05-01 04:00:00+00:00,1.9948,1.9968,1.982,1.9879,52903.0,5e-05
2026-05-01 08:00:00+00:00,1.9879,1.9972,1.9828,1.9967,41283.0,5e-05
2026-05-01 12:00:00+00:00,1.9967,2.0048,1.969,1.9844,126687.0,5e-05
2026-05-01 16:00:00+00:00,1.9844,1.9969,1.9629,1.9885,88627.0,5e-05
2026-05-01 20:00:00+00:00,1.9885,1.9967,1.9618,1.9675,66705.0,5e-05
2026-05-02 00:00:00+00:00,1.9675,1.9739,1.9586,1.9626,59649.0,5e-05
2026-05-02 04:00:00+00:00,1.9626,1.9994,1.9585,1.9831,179407.0,5e-05
2026-05-02 08:00:00+00:00,1.9831,1.9921,1.9771,1.987,60854.0,5e-05
2026-05-02 12:00:00+00:00,1.987,1.9974,1.9681,1.9701,67218.0,5e-05
2026-05-02 16:00:00+00:00,1.9701,1.976,1.9593,1.972,89032.0,5e-05
2026-05-02 20:00:00+00:00,1.972,1.9863,1.9603,1.9749,91070.0,5e-05
2026-05-03 00:00:00+00:00,1.9749,1.9804,1.9521,1.9576,33503.0,5e-05
2026-05-03 04:00:00+00:00,1.9576,1.9628,1.9518,1.9552,35555.0,5e-05
2026-05-03 08:00:00+00:00,1.9552,1.9765,1.9506,1.9652,45309.0,4.069e-05
2026-05-03 12:00:00+00:00,1.9652,1.9722,1.9538,1.9623,36847.0,5e-05
2026-05-03 16:00:00+00:00,1.9623,1.9755,1.9266,1.9273,154577.0,8.29e-06
2026-05-03 20:00:00+00:00,1.9273,1.9486,1.9145,1.9227,77098.0,5e-05
2026-05-04 00:00:00+00:00,1.9227,1.9921,1.9197,1.9905,257731.0,5e-05
2026-05-04 04:00:00+00:00,1.9905,1.9945,1.9572,1.9729,72555.0,5e-05
2026-05-04 08:00:00+00:00,1.9729,1.9759,1.936,1.9527,156664.0,5e-05
2026-05-04 12:00:00+00:00,1.9527,1.9954,1.9512,1.987,231473.0,-5.77e-06
2026-05-04 16:00:00+00:00,1.987,2.0037,1.9781,1.9878,158111.0,-9.682e-05
2026-05-04 20:00:00+00:00,1.9878,2.02,1.9849,2.0007,90074.0,5e-05
2026-05-05 00:00:00+00:00,2.0007,2.1057,1.9958,2.0941,429900.0,1.99e-06
2026-05-05 04:00:00+00:00,2.0941,2.1912,2.0941,2.1771,466615.0,5e-05
2026-05-05 08:00:00+00:00,2.1771,2.221,2.1451,2.2135,465676.0,5e-05
2026-05-05 12:00:00+00:00,2.2135,2.3471,2.2135,2.2403,1585417.0,5e-05
2026-05-05 16:00:00+00:00,2.2403,2.2915,2.2118,2.223,523045.0,-0.00014019
2026-05-05 20:00:00+00:00,2.223,2.2722,2.2103,2.2178,341195.0,5e-05
2026-05-06 00:00:00+00:00,2.2178,2.2921,2.2079,2.2733,208782.0,5e-05
2026-05-06 04:00:00+00:00,2.2733,2.2975,2.2115,2.2615,272527.0,5e-05
2026-05-06 08:00:00+00:00,2.2615,2.2844,2.258,2.2749,299262.0,-3.917e-05
2026-05-06 12:00:00+00:00,2.2749,2.3636,2.2418,2.3156,459195.0,-3.541e-05
2026-05-06 16:00:00+00:00,2.3156,2.331,2.2329,2.2536,218811.0,5e-05
2026-05-06 20:00:00+00:00,2.2536,2.2636,2.2358,2.242,85635.0,-1.749e-05
2026-05-07 00:00:00+00:00,2.242,2.2473,2.1788,2.1836,227137.0,5e-05
2026-05-07 04:00:00+00:00,2.1836,2.1905,2.1581,2.1652,121831.0,-9.314e-05
2026-05-07 08:00:00+00:00,2.1652,2.1769,2.1246,2.1422,291625.0,-7.679e-05
2026-05-07 12:00:00+00:00,2.1422,2.1498,2.0804,2.1011,420438.0,5e-05
2026-05-07 16:00:00+00:00,2.1011,2.1494,2.0927,2.1136,270385.0,-0.00020564
2026-05-07 20:00:00+00:00,2.1136,2.1275,2.0903,2.0974,151798.0,-9.832e-05
2026-05-08 00:00:00+00:00,2.0974,2.1013,2.0577,2.0647,224215.0,5e-05
2026-05-08 04:00:00+00:00,2.0647,2.0765,2.053,2.0664,117532.0,-0.0001227
2026-05-08 08:00:00+00:00,2.0664,2.0972,2.0475,2.0825,189700.0,-3.817e-05
2026-05-08 12:00:00+00:00,2.0825,2.0988,2.0602,2.0785,181275.0,5e-05
2026-05-08 16:00:00+00:00,2.0785,2.1385,2.071,2.1385,225957.0,5e-05
2026-05-08 20:00:00+00:00,2.1385,2.1445,2.0815,2.1013,126184.0,5e-05
2026-05-09 00:00:00+00:00,2.1013,2.1725,2.0922,2.1725,253514.0,-5.612e-05
2026-05-09 04:00:00+00:00,2.1725,2.1725,2.119,2.1329,143602.0,5e-05
2026-05-09 08:00:00+00:00,2.1329,2.1415,2.0994,2.1328,259356.0,5e-05
2026-05-09 12:00:00+00:00,2.1328,2.1387,2.0153,2.0894,401849.0,5e-05
2026-05-09 16:00:00+00:00,2.0894,2.1179,2.084,2.1043,84860.0,5e-05
2026-05-09 20:00:00+00:00,2.1043,2.132,2.0966,2.1224,121503.0,5e-05
2026-05-10 00:00:00+00:00,2.1224,2.1371,2.1057,2.1277,61840.0,5e-05
2026-05-10 04:00:00+00:00,2.1277,2.1416,2.1123,2.1246,84104.0,5e-05
2026-05-10 08:00:00+00:00,2.1246,2.1415,2.102,2.1272,141598.0,5e-05
2026-05-10 12:00:00+00:00,2.1272,2.1612,2.121,2.1534,134991.0,5e-05
2026-05-10 16:00:00+00:00,2.1534,2.1663,2.1286,2.1609,136809.0,5e-05
2026-05-10 20:00:00+00:00,2.1609,2.2013,2.1155,2.1966,392459.0,5e-05
2026-05-11 00:00:00+00:00,2.1966,2.2026,2.1217,2.1416,171311.0,5e-05
2026-05-11 04:00:00+00:00,2.1416,2.1495,2.1203,2.1272,87935.0,5e-05
2026-05-11 08:00:00+00:00,2.1272,2.1498,2.1168,2.1406,121829.0,5e-05
2026-05-11 12:00:00+00:00,2.1406,2.1563,2.0977,2.1194,229095.0,5e-05
2026-05-11 16:00:00+00:00,2.1194,2.1347,2.1128,2.1301,62213.0,-4e-06
2026-05-11 20:00:00+00:00,2.1301,2.1404,2.1137,2.134,97009.0,5e-05
2026-05-12 00:00:00+00:00,2.134,2.1355,2.0911,2.1047,140289.0,5e-05
2026-05-12 04:00:00+00:00,2.1047,2.1129,2.0749,2.0904,126496.0,-9.063e-05
2026-05-12 08:00:00+00:00,2.0904,2.095,2.0693,2.079,136975.0,5e-05
2026-05-12 12:00:00+00:00,2.079,2.1109,2.0189,2.0279,295131.0,-0.00013588
2026-05-12 16:00:00+00:00,2.0279,2.0735,2.0131,2.0697,154688.0,-0.00019142
2026-05-12 20:00:00+00:00,2.0697,2.0723,2.0243,2.0323,63784.0,5e-05
2026-05-13 00:00:00+00:00,2.0323,2.0663,2.024,2.0615,69731.0,5e-05
2026-05-13 04:00:00+00:00,2.0615,2.0821,2.058,2.0816,87314.0,5e-05
2026-05-13 08:00:00+00:00,2.0816,2.108,2.0622,2.0668,166664.0,5e-05
2026-05-13 12:00:00+00:00,2.0668,2.0746,1.99,1.9998,213226.0,5e-05
2026-05-13 16:00:00+00:00,1.9998,2.0144,1.9836,1.9915,142620.0,5e-05
2026-05-13 20:00:00+00:00,1.9915,2.0058,1.9722,1.9783,68274.0,5e-05
2026-05-14 00:00:00+00:00,1.9783,1.989,1.9337,1.9396,247757.0,5e-05
2026-05-14 04:00:00+00:00,1.9396,1.9794,1.9396,1.9642,62756.0,5e-05
2026-05-14 08:00:00+00:00,1.9642,1.9706,1.9258,1.9349,73845.0,5e-05
2026-05-14 12:00:00+00:00,1.9349,1.9623,1.91,1.9532,305700.0,5e-05
2026-05-14 16:00:00+00:00,1.9532,1.9951,1.947,1.9769,187981.0,5e-05
2026-05-14 20:00:00+00:00,1.9769,1.9824,1.9501,1.9517,67142.0,5e-05
2026-05-15 00:00:00+00:00,1.9517,1.9666,1.9378,1.9607,62578.0,5e-05
2026-05-15 04:00:00+00:00,1.9607,2.0296,1.9548,1.9669,275208.0,5e-05
2026-05-15 08:00:00+00:00,1.9669,1.9674,1.9184,1.9188,145687.0,5e-05
2026-05-15 12:00:00+00:00,1.9151,1.9241,1.7922,1.796,839503.0,
2026-05-15 16:00:00+00:00,1.796,1.8369,1.7838,1.8287,169390.0,
2026-05-15 20:00:00+00:00,1.8287,1.843,1.8246,1.8363,56101.0,
2026-05-16 00:00:00+00:00,1.8363,1.8419,1.8202,1.83,85647.0,
2026-05-16 04:00:00+00:00,1.83,1.8361,1.75,1.7605,261789.0,
2026-05-16 08:00:00+00:00,1.7605,1.7776,1.7343,1.7463,181462.0,
2026-05-16 12:00:00+00:00,1.7463,1.7966,1.7454,1.7815,118721.0,
2026-05-16 16:00:00+00:00,1.7815,1.7959,1.7761,1.7833,61641.0,
2026-05-16 20:00:00+00:00,1.7833,1.7933,1.7722,1.7738,34281.0,
2026-05-17 00:00:00+00:00,1.7738,1.78,1.7616,1.7705,52657.0,
2026-05-17 04:00:00+00:00,1.7705,1.783,1.7689,1.783,111752.0,
2026-05-17 08:00:00+00:00,1.783,1.7915,1.7749,1.7766,41436.0,
2026-05-17 12:00:00+00:00,1.7766,1.7965,1.7653,1.7757,98500.0,
2026-05-17 16:00:00+00:00,1.7757,1.7776,1.7566,1.7693,33463.0,
2026-05-17 20:00:00+00:00,1.7693,1.7844,1.7037,1.7418,146991.0,
2026-05-18 00:00:00+00:00,1.7418,1.7922,1.7249,1.7646,159272.0,
2026-05-18 04:00:00+00:00,1.7646,1.7752,1.7424,1.7446,107433.0,
2026-05-18 08:00:00+00:00,1.7446,1.7497,1.636,1.6765,797859.0,
2026-05-18 12:00:00+00:00,1.6765,1.7145,1.6735,1.7026,321952.0,
2026-05-18 16:00:00+00:00,1.7026,1.7621,1.6767,1.7078,438724.0,
2026-05-18 20:00:00+00:00,1.7078,1.7159,1.6922,1.7112,78879.0,
2026-05-19 00:00:00+00:00,1.7112,1.7329,1.7026,1.7296,77155.0,
2026-05-19 04:00:00+00:00,1.7296,1.7698,1.7272,1.7617,157852.0,
2026-05-19 08:00:00+00:00,1.7617,1.7662,1.733,1.7461,126375.0,
2026-05-19 12:00:00+00:00,1.7461,1.7734,1.7414,1.7616,190193.0,
2026-05-19 16:00:00+00:00,1.7616,1.7931,1.7543,1.7773,100125.0,
2026-05-19 20:00:00+00:00,1.7773,1.8101,1.7739,1.7784,146135.0,
2026-05-20 00:00:00+00:00,1.7784,1.7824,1.7521,1.7677,138779.0,
2026-05-20 04:00:00+00:00,1.7677,1.801,1.7664,1.7946,98126.0,
2026-05-20 08:00:00+00:00,1.7946,1.8334,1.7891,1.8069,188696.0,
2026-05-20 12:00:00+00:00,1.8069,1.8636,1.8049,1.8508,234933.0,
2026-05-20 16:00:00+00:00,1.8508,1.9074,1.8236,1.8982,346628.0,
2026-05-20 20:00:00+00:00,1.8982,1.9008,1.8564,1.8649,166258.0,
2026-05-21 00:00:00+00:00,1.8649,1.8868,1.8486,1.8731,116203.0,
2026-05-21 04:00:00+00:00,1.8731,1.898,1.8677,1.8951,97892.0,
2026-05-21 08:00:00+00:00,1.8951,1.9133,1.887,1.9011,316359.0,
2026-05-21 12:00:00+00:00,1.9011,1.9797,1.8974,1.9687,255747.0,
2026-05-21 16:00:00+00:00,1.9687,2.0341,1.9418,2.009,214563.0,
2026-05-21 20:00:00+00:00,2.009,2.0113,1.9785,1.9996,152901.0,
2026-05-22 00:00:00+00:00,1.9996,2.0147,1.9859,2.0047,131191.0,
2026-05-22 04:00:00+00:00,2.0047,2.0146,1.9885,1.9933,126939.0,
2026-05-22 08:00:00+00:00,1.9933,2.0317,1.9891,2.0199,121631.0,
2026-05-22 12:00:00+00:00,2.0199,2.061,1.98,1.9911,325473.0,
2026-05-22 16:00:00+00:00,1.9911,2.0087,1.9247,1.9475,467823.0,
2026-05-22 20:00:00+00:00,1.9475,1.9826,1.9348,1.9471,190315.0,
2026-05-23 00:00:00+00:00,1.9471,1.9933,1.942,1.9931,165372.0,
2026-05-23 04:00:00+00:00,1.9931,1.9974,1.9,1.9295,265743.0,
2026-05-23 08:00:00+00:00,1.9295,1.9389,1.9015,1.9324,205890.0,
2026-05-23 12:00:00+00:00,1.9324,2.0294,1.9304,2.0245,207890.0,
2026-05-23 16:00:00+00:00,2.0245,2.0896,2.0138,2.0642,248483.0,
