timestamp,open,high,low,close,volume,funding_rate
2024-12-31 12:00:00+00:00,0.3739,0.3791,0.3682,0.3779,8803556.7,-0.00037378
2024-12-31 16:00:00+00:00,0.3779,0.3787,0.3643,0.368,2877126.6,-9.457e-05
2024-12-31 20:00:00+00:00,0.368,0.3709,0.3657,0.3693,2013056.4,-9.457e-05
2025-01-01 00:00:00+00:00,0.3693,0.3747,0.3587,0.3638,8450514.4,-0.00032484
2025-01-01 04:00:00+00:00,0.3638,0.3706,0.3574,0.362,5606623.8,-0.00032484
2025-01-01 08:00:00+00:00,0.362,0.3622,0.3519,0.3539,5020887.9,-8.019e-05
2025-01-01 12:00:00+00:00,0.3539,0.3616,0.353,0.3576,5547135.0,-8.019e-05
2025-01-01 16:00:00+00:00,0.3576,0.3631,0.3525,0.3613,3602299.9,-5.07e-06
2025-01-01 20:00:00+00:00,0.3613,0.3679,0.3602,0.3663,3287853.2,-5.07e-06
2025-01-02 00:00:00+00:00,0.3663,0.3834,0.358,0.3825,12515359.3,0.0001
2025-01-02 04:00:00+00:00,0.3825,0.4141,0.3802,0.3996,28089344.8,0.0001
2025-01-02 08:00:00+00:00,0.3996,0.4114,0.3912,0.3942,16784084.3,-0.0004176
2025-01-02 12:00:00+00:00,0.3942,0.4127,0.3883,0.4002,20358658.5,-0.0004176
2025-01-02 16:00:00+00:00,0.4002,0.4057,0.3956,0.4006,5134321.3,0.0001
2025-01-02 20:00:00+00:00,0.4006,0.4027,0.3944,0.3984,4521262.7,0.0001
2025-01-03 00:00:00+00:00,0.3984,0.3984,0.3878,0.39,5859938.3,0.0001
2025-01-03 04:00:00+00:00,0.39,0.4224,0.3881,0.4199,16663869.5,0.0001
2025-01-03 08:00:00+00:00,0.4199,0.4271,0.4083,0.4157,21786970.3,-0.0008249
2025-01-03 12:00:00+00:00,0.4157,0.4221,0.4113,0.416,9180998.9,-0.0008249
2025-01-03 16:00:00+00:00,0.416,0.4214,0.4147,0.4198,5375396.8,0.0001
2025-01-03 20:00:00+00:00,0.4198,0.4269,0.4185,0.4252,4605892.8,0.0001
2025-01-04 00:00:00+00:00,0.4252,0.4982,0.4218,0.462,66805317.6,0.0001
2025-01-04 04:00:00+00:00,0.462,0.4765,0.456,0.4613,27246157.6,0.0001
2025-01-04 08:00:00+00:00,0.4613,0.4765,0.4561,0.4616,19385101.1,-0.0017665
2025-01-04 12:00:00+00:00,0.4616,0.4948,0.4604,0.4942,26381080.5,-0.0017665
2025-01-04 16:00:00+00:00,0.4942,0.5125,0.4591,0.4624,48788861.5,-0.00012115
2025-01-04 20:00:00+00:00,0.4624,0.4664,0.4521,0.4594,11387399.5,-0.00012115
2025-01-05 00:00:00+00:00,0.4594,0.5115,0.449,0.4834,73009553.5,-0.00130121
2025-01-05 04:00:00+00:00,0.4834,0.4986,0.4772,0.4953,24946552.5,-0.00130121
2025-01-05 08:00:00+00:00,0.4953,0.5475,0.4856,0.5119,75221550.5,-0.00465172
2025-01-05 12:00:00+00:00,0.5119,0.5263,0.4876,0.5061,36119570.7,-0.00465172
2025-01-05 16:00:00+00:00,0.5061,0.5219,0.4991,0.5116,22570325.6,-0.00589863
2025-01-05 20:00:00+00:00,0.5116,0.5384,0.5092,0.5228,26433415.3,-0.00589863
2025-01-06 00:00:00+00:00,0.5228,0.5363,0.4922,0.5034,42340443.6,-0.00310341
2025-01-06 04:00:00+00:00,0.5034,0.5063,0.4907,0.4946,8692937.8,-0.00310341
2025-01-06 08:00:00+00:00,0.4946,0.4999,0.4907,0.4952,8221796.2,-0.00175356
2025-01-06 12:00:00+00:00,0.4952,0.4966,0.4794,0.4936,12183664.6,-0.00175356
2025-01-06 16:00:00+00:00,0.4936,0.4987,0.4837,0.4844,7752995.6,-0.00031165
2025-01-06 20:00:00+00:00,0.4844,0.4915,0.4775,0.4889,8469842.0,-0.00031165
2025-01-07 00:00:00+00:00,0.4889,0.5115,0.4789,0.4825,31171025.3,-0.00053525
2025-01-07 04:00:00+00:00,0.4825,0.4859,0.4722,0.4733,7505228.0,-0.00053525
2025-01-07 08:00:00+00:00,0.4733,0.475,0.4658,0.4695,7759215.6,-0.00034026
2025-01-07 12:00:00+00:00,0.4695,0.4866,0.4612,0.468,28753916.3,-0.00034026
2025-01-07 16:00:00+00:00,0.468,0.4805,0.4624,0.4647,11595329.1,0.0001
2025-01-07 20:00:00+00:00,0.4647,0.4702,0.4559,0.4595,7698025.6,0.0001
2025-01-08 00:00:00+00:00,0.4595,0.463,0.4344,0.4376,19411119.7,0.0001
2025-01-08 04:00:00+00:00,0.4376,0.439,0.4188,0.4282,14519832.0,0.0001
2025-01-08 08:00:00+00:00,0.4282,0.4345,0.4156,0.4172,9363041.3,0.0001
2025-01-08 12:00:00+00:00,0.4172,0.4268,0.4141,0.4232,18050710.9,0.0001
2025-01-08 16:00:00+00:00,0.4232,0.4288,0.409,0.4226,11564455.1,0.0001
2025-01-08 20:00:00+00:00,0.4226,0.4309,0.4191,0.4283,3429502.8,0.0001
2025-01-09 00:00:00+00:00,0.4283,0.4283,0.4045,0.4057,12099458.3,0.0001
2025-01-09 04:00:00+00:00,0.4057,0.4136,0.4001,0.4013,6752476.5,0.0001
2025-01-09 08:00:00+00:00,0.4013,0.4251,0.3987,0.413,11817302.3,0.0001
2025-01-09 12:00:00+00:00,0.413,0.4351,0.409,0.4335,28949040.9,0.0001
2025-01-09 16:00:00+00:00,0.4335,0.4423,0.4177,0.4184,13176664.3,9.991e-05
2025-01-09 20:00:00+00:00,0.4184,0.4224,0.4096,0.4153,7794911.2,9.991e-05
2025-01-10 00:00:00+00:00,0.4153,0.438,0.4105,0.4151,24234270.7,0.0001
2025-01-10 04:00:00+00:00,0.4151,0.4195,0.4101,0.4137,8096417.5,0.0001
2025-01-10 08:00:00+00:00,0.4137,0.4168,0.4077,0.4104,4915356.7,0.0001
2025-01-10 12:00:00+00:00,0.4104,0.4146,0.3905,0.403,16696189.2,0.0001
2025-01-10 16:00:00+00:00,0.403,0.4131,0.3969,0.4099,6198374.1,7.175e-05
2025-01-10 20:00:00+00:00,0.4099,0.4245,0.4078,0.4177,6731645.8,7.175e-05
2025-01-11 00:00:00+00:00,0.4177,0.4224,0.4093,0.4107,12494692.0,-1.896e-05
2025-01-11 04:00:00+00:00,0.4107,0.4129,0.4056,0.4079,6370770.2,-1.896e-05
2025-01-11 08:00:00+00:00,0.4079,0.4113,0.4039,0.4082,3601807.8,0.0001
2025-01-11 12:00:00+00:00,0.4082,0.4307,0.4072,0.4255,12591100.0,0.0001
2025-01-11 16:00:00+00:00,0.4255,0.4389,0.4238,0.4243,9920364.7,-9.68e-05
2025-01-11 20:00:00+00:00,0.4243,0.4424,0.4223,0.4275,6577192.2,-9.68e-05
2025-01-12 00:00:00+00:00,0.4275,0.4598,0.421,0.4486,39388490.9,6.051e-05
2025-01-12 04:00:00+00:00,0.4486,0.458,0.4418,0.4463,17634883.0,6.051e-05
2025-01-12 08:00:00+00:00,0.4463,0.4579,0.4394,0.4537,18139136.5,-0.00049811
2025-01-12 12:00:00+00:00,0.4537,0.4697,0.4491,0.4691,29836431.9,-0.00049811
2025-01-12 16:00:00+00:00,0.4691,0.4955,0.4651,0.475,40844270.6,-0.0004412
2025-01-12 20:00:00+00:00,0.475,0.4764,0.4573,0.4582,14021441.1,-0.0004412
2025-01-13 00:00:00+00:00,0.4582,0.4663,0.4288,0.431,30747440.2,-0.00052136
2025-01-13 04:00:00+00:00,0.431,0.4408,0.4208,0.4217,11105350.0,-0.00052136
2025-01-13 08:00:00+00:00,0.4217,0.4225,0.3951,0.3956,12825327.9,4.42e-05
2025-01-13 12:00:00+00:00,0.3956,0.4073,0.3836,0.3989,21134487.9,4.42e-05
2025-01-13 16:00:00+00:00,0.3989,0.4002,0.3842,0.3913,8283826.5,0.0001
2025-01-13 20:00:00+00:00,0.3913,0.4098,0.3887,0.4048,7753950.1,0.0001
2025-01-14 00:00:00+00:00,0.4048,0.4049,0.379,0.3859,13996947.1,5.22e-06
2025-01-14 04:00:00+00:00,0.3859,0.3951,0.3853,0.3856,4296678.2,5.22e-06
2025-01-14 08:00:00+00:00,0.3856,0.3988,0.3856,0.3954,7594470.8,6.383e-05
2025-01-14 12:00:00+00:00,0.3954,0.4039,0.3912,0.3997,8002938.6,6.383e-05
2025-01-14 16:00:00+00:00,0.3997,0.4018,0.3953,0.3978,2952414.3,2.26e-06
2025-01-14 20:00:00+00:00,0.3978,0.4072,0.3951,0.405,2739510.5,2.26e-06
2025-01-15 00:00:00+00:00,0.405,0.405,0.3863,0.3927,5921922.7,0.0001
2025-01-15 04:00:00+00:00,0.3927,0.3982,0.3895,0.3933,2306496.3,0.0001
2025-01-15 08:00:00+00:00,0.3933,0.3954,0.3851,0.3879,2334760.9,-8.867e-05
2025-01-15 12:00:00+00:00,0.3879,0.4071,0.3861,0.4049,6731441.5,-8.867e-05
2025-01-15 16:00:00+00:00,0.4049,0.4092,0.3995,0.4084,1683118.2,0.0001
2025-01-15 20:00:00+00:00,0.4084,0.4124,0.4072,0.4105,2666671.9,0.0001
2025-01-16 00:00:00+00:00,0.4105,0.4105,0.3969,0.3989,3286791.9,0.0001
2025-01-16 04:00:00+00:00,0.3989,0.402,0.3971,0.3978,1266075.9,0.0001
2025-01-16 08:00:00+00:00,0.3978,0.3984,0.3901,0.3971,2723742.2,0.0001
2025-01-16 12:00:00+00:00,0.3971,0.3998,0.3841,0.3927,7009336.6,0.0001
2025-01-16 16:00:00+00:00,0.3927,0.3972,0.3911,0.396,2216389.6,0.0001
2025-01-16 20:00:00+00:00,0.396,0.3969,0.3861,0.3896,2688250.0,0.0001
2025-01-17 00:00:00+00:00,0.3896,0.3982,0.3866,0.3968,5141356.8,0.0001
2025-01-17 04:00:00+00:00,0.3968,0.399,0.3951,0.3956,1742735.7,0.0001
2025-01-17 08:00:00+00:00,0.3956,0.4,0.3931,0.3983,4231877.7,0.0001
2025-01-17 12:00:00+00:00,0.3983,0.4012,0.3937,0.3973,2088553.4,0.0001
2025-01-17 16:00:00+00:00,0.3973,0.4018,0.3944,0.399,1461273.2,0.0001
2025-01-17 20:00:00+00:00,0.399,0.4075,0.3986,0.4048,2012751.6,0.0001
2025-01-18 00:00:00+00:00,0.4048,0.4182,0.4009,0.4037,9521928.5,0.0001
2025-01-18 04:00:00+00:00,0.4037,0.4062,0.3863,0.3872,7212753.9,0.0001
2025-01-18 08:00:00+00:00,0.3872,0.3898,0.3814,0.3863,4523933.7,0.0001
2025-01-18 12:00:00+00:00,0.3863,0.3872,0.3763,0.3793,3985230.4,0.0001
2025-01-18 16:00:00+00:00,0.3793,0.3814,0.3722,0.3781,3368321.6,0.0001
2025-01-18 20:00:00+00:00,0.3781,0.3819,0.3725,0.38,1951596.2,0.0001
2025-01-19 00:00:00+00:00,0.38,0.3862,0.3774,0.3791,2697016.0,0.0001
2025-01-19 04:00:00+00:00,0.3791,0.3804,0.3659,0.3667,3619767.6,0.0001
2025-01-19 08:00:00+00:00,0.3667,0.3667,0.3411,0.3436,9959958.3,0.0001
2025-01-19 12:00:00+00:00,0.3436,0.3717,0.3435,0.3675,10331242.2,0.0001
2025-01-19 16:00:00+00:00,0.3675,0.3702,0.3639,0.3669,2237624.9,0.0001
2025-01-19 20:00:00+00:00,0.3669,0.3697,0.3328,0.3409,18072217.5,0.0001
2025-01-20 00:00:00+00:00,0.3409,0.3456,0.3286,0.3418,9907614.3,0.0001
2025-01-20 04:00:00+00:00,0.3418,0.3683,0.3386,0.3603,7964292.2,0.0001
2025-01-20 08:00:00+00:00,0.3603,0.3639,0.355,0.3586,2868045.1,0.0001
2025-01-20 12:00:00+00:00,0.3586,0.3588,0.3458,0.3496,4269464.1,0.0001
2025-01-20 16:00:00+00:00,0.3496,0.3547,0.3331,0.3486,11771766.5,0.0001
2025-01-20 20:00:00+00:00,0.3486,0.3509,0.3392,0.3452,2433656.2,0.0001
2025-01-21 00:00:00+00:00,0.3452,0.3453,0.3332,0.3354,4266241.2,0.0001
2025-01-21 04:00:00+00:00,0.3354,0.3387,0.3289,0.337,2118707.6,0.0001
2025-01-21 08:00:00+00:00,0.337,0.344,0.3339,0.3428,3350303.2,0.0001
2025-01-21 12:00:00+00:00,0.3428,0.3473,0.338,0.3412,3088397.3,0.0001
2025-01-21 16:00:00+00:00,0.3412,0.353,0.3401,0.3492,3546924.4,0.0001
2025-01-21 20:00:00+00:00,0.3492,0.3673,0.3453,0.3548,10982130.3,0.0001
2025-01-22 00:00:00+00:00,0.3548,0.376,0.3509,0.3724,5740260.2,0.0001
2025-01-22 04:00:00+00:00,0.3724,0.3836,0.3716,0.3747,7384405.1,0.0001
2025-01-22 08:00:00+00:00,0.3747,0.3818,0.368,0.3795,4992691.1,0.0001
2025-01-22 12:00:00+00:00,0.3795,0.3852,0.3707,0.3739,5295826.2,0.0001
2025-01-22 16:00:00+00:00,0.3739,0.3806,0.3718,0.3765,2211031.3,0.0001
2025-01-22 20:00:00+00:00,0.3765,0.3823,0.371,0.3758,3280036.1,0.0001
2025-01-23 00:00:00+00:00,0.3758,0.376,0.359,0.3604,3330780.9,0.0001
2025-01-23 04:00:00+00:00,0.3604,0.3632,0.3565,0.3632,1087955.6,0.0001
2025-01-23 08:00:00+00:00,0.3632,0.3665,0.3538,0.3556,2153007.8,0.0001
2025-01-23 12:00:00+00:00,0.3556,0.3659,0.3516,0.3642,2660185.0,0.0001
2025-01-23 16:00:00+00:00,0.3642,0.3686,0.3528,0.354,1975868.9,0.0001
2025-01-23 20:00:00+00:00,0.354,0.3642,0.3504,0.3634,3917416.8,0.0001
2025-01-24 00:00:00+00:00,0.3634,0.3654,0.3424,0.3466,3497418.2,0.0001
2025-01-24 04:00:00+00:00,0.3466,0.3636,0.3454,0.362,1557045.2,0.0001
2025-01-24 08:00:00+00:00,0.362,0.3701,0.3617,0.3686,1366199.7,0.0001
2025-01-24 12:00:00+00:00,0.3686,0.3784,0.3657,0.375,2193223.1,0.0001
2025-01-24 16:00:00+00:00,0.375,0.3775,0.3692,0.371,1106507.6,0.0001
2025-01-24 20:00:00+00:00,0.371,0.3717,0.3606,0.3632,1277650.0,0.0001
2025-01-25 00:00:00+00:00,0.3632,0.3693,0.3554,0.3637,3450963.8,0.0001
2025-01-25 04:00:00+00:00,0.3637,0.3659,0.3591,0.3603,1071535.6,0.0001
2025-01-25 08:00:00+00:00,0.3603,0.3635,0.3566,0.3631,768551.5,0.0001
2025-01-25 12:00:00+00:00,0.3631,0.3661,0.3596,0.3641,979463.4,0.0001
2025-01-25 16:00:00+00:00,0.3641,0.365,0.3602,0.3627,538137.2,0.0001
2025-01-25 20:00:00+00:00,0.3627,0.3646,0.3605,0.3618,698145.5,0.0001
2025-01-26 00:00:00+00:00,0.3618,0.3688,0.36,0.3673,1387156.8,0.0001
2025-01-26 04:00:00+00:00,0.3673,0.3757,0.3658,0.3734,1605608.5,0.0001
2025-01-26 08:00:00+00:00,0.3734,0.3739,0.3672,0.3709,991607.3,0.0001
2025-01-26 12:00:00+00:00,0.3709,0.3732,0.3669,0.3703,1015110.6,0.0001
2025-01-26 16:00:00+00:00,0.3703,0.3749,0.3682,0.3734,646734.3,0.0001
2025-01-26 20:00:00+00:00,0.3734,0.3738,0.3618,0.3629,2068300.7,0.0001
2025-01-27 00:00:00+00:00,0.3629,0.3665,0.3428,0.3444,3701616.8,0.0001
2025-01-27 04:00:00+00:00,0.3444,0.3445,0.3228,0.329,3761708.0,0.0001
2025-01-27 08:00:00+00:00,0.329,0.3317,0.3223,0.3253,1811819.4,2.79e-05
2025-01-27 12:00:00+00:00,0.3253,0.3409,0.3232,0.3388,2627102.7,2.79e-05
2025-01-27 16:00:00+00:00,0.3388,0.339,0.3271,0.3306,1522209.6,0.0001
2025-01-27 20:00:00+00:00,0.3306,0.3426,0.3306,0.3374,1232533.7,0.0001
2025-01-28 00:00:00+00:00,0.3374,0.3408,0.3307,0.3356,1132901.9,0.0001
2025-01-28 04:00:00+00:00,0.3356,0.3379,0.3345,0.3347,721121.1,0.0001
2025-01-28 08:00:00+00:00,0.3347,0.3351,0.3313,0.3338,562780.6,0.0001
2025-01-28 12:00:00+00:00,0.3338,0.3364,0.3294,0.3346,866779.6,0.0001
2025-01-28 16:00:00+00:00,0.3346,0.3348,0.3273,0.329,740722.6,0.0001
2025-01-28 20:00:00+00:00,0.329,0.3297,0.3143,0.3168,1437886.0,0.0001
2025-01-29 00:00:00+00:00,0.3168,0.3258,0.3133,0.3249,1412063.6,-0.00016117
2025-01-29 04:00:00+00:00,0.3249,0.3301,0.323,0.3295,516372.1,-0.00016117
2025-01-29 08:00:00+00:00,0.3295,0.3309,0.3242,0.3271,604553.5,0.0001
2025-01-29 12:00:00+00:00,0.3271,0.3284,0.3196,0.321,916311.1,0.0001
2025-01-29 16:00:00+00:00,0.321,0.3312,0.3163,0.3283,2328546.7,0.0001
2025-01-29 20:00:00+00:00,0.3283,0.3353,0.3249,0.3252,1356714.8,0.0001
2025-01-30 00:00:00+00:00,0.3252,0.3341,0.3224,0.3339,703354.6,0.0001
2025-01-30 04:00:00+00:00,0.3339,0.3356,0.3319,0.3349,402810.0,0.0001
2025-01-30 08:00:00+00:00,0.3349,0.3375,0.3336,0.3371,463092.9,0.0001
2025-01-30 12:00:00+00:00,0.3371,0.3427,0.3356,0.3407,643688.6,0.0001
2025-01-30 16:00:00+00:00,0.3407,0.342,0.3368,0.3394,313660.6,0.0001
2025-01-30 20:00:00+00:00,0.3394,0.3397,0.335,0.3356,313348.2,0.0001
2025-01-31 00:00:00+00:00,0.3356,0.3409,0.334,0.3362,980217.5,0.0001
2025-01-31 04:00:00+00:00,0.3362,0.3387,0.3334,0.3366,345811.8,0.0001
2025-01-31 08:00:00+00:00,0.3366,0.3403,0.3335,0.3403,533648.7,0.0001
2025-01-31 12:00:00+00:00,0.3403,0.3469,0.3395,0.3465,937361.1,0.0001
2025-01-31 16:00:00+00:00,0.3465,0.3471,0.3354,0.3371,1238237.5,0.0001
2025-01-31 20:00:00+00:00,0.3371,0.3372,0.332,0.3354,760564.5,0.0001
2025-02-01 00:00:00+00:00,0.3354,0.3384,0.3335,0.3357,874930.3,0.0001
2025-02-01 04:00:00+00:00,0.3357,0.3367,0.332,0.332,264280.2,0.0001
2025-02-01 08:00:00+00:00,0.332,0.3334,0.3256,0.3292,549056.4,0.0001
2025-02-01 12:00:00+00:00,0.3292,0.3292,0.3219,0.3252,431631.7,0.0001
2025-02-01 16:00:00+00:00,0.3252,0.3255,0.3158,0.3163,529074.6,8.639e-05
2025-02-01 20:00:00+00:00,0.3163,0.3169,0.3058,0.3063,1057807.4,8.639e-05
2025-02-02 00:00:00+00:00,0.3063,0.3111,0.2982,0.2987,1823710.9,-0.00024927
2025-02-02 04:00:00+00:00,0.2987,0.3058,0.2972,0.3024,952157.8,-0.00024927
2025-02-02 08:00:00+00:00,0.3024,0.3066,0.2952,0.2962,928704.7,0.0001
2025-02-02 12:00:00+00:00,0.2962,0.3003,0.2934,0.2966,797426.6,0.0001
2025-02-02 16:00:00+00:00,0.2966,0.2969,0.2716,0.2779,4149158.8,0.0001
2025-02-02 20:00:00+00:00,0.2779,0.2818,0.2549,0.2714,4566451.7,0.0001
2025-02-03 00:00:00+00:00,0.2714,0.2715,0.2234,0.25,20588397.5,-0.00036464
2025-02-03 04:00:00+00:00,0.25,0.2641,0.2436,0.2636,3219812.0,-0.00036464
2025-02-03 08:00:00+00:00,0.2636,0.2682,0.257,0.2635,2834873.3,-0.00015802
2025-02-03 12:00:00+00:00,0.2635,0.2806,0.2569,0.2773,6571833.9,-0.00015802
2025-02-03 16:00:00+00:00,0.2773,0.2858,0.2768,0.2856,2016644.5,0.0001
2025-02-03 20:00:00+00:00,0.2856,0.2906,0.2811,0.2884,1452367.7,0.0001
2025-02-04 00:00:00+00:00,0.2884,0.2907,0.2809,0.2824,1267216.9,0.0001
2025-02-04 04:00:00+00:00,0.2824,0.2843,0.267,0.268,2044019.6,0.0001
2025-02-04 08:00:00+00:00,0.268,0.2772,0.2667,0.2743,1104093.2,-0.00024564
2025-02-04 12:00:00+00:00,0.2743,0.2812,0.2737,0.2779,1408047.5,-0.00024564
2025-02-04 16:00:00+00:00,0.2779,0.2842,0.276,0.2761,747582.9,0.0001
2025-02-04 20:00:00+00:00,0.2761,0.2781,0.2672,0.2741,2014516.7,0.0001
2025-02-05 00:00:00+00:00,0.2741,0.275,0.2693,0.2739,1298950.3,0.0001
2025-02-05 04:00:00+00:00,0.2739,0.2755,0.2706,0.2736,669949.6,0.0001
2025-02-05 08:00:00+00:00,0.2736,0.2779,0.2709,0.2773,732907.3,0.0001
2025-02-05 12:00:00+00:00,0.2773,0.2791,0.2723,0.2737,709181.8,0.0001
2025-02-05 16:00:00+00:00,0.2737,0.2746,0.2651,0.2707,998362.7,0.0001
2025-02-05 20:00:00+00:00,0.2707,0.2716,0.2642,0.2673,630591.2,0.0001
2025-02-06 00:00:00+00:00,0.2673,0.2704,0.2647,0.2684,400530.8,-5.979e-05
2025-02-06 04:00:00+00:00,0.2684,0.2704,0.264,0.2653,694485.8,-5.979e-05
2025-02-06 08:00:00+00:00,0.2653,0.2677,0.262,0.264,513515.4,0.0001
2025-02-06 12:00:00+00:00,0.264,0.2642,0.2518,0.2528,1709051.1,0.0001
2025-02-06 16:00:00+00:00,0.2528,0.2552,0.2492,0.2508,964648.6,-8.668e-05
2025-02-06 20:00:00+00:00,0.2508,0.2545,0.2485,0.2507,588278.6,-8.668e-05
2025-02-07 00:00:00+00:00,0.2507,0.2576,0.2489,0.2555,756743.5,2.74e-05
2025-02-07 04:00:00+00:00,0.2555,0.257,0.2503,0.2545,507379.1,2.74e-05
2025-02-07 08:00:00+00:00,0.2545,0.2606,0.2534,0.2606,390557.5,-0.00021347
2025-02-07 12:00:00+00:00,0.2606,0.2685,0.2587,0.2641,1428569.6,-0.00021347
2025-02-07 16:00:00+00:00,0.2641,0.2653,0.2585,0.2602,564343.5,0.0001
2025-02-07 20:00:00+00:00,0.2602,0.2603,0.2504,0.2571,1053857.9,0.0001
2025-02-08 00:00:00+00:00,0.2571,0.2615,0.255,0.2584,663957.6,-0.00063716
2025-02-08 04:00:00+00:00,0.2584,0.2637,0.2584,0.2621,814004.8,-0.00063716
2025-02-08 08:00:00+00:00,0.2621,0.2621,0.2582,0.2592,403276.5,9.701e-05
2025-02-08 12:00:00+00:00,0.2592,0.2646,0.2577,0.2619,466755.9,9.701e-05
2025-02-08 16:00:00+00:00,0.2619,0.2682,0.2602,0.2667,673256.5,0.0001
2025-02-08 20:00:00+00:00,0.2667,0.2686,0.2654,0.2676,348749.5,0.0001
2025-02-09 00:00:00+00:00,0.2676,0.2765,0.2676,0.2754,2139480.5,0.0001
2025-02-09 04:00:00+00:00,0.2754,0.2783,0.2707,0.2782,841493.0,0.0001
2025-02-09 08:00:00+00:00,0.2782,0.2799,0.2759,0.2794,805870.5,0.0001
2025-02-09 12:00:00+00:00,0.2794,0.2805,0.2661,0.2716,1314467.6,0.0001
2025-02-09 16:00:00+00:00,0.2716,0.2718,0.2675,0.268,348079.6,0.0001
2025-02-09 20:00:00+00:00,0.268,0.2693,0.2606,0.2685,1299890.0,0.0001
2025-02-10 00:00:00+00:00,0.2685,0.271,0.2598,0.2652,1753458.8,2.986e-05
2025-02-10 04:00:00+00:00,0.2652,0.2703,0.2635,0.2647,1164289.3,2.986e-05
2025-02-10 08:00:00+00:00,0.2647,0.2693,0.2647,0.2662,613155.6,0.0001
2025-02-10 12:00:00+00:00,0.2662,0.2696,0.2641,0.2663,782446.2,0.0001
2025-02-10 16:00:00+00:00,0.2663,0.2701,0.2659,0.2671,660230.7,0.0001
2025-02-10 20:00:00+00:00,0.2671,0.2694,0.2667,0.2685,341771.2,0.0001
2025-02-11 00:00:00+00:00,0.2685,0.2742,0.2684,0.2738,1033903.1,0.0001
2025-02-11 04:00:00+00:00,0.2738,0.2794,0.2735,0.2767,451905.0,0.0001
2025-02-11 08:00:00+00:00,0.2767,0.2778,0.2749,0.2768,548654.7,0.0001
2025-02-11 12:00:00+00:00,0.2768,0.2772,0.2673,0.2709,1183503.5,0.0001
2025-02-11 16:00:00+00:00,0.2709,0.2713,0.2639,0.2648,572218.4,0.0001
2025-02-11 20:00:00+00:00,0.2648,0.2696,0.2643,0.2666,604507.8,0.0001
2025-02-12 00:00:00+00:00,0.2666,0.271,0.2658,0.2668,575608.6,3.966e-05
2025-02-12 04:00:00+00:00,0.2668,0.2685,0.2648,0.2684,498631.0,3.966e-05
2025-02-12 08:00:00+00:00,0.2684,0.2711,0.2677,0.2681,639269.4,0.0001
2025-02-12 12:00:00+00:00,0.2681,0.2712,0.2597,0.2674,2794680.2,0.0001
2025-02-12 16:00:00+00:00,0.2674,0.2765,0.2662,0.2752,816648.3,0.0001
2025-02-12 20:00:00+00:00,0.2752,0.282,0.2744,0.2802,1188553.5,0.0001
2025-02-13 00:00:00+00:00,0.2802,0.2813,0.277,0.2811,462224.8,0.0001
2025-02-13 04:00:00+00:00,0.2811,0.2811,0.2728,0.2733,624679.1,0.0001
2025-02-13 08:00:00+00:00,0.2733,0.2739,0.2702,0.2716,572128.3,0.0001
2025-02-13 12:00:00+00:00,0.2716,0.2748,0.2681,0.2715,996325.9,0.0001
2025-02-13 16:00:00+00:00,0.2715,0.2738,0.2692,0.2709,283575.7,0.0001
2025-02-13 20:00:00+00:00,0.2709,0.2725,0.2701,0.2718,226399.2,0.0001
2025-02-14 00:00:00+00:00,0.2718,0.2748,0.2705,0.2744,187269.1,0.0001
2025-02-14 04:00:00+00:00,0.2744,0.2751,0.2723,0.274,189075.9,0.0001
2025-02-14 08:00:00+00:00,0.274,0.2763,0.2727,0.2732,369549.5,0.0001
2025-02-14 12:00:00+00:00,0.2732,0.277,0.2725,0.2764,440294.3,0.0001
2025-02-14 16:00:00+00:00,0.2764,0.2809,0.2746,0.2779,717614.2,0.0001
2025-02-14 20:00:00+00:00,0.2779,0.2788,0.2748,0.2771,349947.1,0.0001
2025-02-15 00:00:00+00:00,0.2771,0.2804,0.2757,0.2803,558008.2,0.0001
2025-02-15 04:00:00+00:00,0.2803,0.2863,0.2784,0.2791,1796952.4,0.0001
2025-02-15 08:00:00+00:00,0.2791,0.2802,0.2752,0.2765,899452.5,0.0001
2025-02-15 12:00:00+00:00,0.2765,0.2776,0.2722,0.2742,935415.2,0.0001
2025-02-15 16:00:00+00:00,0.2742,0.275,0.2711,0.2717,893772.0,0.0001
2025-02-15 20:00:00+00:00,0.2717,0.2725,0.2704,0.2721,226627.6,0.0001
2025-02-16 00:00:00+00:00,0.2721,0.2731,0.2693,0.2712,437475.9,0.0001
2025-02-16 04:00:00+00:00,0.2712,0.2753,0.2711,0.2748,425421.8,0.0001
2025-02-16 08:00:00+00:00,0.2748,0.2923,0.2738,0.2851,4458999.8,-4.729e-05
2025-02-16 12:00:00+00:00,0.2851,0.2883,0.2792,0.2804,1434613.5,-4.729e-05
2025-02-16 16:00:00+00:00,0.2804,0.2811,0.2768,0.2784,317048.0,-0.00012124
2025-02-16 20:00:00+00:00,0.2784,0.2788,0.2757,0.2787,491906.0,-0.00012124
2025-02-17 00:00:00+00:00,0.2787,0.2852,0.2777,0.2851,773990.8,0.0001
2025-02-17 04:00:00+00:00,0.2851,0.2999,0.2832,0.2951,6091444.2,0.0001
2025-02-17 08:00:00+00:00,0.2951,0.2951,0.2827,0.2853,2780777.1,-0.0004408
2025-02-17 12:00:00+00:00,0.2853,0.2895,0.2833,0.2836,889914.2,-0.0004408
2025-02-17 16:00:00+00:00,0.2836,0.2854,0.2785,0.2819,964271.5,0.0001
2025-02-17 20:00:00+00:00,0.2819,0.2847,0.2812,0.2826,586345.8,0.0001
2025-02-18 00:00:00+00:00,0.2826,0.2832,0.2784,0.2805,1071577.5,0.0001
2025-02-18 04:00:00+00:00,0.2805,0.2805,0.2666,0.2668,2062392.4,0.0001
2025-02-18 08:00:00+00:00,0.2668,0.271,0.2655,0.2692,1146864.4,-0.00079555
2025-02-18 12:00:00+00:00,0.2692,0.2732,0.2606,0.2617,2534819.0,-0.00079555
2025-02-18 16:00:00+00:00,0.2617,0.264,0.2584,0.2625,1209244.0,-6.718e-05
2025-02-18 20:00:00+00:00,0.2625,0.2663,0.2615,0.2663,399866.0,-6.718e-05
2025-02-19 00:00:00+00:00,0.2663,0.2668,0.2616,0.2646,637286.2,0.0001
2025-02-19 04:00:00+00:00,0.2646,0.2686,0.2617,0.2678,781629.8,0.0001
2025-02-19 08:00:00+00:00,0.2678,0.2711,0.2666,0.2702,710518.4,5.766e-05
2025-02-19 12:00:00+00:00,0.2702,0.2712,0.2666,0.2673,363674.8,5.766e-05
2025-02-19 16:00:00+00:00,0.2673,0.2703,0.2659,0.2678,551415.1,0.0001
2025-02-19 20:00:00+00:00,0.2678,0.2692,0.2657,0.2686,397717.0,0.0001
2025-02-20 00:00:00+00:00,0.2686,0.2711,0.268,0.2709,280325.9,0.0001
2025-02-20 04:00:00+00:00,0.2709,0.2721,0.2692,0.27,198608.0,0.0001
2025-02-20 08:00:00+00:00,0.27,0.2725,0.2688,0.2724,192219.9,0.0001
2025-02-20 12:00:00+00:00,0.2724,0.2736,0.2694,0.2696,389114.2,0.0001
2025-02-20 16:00:00+00:00,0.2696,0.275,0.2696,0.2748,273478.2,0.0001
2025-02-20 20:00:00+00:00,0.2748,0.2772,0.2738,0.2763,298028.7,0.0001
2025-02-21 00:00:00+00:00,0.2763,0.2777,0.2737,0.2762,407645.4,0.0001
2025-02-21 04:00:00+00:00,0.2762,0.2775,0.2752,0.2774,407606.5,0.0001
2025-02-21 08:00:00+00:00,0.2774,0.2843,0.277,0.2809,913333.4,0.0001
2025-02-21 12:00:00+00:00,0.2809,0.285,0.2715,0.2741,2068586.8,0.0001
2025-02-21 16:00:00+00:00,0.2741,0.2774,0.2644,0.2656,1560332.8,0.0001
2025-02-21 20:00:00+00:00,0.2656,0.2692,0.2654,0.2687,677638.0,0.0001
2025-02-22 00:00:00+00:00,0.2687,0.2705,0.2659,0.2705,853133.6,0.0001
2025-02-22 04:00:00+00:00,0.2705,0.2745,0.2702,0.272,193214.5,0.0001
2025-02-22 08:00:00+00:00,0.272,0.2745,0.2716,0.2743,189531.3,0.0001
2025-02-22 12:00:00+00:00,0.2743,0.2758,0.2725,0.2752,379106.6,0.0001
2025-02-22 16:00:00+00:00,0.2752,0.2768,0.2745,0.2752,362795.9,0.0001
2025-02-22 20:00:00+00:00,0.2752,0.2752,0.273,0.2739,318621.0,0.0001
2025-02-23 00:00:00+00:00,0.2739,0.2772,0.2738,0.275,656726.0,0.0001
2025-02-23 04:00:00+00:00,0.275,0.275,0.2723,0.2746,183922.1,0.0001
2025-02-23 08:00:00+00:00,0.2746,0.2751,0.273,0.2743,151196.5,0.0001
2025-02-23 12:00:00+00:00,0.2743,0.2754,0.2697,0.2701,239374.5,0.0001
2025-02-23 16:00:00+00:00,0.2701,0.2729,0.2698,0.2708,125641.1,0.0001
2025-02-23 20:00:00+00:00,0.2708,0.2734,0.2698,0.2724,211947.9,0.0001
2025-02-24 00:00:00+00:00,0.2724,0.2726,0.2633,0.2638,568776.2,0.0001
2025-02-24 04:00:00+00:00,0.2638,0.2644,0.2591,0.2598,435522.0,0.0001
2025-02-24 08:00:00+00:00,0.2598,0.2609,0.2564,0.26,453397.3,0.0001
2025-02-24 12:00:00+00:00,0.26,0.2611,0.2526,0.2563,720497.7,0.0001
2025-02-24 16:00:00+00:00,0.2563,0.2578,0.2522,0.2538,439801.2,0.0001
2025-02-24 20:00:00+00:00,0.2538,0.2565,0.244,0.2478,2584818.8,0.0001
2025-02-25 00:00:00+00:00,0.2478,0.2496,0.2432,0.2444,1413407.4,-0.00023198
2025-02-25 04:00:00+00:00,0.2444,0.2466,0.2327,0.2386,2666364.8,-0.00023198
2025-02-25 08:00:00+00:00,0.2386,0.2432,0.236,0.2425,1524056.4,-0.00044994
2025-02-25 12:00:00+00:00,0.2425,0.245,0.2365,0.2428,1052663.7,-0.00044994
2025-02-25 16:00:00+00:00,0.2428,0.2452,0.2408,0.2438,664309.9,0.0001
2025-02-25 20:00:00+00:00,0.2438,0.2487,0.2431,0.2458,716839.4,0.0001
2025-02-26 00:00:00+00:00,0.2458,0.2505,0.2447,0.2492,369465.3,0.0001
2025-02-26 04:00:00+00:00,0.2492,0.2516,0.2483,0.2512,287039.2,0.0001
2025-02-26 08:00:00+00:00,0.2512,0.2517,0.2484,0.2485,442228.0,0.0001
2025-02-26 12:00:00+00:00,0.2485,0.2494,0.2413,0.2472,507320.5,0.0001
2025-02-26 16:00:00+00:00,0.2472,0.2478,0.2385,0.2399,2349424.0,0.0001
2025-02-26 20:00:00+00:00,0.2399,0.2469,0.2372,0.2443,1913295.1,0.0001
2025-02-27 00:00:00+00:00,0.2443,0.257,0.242,0.2556,1715383.3,0.0001
2025-02-27 04:00:00+00:00,0.2556,0.2599,0.254,0.2576,1328884.2,0.0001
2025-02-27 08:00:00+00:00,0.2576,0.2589,0.2527,0.2534,689980.4,0.0001
2025-02-27 12:00:00+00:00,0.2534,0.2551,0.2499,0.2521,752973.8,0.0001
2025-02-27 16:00:00+00:00,0.2521,0.2536,0.2502,0.2525,367247.9,0.0001
2025-02-27 20:00:00+00:00,0.2525,0.2525,0.2461,0.2512,1354438.9,0.0001
2025-02-28 00:00:00+00:00,0.2512,0.2629,0.2422,0.2428,4376938.1,0.0001
2025-02-28 04:00:00+00:00,0.2428,0.2458,0.2395,0.2415,1704883.7,0.0001
2025-02-28 08:00:00+00:00,0.2415,0.2462,0.2372,0.2446,1507621.4,-8.109e-05
2025-02-28 12:00:00+00:00,0.2446,0.253,0.244,0.2516,1510323.0,-8.109e-05
2025-02-28 16:00:00+00:00,0.2516,0.2549,0.2512,0.2533,618309.4,0.0001
2025-02-28 20:00:00+00:00,0.2533,0.2545,0.2521,0.2539,403491.0,0.0001
2025-03-01 00:00:00+00:00,0.2539,0.2554,0.2511,0.2534,756359.8,0.0001
2025-03-01 04:00:00+00:00,0.2534,0.2551,0.2507,0.251,476110.1,0.0001
2025-03-01 08:00:00+00:00,0.251,0.2534,0.2481,0.249,326936.1,0.0001
2025-03-01 12:00:00+00:00,0.249,0.2504,0.2468,0.2503,356496.0,0.0001
2025-03-01 16:00:00+00:00,0.2503,0.2511,0.2491,0.2503,253537.4,0.0001
2025-03-01 20:00:00+00:00,0.2503,0.2529,0.2496,0.2529,370426.3,0.0001
2025-03-02 00:00:00+00:00,0.2529,0.2529,0.2491,0.2492,614087.4,0.0001
2025-03-02 04:00:00+00:00,0.2492,0.2509,0.2483,0.2493,220885.6,0.0001
2025-03-02 08:00:00+00:00,0.2493,0.2519,0.2488,0.2514,161833.6,0.0001
2025-03-02 12:00:00+00:00,0.2514,0.2547,0.2469,0.2501,872627.0,0.0001
2025-03-02 16:00:00+00:00,0.2501,0.2628,0.25,0.2622,2579421.7,0.0001
2025-03-02 20:00:00+00:00,0.2622,0.2657,0.262,0.265,547468.4,0.0001
2025-03-03 00:00:00+00:00,0.265,0.2652,0.2554,0.2567,930691.4,0.0001
2025-03-03 04:00:00+00:00,0.2567,0.26,0.2537,0.2567,674740.9,0.0001
2025-03-03 08:00:00+00:00,0.2567,0.2569,0.2526,0.2538,504306.0,0.0001
2025-03-03 12:00:00+00:00,0.2538,0.2549,0.249,0.2503,1042543.9,0.0001
2025-03-03 16:00:00+00:00,0.2503,0.2513,0.2357,0.2376,1657237.2,0.0001
2025-03-03 20:00:00+00:00,0.2376,0.239,0.2305,0.2334,1719778.8,0.0001
2025-03-04 00:00:00+00:00,0.2334,0.2335,0.2181,0.2231,2657744.3,-0.00034447
2025-03-04 04:00:00+00:00,0.2231,0.2262,0.2226,0.2226,581906.0,-0.00034447
2025-03-04 08:00:00+00:00,0.2226,0.2242,0.2197,0.221,538332.3,3.12e-05
2025-03-04 12:00:00+00:00,0.221,0.2235,0.214,0.2188,2248285.5,3.12e-05
2025-03-04 16:00:00+00:00,0.2188,0.223,0.2103,0.2227,1726415.3,-3.925e-05
2025-03-04 20:00:00+00:00,0.2227,0.2245,0.2198,0.223,548637.9,-3.925e-05
2025-03-05 00:00:00+00:00,0.223,0.225,0.2204,0.2204,721369.3,0.0001
2025-03-05 04:00:00+00:00,0.2204,0.221,0.2177,0.2204,560560.1,0.0001
2025-03-05 08:00:00+00:00,0.2204,0.2272,0.2201,0.2239,591904.2,0.0001
2025-03-05 12:00:00+00:00,0.2239,0.2272,0.2221,0.2224,654301.7,0.0001
2025-03-05 16:00:00+00:00,0.2224,0.2266,0.2207,0.2261,578664.7,0.0001
2025-03-05 20:00:00+00:00,0.2261,0.2289,0.2261,0.2278,766658.4,0.0001
2025-03-06 00:00:00+00:00,0.2278,0.232,0.2245,0.231,429820.2,0.0001
2025-03-06 04:00:00+00:00,0.231,0.2325,0.227,0.2272,390413.1,0.0001
2025-03-06 08:00:00+00:00,0.2272,0.2281,0.2199,0.2249,1839287.5,0.0001
2025-03-06 12:00:00+00:00,0.2249,0.2268,0.2207,0.2262,877434.2,0.0001
2025-03-06 16:00:00+00:00,0.2262,0.2272,0.2192,0.2205,853338.3,0.0001
2025-03-06 20:00:00+00:00,0.2205,0.2239,0.2202,0.2221,459789.8,0.0001
2025-03-07 00:00:00+00:00,0.2221,0.2238,0.2135,0.2188,1845182.7,0.0001
2025-03-07 04:00:00+00:00,0.2188,0.2216,0.2185,0.221,263029.9,0.0001
2025-03-07 08:00:00+00:00,0.221,0.2234,0.2196,0.223,376354.1,0.0001
2025-03-07 12:00:00+00:00,0.223,0.2265,0.2213,0.2237,1255905.3,0.0001
2025-03-07 16:00:00+00:00,0.2237,0.226,0.219,0.2244,487557.0,0.0001
2025-03-07 20:00:00+00:00,0.2244,0.2249,0.2137,0.2139,869259.3,0.0001
2025-03-08 00:00:00+00:00,0.2139,0.2166,0.2131,0.2153,383169.1,0.0001
2025-03-08 04:00:00+00:00,0.2153,0.2166,0.2138,0.2139,233819.2,0.0001
2025-03-08 08:00:00+00:00,0.2139,0.2149,0.2115,0.2124,222073.8,0.0001
2025-03-08 12:00:00+00:00,0.2124,0.2151,0.2115,0.2137,290540.2,0.0001
2025-03-08 16:00:00+00:00,0.2137,0.2167,0.2119,0.2161,192742.2,0.0001
2025-03-08 20:00:00+00:00,0.2161,0.2163,0.2127,0.2146,450365.9,0.0001
2025-03-09 00:00:00+00:00,0.2146,0.2147,0.2114,0.2123,1170297.1,0.0001
2025-03-09 04:00:00+00:00,0.2123,0.2134,0.2113,0.2126,146135.6,0.0001
2025-03-09 08:00:00+00:00,0.2126,0.2128,0.2069,0.2076,542351.0,-1.198e-05
2025-03-09 12:00:00+00:00,0.2076,0.2086,0.2021,0.2029,629522.5,-1.198e-05
2025-03-09 16:00:00+00:00,0.2029,0.2038,0.194,0.1968,1462612.6,-0.00051034
2025-03-09 20:00:00+00:00,0.1968,0.1981,0.1922,0.193,560495.5,-0.00051034
2025-03-10 00:00:00+00:00,0.193,0.1963,0.1907,0.1945,786795.7,-0.00066807
2025-03-10 04:00:00+00:00,0.1945,0.1964,0.194,0.1949,234194.3,-0.00066807
2025-03-10 08:00:00+00:00,0.1949,0.1987,0.1925,0.1979,1426931.9,0.0001
2025-03-10 12:00:00+00:00,0.1979,0.2003,0.1896,0.1922,2848944.6,0.0001
2025-03-10 16:00:00+00:00,0.1922,0.1928,0.1832,0.189,2482937.8,2.457e-05
2025-03-10 20:00:00+00:00,0.189,0.1898,0.1861,0.1862,1037081.0,2.457e-05
2025-03-11 00:00:00+00:00,0.1862,0.1883,0.1789,0.1866,2310260.4,-0.00035246
2025-03-11 04:00:00+00:00,0.1866,0.1901,0.1861,0.1891,701485.6,-0.00035246
2025-03-11 08:00:00+00:00,0.1891,0.1907,0.1888,0.1896,685863.6,-1.726e-05
2025-03-11 12:00:00+00:00,0.1896,0.1939,0.1868,0.1916,2187258.8,-1.726e-05
2025-03-11 16:00:00+00:00,0.1916,0.1965,0.1903,0.1959,1134877.8,0.0001
2025-03-11 20:00:00+00:00,0.1959,0.196,0.1928,0.1934,385988.6,0.0001
2025-03-12 00:00:00+00:00,0.1934,0.1996,0.1932,0.1939,3160564.5,0.0001
2025-03-12 04:00:00+00:00,0.1939,0.1987,0.1925,0.1979,827604.8,0.0001
2025-03-12 08:00:00+00:00,0.1979,0.2015,0.1961,0.2013,983045.1,-0.00030821
2025-03-12 12:00:00+00:00,0.2013,0.2058,0.1944,0.1974,1697890.9,-0.00030821
2025-03-12 16:00:00+00:00,0.1974,0.1996,0.1968,0.1979,331456.2,4.851e-05
2025-03-12 20:00:00+00:00,0.1979,0.2005,0.1974,0.2003,298315.2,4.851e-05
2025-03-13 00:00:00+00:00,0.2003,0.2008,0.1982,0.1983,454236.1,0.0001
2025-03-13 04:00:00+00:00,0.1983,0.1989,0.1966,0.1978,528234.3,0.0001
2025-03-13 08:00:00+00:00,0.1978,0.2019,0.1965,0.2009,984576.6,9.281e-05
2025-03-13 12:00:00+00:00,0.2009,0.2023,0.1961,0.1969,1303461.6,9.281e-05
2025-03-13 16:00:00+00:00,0.1969,0.1971,0.1936,0.1957,613185.0,7.46e-06
2025-03-13 20:00:00+00:00,0.1957,0.1985,0.1947,0.1976,373083.8,7.46e-06
2025-03-14 00:00:00+00:00,0.1976,0.1994,0.1969,0.1993,294069.6,0.0001
2025-03-14 04:00:00+00:00,0.1993,0.2008,0.1981,0.2,318100.4,0.0001
2025-03-14 08:00:00+00:00,0.2,0.2017,0.2,0.2012,300284.9,0.0001
2025-03-14 12:00:00+00:00,0.2012,0.2049,0.2007,0.2035,653555.4,0.0001
2025-03-14 16:00:00+00:00,0.2035,0.2043,0.2021,0.2023,199804.4,0.0001
2025-03-14 20:00:00+00:00,0.2023,0.2027,0.2012,0.2012,127384.1,0.0001
2025-03-15 00:00:00+00:00,0.2012,0.2014,0.1994,0.2007,713375.6,0.0001
2025-03-15 04:00:00+00:00,0.2007,0.2071,0.2003,0.2062,1440027.5,0.0001
2025-03-15 08:00:00+00:00,0.2062,0.2115,0.2048,0.2106,1307346.8,0.0001
2025-03-15 12:00:00+00:00,0.2106,0.212,0.208,0.2087,777660.3,0.0001
2025-03-15 16:00:00+00:00,0.2087,0.2119,0.2086,0.2108,324121.2,0.0001
2025-03-15 20:00:00+00:00,0.2108,0.2134,0.2102,0.2123,390748.2,0.0001
2025-03-16 00:00:00+00:00,0.2123,0.2123,0.2084,0.2107,492658.9,0.0001
2025-03-16 04:00:00+00:00,0.2107,0.2113,0.2095,0.2101,678769.3,0.0001
2025-03-16 08:00:00+00:00,0.2101,0.2103,0.2041,0.2043,908580.9,0.0001
2025-03-16 12:00:00+00:00,0.2043,0.2045,0.2019,0.204,647786.9,0.0001
2025-03-16 16:00:00+00:00,0.204,0.2073,0.2026,0.2035,508149.7,1.06e-06
2025-03-16 20:00:00+00:00,0.2035,0.2046,0.2021,0.2037,202502.0,1.06e-06
2025-03-17 00:00:00+00:00,0.2037,0.2063,0.2033,0.2063,309392.5,-0.00026421
2025-03-17 04:00:00+00:00,0.2063,0.2118,0.2062,0.2116,628888.3,-0.00026421
2025-03-17 08:00:00+00:00,0.2116,0.2155,0.211,0.2123,740602.5,0.0001
2025-03-17 12:00:00+00:00,0.2123,0.2154,0.2102,0.2126,1117785.0,0.0001
2025-03-17 16:00:00+00:00,0.2126,0.2144,0.2111,0.2135,380543.9,0.0001
2025-03-17 20:00:00+00:00,0.2135,0.2148,0.213,0.2135,354674.0,0.0001
2025-03-18 00:00:00+00:00,0.2135,0.2136,0.2082,0.2088,607107.2,0.0001
2025-03-18 04:00:00+00:00,0.2088,0.21,0.2064,0.2074,896372.6,0.0001
2025-03-18 08:00:00+00:00,0.2074,0.2092,0.2063,0.2064,223559.0,0.0001
2025-03-18 12:00:00+00:00,0.2064,0.2072,0.2046,0.2052,434793.2,0.0001
2025-03-18 16:00:00+00:00,0.2052,0.2073,0.2047,0.2069,225084.3,0.0001
2025-03-18 20:00:00+00:00,0.2069,0.2093,0.2069,0.2088,275608.1,0.0001
2025-03-19 00:00:00+00:00,0.2088,0.211,0.2085,0.211,430844.4,0.0001
2025-03-19 04:00:00+00:00,0.211,0.2127,0.2107,0.2107,644391.4,0.0001
2025-03-19 08:00:00+00:00,0.2107,0.2195,0.2105,0.2163,3390095.8,0.0001
2025-03-19 12:00:00+00:00,0.2163,0.2165,0.2115,0.2159,1649653.8,0.0001
2025-03-19 16:00:00+00:00,0.2159,0.2181,0.2132,0.2164,1023179.2,0.0001
2025-03-19 20:00:00+00:00,0.2164,0.2172,0.2154,0.2172,671192.4,0.0001
2025-03-20 00:00:00+00:00,0.2172,0.2181,0.214,0.2144,649430.7,0.0001
2025-03-20 04:00:00+00:00,0.2144,0.2145,0.2135,0.2141,127271.2,0.0001
2025-03-20 08:00:00+00:00,0.2141,0.2153,0.2102,0.2106,579753.4,0.0001
2025-03-20 12:00:00+00:00,0.2106,0.214,0.2103,0.211,511067.7,0.0001
2025-03-20 16:00:00+00:00,0.211,0.2122,0.2088,0.2121,313658.6,-4.629e-05
2025-03-20 20:00:00+00:00,0.2121,0.2123,0.2102,0.2113,212871.4,-4.629e-05
2025-03-21 00:00:00+00:00,0.2113,0.2127,0.2093,0.2095,511882.6,0.0001
2025-03-21 04:00:00+00:00,0.2095,0.2108,0.2089,0.2092,226188.3,0.0001
2025-03-21 08:00:00+00:00,0.2092,0.2126,0.2084,0.2124,853777.5,0.0001
2025-03-21 12:00:00+00:00,0.2124,0.2182,0.2119,0.214,1486958.5,0.0001
2025-03-21 16:00:00+00:00,0.214,0.2161,0.2134,0.2155,649346.8,9.936e-05
2025-03-21 20:00:00+00:00,0.2155,0.2221,0.2153,0.2198,1519651.4,9.936e-05
2025-03-22 00:00:00+00:00,0.2198,0.2237,0.2175,0.2208,1780016.6,4.991e-05
2025-03-22 04:00:00+00:00,0.2208,0.226,0.2191,0.2252,1201032.4,4.991e-05
2025-03-22 08:00:00+00:00,0.2252,0.2256,0.2222,0.2231,687423.3,0.0001
2025-03-22 12:00:00+00:00,0.2231,0.2237,0.2204,0.2236,586460.8,0.0001
2025-03-22 16:00:00+00:00,0.2236,0.2262,0.223,0.2246,425208.6,0.0001
2025-03-22 20:00:00+00:00,0.2246,0.2302,0.2227,0.2302,1024459.4,0.0001
2025-03-23 00:00:00+00:00,0.2302,0.2302,0.2216,0.2259,1960691.6,0.0001
2025-03-23 04:00:00+00:00,0.2259,0.2292,0.2229,0.2244,791328.4,0.0001
2025-03-23 08:00:00+00:00,0.2244,0.2255,0.222,0.2223,783909.4,-8.137e-05
2025-03-23 12:00:00+00:00,0.2223,0.2233,0.2212,0.2229,500049.1,-8.137e-05
2025-03-23 16:00:00+00:00,0.2229,0.223,0.2213,0.2226,245544.7,0.0001
2025-03-23 20:00:00+00:00,0.2226,0.2235,0.2222,0.223,127696.9,0.0001
2025-03-24 00:00:00+00:00,0.223,0.2271,0.2173,0.2213,1930350.9,-8.461e-05
2025-03-24 04:00:00+00:00,0.2213,0.2265,0.2208,0.2229,1386281.0,-8.461e-05
2025-03-24 08:00:00+00:00,0.2229,0.2268,0.2229,0.2246,422227.4,0.0001
2025-03-24 12:00:00+00:00,0.2246,0.2253,0.2222,0.224,1222031.9,0.0001
2025-03-24 16:00:00+00:00,0.224,0.2275,0.2231,0.2265,490640.8,0.0001
2025-03-24 20:00:00+00:00,0.2265,0.2279,0.2243,0.2258,357278.5,0.0001
2025-03-25 00:00:00+00:00,0.2258,0.228,0.2206,0.2209,746007.3,9.752e-05
2025-03-25 04:00:00+00:00,0.2209,0.2227,0.2202,0.2218,208236.5,9.752e-05
2025-03-25 08:00:00+00:00,0.2218,0.2224,0.2208,0.2213,365144.5,0.0001
2025-03-25 12:00:00+00:00,0.2213,0.2214,0.2181,0.2209,674609.4,0.0001
2025-03-25 16:00:00+00:00,0.2209,0.2248,0.2202,0.2243,504002.7,0.0001
2025-03-25 20:00:00+00:00,0.2243,0.2267,0.2232,0.2247,500442.4,0.0001
2025-03-26 00:00:00+00:00,0.2247,0.226,0.2232,0.2234,220918.9,0.0001
2025-03-26 04:00:00+00:00,0.2234,0.2273,0.2223,0.2265,668738.2,0.0001
2025-03-26 08:00:00+00:00,0.2265,0.2282,0.2257,0.2267,334863.8,0.0001
2025-03-26 12:00:00+00:00,0.2267,0.2268,0.2197,0.2218,916333.1,0.0001
2025-03-26 16:00:00+00:00,0.2218,0.2237,0.2192,0.2206,1041566.4,0.0001
2025-03-26 20:00:00+00:00,0.2206,0.223,0.2206,0.2225,184035.1,0.0001
2025-03-27 00:00:00+00:00,0.2225,0.2322,0.2215,0.2308,1908293.9,0.0001
2025-03-27 04:00:00+00:00,0.2308,0.2308,0.2256,0.2256,813865.4,0.0001
2025-03-27 08:00:00+00:00,0.2256,0.2256,0.2204,0.2226,877634.2,0.0001
2025-03-27 12:00:00+00:00,0.2226,0.2288,0.2222,0.2276,1733448.5,0.0001
2025-03-27 16:00:00+00:00,0.2276,0.23,0.2259,0.2279,1338938.0,0.0001
2025-03-27 20:00:00+00:00,0.2279,0.2297,0.2267,0.2267,369243.9,0.0001
2025-03-28 00:00:00+00:00,0.2267,0.229,0.2249,0.229,777518.4,0.0001
2025-03-28 04:00:00+00:00,0.229,0.229,0.2157,0.216,2926399.9,0.0001
2025-03-28 08:00:00+00:00,0.216,0.217,0.212,0.2163,2289147.2,-5.885e-05
2025-03-28 12:00:00+00:00,0.2163,0.2163,0.2127,0.213,579508.7,-5.885e-05
2025-03-28 16:00:00+00:00,0.213,0.2131,0.2092,0.2096,1141648.8,-8.346e-05
2025-03-28 20:00:00+00:00,0.2096,0.213,0.2083,0.213,792277.4,-8.346e-05
2025-03-29 00:00:00+00:00,0.213,0.2136,0.208,0.2105,787882.4,1.306e-05
2025-03-29 04:00:00+00:00,0.2105,0.2106,0.205,0.2054,426915.2,1.306e-05
2025-03-29 08:00:00+00:00,0.2054,0.207,0.2031,0.2037,1020094.8,-0.0002647
2025-03-29 12:00:00+00:00,0.2037,0.2059,0.2028,0.2036,453634.4,-0.0002647
2025-03-29 16:00:00+00:00,0.2036,0.2046,0.2018,0.2037,407720.9,-0.00031875
2025-03-29 20:00:00+00:00,0.2037,0.2037,0.2015,0.2023,291307.7,-0.00031875
2025-03-30 00:00:00+00:00,0.2023,0.2039,0.2009,0.2022,262523.1,-0.00021869
2025-03-30 04:00:00+00:00,0.2022,0.2035,0.2005,0.2021,473228.3,-0.00021869
2025-03-30 08:00:00+00:00,0.2021,0.2043,0.2004,0.2007,750271.5,0.0001
2025-03-30 12:00:00+00:00,0.2007,0.2015,0.1987,0.2,410662.5,0.0001
2025-03-30 16:00:00+00:00,0.2,0.2023,0.1983,0.2018,324471.8,0.0001
2025-03-30 20:00:00+00:00,0.2018,0.202,0.1981,0.1991,285457.1,0.0001
2025-03-31 00:00:00+00:00,0.1991,0.2016,0.197,0.199,468585.0,0.0001
2025-03-31 04:00:00+00:00,0.199,0.2004,0.1964,0.1972,954872.4,0.0001
2025-03-31 08:00:00+00:00,0.1972,0.1989,0.1947,0.1976,1054718.7,0.0001
2025-03-31 12:00:00+00:00,0.1976,0.2042,0.1958,0.1984,3230789.5,0.0001
2025-03-31 16:00:00+00:00,0.1984,0.1992,0.1964,0.1978,371938.6,3.624e-05
2025-03-31 20:00:00+00:00,0.1978,0.1993,0.1971,0.1972,196184.8,3.624e-05
2025-04-01 00:00:00+00:00,0.1972,0.1988,0.1957,0.1983,503904.1,0.0001
2025-04-01 04:00:00+00:00,0.1983,0.1995,0.1974,0.1989,392359.7,0.0001
2025-04-01 08:00:00+00:00,0.1989,0.2024,0.1943,0.1951,2160208.1,0.0001
2025-04-01 12:00:00+00:00,0.1951,0.2017,0.1944,0.2005,2690103.8,0.0001
2025-04-01 16:00:00+00:00,0.2005,0.2012,0.1963,0.1968,360405.7,0.0001
2025-04-01 20:00:00+00:00,0.1968,0.1977,0.1955,0.1962,212917.5,0.0001
2025-04-02 00:00:00+00:00,0.1962,0.1966,0.1919,0.1938,1207391.7,0.0001
2025-04-02 04:00:00+00:00,0.1938,0.1945,0.1913,0.1923,899550.8,0.0001
2025-04-02 08:00:00+00:00,0.1923,0.1948,0.1916,0.1918,488027.3,-0.00022483
2025-04-02 12:00:00+00:00,0.1918,0.1965,0.191,0.1945,1360452.0,-0.00022483
2025-04-02 16:00:00+00:00,0.1945,0.1955,0.1928,0.1938,544541.8,1.636e-05
2025-04-02 20:00:00+00:00,0.1938,0.1973,0.1831,0.1845,3023520.0,1.636e-05
2025-04-03 00:00:00+00:00,0.1845,0.1875,0.184,0.186,1261654.1,-0.00044033
2025-04-03 04:00:00+00:00,0.186,0.189,0.1844,0.1851,765907.9,-0.00044033
2025-04-03 08:00:00+00:00,0.1851,0.1862,0.1827,0.1839,884329.7,9.8e-06
2025-04-03 12:00:00+00:00,0.1839,0.1842,0.1794,0.1824,1513520.6,9.8e-06
2025-04-03 16:00:00+00:00,0.1824,0.1839,0.1813,0.1824,455890.7,-0.00011137
2025-04-03 20:00:00+00:00,0.1824,0.1841,0.1813,0.184,320933.8,-0.00011137
2025-04-04 00:00:00+00:00,0.184,0.1843,0.1814,0.1834,532254.5,0.0001
2025-04-04 04:00:00+00:00,0.1834,0.1855,0.1816,0.1852,901005.9,0.0001
2025-04-04 08:00:00+00:00,0.1852,0.1861,0.1787,0.1804,887784.2,0.0001
2025-04-04 12:00:00+00:00,0.1804,0.1849,0.1789,0.1823,1418333.9,0.0001
2025-04-04 16:00:00+00:00,0.1823,0.1833,0.1799,0.1826,1467686.4,9.442e-05
2025-04-04 20:00:00+00:00,0.1826,0.1836,0.1821,0.1834,231038.8,9.442e-05
2025-04-05 00:00:00+00:00,0.1834,0.1841,0.1822,0.1824,514262.9,8.18e-05
2025-04-05 04:00:00+00:00,0.1824,0.1837,0.1823,0.1828,194753.8,8.18e-05
2025-04-05 08:00:00+00:00,0.1828,0.184,0.181,0.1815,856747.0,0.0001
2025-04-05 12:00:00+00:00,0.1815,0.1817,0.1785,0.1792,1107524.5,0.0001
2025-04-05 16:00:00+00:00,0.1792,0.1804,0.1789,0.1796,543117.9,-0.00029534
2025-04-05 20:00:00+00:00,0.1796,0.1818,0.1796,0.1816,596813.2,-0.00029534
2025-04-06 00:00:00+00:00,0.1816,0.1819,0.1805,0.1814,283204.9,8.666e-05
2025-04-06 04:00:00+00:00,0.1814,0.1826,0.181,0.182,322975.6,8.666e-05
2025-04-06 08:00:00+00:00,0.182,0.1835,0.1809,0.1817,374537.5,0.0001
2025-04-06 12:00:00+00:00,0.1817,0.1818,0.1769,0.1788,1621352.3,0.0001
2025-04-06 16:00:00+00:00,0.1788,0.1788,0.1687,0.171,2630948.7,-0.00064008
2025-04-06 20:00:00+00:00,0.171,0.1717,0.166,0.1693,1436674.1,-0.00064008
2025-04-07 00:00:00+00:00,0.1693,0.1715,0.1654,0.1668,1389562.8,-0.00068627
2025-04-07 04:00:00+00:00,0.1668,0.1678,0.159,0.161,3716206.4,-0.00068627
2025-04-07 08:00:00+00:00,0.161,0.1671,0.1607,0.1651,1248048.5,-0.00107588
2025-04-07 12:00:00+00:00,0.1651,0.175,0.1646,0.17,3888188.1,-0.00107588
2025-04-07 16:00:00+00:00,0.17,0.1713,0.1678,0.1698,1330105.9,0.0001
2025-04-07 20:00:00+00:00,0.1698,0.1735,0.1698,0.1717,463001.6,0.0001
2025-04-08 00:00:00+00:00,0.1717,0.1763,0.171,0.1741,782684.4,0.0001
2025-04-08 04:00:00+00:00,0.1741,0.1749,0.1717,0.1726,538932.1,0.0001
2025-04-08 08:00:00+00:00,0.1726,0.1761,0.1717,0.1759,708542.6,-2.315e-05
2025-04-08 12:00:00+00:00,0.1759,0.1765,0.1715,0.1723,747782.9,-2.315e-05
2025-04-08 16:00:00+00:00,0.1723,0.1727,0.1681,0.1703,1194523.3,5.423e-05
2025-04-08 20:00:00+00:00,0.1703,0.1712,0.1685,0.1688,553186.0,5.423e-05
2025-04-09 00:00:00+00:00,0.1688,0.1728,0.1663,0.1716,1270694.9,-0.00033373
2025-04-09 04:00:00+00:00,0.1716,0.1759,0.1714,0.1751,989875.5,-0.00033373
2025-04-09 08:00:00+00:00,0.1751,0.1754,0.1715,0.1724,771065.5,9.534e-05
2025-04-09 12:00:00+00:00,0.1724,0.1762,0.1702,0.1738,1878905.6,9.534e-05
2025-04-09 16:00:00+00:00,0.1738,0.183,0.1738,0.1824,2616748.0,0.0001
2025-04-09 20:00:00+00:00,0.1824,0.185,0.1823,0.1829,696860.2,0.0001
2025-04-10 00:00:00+00:00,0.1829,0.183,0.1795,0.1804,498145.6,0.0001
2025-04-10 04:00:00+00:00,0.1804,0.184,0.1801,0.1818,932173.9,0.0001
2025-04-10 08:00:00+00:00,0.1818,0.1824,0.1802,0.1803,486664.0,0.0001
2025-04-10 12:00:00+00:00,0.1803,0.1825,0.176,0.1765,1501903.2,0.0001
2025-04-10 16:00:00+00:00,0.1765,0.1794,0.1761,0.1789,512093.6,0.0001
2025-04-10 20:00:00+00:00,0.1789,0.1808,0.1789,0.1806,225657.8,0.0001
2025-04-11 00:00:00+00:00,0.1806,0.1826,0.1793,0.1819,493053.2,0.0001
2025-04-11 04:00:00+00:00,0.1819,0.185,0.1818,0.1845,628021.8,0.0001
2025-04-11 08:00:00+00:00,0.1845,0.1862,0.1836,0.1843,697416.1,0.0001
2025-04-11 12:00:00+00:00,0.1843,0.1864,0.1833,0.1856,727560.9,0.0001
2025-04-11 16:00:00+00:00,0.1856,0.1885,0.1853,0.1857,721257.9,0.0001
2025-04-11 20:00:00+00:00,0.1857,0.1867,0.1849,0.1854,204230.3,0.0001
2025-04-12 00:00:00+00:00,0.1854,0.1915,0.1846,0.1901,1906996.2,0.0001
2025-04-12 04:00:00+00:00,0.1901,0.1923,0.1894,0.1905,615979.2,0.0001
2025-04-12 08:00:00+00:00,0.1905,0.1959,0.1899,0.1921,2881180.3,0.0001
2025-04-12 12:00:00+00:00,0.1921,0.1944,0.1912,0.1938,1447501.6,0.0001
2025-04-12 16:00:00+00:00,0.1938,0.1938,0.1923,0.1933,282652.8,0.0001
2025-04-12 20:00:00+00:00,0.1933,0.1941,0.1926,0.193,393150.0,0.0001
2025-04-13 00:00:00+00:00,0.193,0.1933,0.1904,0.1906,742455.6,0.0001
2025-04-13 04:00:00+00:00,0.1906,0.1906,0.1884,0.1886,240288.9,0.0001
2025-04-13 08:00:00+00:00,0.1886,0.1903,0.1882,0.1887,294758.1,0.0001
2025-04-13 12:00:00+00:00,0.1887,0.1887,0.1847,0.1853,859021.8,0.0001
2025-04-13 16:00:00+00:00,0.1853,0.1891,0.1814,0.1835,1364561.4,8.312e-05
2025-04-13 20:00:00+00:00,0.1835,0.1853,0.1819,0.1837,510403.4,8.312e-05
2025-04-14 00:00:00+00:00,0.1837,0.1859,0.1823,0.1824,872401.9,-0.00019149
2025-04-14 04:00:00+00:00,0.1824,0.1841,0.1808,0.1822,875640.1,-0.00019149
2025-04-14 08:00:00+00:00,0.1822,0.1873,0.1815,0.1873,953651.2,6.965e-05
2025-04-14 12:00:00+00:00,0.1873,0.1881,0.1837,0.1838,958337.2,6.965e-05
2025-04-14 16:00:00+00:00,0.1838,0.1867,0.1836,0.1858,718430.2,0.0001
2025-04-14 20:00:00+00:00,0.1858,0.1866,0.1846,0.1853,390678.3,0.0001
2025-04-15 00:00:00+00:00,0.1853,0.1865,0.1843,0.1863,452393.6,0.0001
2025-04-15 04:00:00+00:00,0.1863,0.1868,0.1852,0.1859,469072.6,0.0001
2025-04-15 08:00:00+00:00,0.1859,0.1883,0.1847,0.1851,597760.1,0.0001
2025-04-15 12:00:00+00:00,0.1851,0.1864,0.1831,0.1839,891534.1,0.0001
2025-04-15 16:00:00+00:00,0.1839,0.1841,0.1821,0.183,370973.1,0.0001
2025-04-15 20:00:00+00:00,0.183,0.1836,0.1817,0.1825,398528.6,0.0001
2025-04-16 00:00:00+00:00,0.1825,0.1836,0.1807,0.181,1134324.7,6.788e-05
2025-04-16 04:00:00+00:00,0.181,0.1817,0.1786,0.1787,504962.8,6.788e-05
2025-04-16 08:00:00+00:00,0.1787,0.1805,0.1775,0.1801,592354.7,0.0001
2025-04-16 12:00:00+00:00,0.1801,0.1808,0.1771,0.179,614872.4,0.0001
2025-04-16 16:00:00+00:00,0.179,0.1817,0.1763,0.1804,1367819.5,0.0001
2025-04-16 20:00:00+00:00,0.1804,0.1809,0.1788,0.1792,326112.9,0.0001
2025-04-17 00:00:00+00:00,0.1792,0.1812,0.1788,0.1812,671780.0,4.849e-05
2025-04-17 04:00:00+00:00,0.1812,0.1845,0.1811,0.1834,569142.0,4.849e-05
2025-04-17 08:00:00+00:00,0.1834,0.1842,0.1826,0.1826,290134.5,0.0001
2025-04-17 12:00:00+00:00,0.1826,0.184,0.1814,0.1836,630628.3,0.0001
2025-04-17 16:00:00+00:00,0.1836,0.1848,0.1826,0.1832,575571.7,0.0001
2025-04-17 20:00:00+00:00,0.1832,0.1843,0.1819,0.1824,514514.7,0.0001
2025-04-18 00:00:00+00:00,0.1824,0.1852,0.181,0.1847,1396288.0,9.319e-05
2025-04-18 04:00:00+00:00,0.1847,0.1884,0.1842,0.1884,872488.1,9.319e-05
2025-04-18 08:00:00+00:00,0.1884,0.1921,0.1879,0.1902,1139354.3,0.0001
2025-04-18 12:00:00+00:00,0.1902,0.1942,0.1902,0.193,1569819.4,0.0001
2025-04-18 16:00:00+00:00,0.193,0.1941,0.1923,0.1936,804218.7,0.0001
2025-04-18 20:00:00+00:00,0.1936,0.1936,0.1903,0.1907,427307.8,0.0001
2025-04-19 00:00:00+00:00,0.1907,0.194,0.1895,0.1929,1158414.7,0.0001
2025-04-19 04:00:00+00:00,0.1929,0.193,0.1915,0.1924,519701.6,0.0001
2025-04-19 08:00:00+00:00,0.1924,0.1932,0.1911,0.1913,422085.0,0.0001
2025-04-19 12:00:00+00:00,0.1913,0.1931,0.191,0.1925,490214.4,0.0001
2025-04-19 16:00:00+00:00,0.1925,0.1932,0.191,0.192,746027.3,0.0001
2025-04-19 20:00:00+00:00,0.192,0.1945,0.1915,0.1943,400667.1,0.0001
2025-04-20 00:00:00+00:00,0.1943,0.1943,0.1915,0.1934,803893.1,0.0001
2025-04-20 04:00:00+00:00,0.1934,0.1945,0.1907,0.1916,708356.3,0.0001
2025-04-20 08:00:00+00:00,0.1916,0.1918,0.1868,0.1874,1313972.2,0.0001
2025-04-20 12:00:00+00:00,0.1874,0.1889,0.1872,0.1877,608032.5,0.0001
2025-04-20 16:00:00+00:00,0.1877,0.1906,0.1875,0.1903,430005.9,0.0001
2025-04-20 20:00:00+00:00,0.1903,0.1913,0.1893,0.1904,511225.0,0.0001
2025-04-21 00:00:00+00:00,0.1904,0.1928,0.1901,0.1912,747925.2,0.0001
2025-04-21 04:00:00+00:00,0.1912,0.1928,0.1903,0.1927,691500.0,0.0001
2025-04-21 08:00:00+00:00,0.1927,0.1949,0.1915,0.1917,1184778.7,0.0001
2025-04-21 12:00:00+00:00,0.1917,0.1969,0.1912,0.1946,1552300.8,0.0001
2025-04-21 16:00:00+00:00,0.1946,0.195,0.1907,0.1938,990738.8,0.0001
2025-04-21 20:00:00+00:00,0.1938,0.1942,0.1924,0.1936,267078.6,0.0001
2025-04-22 00:00:00+00:00,0.1936,0.1945,0.191,0.1936,797247.6,0.0001
2025-04-22 04:00:00+00:00,0.1936,0.1941,0.1895,0.1922,828579.9,0.0001
2025-04-22 08:00:00+00:00,0.1922,0.1933,0.1909,0.1923,863926.7,0.0001
2025-04-22 12:00:00+00:00,0.1923,0.1966,0.1921,0.1959,1487793.5,0.0001
2025-04-22 16:00:00+00:00,0.1959,0.1972,0.1955,0.1966,903298.9,0.0001
2025-04-22 20:00:00+00:00,0.1966,0.2008,0.196,0.2004,802267.3,0.0001
2025-04-23 00:00:00+00:00,0.2004,0.204,0.1984,0.2038,1645496.9,0.0001
2025-04-23 04:00:00+00:00,0.2038,0.2056,0.2036,0.2043,474113.1,0.0001
2025-04-23 08:00:00+00:00,0.2043,0.2044,0.2019,0.2021,360152.5,0.0001
2025-04-23 12:00:00+00:00,0.2021,0.2052,0.1979,0.2007,1537225.0,0.0001
2025-04-23 16:00:00+00:00,0.2007,0.2021,0.199,0.1992,432743.7,0.0001
2025-04-23 20:00:00+00:00,0.1992,0.2023,0.1992,0.2017,348036.5,0.0001
2025-04-24 00:00:00+00:00,0.2017,0.2029,0.1982,0.1982,531603.2,0.0001
2025-04-24 04:00:00+00:00,0.1982,0.2009,0.1979,0.1987,379655.0,0.0001
2025-04-24 08:00:00+00:00,0.1987,0.201,0.1961,0.2008,651811.8,0.0001
2025-04-24 12:00:00+00:00,0.2008,0.2059,0.2007,0.2051,747962.6,0.0001
2025-04-24 16:00:00+00:00,0.2051,0.2065,0.2031,0.2051,501003.1,0.0001
2025-04-24 20:00:00+00:00,0.2051,0.206,0.2036,0.2052,318481.6,0.0001
2025-04-25 00:00:00+00:00,0.2052,0.2067,0.202,0.2039,572061.6,0.0001
2025-04-25 04:00:00+00:00,0.2039,0.208,0.2035,0.208,493233.6,0.0001
2025-04-25 08:00:00+00:00,0.208,0.2092,0.2068,0.2088,341407.4,0.0001
2025-04-25 12:00:00+00:00,0.2088,0.21,0.2053,0.2065,848035.8,0.0001
2025-04-25 16:00:00+00:00,0.2065,0.209,0.2055,0.2084,688141.5,0.0001
2025-04-25 20:00:00+00:00,0.2084,0.2096,0.2075,0.2089,313859.0,0.0001
2025-04-26 00:00:00+00:00,0.2089,0.2149,0.2089,0.2133,636181.5,0.0001
2025-04-26 04:00:00+00:00,0.2133,0.2143,0.2106,0.2123,288771.4,0.0001
2025-04-26 08:00:00+00:00,0.2123,0.213,0.2069,0.2071,993856.9,0.0001
2025-04-26 12:00:00+00:00,0.2071,0.2096,0.2063,0.2094,406618.4,0.0001
2025-04-26 16:00:00+00:00,0.2094,0.2099,0.2077,0.2098,405974.2,0.0001
2025-04-26 20:00:00+00:00,0.2098,0.2111,0.2093,0.2109,289057.9,0.0001
2025-04-27 00:00:00+00:00,0.2109,0.2117,0.2041,0.2057,757572.5,0.0001
2025-04-27 04:00:00+00:00,0.2057,0.2061,0.2024,0.2039,321049.6,0.0001
2025-04-27 08:00:00+00:00,0.2039,0.2046,0.2031,0.2032,229847.5,0.0001
2025-04-27 12:00:00+00:00,0.2032,0.204,0.2002,0.2005,895170.4,0.0001
2025-04-27 16:00:00+00:00,0.2005,0.2036,0.1998,0.2028,248158.5,0.0001
2025-04-27 20:00:00+00:00,0.2028,0.2029,0.2003,0.2006,163753.8,0.0001
2025-04-28 00:00:00+00:00,0.2006,0.204,0.1997,0.2033,678214.3,8.533e-05
2025-04-28 04:00:00+00:00,0.2033,0.207,0.2033,0.2067,454978.0,8.533e-05
2025-04-28 08:00:00+00:00,0.2067,0.2084,0.2053,0.2074,414607.9,0.0001
2025-04-28 12:00:00+00:00,0.2074,0.2085,0.2039,0.2051,439662.5,0.0001
2025-04-28 16:00:00+00:00,0.2051,0.2078,0.2031,0.2067,343800.8,0.0001
2025-04-28 20:00:00+00:00,0.2067,0.2075,0.2054,0.2071,274676.8,0.0001
2025-04-29 00:00:00+00:00,0.2071,0.2147,0.2068,0.2145,1168532.2,0.0001
2025-04-29 04:00:00+00:00,0.2145,0.2179,0.2129,0.2155,1316118.5,0.0001
2025-04-29 08:00:00+00:00,0.2155,0.2167,0.2094,0.2125,1414041.9,0.0001
2025-04-29 12:00:00+00:00,0.2125,0.2158,0.2096,0.2147,1177071.8,0.0001
2025-04-29 16:00:00+00:00,0.2147,0.2158,0.2134,0.2134,298405.6,0.0001
2025-04-29 20:00:00+00:00,0.2134,0.2139,0.2103,0.213,459385.9,0.0001
2025-04-30 00:00:00+00:00,0.213,0.214,0.2101,0.2138,947566.1,7.793e-05
2025-04-30 04:00:00+00:00,0.2138,0.2141,0.21,0.2108,294708.9,7.793e-05
2025-04-30 08:00:00+00:00,0.2108,0.2127,0.2095,0.2125,365865.9,4.57e-05
2025-04-30 12:00:00+00:00,0.2125,0.2126,0.2038,0.2079,1150968.5,4.57e-05
2025-04-30 16:00:00+00:00,0.2079,0.2107,0.2064,0.2099,283528.5,0.0001
2025-04-30 20:00:00+00:00,0.2099,0.2116,0.2099,0.2111,250094.3,0.0001
2025-05-01 00:00:00+00:00,0.2111,0.2133,0.2099,0.2102,437383.9,0.0001
2025-05-01 04:00:00+00:00,0.2102,0.2133,0.2096,0.2133,305138.4,0.0001
2025-05-01 08:00:00+00:00,0.2133,0.2168,0.213,0.2138,483870.1,0.0001
2025-05-01 12:00:00+00:00,0.2138,0.2151,0.2119,0.2136,312072.6,0.0001
2025-05-01 16:00:00+00:00,0.2136,0.2145,0.213,0.2135,152135.7,2.397e-05
2025-05-01 20:00:00+00:00,0.2135,0.2181,0.2134,0.218,207408.9,2.397e-05
2025-05-02 00:00:00+00:00,0.218,0.218,0.2153,0.2158,422803.0,9.547e-05
2025-05-02 04:00:00+00:00,0.2158,0.2159,0.2123,0.2124,332843.6,9.547e-05
2025-05-02 08:00:00+00:00,0.2124,0.2142,0.2123,0.2129,201744.5,-0.00017267
2025-05-02 12:00:00+00:00,0.2129,0.2151,0.2117,0.214,318807.7,-0.00017267
2025-05-02 16:00:00+00:00,0.214,0.2153,0.2124,0.2128,327900.0,0.0001
2025-05-02 20:00:00+00:00,0.2128,0.2134,0.2119,0.2131,164092.3,0.0001
2025-05-03 00:00:00+00:00,0.2131,0.2143,0.2097,0.2107,507434.0,0.0001
2025-05-03 04:00:00+00:00,0.2107,0.2111,0.2095,0.2102,116538.8,0.0001
2025-05-03 08:00:00+00:00,0.2102,0.2103,0.2083,0.2084,201987.2,9.585e-05
2025-05-03 12:00:00+00:00,0.2084,0.2094,0.2082,0.2082,258779.3,9.585e-05
2025-05-03 16:00:00+00:00,0.2082,0.2083,0.2041,0.2054,783645.8,0.0001
2025-05-03 20:00:00+00:00,0.2054,0.2069,0.2035,0.2038,355480.9,0.0001
2025-05-04 00:00:00+00:00,0.2038,0.2045,0.2004,0.2012,558206.5,0.0001
2025-05-04 04:00:00+00:00,0.2012,0.202,0.1992,0.1999,730170.2,0.0001
2025-05-04 08:00:00+00:00,0.1999,0.2008,0.1987,0.2002,359793.6,2.788e-05
2025-05-04 12:00:00+00:00,0.2002,0.2012,0.1988,0.1995,343652.5,2.788e-05
2025-05-04 16:00:00+00:00,0.1995,0.1995,0.1977,0.198,330294.0,0.0001
2025-05-04 20:00:00+00:00,0.198,0.1991,0.1963,0.1975,253747.0,0.0001
2025-05-05 00:00:00+00:00,0.1975,0.1983,0.1951,0.1978,548890.9,0.0001
2025-05-05 04:00:00+00:00,0.1978,0.1996,0.1974,0.1982,372536.0,0.0001
2025-05-05 08:00:00+00:00,0.1982,0.1983,0.1952,0.1964,319594.5,0.0001
2025-05-05 12:00:00+00:00,0.1964,0.1977,0.1951,0.1956,561525.6,0.0001
2025-05-05 16:00:00+00:00,0.1956,0.1986,0.1956,0.1961,370101.7,0.0001
2025-05-05 20:00:00+00:00,0.1961,0.1978,0.1938,0.1963,443278.9,0.0001
2025-05-06 00:00:00+00:00,0.1963,0.1972,0.1946,0.1972,343091.9,0.0001
2025-05-06 04:00:00+00:00,0.1972,0.1978,0.1959,0.196,156371.9,0.0001
2025-05-06 08:00:00+00:00,0.196,0.1965,0.192,0.1929,683010.0,0.0001
2025-05-06 12:00:00+00:00,0.1929,0.194,0.1908,0.1917,492285.2,0.0001
2025-05-06 16:00:00+00:00,0.1917,0.1932,0.1906,0.1919,217580.3,-8.6e-06
2025-05-06 20:00:00+00:00,0.1919,0.1933,0.1869,0.193,2163954.8,-8.6e-06
2025-05-07 00:00:00+00:00,0.193,0.196,0.1928,0.1943,453274.3,6.461e-05
2025-05-07 04:00:00+00:00,0.1943,0.1948,0.1927,0.1946,202184.4,6.461e-05
2025-05-07 08:00:00+00:00,0.1946,0.1981,0.194,0.1959,493554.7,0.0001
2025-05-07 12:00:00+00:00,0.1959,0.1962,0.1926,0.1932,440110.7,0.0001
2025-05-07 16:00:00+00:00,0.1932,0.1935,0.1906,0.1917,436294.4,0.0001
2025-05-07 20:00:00+00:00,0.1917,0.1947,0.1911,0.1944,268128.9,0.0001
2025-05-08 00:00:00+00:00,0.1944,0.1995,0.1941,0.1994,507125.0,0.0001
2025-05-08 04:00:00+00:00,0.1994,0.1998,0.1983,0.1989,420899.6,0.0001
2025-05-08 08:00:00+00:00,0.1989,0.1997,0.1985,0.1995,368588.7,0.0001
2025-05-08 12:00:00+00:00,0.1995,0.2015,0.1947,0.1991,2222452.0,0.0001
2025-05-08 16:00:00+00:00,0.1991,0.2035,0.1981,0.2035,1144656.3,0.0001
2025-05-08 20:00:00+00:00,0.2035,0.2081,0.203,0.208,1254206.6,0.0001
2025-05-09 00:00:00+00:00,0.208,0.2124,0.2072,0.2102,1108876.0,0.0001
2025-05-09 04:00:00+00:00,0.2102,0.2156,0.21,0.2145,818634.6,0.0001
2025-05-09 08:00:00+00:00,0.2145,0.2169,0.2109,0.2143,2438839.8,0.0001
2025-05-09 12:00:00+00:00,0.2143,0.2176,0.2127,0.2156,1000457.3,0.0001
2025-05-09 16:00:00+00:00,0.2156,0.2173,0.2137,0.2159,422463.9,0.0001
2025-05-09 20:00:00+00:00,0.2159,0.2178,0.2157,0.2173,172601.8,0.0001
2025-05-10 00:00:00+00:00,0.2173,0.2195,0.2142,0.2161,781929.4,0.0001
2025-05-10 04:00:00+00:00,0.2161,0.2191,0.2137,0.2186,602001.9,0.0001
2025-05-10 08:00:00+00:00,0.2186,0.2199,0.2152,0.2159,998804.2,0.0001
2025-05-10 12:00:00+00:00,0.2159,0.2207,0.2159,0.218,624057.9,0.0001
2025-05-10 16:00:00+00:00,0.218,0.2214,0.2176,0.2198,530923.9,0.0001
2025-05-10 20:00:00+00:00,0.2198,0.2273,0.2189,0.2267,1007180.7,0.0001
2025-05-11 00:00:00+00:00,0.2267,0.2337,0.2231,0.2316,2979676.6,0.0001
2025-05-11 04:00:00+00:00,0.2316,0.2325,0.2229,0.2239,1492093.4,0.0001
2025-05-11 08:00:00+00:00,0.2239,0.2294,0.2239,0.229,761970.4,0.0001
2025-05-11 12:00:00+00:00,0.229,0.2298,0.2232,0.2248,1239501.8,0.0001
2025-05-11 16:00:00+00:00,0.2248,0.2266,0.2221,0.2259,400611.1,0.0001
2025-05-11 20:00:00+00:00,0.2259,0.2262,0.2235,0.2241,281727.5,0.0001
2025-05-12 00:00:00+00:00,0.2241,0.2266,0.2211,0.2258,1566156.8,0.0001
2025-05-12 04:00:00+00:00,0.2258,0.231,0.2227,0.2272,1563322.5,0.0001
2025-05-12 08:00:00+00:00,0.2272,0.2303,0.2236,0.2244,1416388.2,0.0001
2025-05-12 12:00:00+00:00,0.2244,0.2287,0.2201,0.2216,1847005.7,0.0001
2025-05-12 16:00:00+00:00,0.2216,0.2255,0.2143,0.2213,1692462.6,0.0001
2025-05-12 20:00:00+00:00,0.2213,0.2256,0.2201,0.2253,523884.1,0.0001
2025-05-13 00:00:00+00:00,0.2253,0.2343,0.2189,0.2189,5262445.6,0.0001
2025-05-13 04:00:00+00:00,0.2189,0.2237,0.2182,0.2225,771362.8,0.0001
2025-05-13 08:00:00+00:00,0.2225,0.2265,0.2211,0.2257,672714.3,0.0001
2025-05-13 12:00:00+00:00,0.2257,0.227,0.2215,0.2253,1441153.8,0.0001
2025-05-13 16:00:00+00:00,0.2253,0.2301,0.225,0.2297,1692146.3,0.0001
2025-05-13 20:00:00+00:00,0.2297,0.23,0.2267,0.228,1132109.9,0.0001
2025-05-14 00:00:00+00:00,0.228,0.2284,0.2244,0.2265,2205939.1,0.0001
2025-05-14 04:00:00+00:00,0.2265,0.2294,0.2248,0.2263,1311259.0,0.0001
2025-05-14 08:00:00+00:00,0.2263,0.2268,0.2213,0.2244,1425298.8,0.0001
2025-05-14 12:00:00+00:00,0.2244,0.2254,0.22,0.2218,1410592.9,0.0001
2025-05-14 16:00:00+00:00,0.2218,0.223,0.2163,0.2198,1837154.3,8.194e-05
2025-05-14 20:00:00+00:00,0.2198,0.2206,0.2179,0.2189,310969.2,8.194e-05
2025-05-15 00:00:00+00:00,0.2189,0.2204,0.216,0.2163,934848.7,0.0001
2025-05-15 04:00:00+00:00,0.2163,0.2174,0.2081,0.2084,1628375.9,0.0001
2025-05-15 08:00:00+00:00,0.2084,0.2116,0.2061,0.2091,1649733.8,-0.00022455
2025-05-15 12:00:00+00:00,0.2091,0.2105,0.2025,0.2092,2546194.5,-0.00022455
2025-05-15 16:00:00+00:00,0.2092,0.2109,0.2035,0.2048,703201.4,-5.36e-05
2025-05-15 20:00:00+00:00,0.2048,0.2062,0.2017,0.2037,1036844.3,-5.36e-05
2025-05-16 00:00:00+00:00,0.2037,0.2065,0.2031,0.2055,775686.1,-1.28e-05
2025-05-16 04:00:00+00:00,0.2055,0.2078,0.2052,0.207,471114.1,-1.28e-05
2025-05-16 08:00:00+00:00,0.207,0.2088,0.2047,0.2076,551929.9,0.0001
2025-05-16 12:00:00+00:00,0.2076,0.2087,0.2063,0.2083,323427.3,0.0001
2025-05-16 16:00:00+00:00,0.2083,0.2089,0.205,0.2061,378025.2,0.0001
2025-05-16 20:00:00+00:00,0.2061,0.2065,0.2019,0.2034,763980.2,0.0001
2025-05-17 00:00:00+00:00,0.2034,0.2038,0.1976,0.2003,1058247.2,0.0001
2025-05-17 04:00:00+00:00,0.2003,0.2018,0.199,0.2,379476.9,0.0001
2025-05-17 08:00:00+00:00,0.2,0.2006,0.198,0.1997,417080.5,0.0001
2025-05-17 12:00:00+00:00,0.1997,0.2016,0.1982,0.2004,474665.9,0.0001
2025-05-17 16:00:00+00:00,0.2004,0.2017,0.1985,0.1996,455519.6,0.0001
2025-05-17 20:00:00+00:00,0.1996,0.2017,0.1993,0.201,158406.3,0.0001
2025-05-18 00:00:00+00:00,0.201,0.2025,0.2006,0.2019,320404.8,0.0001
2025-05-18 04:00:00+00:00,0.2019,0.2039,0.2019,0.2036,232446.8,0.0001
2025-05-18 08:00:00+00:00,0.2036,0.2051,0.2025,0.2025,414462.9,0.0001
2025-05-18 12:00:00+00:00,0.2025,0.2073,0.2013,0.2069,584277.9,0.0001
2025-05-18 16:00:00+00:00,0.2069,0.2074,0.1995,0.1995,1093174.0,0.0001
2025-05-18 20:00:00+00:00,0.1995,0.2046,0.1961,0.2043,1224754.3,0.0001
2025-05-19 00:00:00+00:00,0.2043,0.2051,0.1983,0.1984,641056.7,0.0001
2025-05-19 04:00:00+00:00,0.1984,0.199,0.1933,0.1964,1182626.0,0.0001
2025-05-19 08:00:00+00:00,0.1964,0.1965,0.1941,0.195,502209.1,-1.845e-05
2025-05-19 12:00:00+00:00,0.195,0.1975,0.1926,0.1972,1141332.2,-1.845e-05
2025-05-19 16:00:00+00:00,0.1972,0.1991,0.1961,0.1973,424733.7,0.0001
2025-05-19 20:00:00+00:00,0.1973,0.1994,0.1964,0.1992,305657.8,0.0001
2025-05-20 00:00:00+00:00,0.1992,0.2015,0.1979,0.1996,679965.8,0.0001
2025-05-20 04:00:00+00:00,0.1996,0.2007,0.1976,0.1977,508681.0,0.0001
2025-05-20 08:00:00+00:00,0.1977,0.1983,0.1949,0.1965,497704.1,0.0001
2025-05-20 12:00:00+00:00,0.1965,0.197,0.1939,0.1956,1019621.8,0.0001
2025-05-20 16:00:00+00:00,0.1956,0.1969,0.1939,0.1967,671776.1,0.0001
2025-05-20 20:00:00+00:00,0.1967,0.1994,0.1965,0.1984,919773.8,0.0001
2025-05-21 00:00:00+00:00,0.1984,0.1993,0.1962,0.1982,447021.2,0.0001
2025-05-21 04:00:00+00:00,0.1982,0.2,0.1962,0.1971,751444.6,0.0001
2025-05-21 08:00:00+00:00,0.1971,0.1982,0.1961,0.1979,343452.2,0.0001
2025-05-21 12:00:00+00:00,0.1979,0.2005,0.1971,0.1997,1907764.0,0.0001
2025-05-21 16:00:00+00:00,0.1997,0.2023,0.1942,0.1977,1822755.7,1.018e-05
2025-05-21 20:00:00+00:00,0.1977,0.1999,0.1958,0.1985,548771.8,1.018e-05
2025-05-22 00:00:00+00:00,0.1985,0.2017,0.1984,0.2015,736851.2,0.0001
2025-05-22 04:00:00+00:00,0.2015,0.2022,0.2004,0.2021,413987.5,0.0001
2025-05-22 08:00:00+00:00,0.2021,0.2036,0.2008,0.2019,827831.1,0.0001
2025-05-22 12:00:00+00:00,0.2019,0.2062,0.2016,0.2062,836801.5,0.0001
2025-05-22 16:00:00+00:00,0.2062,0.2075,0.2049,0.205,275685.1,0.0001
2025-05-22 20:00:00+00:00,0.205,0.2068,0.2038,0.2067,281495.8,0.0001
2025-05-23 00:00:00+00:00,0.2067,0.209,0.2052,0.2087,503953.8,0.0001
2025-05-23 04:00:00+00:00,0.2087,0.2088,0.2036,0.2043,637390.2,0.0001
2025-05-23 08:00:00+00:00,0.2043,0.2065,0.1962,0.1975,2064242.9,-5.325e-05
2025-05-23 12:00:00+00:00,0.1975,0.2019,0.1934,0.1989,3876941.3,-5.325e-05
2025-05-23 16:00:00+00:00,0.1989,0.2007,0.1976,0.1983,1017527.9,6.053e-05
2025-05-23 20:00:00+00:00,0.1983,0.1985,0.192,0.1929,1090279.4,6.053e-05
2025-05-24 00:00:00+00:00,0.1929,0.1961,0.192,0.1956,577414.8,-2.605e-05
2025-05-24 04:00:00+00:00,0.1956,0.196,0.1943,0.1949,264262.3,-2.605e-05
2025-05-24 08:00:00+00:00,0.1949,0.1965,0.194,0.196,356608.4,0.0001
2025-05-24 12:00:00+00:00,0.196,0.1967,0.1955,0.1961,151995.2,0.0001
2025-05-24 16:00:00+00:00,0.1961,0.1963,0.1945,0.1948,246173.8,-5.77e-06
2025-05-24 20:00:00+00:00,0.1948,0.1953,0.1922,0.1931,438630.9,-5.77e-06
2025-05-25 00:00:00+00:00,0.1931,0.1934,0.1895,0.1931,894093.2,-0.00010315
2025-05-25 04:00:00+00:00,0.1931,0.1931,0.1905,0.1913,149274.6,-0.00010315
2025-05-25 08:00:00+00:00,0.1913,0.1913,0.1877,0.1894,681070.9,0.0001
2025-05-25 12:00:00+00:00,0.1894,0.1908,0.1859,0.1879,914271.5,0.0001
2025-05-25 16:00:00+00:00,0.1879,0.1901,0.1865,0.1898,202337.3,3.476e-05
2025-05-25 20:00:00+00:00,0.1898,0.193,0.1884,0.1929,403610.9,3.476e-05
2025-05-26 00:00:00+00:00,0.1929,0.194,0.1921,0.1937,261711.7,0.0001
2025-05-26 04:00:00+00:00,0.1937,0.1953,0.1936,0.195,348537.2,0.0001
2025-05-26 08:00:00+00:00,0.195,0.1954,0.1941,0.1945,278048.1,0.0001
2025-05-26 12:00:00+00:00,0.1945,0.1958,0.1929,0.1951,433367.0,0.0001
2025-05-26 16:00:00+00:00,0.1951,0.1956,0.1928,0.1942,256035.9,0.0001
2025-05-26 20:00:00+00:00,0.1942,0.1955,0.1937,0.1952,172625.3,0.0001
2025-05-27 00:00:00+00:00,0.1952,0.1956,0.191,0.1941,566289.7,0.0001
2025-05-27 04:00:00+00:00,0.1941,0.1958,0.1931,0.1954,183371.0,0.0001
2025-05-27 08:00:00+00:00,0.1954,0.1968,0.1954,0.1961,406853.7,0.0001
2025-05-27 12:00:00+00:00,0.1961,0.1978,0.195,0.1967,771205.4,0.0001
2025-05-27 16:00:00+00:00,0.1967,0.198,0.1963,0.1971,458239.7,0.0001
2025-05-27 20:00:00+00:00,0.1971,0.1986,0.1964,0.1974,411374.7,0.0001
2025-05-28 00:00:00+00:00,0.1974,0.1995,0.197,0.1994,768192.8,0.0001
2025-05-28 04:00:00+00:00,0.1994,0.1994,0.1973,0.1984,677822.2,0.0001
2025-05-28 08:00:00+00:00,0.1984,0.1986,0.1956,0.198,531149.3,8.041e-05
2025-05-28 12:00:00+00:00,0.198,0.1997,0.1945,0.1946,714159.2,8.041e-05
2025-05-28 16:00:00+00:00,0.1946,0.1969,0.1942,0.1944,257709.9,-2.946e-05
2025-05-28 20:00:00+00:00,0.1944,0.1979,0.1943,0.1977,278536.7,-2.946e-05
2025-05-29 00:00:00+00:00,0.1977,0.1999,0.1968,0.1989,534993.4,5.408e-05
2025-05-29 04:00:00+00:00,0.1989,0.1991,0.1966,0.1984,304127.5,5.408e-05
2025-05-29 08:00:00+00:00,0.1984,0.1994,0.1979,0.199,167221.5,8.984e-05
2025-05-29 12:00:00+00:00,0.199,0.199,0.1958,0.1964,555765.2,8.984e-05
2025-05-29 16:00:00+00:00,0.1964,0.1967,0.1911,0.1918,688730.2,-2.763e-05
2025-05-29 20:00:00+00:00,0.1918,0.1926,0.1896,0.1899,1016554.7,-2.763e-05
2025-05-30 00:00:00+00:00,0.1899,0.1909,0.1823,0.1867,2509919.2,0.0001
2025-05-30 04:00:00+00:00,0.1867,0.1867,0.1842,0.1849,477315.0,0.0001
2025-05-30 08:00:00+00:00,0.1849,0.1858,0.1826,0.184,768852.6,-0.00021032
2025-05-30 12:00:00+00:00,0.184,0.1848,0.1825,0.1841,672642.6,-0.00021032
2025-05-30 16:00:00+00:00,0.1841,0.1842,0.1794,0.1823,1062502.0,0.0001
2025-05-30 20:00:00+00:00,0.1823,0.1824,0.176,0.177,1207104.2,0.0001
2025-05-31 00:00:00+00:00,0.177,0.1779,0.1733,0.1767,1711466.6,2.245e-05
2025-05-31 04:00:00+00:00,0.1767,0.1785,0.1761,0.1784,309034.4,2.245e-05
2025-05-31 08:00:00+00:00,0.1784,0.1785,0.1759,0.1764,277275.4,-6.174e-05
2025-05-31 12:00:00+00:00,0.1764,0.1788,0.1762,0.1772,443231.1,-6.174e-05
2025-05-31 16:00:00+00:00,0.1772,0.1782,0.1766,0.1772,203455.5,0.0001
2025-05-31 20:00:00+00:00,0.1772,0.1793,0.1772,0.1788,256118.8,0.0001
2025-06-01 00:00:00+00:00,0.1788,0.1788,0.1764,0.1784,515826.7,0.0001
2025-06-01 04:00:00+00:00,0.1784,0.1796,0.1784,0.1791,75251.2,0.0001
2025-06-01 08:00:00+00:00,0.1791,0.1793,0.1754,0.1766,331057.2,0.0001
2025-06-01 12:00:00+00:00,0.1766,0.1791,0.1753,0.1789,320867.0,0.0001
2025-06-01 16:00:00+00:00,0.1789,0.1804,0.1781,0.18,325177.2,0.0001
2025-06-01 20:00:00+00:00,0.18,0.182,0.18,0.1814,276050.9,0.0001
2025-06-02 00:00:00+00:00,0.1814,0.1814,0.1789,0.1795,223147.9,0.0001
2025-06-02 04:00:00+00:00,0.1795,0.1803,0.1776,0.1799,295783.8,0.0001
2025-06-02 08:00:00+00:00,0.1799,0.1808,0.1767,0.1773,362786.1,0.0001
2025-06-02 12:00:00+00:00,0.1773,0.1794,0.177,0.1786,536911.0,0.0001
2025-06-02 16:00:00+00:00,0.1786,0.1792,0.1767,0.1771,259099.8,0.0001
2025-06-02 20:00:00+00:00,0.1771,0.1826,0.1771,0.1822,494929.9,0.0001
2025-06-03 00:00:00+00:00,0.1822,0.1852,0.1821,0.1825,622775.1,0.0001
2025-06-03 04:00:00+00:00,0.1825,0.1826,0.1805,0.1814,393535.9,0.0001
2025-06-03 08:00:00+00:00,0.1814,0.1831,0.1811,0.1823,761910.1,0.0001
2025-06-03 12:00:00+00:00,0.1823,0.1853,0.182,0.185,427510.8,0.0001
2025-06-03 16:00:00+00:00,0.185,0.186,0.1839,0.1856,339223.4,0.0001
2025-06-03 20:00:00+00:00,0.1856,0.1857,0.1805,0.1829,652084.8,0.0001
2025-06-04 00:00:00+00:00,0.1829,0.1854,0.182,0.1851,378641.4,0.0001
2025-06-04 04:00:00+00:00,0.1851,0.1863,0.1848,0.1854,251056.3,0.0001
2025-06-04 08:00:00+00:00,0.1854,0.1864,0.1842,0.1842,294219.9,0.0001
2025-06-04 12:00:00+00:00,0.1842,0.1865,0.1828,0.1863,521711.3,0.0001
2025-06-04 16:00:00+00:00,0.1863,0.1867,0.1834,0.1834,653111.0,0.0001
2025-06-04 20:00:00+00:00,0.1834,0.1834,0.1811,0.1824,541146.7,0.0001
2025-06-05 00:00:00+00:00,0.1824,0.1836,0.1817,0.1826,402062.6,-8.707e-05
2025-06-05 04:00:00+00:00,0.1826,0.186,0.1803,0.1846,3045455.4,-8.707e-05
2025-06-05 08:00:00+00:00,0.1846,0.1858,0.1823,0.1834,2902786.6,0.0001
2025-06-05 12:00:00+00:00,0.1834,0.1855,0.1798,0.1832,1852401.3,0.0001
2025-06-05 16:00:00+00:00,0.1832,0.1832,0.1743,0.1769,2578744.9,0.0001
2025-06-05 20:00:00+00:00,0.1769,0.1771,0.172,0.1757,2260293.0,0.0001
2025-06-06 00:00:00+00:00,0.1757,0.1779,0.1748,0.1778,682725.8,-0.00015962
2025-06-06 04:00:00+00:00,0.1778,0.1788,0.1769,0.1783,676913.8,-0.00015962
2025-06-06 08:00:00+00:00,0.1783,0.1797,0.1782,0.1788,388254.8,0.0001
2025-06-06 12:00:00+00:00,0.1788,0.1818,0.1786,0.1806,1026668.9,0.0001
2025-06-06 16:00:00+00:00,0.1806,0.1815,0.1764,0.1775,961477.3,0.0001
2025-06-06 20:00:00+00:00,0.1775,0.179,0.1772,0.1775,177996.8,0.0001
2025-06-07 00:00:00+00:00,0.1775,0.1805,0.1772,0.1792,274710.5,0.0001
2025-06-07 04:00:00+00:00,0.1792,0.1801,0.1787,0.1797,514477.8,0.0001
2025-06-07 08:00:00+00:00,0.1797,0.1802,0.1787,0.18,400337.9,0.0001
2025-06-07 12:00:00+00:00,0.18,0.1812,0.1793,0.1797,420506.5,0.0001
2025-06-07 16:00:00+00:00,0.1797,0.1821,0.1795,0.1814,915510.6,0.0001
2025-06-07 20:00:00+00:00,0.1814,0.1819,0.1806,0.1808,368712.5,0.0001
2025-06-08 00:00:00+00:00,0.1808,0.1819,0.1802,0.1806,655833.5,0.0001
2025-06-08 04:00:00+00:00,0.1806,0.1817,0.1799,0.1799,736780.0,0.0001
2025-06-08 08:00:00+00:00,0.1799,0.1815,0.1796,0.1809,454141.0,0.0001
2025-06-08 12:00:00+00:00,0.1809,0.1822,0.1802,0.1809,494962.0,0.0001
2025-06-08 16:00:00+00:00,0.1809,0.182,0.1803,0.1811,535725.4,0.0001
2025-06-08 20:00:00+00:00,0.1811,0.1816,0.18,0.1803,335592.3,0.0001
2025-06-09 00:00:00+00:00,0.1803,0.1809,0.1778,0.1784,614387.9,0.0001
2025-06-09 04:00:00+00:00,0.1784,0.1787,0.1768,0.1778,482052.9,0.0001
2025-06-09 08:00:00+00:00,0.1778,0.1806,0.1765,0.1799,971684.6,0.0001
2025-06-09 12:00:00+00:00,0.1799,0.1802,0.1782,0.18,361420.2,0.0001
2025-06-09 16:00:00+00:00,0.18,0.1814,0.1799,0.1807,414580.3,0.0001
2025-06-09 20:00:00+00:00,0.1807,0.1852,0.1807,0.1852,1270430.7,0.0001
2025-06-10 00:00:00+00:00,0.1852,0.1862,0.1834,0.1847,1026915.5,0.0001
2025-06-10 04:00:00+00:00,0.1847,0.1852,0.1823,0.1838,758898.0,0.0001
2025-06-10 08:00:00+00:00,0.1838,0.1874,0.1831,0.187,822696.7,0.0001
2025-06-10 12:00:00+00:00,0.187,0.1889,0.1843,0.1869,2037857.3,0.0001
2025-06-10 16:00:00+00:00,0.1869,0.1897,0.1862,0.1883,923272.1,0.0001
2025-06-10 20:00:00+00:00,0.1883,0.1896,0.1876,0.1896,390988.4,0.0001
2025-06-11 00:00:00+00:00,0.1896,0.1899,0.1864,0.1889,543919.9,0.0001
2025-06-11 04:00:00+00:00,0.1889,0.189,0.1874,0.1881,289505.7,0.0001
2025-06-11 08:00:00+00:00,0.1881,0.1898,0.1853,0.1869,2863064.2,0.0001
2025-06-11 12:00:00+00:00,0.1869,0.1904,0.1863,0.1899,841391.9,0.0001
2025-06-11 16:00:00+00:00,0.1899,0.1904,0.1851,0.1853,672999.0,0.0001
2025-06-11 20:00:00+00:00,0.1853,0.1868,0.1826,0.184,935590.0,0.0001
2025-06-12 00:00:00+00:00,0.184,0.184,0.181,0.1818,501621.2,5.675e-05
2025-06-12 04:00:00+00:00,0.1818,0.1824,0.1807,0.1813,513892.6,5.675e-05
2025-06-12 08:00:00+00:00,0.1813,0.1817,0.1778,0.1783,1116459.7,0.0001
2025-06-12 12:00:00+00:00,0.1783,0.1811,0.1777,0.1777,570937.3,0.0001
2025-06-12 16:00:00+00:00,0.1777,0.181,0.1763,0.1765,647353.4,0.0001
2025-06-12 20:00:00+00:00,0.1765,0.1769,0.1743,0.1751,856124.3,0.0001
2025-06-13 00:00:00+00:00,0.1751,0.1751,0.1647,0.1693,6319750.4,-4.904e-05
2025-06-13 04:00:00+00:00,0.1693,0.1693,0.1664,0.1687,985236.6,-4.904e-05
2025-06-13 08:00:00+00:00,0.1687,0.1707,0.1669,0.168,1035920.2,0.0001
2025-06-13 12:00:00+00:00,0.168,0.1691,0.1659,0.1687,1087548.7,0.0001
2025-06-13 16:00:00+00:00,0.1687,0.17,0.1672,0.1676,298995.0,0.0001
2025-06-13 20:00:00+00:00,0.1676,0.1699,0.1675,0.1696,190374.1,0.0001
2025-06-14 00:00:00+00:00,0.1696,0.17,0.1678,0.1692,275300.9,0.0001
2025-06-14 04:00:00+00:00,0.1692,0.1699,0.1684,0.1693,139766.3,0.0001
2025-06-14 08:00:00+00:00,0.1693,0.1697,0.1686,0.1697,119224.6,0.0001
2025-06-14 12:00:00+00:00,0.1697,0.1705,0.1681,0.1685,422949.1,0.0001
2025-06-14 16:00:00+00:00,0.1685,0.1689,0.1657,0.1677,1277747.8,0.0001
2025-06-14 20:00:00+00:00,0.1677,0.1696,0.1668,0.1696,68360.8,0.0001
2025-06-15 00:00:00+00:00,0.1696,0.17,0.1692,0.1696,85852.7,0.0001
2025-06-15 04:00:00+00:00,0.1696,0.1704,0.1689,0.1701,140708.3,0.0001
2025-06-15 08:00:00+00:00,0.1701,0.1704,0.1694,0.1699,248765.8,0.0001
2025-06-15 12:00:00+00:00,0.1699,0.1706,0.1684,0.1688,506126.1,0.0001
2025-06-15 16:00:00+00:00,0.1688,0.1691,0.1668,0.1675,427474.4,0.0001
2025-06-15 20:00:00+00:00,0.1675,0.1698,0.1663,0.1695,371598.8,0.0001
2025-06-16 00:00:00+00:00,0.1695,0.1716,0.1677,0.1707,1040358.1,0.0001
2025-06-16 04:00:00+00:00,0.1707,0.1725,0.1707,0.1723,1363256.2,0.0001
2025-06-16 08:00:00+00:00,0.1723,0.1726,0.1695,0.1704,760712.8,0.0001
2025-06-16 12:00:00+00:00,0.1704,0.1722,0.1691,0.1712,485840.0,0.0001
2025-06-16 16:00:00+00:00,0.1712,0.1726,0.171,0.1718,220439.7,0.0001
2025-06-16 20:00:00+00:00,0.1718,0.1729,0.1674,0.1676,860711.9,0.0001
2025-06-17 00:00:00+00:00,0.1676,0.1695,0.1659,0.1689,518434.1,0.0001
2025-06-17 04:00:00+00:00,0.1689,0.169,0.167,0.1677,161090.6,0.0001
2025-06-17 08:00:00+00:00,0.1677,0.1677,0.1646,0.1653,657214.4,8.289e-05
2025-06-17 12:00:00+00:00,0.1653,0.1666,0.1619,0.1627,787722.3,8.289e-05
2025-06-17 16:00:00+00:00,0.1627,0.1632,0.1589,0.1626,1370577.1,0.0001
2025-06-17 20:00:00+00:00,0.1626,0.1628,0.1595,0.1599,367032.2,0.0001
2025-06-18 00:00:00+00:00,0.1599,0.1618,0.1596,0.1606,340892.8,0.0001
2025-06-18 04:00:00+00:00,0.1606,0.1619,0.1605,0.161,186060.5,0.0001
2025-06-18 08:00:00+00:00,0.161,0.1615,0.1577,0.16,1056348.3,0.0001
2025-06-18 12:00:00+00:00,0.16,0.161,0.1573,0.1594,554192.4,0.0001
2025-06-18 16:00:00+00:00,0.1594,0.1602,0.1573,0.1584,517994.4,0.0001
2025-06-18 20:00:00+00:00,0.1584,0.1614,0.1577,0.161,317257.5,0.0001
2025-06-19 00:00:00+00:00,0.161,0.1626,0.1599,0.1612,437937.8,0.0001
2025-06-19 04:00:00+00:00,0.1612,0.1617,0.1599,0.1601,400692.9,0.0001
2025-06-19 08:00:00+00:00,0.1601,0.1613,0.16,0.1607,299356.3,0.0001
2025-06-19 12:00:00+00:00,0.1607,0.1611,0.1595,0.1599,256700.7,0.0001
2025-06-19 16:00:00+00:00,0.1599,0.1618,0.1591,0.1612,227214.8,2.243e-05
2025-06-19 20:00:00+00:00,0.1612,0.1618,0.1609,0.1616,165832.5,2.243e-05
2025-06-20 00:00:00+00:00,0.1616,0.1626,0.1612,0.1617,276876.7,0.0001
2025-06-20 04:00:00+00:00,0.1617,0.1629,0.1602,0.1626,557269.6,0.0001
2025-06-20 08:00:00+00:00,0.1626,0.1632,0.162,0.1628,483524.1,0.0001
2025-06-20 12:00:00+00:00,0.1628,0.1632,0.1593,0.1594,540001.0,0.0001
2025-06-20 16:00:00+00:00,0.1594,0.1597,0.1529,0.1565,2997348.2,-6.277e-05
2025-06-20 20:00:00+00:00,0.1565,0.1573,0.1543,0.1553,440114.8,-6.277e-05
2025-06-21 00:00:00+00:00,0.1553,0.1572,0.155,0.1571,248419.6,-0.00022751
2025-06-21 04:00:00+00:00,0.1571,0.1571,0.1555,0.1556,206300.9,-0.00022751
2025-06-21 08:00:00+00:00,0.1556,0.1566,0.1551,0.1564,217488.5,0.0001
2025-06-21 12:00:00+00:00,0.1564,0.1571,0.1529,0.154,542489.8,0.0001
2025-06-21 16:00:00+00:00,0.154,0.1545,0.1515,0.1515,367713.6,-0.00025164
2025-06-21 20:00:00+00:00,0.1515,0.1525,0.1465,0.1493,2086813.9,-0.00025164
2025-06-22 00:00:00+00:00,0.1493,0.1503,0.1463,0.1472,1113930.6,-0.00027374
2025-06-22 04:00:00+00:00,0.1472,0.1508,0.147,0.1493,663310.8,-0.00027374
2025-06-22 08:00:00+00:00,0.1493,0.1497,0.1475,0.1484,402937.1,-9.165e-05
2025-06-22 12:00:00+00:00,0.1484,0.1496,0.1422,0.1441,2812457.3,-9.165e-05
2025-06-22 16:00:00+00:00,0.1441,0.146,0.1436,0.144,431457.8,-0.00026499
2025-06-22 20:00:00+00:00,0.144,0.1463,0.1413,0.1461,1068882.2,-0.00026499
2025-06-23 00:00:00+00:00,0.1461,0.1466,0.1454,0.146,364875.3,0.0001
2025-06-23 04:00:00+00:00,0.146,0.1478,0.146,0.1474,304945.0,0.0001
2025-06-23 08:00:00+00:00,0.1474,0.1478,0.1466,0.1474,268903.4,0.0001
2025-06-23 12:00:00+00:00,0.1474,0.15,0.1466,0.1488,1057227.5,0.0001
2025-06-23 16:00:00+00:00,0.1488,0.1515,0.1462,0.1513,995219.1,0.0001
2025-06-23 20:00:00+00:00,0.1513,0.1556,0.1512,0.1555,786996.0,0.0001
2025-06-24 00:00:00+00:00,0.1555,0.1565,0.1549,0.1563,379641.8,0.0001
2025-06-24 04:00:00+00:00,0.1563,0.1582,0.1556,0.1563,239555.2,0.0001
2025-06-24 08:00:00+00:00,0.1563,0.1576,0.1555,0.1564,516046.9,0.0001
2025-06-24 12:00:00+00:00,0.1564,0.1571,0.1555,0.1561,298615.9,0.0001
2025-06-24 16:00:00+00:00,0.1561,0.158,0.1551,0.1558,281900.6,0.0001
2025-06-24 20:00:00+00:00,0.1558,0.1581,0.1556,0.1581,222886.4,0.0001
2025-06-25 00:00:00+00:00,0.1581,0.1581,0.1565,0.1571,161636.1,0.0001
2025-06-25 04:00:00+00:00,0.1571,0.1576,0.1564,0.157,143073.6,0.0001
2025-06-25 08:00:00+00:00,0.157,0.1572,0.1546,0.1559,338461.6,0.0001
2025-06-25 12:00:00+00:00,0.1559,0.1568,0.1536,0.1539,625363.3,0.0001
2025-06-25 16:00:00+00:00,0.1539,0.1554,0.1536,0.155,154729.7,0.0001
2025-06-25 20:00:00+00:00,0.155,0.1555,0.1532,0.1537,180114.0,0.0001
2025-06-26 00:00:00+00:00,0.1537,0.1569,0.1533,0.1551,1651980.8,6.814e-05
2025-06-26 04:00:00+00:00,0.1551,0.1552,0.1535,0.1546,966776.5,6.814e-05
2025-06-26 08:00:00+00:00,0.1546,0.1551,0.153,0.1535,408874.1,0.0001
2025-06-26 12:00:00+00:00,0.1535,0.1535,0.1499,0.1508,1039686.7,0.0001
2025-06-26 16:00:00+00:00,0.1508,0.1532,0.1503,0.1529,721239.8,0.0001
2025-06-26 20:00:00+00:00,0.1529,0.154,0.1518,0.1518,286113.5,0.0001
2025-06-27 00:00:00+00:00,0.1518,0.1543,0.1504,0.154,477770.4,0.0001
2025-06-27 04:00:00+00:00,0.154,0.1553,0.1529,0.153,305838.8,0.0001
2025-06-27 08:00:00+00:00,0.153,0.1542,0.1521,0.1525,401125.4,0.0001
2025-06-27 12:00:00+00:00,0.1525,0.1536,0.1515,0.1535,237570.6,0.0001
2025-06-27 16:00:00+00:00,0.1535,0.1547,0.1512,0.1517,320382.4,7.785e-05
2025-06-27 20:00:00+00:00,0.1517,0.1531,0.1515,0.1522,92466.4,7.785e-05
2025-06-28 00:00:00+00:00,0.1522,0.153,0.1518,0.1519,202486.7,0.0001
2025-06-28 04:00:00+00:00,0.1519,0.1528,0.1516,0.1528,114056.7,0.0001
2025-06-28 08:00:00+00:00,0.1528,0.1528,0.1521,0.1527,169771.5,-9.307e-05
2025-06-28 12:00:00+00:00,0.1527,0.1534,0.152,0.1532,432718.0,-9.307e-05
2025-06-28 16:00:00+00:00,0.1532,0.1544,0.1531,0.1538,338210.6,0.0001
2025-06-28 20:00:00+00:00,0.1538,0.1548,0.1536,0.1545,188096.4,0.0001
2025-06-29 00:00:00+00:00,0.1545,0.1548,0.1538,0.1538,117717.4,0.0001
2025-06-29 04:00:00+00:00,0.1538,0.1548,0.1536,0.1548,171814.2,0.0001
2025-06-29 08:00:00+00:00,0.1548,0.156,0.1548,0.1558,370481.6,0.0001
2025-06-29 12:00:00+00:00,0.1558,0.1558,0.1534,0.1536,248299.3,0.0001
2025-06-29 16:00:00+00:00,0.1536,0.1543,0.1536,0.1541,93155.5,-3.836e-05
2025-06-29 20:00:00+00:00,0.1541,0.1582,0.1533,0.1576,744552.9,-3.836e-05
2025-06-30 00:00:00+00:00,0.1576,0.1583,0.1547,0.1551,635920.2,0.0001
2025-06-30 04:00:00+00:00,0.1551,0.1555,0.1542,0.1551,334456.8,0.0001
2025-06-30 08:00:00+00:00,0.1551,0.1551,0.1536,0.154,337049.9,0.0001
2025-06-30 12:00:00+00:00,0.154,0.1545,0.1524,0.1533,729401.9,0.0001
2025-06-30 16:00:00+00:00,0.1533,0.1546,0.1528,0.1545,353157.0,-7.738e-05
2025-06-30 20:00:00+00:00,0.1545,0.1546,0.1531,0.1534,279398.3,-7.738e-05
2025-07-01 00:00:00+00:00,0.1534,0.1538,0.1525,0.1528,257974.7,0.0001
2025-07-01 04:00:00+00:00,0.1528,0.1528,0.1502,0.1515,422911.5,0.0001
2025-07-01 08:00:00+00:00,0.1515,0.1518,0.1491,0.1493,601342.3,-0.00017724
2025-07-01 12:00:00+00:00,0.1493,0.1508,0.1487,0.1496,543892.8,-0.00017724
2025-07-01 16:00:00+00:00,0.1496,0.15,0.1477,0.148,394169.7,0.0001
2025-07-01 20:00:00+00:00,0.148,0.1487,0.1469,0.1472,312525.8,0.0001
2025-07-02 00:00:00+00:00,0.1472,0.1486,0.146,0.148,581367.1,0.0001
2025-07-02 04:00:00+00:00,0.148,0.1497,0.148,0.1492,304541.7,0.0001
2025-07-02 08:00:00+00:00,0.1492,0.1505,0.1489,0.1495,389768.4,0.0001
2025-07-02 12:00:00+00:00,0.1495,0.1514,0.149,0.1512,442642.2,0.0001
2025-07-02 16:00:00+00:00,0.1512,0.155,0.1512,0.1547,1553469.2,0.0001
2025-07-02 20:00:00+00:00,0.1547,0.1559,0.1542,0.1544,385125.2,0.0001
2025-07-03 00:00:00+00:00,0.1544,0.1556,0.1543,0.155,347055.7,0.0001
2025-07-03 04:00:00+00:00,0.155,0.1567,0.1543,0.156,789080.9,0.0001
2025-07-03 08:00:00+00:00,0.156,0.1564,0.1537,0.1541,831106.3,0.0001
2025-07-03 12:00:00+00:00,0.1541,0.1565,0.1535,0.1538,936181.9,0.0001
2025-07-03 16:00:00+00:00,0.1538,0.1559,0.1537,0.1551,272584.3,0.0001
2025-07-03 20:00:00+00:00,0.1551,0.1558,0.1541,0.1545,173725.4,0.0001
2025-07-04 00:00:00+00:00,0.1545,0.156,0.1537,0.1541,661311.4,0.0001
2025-07-04 04:00:00+00:00,0.1541,0.1543,0.1508,0.1509,411724.2,0.0001
2025-07-04 08:00:00+00:00,0.1509,0.1517,0.1498,0.1511,487078.4,0.0001
2025-07-04 12:00:00+00:00,0.1511,0.1515,0.1496,0.1502,390787.9,0.0001
2025-07-04 16:00:00+00:00,0.1502,0.1502,0.1486,0.1488,372787.3,-3.389e-05
2025-07-04 20:00:00+00:00,0.1488,0.15,0.1485,0.1496,172656.2,-3.389e-05
2025-07-05 00:00:00+00:00,0.1496,0.1511,0.1492,0.1503,407757.8,0.0001
2025-07-05 04:00:00+00:00,0.1503,0.1506,0.1494,0.1504,269009.9,0.0001
2025-07-05 08:00:00+00:00,0.1504,0.151,0.15,0.1507,176447.1,6.103e-05
2025-07-05 12:00:00+00:00,0.1507,0.1512,0.1495,0.1497,398383.4,6.103e-05
2025-07-05 16:00:00+00:00,0.1497,0.1503,0.1484,0.1493,265172.7,-6.377e-05
2025-07-05 20:00:00+00:00,0.1493,0.1497,0.1488,0.1493,107673.3,-6.377e-05
2025-07-06 00:00:00+00:00,0.1493,0.1505,0.1491,0.15,527923.1,0.0001
2025-07-06 04:00:00+00:00,0.15,0.1509,0.1499,0.1503,254704.5,0.0001
2025-07-06 08:00:00+00:00,0.1503,0.1505,0.1495,0.1504,316542.9,-5.037e-05
2025-07-06 12:00:00+00:00,0.1504,0.1521,0.1501,0.152,335630.8,-5.037e-05
2025-07-06 16:00:00+00:00,0.152,0.1527,0.1518,0.1521,250945.8,0.0001
2025-07-06 20:00:00+00:00,0.1521,0.1536,0.1519,0.152,186335.2,0.0001
2025-07-07 00:00:00+00:00,0.152,0.1533,0.1514,0.1527,284339.3,0.0001
2025-07-07 04:00:00+00:00,0.1527,0.1529,0.151,0.1526,242057.4,0.0001
2025-07-07 08:00:00+00:00,0.1526,0.1527,0.1511,0.1515,158369.4,9.891e-05
2025-07-07 12:00:00+00:00,0.1515,0.1522,0.1504,0.1509,278531.5,9.891e-05
2025-07-07 16:00:00+00:00,0.1509,0.1515,0.15,0.1509,270232.6,5.3e-05
2025-07-07 20:00:00+00:00,0.1509,0.1512,0.1496,0.1511,195942.3,5.3e-05
2025-07-08 00:00:00+00:00,0.1511,0.1516,0.1501,0.1506,250740.2,-5.731e-05
2025-07-08 04:00:00+00:00,0.1506,0.1509,0.1499,0.1506,155146.9,-5.731e-05
2025-07-08 08:00:00+00:00,0.1506,0.1516,0.1503,0.1513,274851.5,0.0001
2025-07-08 12:00:00+00:00,0.1513,0.1521,0.1508,0.1509,369172.2,0.0001
2025-07-08 16:00:00+00:00,0.1509,0.1534,0.1506,0.1527,390097.0,0.0001
2025-07-08 20:00:00+00:00,0.1527,0.1531,0.1523,0.1528,145893.9,0.0001
2025-07-09 00:00:00+00:00,0.1528,0.1556,0.1526,0.1537,1586734.8,0.0001
2025-07-09 04:00:00+00:00,0.1537,0.1554,0.1536,0.1552,853629.3,0.0001
2025-07-09 08:00:00+00:00,0.1552,0.1577,0.1549,0.1577,2019965.8,0.0001
2025-07-09 12:00:00+00:00,0.1577,0.1587,0.156,0.1568,3653800.8,0.0001
2025-07-09 16:00:00+00:00,0.1568,0.1586,0.1564,0.1583,863623.8,0.0001
2025-07-09 20:00:00+00:00,0.1583,0.16,0.1583,0.1596,844508.0,0.0001
2025-07-10 00:00:00+00:00,0.1596,0.1599,0.1583,0.1595,580045.4,0.0001
2025-07-10 04:00:00+00:00,0.1595,0.1602,0.1577,0.159,1002752.7,0.0001
2025-07-10 08:00:00+00:00,0.159,0.1602,0.159,0.1597,555803.8,-5.354e-05
2025-07-10 12:00:00+00:00,0.1597,0.1604,0.1585,0.1594,1122282.3,-5.354e-05
2025-07-10 16:00:00+00:00,0.1594,0.1619,0.1594,0.161,1114604.4,0.0001
2025-07-10 20:00:00+00:00,0.161,0.1657,0.1609,0.1651,1515771.8,0.0001
2025-07-11 00:00:00+00:00,0.1651,0.1669,0.1625,0.1667,1155857.8,0.0001
2025-07-11 04:00:00+00:00,0.1667,0.1704,0.1661,0.1662,1945607.6,0.0001
2025-07-11 08:00:00+00:00,0.1662,0.1694,0.1662,0.1676,834335.8,0.0001
2025-07-11 12:00:00+00:00,0.1676,0.1705,0.1671,0.1673,3020587.3,0.0001
2025-07-11 16:00:00+00:00,0.1673,0.1711,0.1662,0.1708,1319102.0,0.0001
2025-07-11 20:00:00+00:00,0.1708,0.1713,0.1645,0.1669,1614597.3,0.0001
2025-07-12 00:00:00+00:00,0.1669,0.1686,0.1656,0.1683,781246.8,0.0001
2025-07-12 04:00:00+00:00,0.1683,0.1757,0.1661,0.1755,1991963.8,0.0001
2025-07-12 08:00:00+00:00,0.1755,0.1759,0.1725,0.1731,1897674.0,0.0001
2025-07-12 12:00:00+00:00,0.1731,0.1736,0.1674,0.1685,1898001.0,0.0001
2025-07-12 16:00:00+00:00,0.1685,0.1705,0.1678,0.1692,344525.5,0.0001
2025-07-12 20:00:00+00:00,0.1692,0.1704,0.1675,0.1701,350902.7,0.0001
2025-07-13 00:00:00+00:00,0.1701,0.171,0.1687,0.1697,468334.4,0.0001
2025-07-13 04:00:00+00:00,0.1697,0.172,0.1691,0.1717,374520.0,0.0001
2025-07-13 08:00:00+00:00,0.1717,0.1719,0.1694,0.1706,447109.5,0.0001
2025-07-13 12:00:00+00:00,0.1706,0.1731,0.1701,0.1719,497902.9,0.0001
2025-07-13 16:00:00+00:00,0.1719,0.1734,0.1707,0.1726,411061.8,0.0001
2025-07-13 20:00:00+00:00,0.1726,0.1733,0.1709,0.1731,550502.1,0.0001
2025-07-14 00:00:00+00:00,0.1731,0.1765,0.1714,0.1753,921302.8,0.0001
2025-07-14 04:00:00+00:00,0.1753,0.1777,0.1744,0.1764,758259.6,0.0001
2025-07-14 08:00:00+00:00,0.1764,0.1767,0.1737,0.1749,720785.2,0.0001
2025-07-14 12:00:00+00:00,0.1749,0.1752,0.1699,0.1708,1027538.6,0.0001
2025-07-14 16:00:00+00:00,0.1708,0.172,0.1688,0.1696,572331.1,0.0001
2025-07-14 20:00:00+00:00,0.1696,0.1709,0.168,0.1707,428105.5,0.0001
2025-07-15 00:00:00+00:00,0.1707,0.1707,0.1657,0.1664,1378757.9,0.0001
2025-07-15 04:00:00+00:00,0.1664,0.1687,0.1654,0.1669,946283.7,0.0001
2025-07-15 08:00:00+00:00,0.1669,0.1675,0.1656,0.1672,822007.4,0.0001
2025-07-15 12:00:00+00:00,0.1672,0.1693,0.1659,0.168,1218473.6,0.0001
2025-07-15 16:00:00+00:00,0.168,0.1713,0.168,0.1692,489157.7,0.0001
2025-07-15 20:00:00+00:00,0.1692,0.1735,0.1689,0.1727,663081.4,0.0001
2025-07-16 00:00:00+00:00,0.1727,0.1734,0.169,0.1698,2717318.6,0.0001
2025-07-16 04:00:00+00:00,0.1698,0.1719,0.1691,0.1714,492631.6,0.0001
2025-07-16 08:00:00+00:00,0.1714,0.1725,0.1709,0.1712,684732.3,0.0001
2025-07-16 12:00:00+00:00,0.1712,0.1736,0.171,0.1719,893756.3,0.0001
2025-07-16 16:00:00+00:00,0.1719,0.175,0.1719,0.1735,544720.9,0.0001
2025-07-16 20:00:00+00:00,0.1735,0.1753,0.1728,0.1735,534658.4,0.0001
2025-07-17 00:00:00+00:00,0.1735,0.1754,0.1706,0.1713,692673.1,0.0001
2025-07-17 04:00:00+00:00,0.1713,0.1737,0.1711,0.1727,1168250.0,0.0001
2025-07-17 08:00:00+00:00,0.1727,0.1756,0.1726,0.1747,818175.3,0.0001
2025-07-17 12:00:00+00:00,0.1747,0.1757,0.1728,0.1738,901731.4,0.0001
2025-07-17 16:00:00+00:00,0.1738,0.1739,0.171,0.1715,716459.6,0.0001
2025-07-17 20:00:00+00:00,0.1715,0.1742,0.1695,0.1733,1133132.6,0.0001
2025-07-18 00:00:00+00:00,0.1733,0.1766,0.1726,0.1764,705137.9,0.0001
2025-07-18 04:00:00+00:00,0.1764,0.1805,0.1759,0.1764,4376295.0,0.0001
2025-07-18 08:00:00+00:00,0.1764,0.1786,0.1755,0.1765,1155079.8,0.0001
2025-07-18 12:00:00+00:00,0.1765,0.1787,0.1724,0.1739,1783611.4,0.0001
2025-07-18 16:00:00+00:00,0.1739,0.1752,0.1724,0.1738,533150.0,0.0001
2025-07-18 20:00:00+00:00,0.1738,0.1739,0.1698,0.1732,844641.5,0.0001
2025-07-19 00:00:00+00:00,0.1732,0.1745,0.1712,0.1744,537792.6,0.0001
2025-07-19 04:00:00+00:00,0.1744,0.1751,0.1733,0.1733,440576.9,0.0001
2025-07-19 08:00:00+00:00,0.1733,0.1737,0.172,0.1721,447183.9,0.0001
2025-07-19 12:00:00+00:00,0.1721,0.1726,0.1701,0.1709,370400.0,0.0001
2025-07-19 16:00:00+00:00,0.1709,0.1739,0.1703,0.1736,271085.2,0.0001
2025-07-19 20:00:00+00:00,0.1736,0.1744,0.1725,0.1743,218621.3,0.0001
2025-07-20 00:00:00+00:00,0.1743,0.1755,0.1735,0.1749,482414.2,0.0001
2025-07-20 04:00:00+00:00,0.1749,0.1766,0.1747,0.1762,284904.6,0.0001
2025-07-20 08:00:00+00:00,0.1762,0.1781,0.1761,0.1774,595988.6,0.0001
2025-07-20 12:00:00+00:00,0.1774,0.1796,0.1771,0.1792,957090.7,0.0001
2025-07-20 16:00:00+00:00,0.1792,0.1814,0.1789,0.1803,1042987.1,0.00010469
2025-07-20 20:00:00+00:00,0.1803,0.1812,0.1771,0.1811,960072.5,0.00010469
2025-07-21 00:00:00+00:00,0.1811,0.1837,0.1773,0.1837,978042.1,0.0001
2025-07-21 04:00:00+00:00,0.1837,0.1849,0.1829,0.184,592533.8,0.0001
2025-07-21 08:00:00+00:00,0.184,0.1882,0.183,0.1866,1176741.2,0.0001
2025-07-21 12:00:00+00:00,0.1866,0.1887,0.1851,0.187,999768.2,0.0001
2025-07-21 16:00:00+00:00,0.187,0.1872,0.1821,0.1825,1217079.4,0.0001
2025-07-21 20:00:00+00:00,0.1825,0.1856,0.1823,0.1847,386149.9,0.0001
2025-07-22 00:00:00+00:00,0.1847,0.185,0.1802,0.1815,1318360.0,0.0001
2025-07-22 04:00:00+00:00,0.1815,0.1823,0.1783,0.1806,1450971.6,0.0001
2025-07-22 08:00:00+00:00,0.1806,0.1828,0.178,0.1822,842202.6,0.0001
2025-07-22 12:00:00+00:00,0.1822,0.1833,0.1783,0.183,1216547.4,0.0001
2025-07-22 16:00:00+00:00,0.183,0.1842,0.1808,0.1813,511402.0,0.0001
2025-07-22 20:00:00+00:00,0.1813,0.1858,0.1811,0.1855,344600.5,0.0001
2025-07-23 00:00:00+00:00,0.1855,0.1855,0.1825,0.1833,439587.2,0.0001
2025-07-23 04:00:00+00:00,0.1833,0.1849,0.1829,0.1835,489960.1,0.0001
2025-07-23 08:00:00+00:00,0.1835,0.1847,0.1817,0.1847,659623.0,0.0002599
2025-07-23 12:00:00+00:00,0.1847,0.1855,0.1762,0.1794,3034888.6,0.0002599
2025-07-23 16:00:00+00:00,0.1794,0.1795,0.1745,0.1754,961892.5,0.0001
2025-07-23 20:00:00+00:00,0.1754,0.1764,0.1714,0.1752,670385.7,0.0001
2025-07-24 00:00:00+00:00,0.1752,0.1764,0.1743,0.1744,495809.5,0.0001
2025-07-24 04:00:00+00:00,0.1744,0.1747,0.1646,0.168,2218423.2,0.0001
2025-07-24 08:00:00+00:00,0.168,0.1715,0.1673,0.1713,605842.0,0.0001
2025-07-24 12:00:00+00:00,0.1713,0.1731,0.1683,0.1717,886884.1,0.0001
2025-07-24 16:00:00+00:00,0.1717,0.1728,0.1694,0.1715,247279.4,0.0001
2025-07-24 20:00:00+00:00,0.1715,0.1732,0.1704,0.171,543220.3,0.0001
2025-07-25 00:00:00+00:00,0.171,0.1713,0.1666,0.168,704464.7,0.0001
2025-07-25 04:00:00+00:00,0.168,0.1705,0.1667,0.1692,873143.9,0.0001
2025-07-25 08:00:00+00:00,0.1692,0.1721,0.1688,0.1718,291841.3,0.0001
2025-07-25 12:00:00+00:00,0.1718,0.1721,0.1671,0.169,1074510.4,0.0001
2025-07-25 16:00:00+00:00,0.169,0.1708,0.1683,0.1703,1998548.0,0.0001
2025-07-25 20:00:00+00:00,0.1703,0.1763,0.1703,0.1759,1876534.8,0.0001
2025-07-26 00:00:00+00:00,0.1759,0.1768,0.1752,0.1763,691487.1,0.0001
2025-07-26 04:00:00+00:00,0.1763,0.1763,0.1753,0.1757,426819.1,0.0001
2025-07-26 08:00:00+00:00,0.1757,0.1763,0.1752,0.1754,517101.7,8.231e-05
2025-07-26 12:00:00+00:00,0.1754,0.177,0.1752,0.1764,413049.1,8.231e-05
2025-07-26 16:00:00+00:00,0.1764,0.1773,0.1753,0.1772,405478.9,0.0001
2025-07-26 20:00:00+00:00,0.1772,0.1774,0.1757,0.1757,301860.0,0.0001
2025-07-27 00:00:00+00:00,0.1757,0.1769,0.1752,0.1758,438059.4,0.0001
2025-07-27 04:00:00+00:00,0.1758,0.1773,0.1758,0.1768,366739.2,0.0001
2025-07-27 08:00:00+00:00,0.1768,0.1777,0.1758,0.1769,514572.9,0.0001
2025-07-27 12:00:00+00:00,0.1769,0.1789,0.1761,0.1777,861955.7,0.0001
2025-07-27 16:00:00+00:00,0.1777,0.1794,0.1777,0.1783,320017.3,0.0001
2025-07-27 20:00:00+00:00,0.1783,0.1797,0.1782,0.1791,187918.6,0.0001
2025-07-28 00:00:00+00:00,0.1791,0.1807,0.1781,0.1801,680153.0,0.0001
2025-07-28 04:00:00+00:00,0.1801,0.1812,0.1788,0.1798,921179.7,0.0001
2025-07-28 08:00:00+00:00,0.1798,0.1804,0.178,0.1786,1660729.9,0.0001
2025-07-28 12:00:00+00:00,0.1786,0.179,0.1716,0.1728,1878548.2,0.0001
2025-07-28 16:00:00+00:00,0.1728,0.1731,0.1691,0.1699,552099.5,0.0001
2025-07-28 20:00:00+00:00,0.1699,0.17,0.1667,0.1678,836828.2,0.0001
2025-07-29 00:00:00+00:00,0.1678,0.1685,0.1651,0.1681,776233.8,0.0001
2025-07-29 04:00:00+00:00,0.1681,0.1715,0.1677,0.1714,658564.2,0.0001
2025-07-29 08:00:00+00:00,0.1714,0.1714,0.1681,0.1684,402206.9,0.0001
2025-07-29 12:00:00+00:00,0.1684,0.1697,0.1649,0.1656,570156.2,0.0001
2025-07-29 16:00:00+00:00,0.1656,0.1666,0.1643,0.1648,426967.1,0.0001
2025-07-29 20:00:00+00:00,0.1648,0.1663,0.1636,0.1659,404105.1,0.0001
2025-07-30 00:00:00+00:00,0.1659,0.1663,0.1637,0.1656,347205.5,0.0001
2025-07-30 04:00:00+00:00,0.1656,0.1658,0.1642,0.1645,344286.0,0.0001
2025-07-30 08:00:00+00:00,0.1645,0.1654,0.1607,0.1614,739931.7,0.0001
2025-07-30 12:00:00+00:00,0.1614,0.1642,0.1604,0.1634,963528.2,0.0001
2025-07-30 16:00:00+00:00,0.1634,0.1653,0.16,0.1639,3550308.8,0.0001
2025-07-30 20:00:00+00:00,0.1639,0.1651,0.1627,0.1651,1252766.6,0.0001
2025-07-31 00:00:00+00:00,0.1651,0.1679,0.1651,0.1673,1317795.2,0.0001
2025-07-31 04:00:00+00:00,0.1673,0.1685,0.1672,0.1683,268350.9,0.0001
2025-07-31 08:00:00+00:00,0.1683,0.1687,0.1662,0.1664,186996.0,0.0001
2025-07-31 12:00:00+00:00,0.1664,0.1668,0.1625,0.1638,528316.4,0.0001
2025-07-31 16:00:00+00:00,0.1638,0.166,0.1621,0.1629,1441996.1,0.0001
2025-07-31 20:00:00+00:00,0.1629,0.1633,0.1589,0.1595,1542301.8,0.0001
2025-08-01 00:00:00+00:00,0.1595,0.1611,0.1575,0.1605,1980346.0,0.0001
2025-08-01 04:00:00+00:00,0.1605,0.1605,0.1574,0.1581,470065.2,0.0001
2025-08-01 08:00:00+00:00,0.1581,0.1586,0.156,0.1585,492724.0,0.0001
2025-08-01 12:00:00+00:00,0.1585,0.16,0.1568,0.1586,767324.6,0.0001
2025-08-01 16:00:00+00:00,0.1586,0.1593,0.1557,0.157,1169232.9,0.0001
2025-08-01 20:00:00+00:00,0.157,0.1573,0.1518,0.1546,1275278.1,0.0001
2025-08-02 00:00:00+00:00,0.1546,0.1558,0.1539,0.1555,481996.4,0.0001
2025-08-02 04:00:00+00:00,0.1555,0.1561,0.1523,0.1554,229830.6,0.0001
2025-08-02 08:00:00+00:00,0.1554,0.1554,0.1524,0.1544,817046.6,0.0001
2025-08-02 12:00:00+00:00,0.1544,0.1544,0.1507,0.151,417588.2,0.0001
2025-08-02 16:00:00+00:00,0.151,0.1519,0.1488,0.1505,540490.1,0.0001
2025-08-02 20:00:00+00:00,0.1505,0.1517,0.1501,0.1515,219574.6,0.0001
2025-08-03 00:00:00+00:00,0.1515,0.1534,0.1506,0.153,363959.3,0.0001
2025-08-03 04:00:00+00:00,0.153,0.1537,0.1525,0.1533,411306.3,0.0001
2025-08-03 08:00:00+00:00,0.1533,0.1537,0.1524,0.1529,251188.0,0.0001
2025-08-03 12:00:00+00:00,0.1529,0.1538,0.1528,0.1534,142288.6,0.0001
2025-08-03 16:00:00+00:00,0.1534,0.1542,0.153,0.1536,124554.3,0.0001
2025-08-03 20:00:00+00:00,0.1536,0.1542,0.1531,0.1536,126920.9,0.0001
2025-08-04 00:00:00+00:00,0.1536,0.1555,0.1536,0.1539,312464.3,0.0001
2025-08-04 04:00:00+00:00,0.1539,0.1549,0.1532,0.1546,542172.6,0.0001
2025-08-04 08:00:00+00:00,0.1546,0.1548,0.1536,0.1539,141858.3,0.0001
2025-08-04 12:00:00+00:00,0.1539,0.1559,0.1529,0.1539,1722827.4,0.0001
2025-08-04 16:00:00+00:00,0.1539,0.1561,0.1539,0.1546,1933840.8,0.0001
2025-08-04 20:00:00+00:00,0.1546,0.1569,0.1545,0.1566,841118.5,0.0001
2025-08-05 00:00:00+00:00,0.1566,0.157,0.1549,0.1549,914891.8,0.0001
2025-08-05 04:00:00+00:00,0.1549,0.1554,0.1525,0.1527,554969.0,0.0001
2025-08-05 08:00:00+00:00,0.1527,0.1574,0.1524,0.1573,650350.7,0.0001
2025-08-05 12:00:00+00:00,0.1573,0.1575,0.1517,0.1523,2012019.4,0.0001
2025-08-05 16:00:00+00:00,0.1523,0.1529,0.1506,0.1511,824592.7,9.464e-05
2025-08-05 20:00:00+00:00,0.1511,0.1536,0.1498,0.1534,570495.3,9.464e-05
2025-08-06 00:00:00+00:00,0.1534,0.1546,0.151,0.1513,790195.3,6.439e-05
2025-08-06 04:00:00+00:00,0.1513,0.1551,0.1509,0.1546,1708317.2,6.439e-05
2025-08-06 08:00:00+00:00,0.1546,0.1552,0.153,0.1541,1256548.2,0.0001
2025-08-06 12:00:00+00:00,0.1541,0.1559,0.1527,0.1558,1394198.4,0.0001
2025-08-06 16:00:00+00:00,0.1558,0.1561,0.1549,0.1552,452774.6,9.53e-05
2025-08-06 20:00:00+00:00,0.1552,0.1556,0.1542,0.1556,372963.9,9.53e-05
2025-08-07 00:00:00+00:00,0.1556,0.1562,0.1548,0.1549,253289.2,-5.28e-06
2025-08-07 04:00:00+00:00,0.1549,0.1561,0.1547,0.1559,213072.6,-5.28e-06
2025-08-07 08:00:00+00:00,0.1559,0.1603,0.1556,0.16,3622061.4,0.0001
2025-08-07 12:00:00+00:00,0.16,0.1601,0.1581,0.1585,631328.3,0.0001
2025-08-07 16:00:00+00:00,0.1585,0.1588,0.1565,0.1582,1068335.6,-7.161e-05
2025-08-07 20:00:00+00:00,0.1582,0.1603,0.1582,0.1602,847212.9,-7.161e-05
2025-08-08 00:00:00+00:00,0.1602,0.1612,0.1589,0.1599,592745.0,-5.504e-05
2025-08-08 04:00:00+00:00,0.1599,0.1614,0.1595,0.1613,623420.6,-5.504e-05
2025-08-08 08:00:00+00:00,0.1613,0.1619,0.16,0.161,364661.3,-7.992e-05
2025-08-08 12:00:00+00:00,0.161,0.1619,0.1584,0.159,635690.4,-7.992e-05
2025-08-08 16:00:00+00:00,0.159,0.1617,0.159,0.1611,352296.9,0.0001
2025-08-08 20:00:00+00:00,0.1611,0.1614,0.1605,0.1609,288171.0,0.0001
2025-08-09 00:00:00+00:00,0.1609,0.1621,0.1609,0.162,204532.6,0.0001
2025-08-09 04:00:00+00:00,0.162,0.1645,0.1615,0.1643,803850.4,0.0001
2025-08-09 08:00:00+00:00,0.1643,0.1645,0.1634,0.1641,1515603.3,0.0001
2025-08-09 12:00:00+00:00,0.1641,0.1656,0.1614,0.1641,2151632.4,0.0001
2025-08-09 16:00:00+00:00,0.1641,0.1676,0.1638,0.1666,1126958.4,0.0001
2025-08-09 20:00:00+00:00,0.1666,0.168,0.1655,0.1658,1076656.2,0.0001
2025-08-10 00:00:00+00:00,0.1658,0.167,0.1649,0.167,812904.9,0.0001
2025-08-10 04:00:00+00:00,0.167,0.1675,0.1626,0.1629,590752.1,0.0001
2025-08-10 08:00:00+00:00,0.1629,0.1644,0.1618,0.1621,1118154.2,0.0001
2025-08-10 12:00:00+00:00,0.1621,0.1641,0.1618,0.1638,808638.2,0.0001
2025-08-10 16:00:00+00:00,0.1638,0.1988,0.1631,0.1831,67366974.4,0.0001
2025-08-10 20:00:00+00:00,0.1831,0.1863,0.1743,0.1807,17538014.4,0.0001
2025-08-11 00:00:00+00:00,0.1807,0.1982,0.1756,0.1958,34004519.0,-0.00012047
2025-08-11 04:00:00+00:00,0.1958,0.2086,0.1913,0.1948,36752403.5,-0.00012047
2025-08-11 08:00:00+00:00,0.1948,0.2009,0.1906,0.191,23949933.7,0.0001
2025-08-11 12:00:00+00:00,0.191,0.1944,0.1829,0.1851,39864851.9,0.0001
2025-08-11 16:00:00+00:00,0.1851,0.1899,0.1848,0.1882,15899895.5,-0.00012191
2025-08-11 20:00:00+00:00,0.1882,0.195,0.1863,0.191,10115421.5,-0.00012191
2025-08-12 00:00:00+00:00,0.191,0.1931,0.1837,0.1837,9698217.4,0.0001
2025-08-12 04:00:00+00:00,0.1837,0.1848,0.1812,0.1827,5188422.9,0.0001
2025-08-12 08:00:00+00:00,0.1827,0.1828,0.1787,0.1799,6330785.5,0.0001
2025-08-12 12:00:00+00:00,0.1799,0.1897,0.179,0.1894,6398782.4,0.0001
2025-08-12 16:00:00+00:00,0.1894,0.1926,0.1874,0.1913,7880294.2,0.0001
2025-08-12 20:00:00+00:00,0.1913,0.1929,0.1873,0.1884,4306346.9,0.0001
2025-08-13 00:00:00+00:00,0.1884,0.1902,0.1856,0.1896,3954526.8,0.0001
2025-08-13 04:00:00+00:00,0.1896,0.1909,0.1878,0.1898,3113639.6,0.0001
2025-08-13 08:00:00+00:00,0.1898,0.1951,0.1895,0.194,3556959.3,0.0001
2025-08-13 12:00:00+00:00,0.194,0.1947,0.1881,0.1896,4180554.3,0.0001
2025-08-13 16:00:00+00:00,0.1896,0.1916,0.1884,0.1908,2415391.5,0.0001
2025-08-13 20:00:00+00:00,0.1908,0.1933,0.1901,0.1918,1638095.3,0.0001
2025-08-14 00:00:00+00:00,0.1918,0.192,0.1874,0.1907,3249267.4,0.0001
2025-08-14 04:00:00+00:00,0.1907,0.1909,0.185,0.1859,2555158.4,0.0001
2025-08-14 08:00:00+00:00,0.1859,0.186,0.1823,0.183,2945486.0,0.0001
2025-08-14 12:00:00+00:00,0.183,0.1837,0.1731,0.1753,10740939.0,0.0001
2025-08-14 16:00:00+00:00,0.1753,0.1756,0.1724,0.1742,2160994.7,0.0001
2025-08-14 20:00:00+00:00,0.1742,0.1749,0.1703,0.1742,1730694.7,0.0001
2025-08-15 00:00:00+00:00,0.1742,0.1765,0.173,0.1763,1709142.1,0.0001
2025-08-15 04:00:00+00:00,0.1763,0.1776,0.1757,0.1772,1272069.2,0.0001
2025-08-15 08:00:00+00:00,0.1772,0.1779,0.175,0.1754,1655487.2,0.0001
2025-08-15 12:00:00+00:00,0.1754,0.1766,0.1676,0.1682,4474573.4,0.0001
2025-08-15 16:00:00+00:00,0.1682,0.171,0.1675,0.1692,2093316.6,0.0001
2025-08-15 20:00:00+00:00,0.1692,0.1731,0.1688,0.1721,1154220.4,0.0001
2025-08-16 00:00:00+00:00,0.1721,0.1732,0.1718,0.1724,958141.9,0.0001
2025-08-16 04:00:00+00:00,0.1724,0.1734,0.1721,0.1731,851309.9,0.0001
2025-08-16 08:00:00+00:00,0.1731,0.1731,0.1709,0.1718,683111.6,0.0001
2025-08-16 12:00:00+00:00,0.1718,0.1749,0.1715,0.174,1027638.5,0.0001
2025-08-16 16:00:00+00:00,0.174,0.1745,0.1732,0.1741,444088.7,0.0001
2025-08-16 20:00:00+00:00,0.1741,0.1745,0.1736,0.1741,425304.6,0.0001
2025-08-17 00:00:00+00:00,0.1741,0.1767,0.1734,0.1765,763979.4,0.0001
2025-08-17 04:00:00+00:00,0.1765,0.1779,0.1761,0.1773,904260.4,0.0001
2025-08-17 08:00:00+00:00,0.1773,0.1813,0.1772,0.1802,1852940.8,0.0001
2025-08-17 12:00:00+00:00,0.1802,0.1808,0.1786,0.1808,1112780.3,0.0001
2025-08-17 16:00:00+00:00,0.1808,0.1823,0.1781,0.1788,2614283.0,0.0001
2025-08-17 20:00:00+00:00,0.1788,0.1806,0.1785,0.1791,1085488.4,0.0001
2025-08-18 00:00:00+00:00,0.1791,0.1791,0.1716,0.1723,2363997.1,0.0001
2025-08-18 04:00:00+00:00,0.1723,0.1742,0.1699,0.1706,1565755.2,0.0001
2025-08-18 08:00:00+00:00,0.1706,0.1739,0.1698,0.1734,1994110.9,0.0001
2025-08-18 12:00:00+00:00,0.1734,0.1757,0.173,0.1749,1851048.7,0.0001
2025-08-18 16:00:00+00:00,0.1749,0.1761,0.1733,0.1735,934633.6,0.0001
2025-08-18 20:00:00+00:00,0.1735,0.1757,0.1725,0.1729,728039.0,0.0001
2025-08-19 00:00:00+00:00,0.1729,0.1736,0.1685,0.1688,2246558.4,0.0001
2025-08-19 04:00:00+00:00,0.1688,0.1697,0.1665,0.1676,1154381.6,0.0001
2025-08-19 08:00:00+00:00,0.1676,0.1711,0.1667,0.1709,2138333.5,0.0001
2025-08-19 12:00:00+00:00,0.1709,0.1713,0.1656,0.1663,2989843.2,0.0001
2025-08-19 16:00:00+00:00,0.1663,0.1665,0.1636,0.1646,2179478.9,0.0001
2025-08-19 20:00:00+00:00,0.1646,0.1654,0.163,0.1634,765987.8,0.0001
2025-08-20 00:00:00+00:00,0.1634,0.1665,0.1625,0.1657,1765160.9,-3.977e-05
2025-08-20 04:00:00+00:00,0.1657,0.1677,0.1656,0.1666,1209836.9,-3.977e-05
2025-08-20 08:00:00+00:00,0.1666,0.1683,0.1654,0.1669,717759.9,0.0001
2025-08-20 12:00:00+00:00,0.1669,0.169,0.1635,0.1675,2224028.4,0.0001
2025-08-20 16:00:00+00:00,0.1675,0.1867,0.1675,0.1773,67656860.1,0.0001
2025-08-20 20:00:00+00:00,0.1773,0.1785,0.1743,0.1745,4478008.6,0.0001
2025-08-21 00:00:00+00:00,0.1745,0.1754,0.1725,0.1737,2906569.3,0.0001
2025-08-21 04:00:00+00:00,0.1737,0.1744,0.1716,0.1724,2025967.6,0.0001
2025-08-21 08:00:00+00:00,0.1724,0.1727,0.1699,0.1704,3489389.6,0.0001
2025-08-21 12:00:00+00:00,0.1704,0.1712,0.1687,0.1694,1718054.1,0.0001
2025-08-21 16:00:00+00:00,0.1694,0.1708,0.1682,0.1696,1568713.0,1.921e-05
2025-08-21 20:00:00+00:00,0.1696,0.1712,0.1686,0.1692,966867.0,1.921e-05
2025-08-22 00:00:00+00:00,0.1692,0.1713,0.168,0.1706,2764816.2,-0.0001748
2025-08-22 04:00:00+00:00,0.1706,0.1719,0.1696,0.1715,3205483.0,-0.0001748
2025-08-22 08:00:00+00:00,0.1715,0.1722,0.1671,0.1671,1752613.8,-0.00037644
2025-08-22 12:00:00+00:00,0.1671,0.1754,0.1652,0.1744,7501376.9,-0.00037644
2025-08-22 16:00:00+00:00,0.1744,0.1802,0.1744,0.1797,3502637.0,0.0001
2025-08-22 20:00:00+00:00,0.1797,0.1834,0.1795,0.1814,5900085.3,0.0001
2025-08-23 00:00:00+00:00,0.1814,0.1814,0.1763,0.1769,1596838.3,0.0001
2025-08-23 04:00:00+00:00,0.1769,0.1815,0.1768,0.1808,2841742.8,0.0001
2025-08-23 08:00:00+00:00,0.1808,0.1816,0.1781,0.1784,996030.9,0.0001
2025-08-23 12:00:00+00:00,0.1784,0.1794,0.1773,0.1782,1207652.9,0.0001
2025-08-23 16:00:00+00:00,0.1782,0.1794,0.1774,0.1793,1255268.4,0.0001
2025-08-23 20:00:00+00:00,0.1793,0.18,0.1779,0.1793,637134.2,0.0001
2025-08-24 00:00:00+00:00,0.1793,0.1839,0.1781,0.1793,7147025.5,0.0001
2025-08-24 04:00:00+00:00,0.1793,0.1926,0.179,0.1836,26426457.0,0.0001
2025-08-24 08:00:00+00:00,0.1836,0.1837,0.1753,0.1761,8855231.4,-4e-07
2025-08-24 12:00:00+00:00,0.1761,0.179,0.1753,0.1778,2932596.2,-4e-07
2025-08-24 16:00:00+00:00,0.1778,0.1841,0.1764,0.1802,6575350.0,0.0001
2025-08-24 20:00:00+00:00,0.1802,0.1825,0.1764,0.1812,6777798.6,0.0001
2025-08-25 00:00:00+00:00,0.1812,0.1817,0.1762,0.179,3528596.0,0.0001
2025-08-25 04:00:00+00:00,0.179,0.1794,0.1713,0.1717,6192172.7,0.0001
2025-08-25 08:00:00+00:00,0.1717,0.1722,0.169,0.1708,3552150.9,-0.00017073
2025-08-25 12:00:00+00:00,0.1708,0.1724,0.1688,0.1702,2657466.5,-0.00017073
2025-08-25 16:00:00+00:00,0.1702,0.171,0.1647,0.1649,3422718.0,0.0001
2025-08-25 20:00:00+00:00,0.1649,0.1657,0.1606,0.163,6852816.3,0.0001
2025-08-26 00:00:00+00:00,0.163,0.1653,0.1613,0.1623,3348144.5,-0.00030387
2025-08-26 04:00:00+00:00,0.1623,0.1665,0.1618,0.1661,4134616.1,-0.00030387
2025-08-26 08:00:00+00:00,0.1661,0.167,0.1642,0.1649,1730530.3,0.0001
2025-08-26 12:00:00+00:00,0.1649,0.1684,0.1642,0.1663,4130348.1,0.0001
2025-08-26 16:00:00+00:00,0.1663,0.1694,0.1653,0.1691,1619672.5,0.0001
2025-08-26 20:00:00+00:00,0.1691,0.1704,0.1685,0.1686,1099573.4,0.0001
2025-08-27 00:00:00+00:00,0.1686,0.169,0.1659,0.1686,1171407.7,0.0001
2025-08-27 04:00:00+00:00,0.1686,0.17,0.1668,0.1672,830800.2,0.0001
2025-08-27 08:00:00+00:00,0.1672,0.1695,0.1666,0.1695,893988.0,0.0001
2025-08-27 12:00:00+00:00,0.1695,0.1701,0.1668,0.1697,1375273.0,0.0001
2025-08-27 16:00:00+00:00,0.1697,0.1713,0.168,0.1688,1025939.8,0.0001
2025-08-27 20:00:00+00:00,0.1688,0.1706,0.1662,0.1666,2361106.5,0.0001
2025-08-28 00:00:00+00:00,0.1666,0.1693,0.165,0.169,1508511.2,0.0001
2025-08-28 04:00:00+00:00,0.169,0.1714,0.1685,0.1708,1125302.5,0.0001
2025-08-28 08:00:00+00:00,0.1708,0.1721,0.1691,0.1705,566539.6,0.0001
2025-08-28 12:00:00+00:00,0.1705,0.1751,0.1699,0.1711,4803435.4,0.0001
2025-08-28 16:00:00+00:00,0.1711,0.1725,0.1683,0.1684,1590286.9,0.0001
2025-08-28 20:00:00+00:00,0.1684,0.1739,0.1679,0.1739,1127775.6,0.0001
2025-08-29 00:00:00+00:00,0.1739,0.1742,0.1707,0.1725,654935.9,0.0001
2025-08-29 04:00:00+00:00,0.1725,0.1949,0.1722,0.1767,72085196.2,0.0001
2025-08-29 08:00:00+00:00,0.1767,0.1786,0.1701,0.1713,11295287.3,-0.00151624
2025-08-29 12:00:00+00:00,0.1713,0.1754,0.1692,0.1696,12954312.3,-0.00151624
2025-08-29 16:00:00+00:00,0.1696,0.1705,0.1657,0.1679,3644495.0,-0.00043152
2025-08-29 20:00:00+00:00,0.1679,0.1694,0.1658,0.1688,2761956.8,-0.00043152
2025-08-30 00:00:00+00:00,0.1688,0.169,0.1637,0.1681,4874102.9,-0.00035503
2025-08-30 04:00:00+00:00,0.1681,0.1698,0.1673,0.1696,1706126.6,-0.00035503
2025-08-30 08:00:00+00:00,0.1696,0.1697,0.1674,0.1687,1675077.1,0.0001
2025-08-30 12:00:00+00:00,0.1687,0.1687,0.1656,0.1685,1349183.7,0.0001
2025-08-30 16:00:00+00:00,0.1685,0.1686,0.166,0.1671,1502652.2,0.0001
2025-08-30 20:00:00+00:00,0.1671,0.1685,0.1662,0.1684,950087.2,0.0001
2025-08-31 00:00:00+00:00,0.1684,0.1706,0.1682,0.1695,1262417.2,0.0001
2025-08-31 04:00:00+00:00,0.1695,0.1695,0.1663,0.1667,1247144.0,0.0001
2025-08-31 08:00:00+00:00,0.1667,0.1681,0.1654,0.1661,858039.1,-0.00022568
2025-08-31 12:00:00+00:00,0.1661,0.1667,0.1646,0.1665,716742.4,-0.00022568
2025-08-31 16:00:00+00:00,0.1665,0.1672,0.1654,0.1658,791967.2,-0.00033976
2025-08-31 20:00:00+00:00,0.1658,0.1663,0.1626,0.1628,1076355.7,-0.00033976
2025-09-01 00:00:00+00:00,0.1628,0.1628,0.1589,0.16,2255818.7,0.0001
2025-09-01 04:00:00+00:00,0.16,0.1637,0.1582,0.1637,1262253.6,0.0001
2025-09-01 08:00:00+00:00,0.1637,0.1652,0.1604,0.1605,2740107.1,-0.00026977
2025-09-01 12:00:00+00:00,0.1605,0.1621,0.1581,0.1584,2215165.6,-0.00026977
2025-09-01 16:00:00+00:00,0.1584,0.1597,0.1574,0.1593,1157554.8,9.027e-05
2025-09-01 20:00:00+00:00,0.1593,0.1594,0.1539,0.1575,2369059.0,9.027e-05
2025-09-02 00:00:00+00:00,0.1575,0.1605,0.1569,0.1602,1229125.0,-0.0002539
2025-09-02 04:00:00+00:00,0.1602,0.1613,0.1596,0.1599,1484149.0,-0.0002539
2025-09-02 08:00:00+00:00,0.1599,0.1626,0.1596,0.1608,2808347.5,0.0001
2025-09-02 12:00:00+00:00,0.1608,0.1629,0.1578,0.1588,7100427.5,0.0001
2025-09-02 16:00:00+00:00,0.1588,0.1608,0.1587,0.1598,4350323.3,0.0001
2025-09-02 20:00:00+00:00,0.1598,0.1621,0.1594,0.1617,3549651.8,0.0001
2025-09-03 00:00:00+00:00,0.1617,0.1623,0.1605,0.1615,2771262.2,0.0001
2025-09-03 04:00:00+00:00,0.1615,0.1616,0.1598,0.1605,963277.8,0.0001
2025-09-03 08:00:00+00:00,0.1605,0.162,0.1599,0.1616,1440743.0,0.0001
2025-09-03 12:00:00+00:00,0.1616,0.1638,0.1614,0.1633,971743.6,0.0001
2025-09-03 16:00:00+00:00,0.1633,0.164,0.1623,0.1637,732722.7,0.0001
2025-09-03 20:00:00+00:00,0.1637,0.1642,0.1633,0.1635,284259.8,0.0001
2025-09-04 00:00:00+00:00,0.1635,0.1639,0.1607,0.1608,680833.5,0.0001
2025-09-04 04:00:00+00:00,0.1608,0.161,0.1582,0.1591,657377.4,0.0001
2025-09-04 08:00:00+00:00,0.1591,0.1602,0.1589,0.1595,509021.8,0.0001
2025-09-04 12:00:00+00:00,0.1595,0.1608,0.1568,0.1571,1156202.8,0.0001
2025-09-04 16:00:00+00:00,0.1571,0.1579,0.1554,0.1556,908038.4,0.0001
2025-09-04 20:00:00+00:00,0.1556,0.1581,0.1554,0.1563,610597.9,0.0001
2025-09-05 00:00:00+00:00,0.1563,0.1579,0.1561,0.1577,845127.3,0.0001
2025-09-05 04:00:00+00:00,0.1577,0.1605,0.1574,0.1603,729533.8,0.0001
2025-09-05 08:00:00+00:00,0.1603,0.1604,0.1584,0.1595,508979.0,0.0001
2025-09-05 12:00:00+00:00,0.1595,0.1618,0.1563,0.1574,2356169.8,0.0001
2025-09-05 16:00:00+00:00,0.1574,0.1585,0.1563,0.158,695076.8,0.0001
2025-09-05 20:00:00+00:00,0.158,0.1589,0.1573,0.1586,575518.0,0.0001
2025-09-06 00:00:00+00:00,0.1586,0.1596,0.1583,0.1584,210529.0,0.0001
2025-09-06 04:00:00+00:00,0.1584,0.1585,0.1566,0.157,310948.6,0.0001
2025-09-06 08:00:00+00:00,0.157,0.1573,0.1559,0.157,677941.9,0.0001
2025-09-06 12:00:00+00:00,0.157,0.1586,0.1564,0.1568,1516025.5,0.0001
2025-09-06 16:00:00+00:00,0.1568,0.1582,0.1566,0.1572,444031.8,0.0001
2025-09-06 20:00:00+00:00,0.1572,0.1586,0.1572,0.1581,329760.2,0.0001
2025-09-07 00:00:00+00:00,0.1581,0.1598,0.1578,0.1598,636647.4,0.0001
2025-09-07 04:00:00+00:00,0.1598,0.1619,0.1598,0.1604,808678.6,0.0001
2025-09-07 08:00:00+00:00,0.1604,0.162,0.1604,0.162,568322.3,0.0001
2025-09-07 12:00:00+00:00,0.162,0.1626,0.161,0.1611,1052626.0,0.0001
2025-09-07 16:00:00+00:00,0.1611,0.1615,0.1596,0.1603,521608.4,0.0001
2025-09-07 20:00:00+00:00,0.1603,0.1631,0.1599,0.1622,405503.1,0.0001
2025-09-08 00:00:00+00:00,0.1622,0.167,0.1614,0.1662,1729175.1,0.0001
2025-09-08 04:00:00+00:00,0.1662,0.1665,0.1639,0.1642,1336151.6,0.0001
2025-09-08 08:00:00+00:00,0.1642,0.1697,0.1642,0.1681,1811699.2,0.0001
2025-09-08 12:00:00+00:00,0.1681,0.1709,0.1671,0.1706,936629.9,0.0001
2025-09-08 16:00:00+00:00,0.1706,0.1713,0.1686,0.169,744056.9,0.0001
2025-09-08 20:00:00+00:00,0.169,0.1706,0.1682,0.17,493506.1,0.0001
2025-09-09 00:00:00+00:00,0.17,0.1729,0.169,0.1728,1333854.7,0.0001
2025-09-09 04:00:00+00:00,0.1728,0.1759,0.1723,0.1748,808044.4,0.0001
2025-09-09 08:00:00+00:00,0.1748,0.1752,0.1723,0.1727,959961.0,0.0001
2025-09-09 12:00:00+00:00,0.1727,0.1736,0.1679,0.1687,1334701.0,0.0001
2025-09-09 16:00:00+00:00,0.1687,0.1702,0.1677,0.1697,593406.2,0.0001
2025-09-09 20:00:00+00:00,0.1697,0.1711,0.1689,0.1707,389452.1,0.0001
2025-09-10 00:00:00+00:00,0.1707,0.1725,0.1692,0.1721,699719.1,0.0001
2025-09-10 04:00:00+00:00,0.1721,0.1729,0.1709,0.1718,505538.7,0.0001
2025-09-10 08:00:00+00:00,0.1718,0.1725,0.1707,0.1712,456711.7,0.0001
2025-09-10 12:00:00+00:00,0.1712,0.1759,0.1712,0.1746,1300442.5,0.0001
2025-09-10 16:00:00+00:00,0.1746,0.1749,0.1711,0.1716,671894.6,0.0001
2025-09-10 20:00:00+00:00,0.1716,0.1741,0.1715,0.1737,236458.0,0.0001
2025-09-11 00:00:00+00:00,0.1737,0.175,0.1735,0.1749,572394.5,0.0001
2025-09-11 04:00:00+00:00,0.1749,0.1754,0.1735,0.1748,590643.4,0.0001
2025-09-11 08:00:00+00:00,0.1748,0.1753,0.1724,0.1725,490846.0,0.0001
2025-09-11 12:00:00+00:00,0.1725,0.1743,0.1708,0.1714,1793720.3,0.0001
2025-09-11 16:00:00+00:00,0.1714,0.1732,0.1712,0.1731,316998.1,0.0001
2025-09-11 20:00:00+00:00,0.1731,0.175,0.1725,0.1748,283321.8,0.0001
2025-09-12 00:00:00+00:00,0.1748,0.1763,0.1731,0.1736,622212.8,0.0001
2025-09-12 04:00:00+00:00,0.1736,0.1763,0.173,0.1751,537985.1,0.0001
2025-09-12 08:00:00+00:00,0.1751,0.1752,0.1711,0.1712,852257.2,0.0001
2025-09-12 12:00:00+00:00,0.1712,0.1722,0.1697,0.1704,1165686.4,0.0001
2025-09-12 16:00:00+00:00,0.1704,0.1736,0.1702,0.1736,626858.0,0.0001
2025-09-12 20:00:00+00:00,0.1736,0.1749,0.1727,0.1744,760041.7,0.0001
2025-09-13 00:00:00+00:00,0.1744,0.1762,0.174,0.1756,1146070.9,0.0001
2025-09-13 04:00:00+00:00,0.1756,0.1768,0.1741,0.1742,935946.8,0.0001
2025-09-13 08:00:00+00:00,0.1742,0.1793,0.1739,0.1792,924782.1,0.0001
2025-09-13 12:00:00+00:00,0.1792,0.1799,0.1752,0.1771,1381864.8,0.0001
2025-09-13 16:00:00+00:00,0.1771,0.1779,0.1735,0.1765,790872.4,0.0001
2025-09-13 20:00:00+00:00,0.1765,0.1804,0.1765,0.1792,493315.7,0.0001
2025-09-14 00:00:00+00:00,0.1792,0.1798,0.1761,0.1762,909938.3,0.0001
2025-09-14 04:00:00+00:00,0.1762,0.1772,0.1745,0.1762,626647.8,0.0001
2025-09-14 08:00:00+00:00,0.1762,0.1766,0.1726,0.1726,676964.5,0.0001
2025-09-14 12:00:00+00:00,0.1726,0.1733,0.1684,0.1697,2200086.1,0.0001
2025-09-14 16:00:00+00:00,0.1697,0.173,0.1693,0.1717,400008.2,0.0001
2025-09-14 20:00:00+00:00,0.1717,0.1733,0.1709,0.1713,272341.0,0.0001
2025-09-15 00:00:00+00:00,0.1713,0.173,0.1696,0.1729,389589.8,0.0001
2025-09-15 04:00:00+00:00,0.1729,0.1736,0.1683,0.1687,1041177.9,0.0001
2025-09-15 08:00:00+00:00,0.1687,0.1687,0.1641,0.1653,1978663.3,0.0001
2025-09-15 12:00:00+00:00,0.1653,0.1657,0.1613,0.1625,1612321.6,0.0001
2025-09-15 16:00:00+00:00,0.1625,0.1629,0.1607,0.1622,1158400.5,0.0001
2025-09-15 20:00:00+00:00,0.1622,0.1631,0.1618,0.1628,660267.4,0.0001
2025-09-16 00:00:00+00:00,0.1628,0.1631,0.1606,0.1608,644075.4,0.0001
2025-09-16 04:00:00+00:00,0.1608,0.1643,0.1593,0.1639,904307.5,0.0001
2025-09-16 08:00:00+00:00,0.1639,0.1648,0.1631,0.1634,742461.6,0.0001
2025-09-16 12:00:00+00:00,0.1634,0.1653,0.1617,0.1646,1312605.5,0.0001
2025-09-16 16:00:00+00:00,0.1646,0.1664,0.1637,0.1663,1263615.6,0.0001
2025-09-16 20:00:00+00:00,0.1663,0.1672,0.166,0.1661,424299.8,0.0001
2025-09-17 00:00:00+00:00,0.1661,0.1675,0.1654,0.1654,346857.9,0.0001
2025-09-17 04:00:00+00:00,0.1654,0.1668,0.1639,0.1663,636947.8,0.0001
2025-09-17 08:00:00+00:00,0.1663,0.1663,0.1628,0.1639,1129848.0,0.0001
2025-09-17 12:00:00+00:00,0.1639,0.165,0.1635,0.1636,949959.1,0.0001
2025-09-17 16:00:00+00:00,0.1636,0.1687,0.1622,0.1686,3028466.1,0.0001
2025-09-17 20:00:00+00:00,0.1686,0.1736,0.1668,0.1723,2140771.0,0.0001
2025-09-18 00:00:00+00:00,0.1723,0.1733,0.1713,0.1726,830419.1,0.0001
2025-09-18 04:00:00+00:00,0.1726,0.1735,0.1705,0.1718,497764.6,0.0001
2025-09-18 08:00:00+00:00,0.1718,0.1738,0.1716,0.1731,1152216.7,0.0001
2025-09-18 12:00:00+00:00,0.1731,0.1755,0.1725,0.1753,1838344.0,0.0001
2025-09-18 16:00:00+00:00,0.1753,0.18,0.1753,0.1799,783934.2,0.0001
2025-09-18 20:00:00+00:00,0.1799,0.1812,0.1776,0.1787,855905.0,0.0001
2025-09-19 00:00:00+00:00,0.1787,0.1808,0.1759,0.176,912275.0,0.0001
2025-09-19 04:00:00+00:00,0.176,0.177,0.1732,0.1735,1341163.1,0.0001
2025-09-19 08:00:00+00:00,0.1735,0.1747,0.1711,0.1715,813877.5,0.0001
2025-09-19 12:00:00+00:00,0.1715,0.1738,0.1701,0.1715,1064485.6,0.0001
2025-09-19 16:00:00+00:00,0.1715,0.1725,0.1696,0.1703,723757.7,0.0001
2025-09-19 20:00:00+00:00,0.1703,0.1716,0.1689,0.1702,533140.4,0.0001
2025-09-20 00:00:00+00:00,0.1702,0.1705,0.1684,0.1698,377617.7,0.0001
2025-09-20 04:00:00+00:00,0.1698,0.1731,0.1695,0.1721,784858.6,0.0001
2025-09-20 08:00:00+00:00,0.1721,0.1724,0.1701,0.1709,756719.3,0.0001
2025-09-20 12:00:00+00:00,0.1709,0.1739,0.1684,0.1733,2814555.5,0.0001
2025-09-20 16:00:00+00:00,0.1733,0.1746,0.1708,0.1724,1571301.6,0.0001
2025-09-20 20:00:00+00:00,0.1724,0.1769,0.1722,0.1752,1518885.3,0.0001
2025-09-21 00:00:00+00:00,0.1752,0.1763,0.1733,0.1742,447515.0,0.0001
2025-09-21 04:00:00+00:00,0.1742,0.1757,0.1735,0.1751,327056.6,0.0001
2025-09-21 08:00:00+00:00,0.1751,0.1757,0.1717,0.1728,1058911.8,0.0001
2025-09-21 12:00:00+00:00,0.1728,0.1744,0.1727,0.1734,355206.8,0.0001
2025-09-21 16:00:00+00:00,0.1734,0.1737,0.1714,0.1727,431355.6,0.0001
2025-09-21 20:00:00+00:00,0.1727,0.1732,0.1716,0.1717,263933.6,0.0001
2025-09-22 00:00:00+00:00,0.1717,0.1724,0.1649,0.166,1956390.5,0.0001
2025-09-22 04:00:00+00:00,0.166,0.1667,0.154,0.1585,5341601.9,0.0001
2025-09-22 08:00:00+00:00,0.1585,0.1596,0.157,0.1581,1225234.8,0.0001
2025-09-22 12:00:00+00:00,0.1581,0.1598,0.1561,0.1594,4172846.6,0.0001
2025-09-22 16:00:00+00:00,0.1594,0.1664,0.1593,0.1611,9473822.6,0.0001
2025-09-22 20:00:00+00:00,0.1611,0.1659,0.1611,0.1651,893035.5,0.0001
2025-09-23 00:00:00+00:00,0.1651,0.1662,0.1604,0.1614,20375438.5,0.0001
2025-09-23 04:00:00+00:00,0.1614,0.1635,0.1595,0.1626,1976769.4,0.0001
2025-09-23 08:00:00+00:00,0.1626,0.1661,0.1624,0.1647,1251379.8,0.0001
2025-09-23 12:00:00+00:00,0.1647,0.1675,0.1639,0.1669,1393017.7,0.0001
2025-09-23 16:00:00+00:00,0.1669,0.1724,0.1662,0.1707,3610225.1,0.0001
2025-09-23 20:00:00+00:00,0.1707,0.1803,0.1707,0.1787,4942478.9,0.0001
2025-09-24 00:00:00+00:00,0.1787,0.1863,0.1771,0.1828,7270290.9,4.701e-05
2025-09-24 04:00:00+00:00,0.1828,0.1891,0.1785,0.1828,9606214.7,4.701e-05
2025-09-24 08:00:00+00:00,0.1828,0.1924,0.1828,0.1919,9784213.8,0.0001
2025-09-24 12:00:00+00:00,0.1919,0.1929,0.1867,0.189,3692423.0,0.0001
2025-09-24 16:00:00+00:00,0.189,0.1926,0.189,0.1897,1898755.6,9.854e-05
2025-09-24 20:00:00+00:00,0.1897,0.1905,0.1847,0.1856,1347334.8,9.854e-05
2025-09-25 00:00:00+00:00,0.1856,0.1869,0.1799,0.1805,2745384.1,0.0001
2025-09-25 04:00:00+00:00,0.1805,0.1811,0.1737,0.1739,2454856.7,0.0001
2025-09-25 08:00:00+00:00,0.1739,0.1784,0.1736,0.1739,1926542.0,-0.00025202
2025-09-25 12:00:00+00:00,0.1739,0.1819,0.1703,0.1814,3275280.7,-0.00025202
2025-09-25 16:00:00+00:00,0.1814,0.1841,0.1758,0.1809,3566702.7,0.0001
2025-09-25 20:00:00+00:00,0.1809,0.1867,0.1782,0.1855,4102893.8,0.0001
2025-09-26 00:00:00+00:00,0.1855,0.1899,0.1813,0.1897,3621952.6,1.439e-05
2025-09-26 04:00:00+00:00,0.1897,0.2,0.1883,0.1981,16801435.5,1.439e-05
2025-09-26 08:00:00+00:00,0.1981,0.2007,0.1929,0.1971,9120323.8,3.094e-05
2025-09-26 12:00:00+00:00,0.1971,0.2029,0.1909,0.2003,12075472.9,3.094e-05
2025-09-26 16:00:00+00:00,0.2003,0.2052,0.1947,0.1957,7369728.8,-1.1e-05
2025-09-26 20:00:00+00:00,0.1957,0.2084,0.1953,0.2031,9180811.1,-1.1e-05
2025-09-27 00:00:00+00:00,0.2031,0.2032,0.1991,0.1998,3053369.5,-1.21e-06
2025-09-27 04:00:00+00:00,0.1998,0.2069,0.1997,0.2057,4174798.8,-1.21e-06
2025-09-27 08:00:00+00:00,0.2057,0.2079,0.2003,0.2014,3879760.5,-0.00028227
2025-09-27 12:00:00+00:00,0.2014,0.203,0.198,0.1989,2110733.0,-0.00028227
2025-09-27 16:00:00+00:00,0.1989,0.2023,0.1981,0.1987,2133802.3,-0.00012912
2025-09-27 20:00:00+00:00,0.1987,0.2005,0.1968,0.1972,633104.7,-0.00012912
2025-09-28 00:00:00+00:00,0.1972,0.2094,0.1964,0.2089,4156303.8,-4.154e-05
2025-09-28 04:00:00+00:00,0.2089,0.2091,0.2011,0.2023,3838884.2,-4.154e-05
2025-09-28 08:00:00+00:00,0.2023,0.2046,0.1975,0.1987,2028967.3,0.0001
2025-09-28 12:00:00+00:00,0.1987,0.199,0.1953,0.199,1899845.5,0.0001
2025-09-28 16:00:00+00:00,0.199,0.1999,0.1979,0.1984,716263.0,-0.00065396
2025-09-28 20:00:00+00:00,0.1984,0.1985,0.1954,0.198,1425898.7,-0.00065396
2025-09-29 00:00:00+00:00,0.198,0.2016,0.1942,0.195,2487070.3,-0.00017577
2025-09-29 04:00:00+00:00,0.195,0.1974,0.1932,0.1965,2153459.2,-0.00017577
2025-09-29 08:00:00+00:00,0.1965,0.2,0.1945,0.1956,2119015.3,0.0001
2025-09-29 12:00:00+00:00,0.1956,0.2009,0.1924,0.1961,2725035.8,0.0001
2025-09-29 16:00:00+00:00,0.1961,0.2022,0.1961,0.1994,2718208.8,0.0001
2025-09-29 20:00:00+00:00,0.1994,0.2008,0.1953,0.1954,967941.7,0.0001
2025-09-30 00:00:00+00:00,0.1954,0.196,0.1866,0.1872,3803734.9,0.0001
2025-09-30 04:00:00+00:00,0.1872,0.1917,0.1862,0.1865,1947698.2,0.0001
2025-09-30 08:00:00+00:00,0.1865,0.1872,0.1801,0.1803,5160519.9,6.499e-05
2025-09-30 12:00:00+00:00,0.1803,0.1806,0.1721,0.1741,6401567.4,6.499e-05
2025-09-30 16:00:00+00:00,0.1741,0.1767,0.1714,0.1753,3199790.4,-0.00064732
2025-09-30 20:00:00+00:00,0.1753,0.1766,0.1734,0.174,1865503.6,-0.00064732
2025-10-01 00:00:00+00:00,0.174,0.175,0.17,0.1712,3098772.0,-0.00105522
2025-10-01 04:00:00+00:00,0.1712,0.1738,0.1704,0.1714,2176929.9,-0.00105522
2025-10-01 08:00:00+00:00,0.1714,0.1773,0.1707,0.1769,3441997.8,-0.00020696
2025-10-01 12:00:00+00:00,0.1769,0.1792,0.1756,0.1765,2579252.1,-0.00020696
2025-10-01 16:00:00+00:00,0.1765,0.1915,0.1756,0.1873,5759545.6,0.0001
2025-10-01 20:00:00+00:00,0.1873,0.1938,0.1865,0.1882,3761422.8,0.0001
2025-10-02 00:00:00+00:00,0.1882,0.1981,0.1875,0.1945,4190669.0,0.0001
2025-10-02 04:00:00+00:00,0.1945,0.206,0.1942,0.2023,5899398.3,0.0001
2025-10-02 08:00:00+00:00,0.2023,0.207,0.2008,0.2012,4071042.8,0.0001
2025-10-02 12:00:00+00:00,0.2012,0.2019,0.1957,0.1978,3004771.1,0.0001
2025-10-02 16:00:00+00:00,0.1978,0.201,0.1965,0.1985,1521759.4,0.0001
2025-10-02 20:00:00+00:00,0.1985,0.1985,0.1961,0.1975,734419.1,0.0001
2025-10-03 00:00:00+00:00,0.1975,0.1976,0.1925,0.1945,1596825.7,0.0001
2025-10-03 04:00:00+00:00,0.1945,0.1965,0.1942,0.1963,1721445.1,0.0001
2025-10-03 08:00:00+00:00,0.1963,0.1994,0.1961,0.1977,1552943.0,0.0001
2025-10-03 12:00:00+00:00,0.1977,0.2163,0.1972,0.2159,3447946.4,0.0001
2025-10-03 16:00:00+00:00,0.2159,0.2159,0.205,0.2077,5051356.8,0.0001
2025-10-03 20:00:00+00:00,0.2077,0.2114,0.2062,0.2086,1404770.6,0.0001
2025-10-04 00:00:00+00:00,0.2086,0.2089,0.2036,0.204,1065116.4,0.0001
2025-10-04 04:00:00+00:00,0.204,0.2042,0.2022,0.203,1026896.0,0.0001
2025-10-04 08:00:00+00:00,0.203,0.204,0.2001,0.2004,945698.3,0.0001
2025-10-04 12:00:00+00:00,0.2004,0.2026,0.1967,0.1976,1222987.3,0.0001
2025-10-04 16:00:00+00:00,0.1976,0.1999,0.1968,0.1999,558033.9,0.0001
2025-10-04 20:00:00+00:00,0.1999,0.2014,0.1993,0.1995,410372.2,0.0001
2025-10-05 00:00:00+00:00,0.1995,0.2021,0.1993,0.2004,741502.7,0.0001
2025-10-05 04:00:00+00:00,0.2004,0.2031,0.2001,0.2027,485293.6,0.0001
2025-10-05 08:00:00+00:00,0.2027,0.2036,0.1977,0.1991,927058.1,0.0001
2025-10-05 12:00:00+00:00,0.1991,0.1995,0.1965,0.1982,589389.9,0.0001
2025-10-05 16:00:00+00:00,0.1982,0.1991,0.1949,0.1954,647435.0,0.0001
2025-10-05 20:00:00+00:00,0.1954,0.1973,0.1947,0.1964,451295.1,0.0001
2025-10-06 00:00:00+00:00,0.1964,0.2008,0.1954,0.1967,1058081.7,0.0001
2025-10-06 04:00:00+00:00,0.1967,0.1978,0.1947,0.1951,352293.3,0.0001
2025-10-06 08:00:00+00:00,0.1951,0.1965,0.1934,0.1958,1101685.5,0.0001
2025-10-06 12:00:00+00:00,0.1958,0.2041,0.195,0.2018,1944076.4,0.0001
2025-10-06 16:00:00+00:00,0.2018,0.2146,0.2009,0.2112,3754020.0,0.0001
2025-10-06 20:00:00+00:00,0.2112,0.2117,0.2083,0.209,661411.4,0.0001
2025-10-07 00:00:00+00:00,0.209,0.2119,0.2066,0.2106,809749.2,0.0001
2025-10-07 04:00:00+00:00,0.2106,0.2115,0.2042,0.2051,1705567.0,0.0001
2025-10-07 08:00:00+00:00,0.2051,0.2139,0.2034,0.2131,1513914.6,0.0001
2025-10-07 12:00:00+00:00,0.2131,0.2212,0.2067,0.2081,4637237.7,0.0001
2025-10-07 16:00:00+00:00,0.2081,0.2121,0.2064,0.2099,1126451.1,0.0001
2025-10-07 20:00:00+00:00,0.2099,0.2116,0.2077,0.2087,492866.4,0.0001
2025-10-08 00:00:00+00:00,0.2087,0.2158,0.2074,0.209,1754158.1,0.0001
2025-10-08 04:00:00+00:00,0.209,0.2109,0.2029,0.2048,1993358.3,0.0001
2025-10-08 08:00:00+00:00,0.2048,0.2161,0.2017,0.2071,5785738.7,0.0001
2025-10-08 12:00:00+00:00,0.2071,0.2105,0.2049,0.207,1301859.0,0.0001
2025-10-08 16:00:00+00:00,0.207,0.2109,0.2051,0.21,1014857.4,0.0001
2025-10-08 20:00:00+00:00,0.21,0.2129,0.2092,0.2107,868083.0,0.0001
2025-10-09 00:00:00+00:00,0.2107,0.2107,0.2033,0.2059,869207.4,0.0001
2025-10-09 04:00:00+00:00,0.2059,0.209,0.2051,0.2055,661291.4,0.0001
2025-10-09 08:00:00+00:00,0.2055,0.2064,0.2007,0.2028,1117826.9,0.0001
2025-10-09 12:00:00+00:00,0.2028,0.2108,0.1965,0.1969,3772401.8,0.0001
2025-10-09 16:00:00+00:00,0.1969,0.1995,0.1952,0.1981,1666262.5,5.34e-05
2025-10-09 20:00:00+00:00,0.1981,0.1991,0.1966,0.1976,471667.7,5.34e-05
2025-10-10 00:00:00+00:00,0.1976,0.1996,0.1947,0.1976,948455.4,-8.414e-05
2025-10-10 04:00:00+00:00,0.1976,0.1998,0.1961,0.1969,798840.7,-8.414e-05
2025-10-10 08:00:00+00:00,0.1969,0.1999,0.1966,0.1993,696388.1,-0.00030651
2025-10-10 12:00:00+00:00,0.1993,0.2016,0.1866,0.1881,2584251.2,-0.00030651
2025-10-10 16:00:00+00:00,0.1881,0.1922,0.1845,0.1865,1673745.2,-0.00038717
2025-10-10 20:00:00+00:00,0.1865,0.1879,0.1044,0.1637,15770116.3,-0.00038717
2025-10-11 00:00:00+00:00,0.1637,0.1674,0.1569,0.1655,3316533.2,-0.00329235
2025-10-11 04:00:00+00:00,0.1655,0.1688,0.1615,0.162,951509.6,-0.00329235
2025-10-11 08:00:00+00:00,0.162,0.1664,0.1613,0.1632,1021164.9,-0.00047394
2025-10-11 12:00:00+00:00,0.1632,0.1635,0.1588,0.1624,1055107.8,-0.00047394
2025-10-11 16:00:00+00:00,0.1624,0.1627,0.1556,0.157,976005.0,-0.00096028
2025-10-11 20:00:00+00:00,0.157,0.1572,0.1516,0.1564,1033467.9,-0.00096028
2025-10-12 00:00:00+00:00,0.1564,0.1573,0.1529,0.1555,836837.4,-0.00098987
2025-10-12 04:00:00+00:00,0.1555,0.1597,0.1555,0.1592,466936.8,-0.00098987
2025-10-12 08:00:00+00:00,0.1592,0.1598,0.1562,0.1591,581305.6,-0.00109432
2025-10-12 12:00:00+00:00,0.1591,0.1689,0.1577,0.1681,1888586.2,-0.00109432
2025-10-12 16:00:00+00:00,0.1681,0.1745,0.168,0.174,1374411.2,-0.00060191
2025-10-12 20:00:00+00:00,0.174,0.1749,0.1706,0.1716,764083.0,-0.00060191
2025-10-13 00:00:00+00:00,0.1716,0.1737,0.17,0.171,738168.6,0.0001
2025-10-13 04:00:00+00:00,0.171,0.1737,0.1699,0.1719,559604.2,0.0001
2025-10-13 08:00:00+00:00,0.1719,0.1749,0.1686,0.1712,1524742.4,0.0001
2025-10-13 12:00:00+00:00,0.1712,0.176,0.1701,0.1752,1527310.1,0.0001
2025-10-13 16:00:00+00:00,0.1752,0.1793,0.1736,0.1786,553400.0,-0.00012103
2025-10-13 20:00:00+00:00,0.1786,0.18,0.1781,0.1791,572933.9,-0.00012103
2025-10-14 00:00:00+00:00,0.1791,0.18,0.1736,0.1743,733145.0,0.0001
2025-10-14 04:00:00+00:00,0.1743,0.1748,0.163,0.166,3179042.4,0.0001
2025-10-14 08:00:00+00:00,0.166,0.1679,0.1626,0.1664,1243345.0,-0.00074851
2025-10-14 12:00:00+00:00,0.1664,0.1716,0.1623,0.1716,1890428.9,-0.00074851
2025-10-14 16:00:00+00:00,0.1716,0.1738,0.1681,0.1701,1241461.3,-3.362e-05
2025-10-14 20:00:00+00:00,0.1701,0.1714,0.169,0.1698,271784.3,-3.362e-05
2025-10-15 00:00:00+00:00,0.1698,0.1711,0.1676,0.1685,414529.9,0.0001
2025-10-15 04:00:00+00:00,0.1685,0.1706,0.1677,0.1705,328182.1,0.0001
2025-10-15 08:00:00+00:00,0.1705,0.1731,0.1674,0.1682,549824.5,7.077e-05
2025-10-15 12:00:00+00:00,0.1682,0.1686,0.1629,0.1642,1671107.4,7.077e-05
2025-10-15 16:00:00+00:00,0.1642,0.1652,0.1624,0.163,681749.3,-0.00056077
2025-10-15 20:00:00+00:00,0.163,0.1639,0.1605,0.1634,835045.3,-0.00056077
2025-10-16 00:00:00+00:00,0.1634,0.1643,0.1617,0.1622,397055.9,-0.00050467
2025-10-16 04:00:00+00:00,0.1622,0.1635,0.1602,0.1619,879794.2,-0.00050467
2025-10-16 08:00:00+00:00,0.1619,0.1644,0.1573,0.1641,1207457.5,-0.00034604
2025-10-16 12:00:00+00:00,0.1641,0.1649,0.156,0.1567,1458882.5,-0.00034604
2025-10-16 16:00:00+00:00,0.1567,0.1599,0.1538,0.1553,1847762.1,-8.375e-05
2025-10-16 20:00:00+00:00,0.1553,0.156,0.153,0.1546,989527.5,-8.375e-05
2025-10-17 00:00:00+00:00,0.1546,0.157,0.1541,0.1568,667174.1,-0.00234829
2025-10-17 04:00:00+00:00,0.1568,0.1586,0.1491,0.1515,3718031.6,-0.00234829
2025-10-17 08:00:00+00:00,0.1515,0.1585,0.1493,0.1573,5102853.7,-0.00240017
2025-10-17 12:00:00+00:00,0.1573,0.1582,0.1531,0.1582,2339335.4,-0.00240017
2025-10-17 16:00:00+00:00,0.1582,0.1592,0.1557,0.1567,1013322.5,-0.00414352
2025-10-17 20:00:00+00:00,0.1567,0.1581,0.1562,0.1571,382349.6,-0.00414352
2025-10-18 00:00:00+00:00,0.1571,0.1592,0.1568,0.1586,465911.2,-0.00107128
2025-10-18 04:00:00+00:00,0.1586,0.1611,0.1569,0.1597,717493.2,-0.00107128
2025-10-18 08:00:00+00:00,0.1597,0.1606,0.1585,0.1602,264741.5,-0.00116188
2025-10-18 12:00:00+00:00,0.1602,0.1605,0.1572,0.1585,287775.0,-0.00116188
2025-10-18 16:00:00+00:00,0.1585,0.1594,0.1569,0.1593,175056.0,-0.00124195
2025-10-18 20:00:00+00:00,0.1593,0.1606,0.1588,0.1599,227751.9,-0.00124195
2025-10-19 00:00:00+00:00,0.1599,0.1599,0.1576,0.1596,157140.9,-0.00108809
2025-10-19 04:00:00+00:00,0.1596,0.1596,0.1568,0.1573,435889.3,-0.00108809
2025-10-19 08:00:00+00:00,0.1573,0.161,0.1558,0.1597,927907.9,-0.00039535
2025-10-19 12:00:00+00:00,0.1597,0.1619,0.1581,0.161,540574.6,-0.00039535
2025-10-19 16:00:00+00:00,0.161,0.1627,0.1597,0.1615,876344.7,-0.00010853
2025-10-19 20:00:00+00:00,0.1615,0.1615,0.1596,0.1598,228094.4,-0.00010853
2025-10-20 00:00:00+00:00,0.1598,0.1628,0.1574,0.1628,830996.5,-0.00013932
2025-10-20 04:00:00+00:00,0.1628,0.1654,0.1622,0.1638,589438.0,-0.00013932
2025-10-20 08:00:00+00:00,0.1638,0.1644,0.1623,0.1632,355525.4,-0.00010892
2025-10-20 12:00:00+00:00,0.1632,0.1652,0.1626,0.1628,726076.6,-0.00010892
2025-10-20 16:00:00+00:00,0.1628,0.163,0.1601,0.1623,600219.6,0.0001
2025-10-20 20:00:00+00:00,0.1623,0.1632,0.1618,0.1622,213289.2,0.0001
2025-10-21 00:00:00+00:00,0.1622,0.1622,0.1595,0.1599,494587.5,1.439e-05
2025-10-21 04:00:00+00:00,0.1599,0.1602,0.1579,0.1598,579251.4,1.439e-05
2025-10-21 08:00:00+00:00,0.1598,0.1607,0.1584,0.1605,199357.3,-0.00043157
2025-10-21 12:00:00+00:00,0.1605,0.1673,0.1597,0.1667,1088799.2,-0.00043157
2025-10-21 16:00:00+00:00,0.1667,0.1676,0.1633,0.1638,943933.4,0.0001
2025-10-21 20:00:00+00:00,0.1638,0.1638,0.1571,0.1576,939381.9,0.0001
2025-10-22 00:00:00+00:00,0.1576,0.1595,0.1568,0.1594,348121.6,-0.0004015
2025-10-22 04:00:00+00:00,0.1594,0.1617,0.1586,0.1603,530462.6,-0.0004015
2025-10-22 08:00:00+00:00,0.1603,0.1603,0.1565,0.1584,643634.6,-0.00071424
2025-10-22 12:00:00+00:00,0.1584,0.1619,0.1579,0.16,1336184.0,-0.00071424
2025-10-22 16:00:00+00:00,0.16,0.16,0.1562,0.1578,612397.0,-0.00087361
2025-10-22 20:00:00+00:00,0.1578,0.1583,0.1529,0.1569,843271.6,-0.00087361
2025-10-23 00:00:00+00:00,0.1569,0.1571,0.156,0.1566,271268.0,-0.00154894
2025-10-23 04:00:00+00:00,0.1566,0.159,0.1563,0.1584,266560.1,-0.00154894
2025-10-23 08:00:00+00:00,0.1584,0.1589,0.1569,0.1571,458998.6,-4.193e-05
2025-10-23 12:00:00+00:00,0.1571,0.159,0.1562,0.1578,2142201.1,-4.193e-05
2025-10-23 16:00:00+00:00,0.1578,0.1595,0.1569,0.1578,695904.6,0.0001
2025-10-23 20:00:00+00:00,0.1578,0.1578,0.1554,0.1564,442756.5,0.0001
2025-10-24 00:00:00+00:00,0.1564,0.1565,0.1551,0.1556,227768.8,0.0001
2025-10-24 04:00:00+00:00,0.1556,0.1577,0.1554,0.1559,253303.5,0.0001
2025-10-24 08:00:00+00:00,0.1559,0.1568,0.1534,0.1546,462946.1,0.0001
2025-10-24 12:00:00+00:00,0.1546,0.1571,0.153,0.1535,796916.0,0.0001
2025-10-24 16:00:00+00:00,0.1535,0.1555,0.1529,0.1546,129887.2,4.884e-05
2025-10-24 20:00:00+00:00,0.1546,0.1561,0.1544,0.1557,246309.3,4.884e-05
2025-10-25 00:00:00+00:00,0.1557,0.1559,0.1536,0.1536,300628.7,0.0001
2025-10-25 04:00:00+00:00,0.1536,0.1543,0.153,0.1535,201828.8,0.0001
2025-10-25 08:00:00+00:00,0.1535,0.1539,0.1527,0.1534,90563.6,9.407e-05
2025-10-25 12:00:00+00:00,0.1534,0.1536,0.1523,0.1534,369879.2,9.407e-05
2025-10-25 16:00:00+00:00,0.1534,0.155,0.1534,0.1546,178442.6,3.31e-05
2025-10-25 20:00:00+00:00,0.1546,0.1549,0.1532,0.1532,530092.3,3.31e-05
2025-10-26 00:00:00+00:00,0.1532,0.1536,0.152,0.1524,720749.6,0.0001
2025-10-26 04:00:00+00:00,0.1524,0.1533,0.1522,0.1533,316831.1,0.0001
2025-10-26 08:00:00+00:00,0.1533,0.1557,0.1529,0.1554,809856.8,0.0001
2025-10-26 12:00:00+00:00,0.1554,0.1568,0.155,0.1562,2330688.8,0.0001
2025-10-26 16:00:00+00:00,0.1562,0.1562,0.1536,0.1537,794400.3,0.0001
2025-10-26 20:00:00+00:00,0.1537,0.1564,0.153,0.1548,1453186.8,0.0001
2025-10-27 00:00:00+00:00,0.1548,0.1566,0.1543,0.1554,740106.9,1.237e-05
2025-10-27 04:00:00+00:00,0.1554,0.1572,0.1545,0.1553,758503.5,1.237e-05
2025-10-27 08:00:00+00:00,0.1553,0.1559,0.1513,0.1529,1406909.8,-9.159e-05
2025-10-27 12:00:00+00:00,0.1529,0.153,0.1505,0.1521,647236.8,-9.159e-05
2025-10-27 16:00:00+00:00,0.1521,0.154,0.1521,0.1525,382684.9,-0.00033334
2025-10-27 20:00:00+00:00,0.1525,0.1525,0.1485,0.1496,744449.5,-0.00033334
2025-10-28 00:00:00+00:00,0.1496,0.1503,0.1484,0.1494,532489.7,-0.00040256
2025-10-28 04:00:00+00:00,0.1494,0.152,0.1488,0.1505,438191.4,-0.00040256
2025-10-28 08:00:00+00:00,0.1505,0.1519,0.1504,0.1509,241272.0,-0.00033114
2025-10-28 12:00:00+00:00,0.1509,0.1532,0.1493,0.1512,844450.0,-0.00033114
2025-10-28 16:00:00+00:00,0.1512,0.1519,0.1483,0.1486,638471.1,-5.151e-05
2025-10-28 20:00:00+00:00,0.1486,0.1486,0.145,0.1471,1449578.1,-5.151e-05
2025-10-29 00:00:00+00:00,0.1471,0.148,0.1461,0.1463,394595.3,-0.00047773
2025-10-29 04:00:00+00:00,0.1463,0.1485,0.1461,0.1476,457814.7,-0.00047773
2025-10-29 08:00:00+00:00,0.1476,0.1485,0.1469,0.1483,419354.2,-6.147e-05
2025-10-29 12:00:00+00:00,0.1483,0.1495,0.1457,0.1462,577909.9,-6.147e-05
2025-10-29 16:00:00+00:00,0.1462,0.1494,0.1434,0.1477,2653711.6,0.0001
2025-10-29 20:00:00+00:00,0.1477,0.1487,0.1448,0.1451,669038.7,0.0001
2025-10-30 00:00:00+00:00,0.1451,0.1472,0.1444,0.1464,481349.5,0.0001
2025-10-30 04:00:00+00:00,0.1464,0.1464,0.1416,0.1458,1213293.9,0.0001
2025-10-30 08:00:00+00:00,0.1458,0.1458,0.1422,0.1436,880946.1,-0.00018503
2025-10-30 12:00:00+00:00,0.1436,0.1437,0.1386,0.1392,1114185.8,-0.00018503
2025-10-30 16:00:00+00:00,0.1392,0.1394,0.1358,0.1361,477516.3,-0.00174857
2025-10-30 20:00:00+00:00,0.1361,0.1385,0.136,0.1384,552247.5,-0.00174857
2025-10-31 00:00:00+00:00,0.1384,0.14,0.1381,0.1393,414665.7,-0.00084613
2025-10-31 04:00:00+00:00,0.1393,0.1406,0.1365,0.1369,582451.3,-0.00084613
2025-10-31 08:00:00+00:00,0.1369,0.1387,0.1365,0.1387,511904.6,0.0001
2025-10-31 12:00:00+00:00,0.1387,0.1391,0.1375,0.1375,552537.2,0.0001
2025-10-31 16:00:00+00:00,0.1375,0.1385,0.1351,0.1382,521015.3,7.479e-05
2025-10-31 20:00:00+00:00,0.1382,0.1384,0.1371,0.1381,184243.3,7.479e-05
2025-11-01 00:00:00+00:00,0.1381,0.1404,0.1379,0.1404,135045.4,0.0001
2025-11-01 04:00:00+00:00,0.1404,0.1416,0.1394,0.1415,295269.7,0.0001
2025-11-01 08:00:00+00:00,0.1415,0.1433,0.1411,0.1428,344685.6,0.0001
2025-11-01 12:00:00+00:00,0.1428,0.1434,0.1418,0.1431,222851.2,0.0001
2025-11-01 16:00:00+00:00,0.1431,0.1446,0.143,0.1438,216081.2,0.0001
2025-11-01 20:00:00+00:00,0.1438,0.1445,0.143,0.1443,97542.5,0.0001
2025-11-02 00:00:00+00:00,0.1443,0.1444,0.1425,0.1426,60995.7,0.0001
2025-11-02 04:00:00+00:00,0.1426,0.1476,0.1425,0.1468,330786.8,0.0001
2025-11-02 08:00:00+00:00,0.1468,0.148,0.1445,0.1475,1163381.5,0.0001
2025-11-02 12:00:00+00:00,0.1475,0.1475,0.1412,0.1415,951031.7,0.0001
2025-11-02 16:00:00+00:00,0.1415,0.1428,0.1404,0.142,124604.4,0.0001
2025-11-02 20:00:00+00:00,0.142,0.1455,0.142,0.1454,192956.4,0.0001
2025-11-03 00:00:00+00:00,0.1454,0.1465,0.1415,0.1418,829203.6,0.0001
2025-11-03 04:00:00+00:00,0.1418,0.1418,0.1378,0.1395,1458635.6,0.0001
2025-11-03 08:00:00+00:00,0.1395,0.1421,0.1348,0.1356,2717035.2,0.0001
2025-11-03 12:00:00+00:00,0.1356,0.1368,0.1223,0.1253,4359525.4,0.0001
2025-11-03 16:00:00+00:00,0.1253,0.1306,0.1243,0.126,1452532.5,-0.00012162
2025-11-03 20:00:00+00:00,0.126,0.1264,0.123,0.1249,1141304.9,-0.00012162
2025-11-04 00:00:00+00:00,0.1249,0.1268,0.1237,0.1262,584950.5,-0.00012336
2025-11-04 04:00:00+00:00,0.1262,0.1269,0.1194,0.1201,1606710.4,-0.00012336
2025-11-04 08:00:00+00:00,0.1201,0.1232,0.1199,0.1218,725067.3,0.0001
2025-11-04 12:00:00+00:00,0.1218,0.1237,0.1181,0.1213,1947035.7,0.0001
2025-11-04 16:00:00+00:00,0.1213,0.1229,0.1145,0.1176,2188320.1,0.0001
2025-11-04 20:00:00+00:00,0.1176,0.1241,0.1122,0.1223,3391770.9,0.0001
2025-11-05 00:00:00+00:00,0.1223,0.125,0.1174,0.1246,1309522.0,0.0001
2025-11-05 04:00:00+00:00,0.1246,0.1265,0.1241,0.1251,644717.7,0.0001
2025-11-05 08:00:00+00:00,0.1251,0.1261,0.123,0.1259,758644.7,0.0001
2025-11-05 12:00:00+00:00,0.1259,0.1297,0.1252,0.1292,864366.1,0.0001
2025-11-05 16:00:00+00:00,0.1292,0.1293,0.1262,0.1279,621075.5,0.0001
2025-11-05 20:00:00+00:00,0.1279,0.1285,0.1268,0.1275,313953.9,0.0001
2025-11-06 00:00:00+00:00,0.1275,0.1278,0.1255,0.1274,380668.0,0.0001
2025-11-06 04:00:00+00:00,0.1274,0.1281,0.1255,0.1269,436102.5,0.0001
2025-11-06 08:00:00+00:00,0.1269,0.1313,0.1266,0.1282,1048231.1,0.0001
2025-11-06 12:00:00+00:00,0.1282,0.1296,0.1238,0.1243,1690481.1,0.0001
2025-11-06 16:00:00+00:00,0.1243,0.1346,0.123,0.134,2886440.8,0.0001
2025-11-06 20:00:00+00:00,0.134,0.1341,0.1305,0.1339,850321.2,0.0001
2025-11-07 00:00:00+00:00,0.1339,0.1411,0.1319,0.1387,3726621.4,0.0001
2025-11-07 04:00:00+00:00,0.1387,0.1595,0.1373,0.1583,6149223.7,0.0001
2025-11-07 08:00:00+00:00,0.1583,0.1612,0.1441,0.1458,5547075.6,-0.00102919
2025-11-07 12:00:00+00:00,0.1458,0.152,0.143,0.1474,2402823.2,-0.00102919
2025-11-07 16:00:00+00:00,0.1474,0.1523,0.1449,0.1498,2660761.2,-3.4e-07
2025-11-07 20:00:00+00:00,0.1498,0.1502,0.1474,0.1476,653356.7,-3.4e-07
2025-11-08 00:00:00+00:00,0.1476,0.1498,0.1461,0.1461,1012792.1,0.0001
2025-11-08 04:00:00+00:00,0.1461,0.1484,0.1436,0.1454,1053436.9,0.0001
2025-11-08 08:00:00+00:00,0.1454,0.1469,0.144,0.1457,750796.0,-0.00033351
2025-11-08 12:00:00+00:00,0.1457,0.1467,0.1419,0.1426,957683.2,-0.00033351
2025-11-08 16:00:00+00:00,0.1426,0.1441,0.1416,0.1441,446821.5,-0.00044865
2025-11-08 20:00:00+00:00,0.1441,0.1444,0.1433,0.1437,198127.8,-0.00044865
2025-11-09 00:00:00+00:00,0.1437,0.1437,0.1389,0.1398,461008.2,2.584e-05
2025-11-09 04:00:00+00:00,0.1398,0.1455,0.1394,0.1435,1383501.4,2.584e-05
2025-11-09 08:00:00+00:00,0.1435,0.1472,0.1427,0.1447,1110691.2,8.553e-05
2025-11-09 12:00:00+00:00,0.1447,0.1489,0.1444,0.1463,814780.4,8.553e-05
2025-11-09 16:00:00+00:00,0.1463,0.148,0.1458,0.1476,575300.2,0.0001
2025-11-09 20:00:00+00:00,0.1476,0.1479,0.1456,0.1472,387102.1,0.0001
2025-11-10 00:00:00+00:00,0.1472,0.1528,0.1463,0.1507,1375941.0,0.0001
2025-11-10 04:00:00+00:00,0.1507,0.1507,0.1457,0.1474,1693656.9,0.0001
2025-11-10 08:00:00+00:00,0.1474,0.1476,0.143,0.1442,1859775.1,4.656e-05
2025-11-10 12:00:00+00:00,0.1442,0.1448,0.1401,0.1415,1481945.4,4.656e-05
2025-11-10 16:00:00+00:00,0.1415,0.1435,0.1409,0.143,518837.5,-0.00054431
2025-11-10 20:00:00+00:00,0.143,0.1447,0.1417,0.1435,999048.8,-0.00054431
2025-11-11 00:00:00+00:00,0.1435,0.1448,0.1414,0.1418,1270545.8,-0.00059669
2025-11-11 04:00:00+00:00,0.1418,0.1422,0.139,0.1396,933557.5,-0.00059669
2025-11-11 08:00:00+00:00,0.1396,0.1425,0.1393,0.1408,1527419.9,-0.00035031
2025-11-11 12:00:00+00:00,0.1408,0.1421,0.1394,0.1409,852011.9,-0.00035031
2025-11-11 16:00:00+00:00,0.1409,0.1419,0.1378,0.1383,1120259.4,-0.00017193
2025-11-11 20:00:00+00:00,0.1383,0.1385,0.1353,0.1355,1114096.8,-0.00017193
2025-11-12 00:00:00+00:00,0.1355,0.1388,0.1344,0.1385,1173958.4,-0.00122273
2025-11-12 04:00:00+00:00,0.1385,0.1404,0.1384,0.1395,322261.8,-0.00122273
2025-11-12 08:00:00+00:00,0.1395,0.1415,0.1395,0.1406,257860.4,-0.00091923
2025-11-12 12:00:00+00:00,0.1406,0.1415,0.1379,0.1398,1022909.4,-0.00091923
2025-11-12 16:00:00+00:00,0.1398,0.1437,0.1374,0.1387,3204259.2,6.225e-05
2025-11-12 20:00:00+00:00,0.1387,0.1399,0.1372,0.1375,1005774.8,6.225e-05
2025-11-13 00:00:00+00:00,0.1375,0.1391,0.1359,0.1384,890230.6,-0.00036043
2025-11-13 04:00:00+00:00,0.1384,0.1398,0.1376,0.1387,553311.3,-0.00036043
2025-11-13 08:00:00+00:00,0.1387,0.1403,0.1385,0.1389,457007.4,0.0001
2025-11-13 12:00:00+00:00,0.1389,0.1396,0.1362,0.1385,1340492.1,0.0001
2025-11-13 16:00:00+00:00,0.1385,0.1388,0.1341,0.1357,2462220.9,2.683e-05
2025-11-13 20:00:00+00:00,0.1357,0.1379,0.1341,0.1368,1334540.6,2.683e-05
2025-11-14 00:00:00+00:00,0.1368,0.1373,0.1337,0.134,967229.9,-0.00197507
2025-11-14 04:00:00+00:00,0.134,0.1343,0.1296,0.1334,1942705.2,-0.00197507
2025-11-14 08:00:00+00:00,0.1334,0.1339,0.1312,0.1317,1028135.9,-0.00254315
2025-11-14 12:00:00+00:00,0.1317,0.1356,0.1299,0.1342,1198038.5,-0.00254315
2025-11-14 16:00:00+00:00,0.1342,0.135,0.1321,0.1332,1015153.3,-0.00023311
2025-11-14 20:00:00+00:00,0.1332,0.1338,0.1282,0.13,1208282.1,-0.00023311
2025-11-15 00:00:00+00:00,0.13,0.134,0.13,0.1335,544231.6,0.0001
2025-11-15 04:00:00+00:00,0.1335,0.1347,0.1329,0.1336,236780.2,0.0001
2025-11-15 08:00:00+00:00,0.1336,0.1336,0.1305,0.1309,733082.8,0.0001
2025-11-15 12:00:00+00:00,0.1309,0.1329,0.1308,0.1324,359139.8,0.0001
2025-11-15 16:00:00+00:00,0.1324,0.1344,0.1316,0.1333,680903.9,0.0001
2025-11-15 20:00:00+00:00,0.1333,0.1337,0.1324,0.1333,323117.5,0.0001
2025-11-16 00:00:00+00:00,0.1333,0.1342,0.131,0.1339,404367.4,-0.00011053
2025-11-16 04:00:00+00:00,0.1339,0.1344,0.1327,0.134,236618.0,-0.00011053
2025-11-16 08:00:00+00:00,0.134,0.1348,0.1307,0.1307,346747.1,0.0001
2025-11-16 12:00:00+00:00,0.1307,0.1319,0.128,0.1282,467211.1,0.0001
2025-11-16 16:00:00+00:00,0.1282,0.1296,0.1257,0.1274,558327.2,0.0001
2025-11-16 20:00:00+00:00,0.1274,0.1287,0.1256,0.1278,297682.1,0.0001
2025-11-17 00:00:00+00:00,0.1278,0.1295,0.1268,0.1291,339833.6,0.0001
2025-11-17 04:00:00+00:00,0.1291,0.1298,0.1282,0.1297,205064.4,0.0001
2025-11-17 08:00:00+00:00,0.1297,0.13,0.1286,0.129,346971.5,0.0001
2025-11-17 12:00:00+00:00,0.129,0.1301,0.1248,0.1255,1960583.2,0.0001
2025-11-17 16:00:00+00:00,0.1255,0.1273,0.1236,0.1249,841162.6,0.0001
2025-11-17 20:00:00+00:00,0.1249,0.1255,0.1237,0.1255,319646.0,0.0001
2025-11-18 00:00:00+00:00,0.1255,0.1286,0.1241,0.1279,508626.0,0.0001
2025-11-18 04:00:00+00:00,0.1279,0.1293,0.1268,0.1276,232398.8,0.0001
2025-11-18 08:00:00+00:00,0.1276,0.128,0.1255,0.1257,584971.1,0.0001
2025-11-18 12:00:00+00:00,0.1257,0.1283,0.1246,0.1275,710718.9,0.0001
2025-11-18 16:00:00+00:00,0.1275,0.1294,0.1274,0.1283,380190.7,0.0001
2025-11-18 20:00:00+00:00,0.1283,0.1284,0.1266,0.1266,291758.9,0.0001
2025-11-19 00:00:00+00:00,0.1266,0.1274,0.1253,0.1254,431220.0,0.0001
2025-11-19 04:00:00+00:00,0.1254,0.1258,0.1231,0.1256,430309.1,0.0001
2025-11-19 08:00:00+00:00,0.1256,0.1261,0.124,0.1244,419991.0,0.0001
2025-11-19 12:00:00+00:00,0.1244,0.1254,0.122,0.1221,380031.8,0.0001
2025-11-19 16:00:00+00:00,0.1221,0.1227,0.1191,0.1202,1537857.1,0.0001
2025-11-19 20:00:00+00:00,0.1202,0.1239,0.1199,0.1237,353646.0,0.0001
2025-11-20 00:00:00+00:00,0.1237,0.1248,0.1236,0.1242,462540.1,0.0001
2025-11-20 04:00:00+00:00,0.1242,0.1243,0.1236,0.1239,173386.0,0.0001
2025-11-20 08:00:00+00:00,0.1239,0.1245,0.1225,0.1231,448374.4,0.0001
2025-11-20 12:00:00+00:00,0.1231,0.1254,0.1221,0.1221,822991.2,0.0001
2025-11-20 16:00:00+00:00,0.1221,0.1223,0.1171,0.1183,1074165.1,0.0001
2025-11-20 20:00:00+00:00,0.1183,0.1204,0.1174,0.1182,1301500.5,0.0001
2025-11-21 00:00:00+00:00,0.1182,0.1198,0.1169,0.1179,645947.9,0.0001
2025-11-21 04:00:00+00:00,0.1179,0.1181,0.1073,0.1127,2247957.0,0.0001
2025-11-21 08:00:00+00:00,0.1127,0.1137,0.1095,0.1099,1140438.9,2.936e-05
2025-11-21 12:00:00+00:00,0.1099,0.1139,0.1079,0.1116,1764185.8,2.936e-05
2025-11-21 16:00:00+00:00,0.1116,0.1142,0.1102,0.112,626376.7,-0.0001302
2025-11-21 20:00:00+00:00,0.112,0.1127,0.1087,0.112,892854.5,-0.0001302
2025-11-22 00:00:00+00:00,0.112,0.1125,0.1109,0.1109,275941.4,-0.00047294
2025-11-22 04:00:00+00:00,0.1109,0.111,0.1084,0.1106,549775.8,-0.00047294
2025-11-22 08:00:00+00:00,0.1106,0.1116,0.109,0.1116,444791.5,0.0001
2025-11-22 12:00:00+00:00,0.1116,0.1144,0.11,0.1122,853333.2,0.0001
2025-11-22 16:00:00+00:00,0.1122,0.114,0.1122,0.1133,356500.2,-0.00015541
2025-11-22 20:00:00+00:00,0.1133,0.1149,0.112,0.1132,1558493.7,-0.00015541
2025-11-23 00:00:00+00:00,0.1132,0.1142,0.1123,0.1132,225682.9,7.53e-05
2025-11-23 04:00:00+00:00,0.1132,0.1145,0.1125,0.1132,572063.7,7.53e-05
2025-11-23 08:00:00+00:00,0.1132,0.114,0.1122,0.1125,131363.1,0.0001
2025-11-23 12:00:00+00:00,0.1125,0.1148,0.1125,0.1147,434994.8,0.0001
2025-11-23 16:00:00+00:00,0.1147,0.1151,0.1136,0.1142,294041.7,-0.00015187
2025-11-23 20:00:00+00:00,0.1142,0.1144,0.1127,0.1127,374738.4,-0.00015187
2025-11-24 00:00:00+00:00,0.1127,0.1149,0.1118,0.1141,504287.5,-5.659e-05
2025-11-24 04:00:00+00:00,0.1141,0.1148,0.1129,0.1131,1125282.3,-5.659e-05
2025-11-24 08:00:00+00:00,0.1131,0.1138,0.1115,0.1117,498450.2,0.0001
2025-11-24 12:00:00+00:00,0.1117,0.1126,0.1102,0.1123,363542.0,0.0001
2025-11-24 16:00:00+00:00,0.1123,0.1164,0.1123,0.1159,1783214.6,0.0001
2025-11-24 20:00:00+00:00,0.1159,0.1172,0.115,0.1155,1578015.6,0.0001
2025-11-25 00:00:00+00:00,0.1155,0.1166,0.1143,0.1144,759793.6,0.0001
2025-11-25 04:00:00+00:00,0.1144,0.1149,0.1131,0.1134,1078451.1,0.0001
2025-11-25 08:00:00+00:00,0.1134,0.1142,0.1124,0.1135,360190.7,0.0001
2025-11-25 12:00:00+00:00,0.1135,0.1149,0.1122,0.1138,1026214.2,0.0001
2025-11-25 16:00:00+00:00,0.1138,0.1166,0.1138,0.1163,504874.9,-0.00031602
2025-11-25 20:00:00+00:00,0.1163,0.1222,0.1159,0.1209,6662953.4,-0.00031602
2025-11-26 00:00:00+00:00,0.1209,0.1212,0.119,0.1191,5209030.3,0.0001
2025-11-26 04:00:00+00:00,0.1191,0.1221,0.1188,0.1216,3791432.6,0.0001
2025-11-26 08:00:00+00:00,0.1216,0.1237,0.1188,0.1191,3962529.5,0.0001
2025-11-26 12:00:00+00:00,0.1191,0.1205,0.1179,0.1184,4407364.1,0.0001
2025-11-26 16:00:00+00:00,0.1184,0.121,0.1173,0.1177,9726272.3,0.0001
2025-11-26 20:00:00+00:00,0.1177,0.1182,0.1162,0.1173,3619398.7,0.0001
2025-11-27 00:00:00+00:00,0.1173,0.1182,0.1165,0.1172,1333786.2,0.0001
2025-11-27 04:00:00+00:00,0.1172,0.118,0.1164,0.1171,878096.0,0.0001
2025-11-27 08:00:00+00:00,0.1171,0.12,0.1167,0.1192,1733620.5,0.0001
2025-11-27 12:00:00+00:00,0.1192,0.1195,0.1176,0.1193,877553.1,0.0001
2025-11-27 16:00:00+00:00,0.1193,0.121,0.1191,0.1205,379973.3,0.0001
2025-11-27 20:00:00+00:00,0.1205,0.1214,0.1196,0.1204,1096620.9,0.0001
2025-11-28 00:00:00+00:00,0.1204,0.1221,0.1198,0.1205,1613013.9,0.0001
2025-11-28 04:00:00+00:00,0.1205,0.1209,0.1199,0.1203,342329.7,0.0001
2025-11-28 08:00:00+00:00,0.1203,0.1223,0.1201,0.1203,3996973.5,0.0001
2025-11-28 12:00:00+00:00,0.1203,0.1211,0.1194,0.12,562873.9,0.0001
2025-11-28 16:00:00+00:00,0.12,0.1203,0.1191,0.1201,424257.0,-0.00013568
2025-11-28 20:00:00+00:00,0.1201,0.1201,0.1191,0.1199,270865.6,-0.00013568
2025-11-29 00:00:00+00:00,0.1199,0.1199,0.1187,0.119,319617.7,0.0001
2025-11-29 04:00:00+00:00,0.119,0.119,0.1172,0.1176,417580.7,0.0001
2025-11-29 08:00:00+00:00,0.1176,0.1185,0.117,0.1184,339693.6,0.0001
2025-11-29 12:00:00+00:00,0.1184,0.1185,0.1157,0.117,373284.6,0.0001
2025-11-29 16:00:00+00:00,0.117,0.1172,0.1156,0.1166,307813.7,0.0001
2025-11-29 20:00:00+00:00,0.1166,0.1169,0.1161,0.1168,111028.4,0.0001
2025-11-30 00:00:00+00:00,0.1168,0.1177,0.116,0.1174,231982.8,0.0001
2025-11-30 04:00:00+00:00,0.1174,0.1175,0.1161,0.117,220098.9,0.0001
2025-11-30 08:00:00+00:00,0.117,0.1186,0.1166,0.1177,1286518.4,0.0001
2025-11-30 12:00:00+00:00,0.1177,0.1186,0.1172,0.1177,253158.9,0.0001
2025-11-30 16:00:00+00:00,0.1177,0.1225,0.1177,0.1205,1505478.1,-8.235e-05
2025-11-30 20:00:00+00:00,0.1205,0.1215,0.1185,0.1185,323232.7,-8.235e-05
2025-12-01 00:00:00+00:00,0.1185,0.1201,0.1167,0.1176,3792814.5,-0.00011241
2025-12-01 04:00:00+00:00,0.1176,0.1191,0.1079,0.1081,3228387.2,-0.00011241
2025-12-01 08:00:00+00:00,0.1081,0.1099,0.1077,0.1088,915304.6,-2.897e-05
2025-12-01 12:00:00+00:00,0.1088,0.109,0.1056,0.1071,2176640.4,-2.897e-05
2025-12-01 16:00:00+00:00,0.1071,0.1075,0.1058,0.1073,597370.7,-0.00024565
2025-12-01 20:00:00+00:00,0.1073,0.1112,0.1073,0.1107,717484.3,-0.00024565
2025-12-02 00:00:00+00:00,0.1107,0.1113,0.1095,0.111,987492.5,-0.00033374
2025-12-02 04:00:00+00:00,0.111,0.1141,0.1102,0.1121,1584031.2,-0.00033374
2025-12-02 08:00:00+00:00,0.1121,0.1176,0.111,0.117,2600152.5,0.0001
2025-12-02 12:00:00+00:00,0.117,0.129,0.1146,0.1287,4945786.6,0.0001
2025-12-02 16:00:00+00:00,0.1287,0.1301,0.1249,0.1285,12169248.0,0.0001
2025-12-02 20:00:00+00:00,0.1285,0.1289,0.1252,0.1255,2253986.0,0.0001
2025-12-03 00:00:00+00:00,0.1255,0.1267,0.1242,0.125,630119.7,0.0001
2025-12-03 04:00:00+00:00,0.125,0.1257,0.1224,0.1224,894717.4,0.0001
2025-12-03 08:00:00+00:00,0.1224,0.1245,0.1218,0.1244,411035.8,0.0001
2025-12-03 12:00:00+00:00,0.1244,0.1249,0.1215,0.1237,936165.3,0.0001
2025-12-03 16:00:00+00:00,0.1237,0.1259,0.1231,0.1241,536831.4,0.0001
2025-12-03 20:00:00+00:00,0.1241,0.1254,0.1236,0.1238,441572.2,0.0001
2025-12-04 00:00:00+00:00,0.1238,0.1261,0.1219,0.1252,702276.0,0.0001
2025-12-04 04:00:00+00:00,0.1252,0.128,0.1252,0.1268,1312206.9,0.0001
2025-12-04 08:00:00+00:00,0.1268,0.1291,0.125,0.1286,808718.8,0.0001
2025-12-04 12:00:00+00:00,0.1286,0.1298,0.1243,0.1253,1286029.3,0.0001
2025-12-04 16:00:00+00:00,0.1253,0.1261,0.1208,0.1228,689440.9,0.0001
2025-12-04 20:00:00+00:00,0.1228,0.1234,0.1219,0.1224,336941.1,0.0001
2025-12-05 00:00:00+00:00,0.1224,0.1231,0.1219,0.1223,350366.3,0.0001
2025-12-05 04:00:00+00:00,0.1223,0.1231,0.1214,0.1224,224556.1,0.0001
2025-12-05 08:00:00+00:00,0.1224,0.1225,0.1205,0.1211,381975.2,0.0001
2025-12-05 12:00:00+00:00,0.1211,0.1218,0.1194,0.1203,813659.7,0.0001
2025-12-05 16:00:00+00:00,0.1203,0.1204,0.117,0.1182,1665816.7,0.0001
2025-12-05 20:00:00+00:00,0.1182,0.12,0.1179,0.1199,443887.7,0.0001
2025-12-06 00:00:00+00:00,0.1199,0.124,0.1193,0.1233,931379.9,0.0001
2025-12-06 04:00:00+00:00,0.1233,0.1233,0.1199,0.1205,655207.7,0.0001
2025-12-06 08:00:00+00:00,0.1205,0.1216,0.12,0.1207,291920.4,0.0001
2025-12-06 12:00:00+00:00,0.1207,0.1239,0.1201,0.1231,854496.8,0.0001
2025-12-06 16:00:00+00:00,0.1231,0.1243,0.1216,0.1223,828010.6,0.0001
2025-12-06 20:00:00+00:00,0.1223,0.1234,0.1212,0.1219,360493.3,0.0001
2025-12-07 00:00:00+00:00,0.1219,0.1232,0.1218,0.1222,311936.0,0.0001
2025-12-07 04:00:00+00:00,0.1222,0.1237,0.121,0.1216,951249.7,0.0001
2025-12-07 08:00:00+00:00,0.1216,0.122,0.12,0.1203,545314.3,0.0001
2025-12-07 12:00:00+00:00,0.1203,0.1216,0.1175,0.1198,1660371.0,0.0001
2025-12-07 16:00:00+00:00,0.1198,0.1229,0.119,0.1228,943525.5,0.0001
2025-12-07 20:00:00+00:00,0.1228,0.1243,0.1178,0.119,1764238.6,0.0001
2025-12-08 00:00:00+00:00,0.119,0.1214,0.1188,0.1205,436302.4,9.942e-05
2025-12-08 04:00:00+00:00,0.1205,0.1213,0.1196,0.1204,613018.9,9.942e-05
2025-12-08 08:00:00+00:00,0.1204,0.1223,0.1199,0.1215,908886.9,-0.00014757
2025-12-08 12:00:00+00:00,0.1215,0.123,0.1205,0.1206,773578.0,-0.00014757
2025-12-08 16:00:00+00:00,0.1206,0.1216,0.1192,0.1194,758541.1,2.735e-05
2025-12-08 20:00:00+00:00,0.1194,0.1209,0.1191,0.1199,356481.8,2.735e-05
2025-12-09 00:00:00+00:00,0.1199,0.1215,0.1192,0.1213,739571.6,0.0001
2025-12-09 04:00:00+00:00,0.1213,0.1215,0.1193,0.1215,833345.2,0.0001
2025-12-09 08:00:00+00:00,0.1215,0.1218,0.1202,0.1216,946042.2,0.0001
2025-12-09 12:00:00+00:00,0.1216,0.132,0.1216,0.1311,3166571.9,0.0001
2025-12-09 16:00:00+00:00,0.1311,0.1394,0.131,0.1321,7934702.8,0.0001
2025-12-09 20:00:00+00:00,0.1321,0.1321,0.1275,0.1276,1778050.0,0.0001
2025-12-10 00:00:00+00:00,0.1276,0.1307,0.1273,0.1293,3405655.0,0.0001
2025-12-10 04:00:00+00:00,0.1293,0.1298,0.1271,0.1277,925453.6,0.0001
2025-12-10 08:00:00+00:00,0.1277,0.1286,0.1272,0.1285,1012420.2,0.0001
2025-12-10 12:00:00+00:00,0.1285,0.1312,0.1276,0.1306,1670678.9,0.0001
2025-12-10 16:00:00+00:00,0.1306,0.1337,0.1291,0.1315,2277396.6,0.0001
2025-12-10 20:00:00+00:00,0.1315,0.1333,0.1271,0.1274,1424859.1,0.0001
2025-12-11 00:00:00+00:00,0.1274,0.1283,0.1226,0.1228,823807.9,0.0001
2025-12-11 04:00:00+00:00,0.1228,0.1242,0.1223,0.1229,634973.0,0.0001
2025-12-11 08:00:00+00:00,0.1229,0.1234,0.1216,0.1227,499142.8,0.0001
2025-12-11 12:00:00+00:00,0.1227,0.1232,0.1212,0.1224,658153.4,0.0001
2025-12-11 16:00:00+00:00,0.1224,0.1256,0.1215,0.1245,546555.1,0.0001
2025-12-11 20:00:00+00:00,0.1245,0.1273,0.1242,0.1254,821892.3,0.0001
2025-12-12 00:00:00+00:00,0.1254,0.1257,0.1231,0.1236,391460.8,0.0001
2025-12-12 04:00:00+00:00,0.1236,0.1244,0.1228,0.1234,231150.6,0.0001
2025-12-12 08:00:00+00:00,0.1234,0.1262,0.1226,0.1258,357091.7,0.0001
2025-12-12 12:00:00+00:00,0.1258,0.1268,0.1198,0.121,1149277.6,0.0001
2025-12-12 16:00:00+00:00,0.121,0.1228,0.1207,0.1218,1156013.4,0.0001
2025-12-12 20:00:00+00:00,0.1218,0.1289,0.1216,0.1275,1797885.1,0.0001
2025-12-13 00:00:00+00:00,0.1275,0.1312,0.1264,0.1297,2944860.4,0.0001
2025-12-13 04:00:00+00:00,0.1297,0.1334,0.1291,0.1303,2894832.6,0.0001
2025-12-13 08:00:00+00:00,0.1303,0.1304,0.1277,0.1278,1347429.2,0.0001
2025-12-13 12:00:00+00:00,0.1278,0.133,0.1278,0.1326,2383856.7,0.0001
2025-12-13 16:00:00+00:00,0.1326,0.1342,0.131,0.1329,906832.8,0.0001
2025-12-13 20:00:00+00:00,0.1329,0.1333,0.1308,0.1328,545651.7,0.0001
2025-12-14 00:00:00+00:00,0.1328,0.134,0.1313,0.1319,867384.5,0.0001
2025-12-14 04:00:00+00:00,0.1319,0.1321,0.1286,0.1291,600347.7,0.0001
2025-12-14 08:00:00+00:00,0.1291,0.1322,0.1288,0.132,592794.4,0.0001
2025-12-14 12:00:00+00:00,0.132,0.1329,0.1289,0.1292,773282.9,0.0001
2025-12-14 16:00:00+00:00,0.1292,0.1302,0.1275,0.1281,647316.0,0.0001
2025-12-14 20:00:00+00:00,0.1281,0.1292,0.1247,0.1262,588710.6,0.0001
2025-12-15 00:00:00+00:00,0.1262,0.1312,0.1254,0.1261,941658.6,0.0001
2025-12-15 04:00:00+00:00,0.1261,0.1269,0.1253,0.1255,601486.4,0.0001
2025-12-15 08:00:00+00:00,0.1255,0.1263,0.1251,0.1261,285524.7,0.0001
2025-12-15 12:00:00+00:00,0.1261,0.1313,0.1242,0.125,3222932.0,0.0001
2025-12-15 16:00:00+00:00,0.125,0.1258,0.1203,0.1239,1303249.2,0.0001
2025-12-15 20:00:00+00:00,0.1239,0.1251,0.1226,0.1251,531049.7,0.0001
2025-12-16 00:00:00+00:00,0.1251,0.1251,0.1222,0.1229,550482.1,0.0001
2025-12-16 04:00:00+00:00,0.1229,0.1229,0.1199,0.1216,399870.5,0.0001
2025-12-16 08:00:00+00:00,0.1216,0.1241,0.1214,0.1238,267034.9,0.0001
2025-12-16 12:00:00+00:00,0.1238,0.1255,0.1214,0.123,1024450.0,0.0001
2025-12-16 16:00:00+00:00,0.123,0.1237,0.1213,0.1223,933485.0,0.0001
2025-12-16 20:00:00+00:00,0.1223,0.1228,0.1217,0.1228,321083.9,0.0001
2025-12-17 00:00:00+00:00,0.1228,0.1228,0.1204,0.121,8313603.3,0.0001
2025-12-17 04:00:00+00:00,0.121,0.1241,0.1198,0.1223,2003761.4,0.0001
2025-12-17 08:00:00+00:00,0.1223,0.1224,0.121,0.1218,558290.7,0.0001
2025-12-17 12:00:00+00:00,0.1218,0.1241,0.1195,0.1199,1818516.8,0.0001
2025-12-17 16:00:00+00:00,0.1199,0.1206,0.1137,0.1149,1771991.3,0.0001
2025-12-17 20:00:00+00:00,0.1149,0.1157,0.114,0.1142,523516.6,0.0001
2025-12-18 00:00:00+00:00,0.1142,0.1146,0.1123,0.1139,922689.9,0.0001
2025-12-18 04:00:00+00:00,0.1139,0.1146,0.111,0.1128,655763.1,0.0001
2025-12-18 08:00:00+00:00,0.1128,0.1151,0.1119,0.1149,2012470.8,0.0001
2025-12-18 12:00:00+00:00,0.1149,0.1173,0.1142,0.1159,1637940.5,0.0001
2025-12-18 16:00:00+00:00,0.1159,0.1164,0.1072,0.1073,1682210.7,0.0001
2025-12-18 20:00:00+00:00,0.1073,0.1102,0.1073,0.1086,1080997.5,0.0001
2025-12-19 00:00:00+00:00,0.1086,0.1128,0.1075,0.1117,1251458.5,0.0001
2025-12-19 04:00:00+00:00,0.1117,0.1144,0.1115,0.1134,1000908.5,0.0001
2025-12-19 08:00:00+00:00,0.1134,0.1141,0.1126,0.113,661942.0,0.0001
2025-12-19 12:00:00+00:00,0.113,0.115,0.1122,0.1134,1447227.2,0.0001
2025-12-19 16:00:00+00:00,0.1134,0.1157,0.1125,0.1155,1538406.0,0.0001
2025-12-19 20:00:00+00:00,0.1155,0.1175,0.1154,0.1165,759950.1,0.0001
2025-12-20 00:00:00+00:00,0.1165,0.117,0.1157,0.1167,410550.1,0.0001
2025-12-20 04:00:00+00:00,0.1167,0.1169,0.1159,0.1168,285447.8,0.0001
2025-12-20 08:00:00+00:00,0.1168,0.1172,0.1153,0.1161,629422.9,0.0001
2025-12-20 12:00:00+00:00,0.1161,0.1166,0.1153,0.1165,727196.3,0.0001
2025-12-20 16:00:00+00:00,0.1165,0.117,0.1162,0.1165,234345.4,0.0001
2025-12-20 20:00:00+00:00,0.1165,0.1167,0.1157,0.1157,240347.9,0.0001
2025-12-21 00:00:00+00:00,0.1157,0.1161,0.1137,0.1142,475181.8,0.0001
2025-12-21 04:00:00+00:00,0.1142,0.1149,0.114,0.1148,197022.4,0.0001
2025-12-21 08:00:00+00:00,0.1148,0.1155,0.1141,0.1142,292246.2,0.0001
2025-12-21 12:00:00+00:00,0.1142,0.1142,0.1099,0.1107,972529.5,0.0001
2025-12-21 16:00:00+00:00,0.1107,0.1116,0.1095,0.1104,478176.9,0.0001
2025-12-21 20:00:00+00:00,0.1104,0.1114,0.1095,0.1106,367302.5,0.0001
2025-12-22 00:00:00+00:00,0.1106,0.1128,0.1096,0.1114,1327706.9,0.0001
2025-12-22 04:00:00+00:00,0.1114,0.1137,0.1114,0.1136,626991.7,0.0001
2025-12-22 08:00:00+00:00,0.1136,0.1147,0.1133,0.1138,566252.2,0.0001
2025-12-22 12:00:00+00:00,0.1138,0.1146,0.1126,0.1129,892520.5,0.0001
2025-12-22 16:00:00+00:00,0.1129,0.1145,0.1115,0.1117,1011816.3,0.0001
2025-12-22 20:00:00+00:00,0.1117,0.1127,0.111,0.1127,501754.2,0.0001
2025-12-23 00:00:00+00:00,0.1127,0.1133,0.1106,0.1114,534071.6,0.0001
2025-12-23 04:00:00+00:00,0.1114,0.1116,0.1103,0.1109,325494.4,0.0001
2025-12-23 08:00:00+00:00,0.1109,0.11124,0.11045,0.1111,639461.6,0.0001
2025-12-23 12:00:00+00:00,0.1111,0.1116,0.10881,0.11027,1853775.4,0.0001
2025-12-23 16:00:00+00:00,0.11027,0.11262,0.11005,0.1118,1220895.0,4.009e-05
2025-12-23 20:00:00+00:00,0.1118,0.11313,0.1115,0.11201,800117.1,4.009e-05
2025-12-24 00:00:00+00:00,0.11201,0.11254,0.10987,0.11067,633668.3,0.0001
2025-12-24 04:00:00+00:00,0.11067,0.11154,0.10967,0.1098,596902.5,0.0001
2025-12-24 08:00:00+00:00,0.1098,0.10997,0.1083,0.10866,960571.3,0.0001
2025-12-24 12:00:00+00:00,0.10866,0.10991,0.10768,0.10967,1072410.8,0.0001
2025-12-24 16:00:00+00:00,0.10967,0.11044,0.10894,0.1095,676148.5,0.0001
2025-12-24 20:00:00+00:00,0.1095,0.11046,0.1094,0.11,510124.3,0.0001
2025-12-25 00:00:00+00:00,0.11,0.11021,0.10874,0.10985,486334.9,0.0001
2025-12-25 04:00:00+00:00,0.10985,0.11167,0.10956,0.11139,518125.4,0.0001
2025-12-25 08:00:00+00:00,0.11139,0.1118,0.10928,0.10952,691134.3,0.0001
2025-12-25 12:00:00+00:00,0.10952,0.11019,0.10871,0.10989,684453.6,0.0001
2025-12-25 16:00:00+00:00,0.10989,0.11053,0.10942,0.11029,680261.4,0.0001
2025-12-25 20:00:00+00:00,0.11029,0.11137,0.10701,0.10715,1496227.6,0.0001
2025-12-26 00:00:00+00:00,0.10715,0.10885,0.10615,0.10762,1830720.0,0.0001
2025-12-26 04:00:00+00:00,0.10762,0.1085,0.1071,0.10725,960449.2,0.0001
2025-12-26 08:00:00+00:00,0.10725,0.10889,0.10722,0.1086,854820.2,0.0001
2025-12-26 12:00:00+00:00,0.1086,0.10973,0.10631,0.10721,1637948.9,0.0001
2025-12-26 16:00:00+00:00,0.10721,0.10829,0.10615,0.10766,846041.4,0.0001
2025-12-26 20:00:00+00:00,0.10766,0.10783,0.10685,0.10743,854948.6,0.0001
2025-12-27 00:00:00+00:00,0.10743,0.10822,0.10738,0.10764,679515.2,0.0001
2025-12-27 04:00:00+00:00,0.10764,0.108,0.1073,0.10767,667013.0,0.0001
2025-12-27 08:00:00+00:00,0.10767,0.10825,0.10649,0.10814,1420617.0,0.0001
2025-12-27 12:00:00+00:00,0.10814,0.10814,0.1064,0.10748,431017.7,0.0001
2025-12-27 16:00:00+00:00,0.10748,0.10789,0.10721,0.10735,395783.5,0.0001
2025-12-27 20:00:00+00:00,0.10735,0.10915,0.10735,0.10862,462810.1,0.0001
2025-12-28 00:00:00+00:00,0.10862,0.10886,0.10752,0.10766,593451.0,0.0001
2025-12-28 04:00:00+00:00,0.10766,0.10865,0.10735,0.10831,612190.6,0.0001
2025-12-28 08:00:00+00:00,0.10831,0.1089,0.10708,0.10748,270853.3,0.0001
2025-12-28 12:00:00+00:00,0.10748,0.10803,0.10692,0.10718,616794.5,0.0001
2025-12-28 16:00:00+00:00,0.10718,0.10759,0.10584,0.10652,817746.6,0.0001
2025-12-28 20:00:00+00:00,0.10652,0.10709,0.10629,0.10699,522172.0,0.0001
2025-12-29 00:00:00+00:00,0.10699,0.11004,0.10684,0.10989,536805.0,0.0001
2025-12-29 04:00:00+00:00,0.10989,0.11067,0.10891,0.1105,512472.7,0.0001
2025-12-29 08:00:00+00:00,0.1105,0.11078,0.10799,0.10805,835381.5,0.0001
2025-12-29 12:00:00+00:00,0.10805,0.1082,0.10638,0.10748,789784.1,0.0001
2025-12-29 16:00:00+00:00,0.10748,0.10756,0.10655,0.1068,332836.1,0.0001
2025-12-29 20:00:00+00:00,0.1068,0.10715,0.10621,0.10664,392094.6,0.0001
2025-12-30 00:00:00+00:00,0.10664,0.10793,0.10642,0.10708,391459.9,0.0001
2025-12-30 04:00:00+00:00,0.10708,0.10743,0.10661,0.107,246306.1,0.0001
2025-12-30 08:00:00+00:00,0.107,0.10783,0.10686,0.10727,397715.8,0.0001
2025-12-30 12:00:00+00:00,0.10727,0.10791,0.10659,0.10762,1464369.2,0.0001
2025-12-30 16:00:00+00:00,0.10762,0.10786,0.10678,0.10744,444351.3,0.0001
2025-12-30 20:00:00+00:00,0.10744,0.10777,0.10695,0.10777,210045.0,0.0001
2025-12-31 00:00:00+00:00,0.10777,0.10777,0.10697,0.10728,387420.9,0.0001
2025-12-31 04:00:00+00:00,0.10728,0.10836,0.10698,0.10762,1704354.7,0.0001
2025-12-31 08:00:00+00:00,0.10762,0.10796,0.10716,0.10794,336375.5,0.0001
2025-12-31 12:00:00+00:00,0.10794,0.10873,0.10736,0.10781,495743.9,0.0001
2025-12-31 16:00:00+00:00,0.10781,0.1079,0.10431,0.10618,867442.0,0.0001
2025-12-31 20:00:00+00:00,0.10618,0.10684,0.10549,0.10606,204659.7,0.0001
2026-01-01 00:00:00+00:00,0.10606,0.10638,0.10579,0.10584,186555.3,0.0001
2026-01-01 04:00:00+00:00,0.10584,0.10682,0.10547,0.10586,926757.4,0.0001
2026-01-01 08:00:00+00:00,0.10586,0.10684,0.10585,0.10667,520510.1,0.0001
2026-01-01 12:00:00+00:00,0.10667,0.10817,0.10591,0.10755,769753.9,0.0001
2026-01-01 16:00:00+00:00,0.10755,0.10958,0.10742,0.10956,854628.5,0.0001
2026-01-01 20:00:00+00:00,0.10956,0.11078,0.10939,0.11078,673805.6,0.0001
2026-01-02 00:00:00+00:00,0.11078,0.11219,0.10975,0.11199,990046.4,0.0001
2026-01-02 04:00:00+00:00,0.11199,0.11233,0.11074,0.11099,517542.1,0.0001
2026-01-02 08:00:00+00:00,0.11099,0.11394,0.11092,0.11299,1319707.6,0.0001
2026-01-02 12:00:00+00:00,0.11299,0.11587,0.11251,0.1156,1442145.7,0.0001
2026-01-02 16:00:00+00:00,0.1156,0.11633,0.11381,0.1144,1031257.6,0.0001
2026-01-02 20:00:00+00:00,0.1144,0.11632,0.11428,0.11575,387642.4,0.0001
2026-01-03 00:00:00+00:00,0.11575,0.11733,0.11556,0.11714,607736.6,0.0001
2026-01-03 04:00:00+00:00,0.11714,0.11732,0.11284,0.11315,1138151.7,0.0001
2026-01-03 08:00:00+00:00,0.11315,0.11449,0.11294,0.1139,473998.3,0.0001
2026-01-03 12:00:00+00:00,0.1139,0.11504,0.11373,0.11408,479040.2,0.0001
2026-01-03 16:00:00+00:00,0.11408,0.11568,0.11399,0.11452,560858.3,0.0001
2026-01-03 20:00:00+00:00,0.11452,0.11522,0.11393,0.11508,296606.3,0.0001
2026-01-04 00:00:00+00:00,0.11508,0.11819,0.11504,0.118,684776.0,0.0001
2026-01-04 04:00:00+00:00,0.118,0.11962,0.11775,0.11902,552199.7,0.0001
2026-01-04 08:00:00+00:00,0.11902,0.11962,0.11807,0.11913,461813.8,0.0001
2026-01-04 12:00:00+00:00,0.11913,0.12107,0.11865,0.12075,866358.3,0.0001
2026-01-04 16:00:00+00:00,0.12075,0.12177,0.1198,0.12053,388578.0,0.0001
2026-01-04 20:00:00+00:00,0.12053,0.1217,0.12036,0.1205,351609.5,0.0001
2026-01-05 00:00:00+00:00,0.1205,0.12284,0.11976,0.12092,822715.0,0.0001
2026-01-05 04:00:00+00:00,0.12092,0.12111,0.1182,0.12001,489147.8,0.0001
2026-01-05 08:00:00+00:00,0.12001,0.12032,0.1182,0.11881,403439.2,0.0001
2026-01-05 12:00:00+00:00,0.11881,0.12107,0.11833,0.12059,534683.5,0.0001
2026-01-05 16:00:00+00:00,0.12059,0.12252,0.11919,0.12189,561674.9,0.0001
2026-01-05 20:00:00+00:00,0.12189,0.12338,0.12177,0.12274,336035.0,0.0001
2026-01-06 00:00:00+00:00,0.12274,0.12351,0.1212,0.12327,337573.0,0.0001
2026-01-06 04:00:00+00:00,0.12327,0.12378,0.12092,0.12118,645880.9,0.0001
2026-01-06 08:00:00+00:00,0.12118,0.12487,0.12118,0.12483,363519.4,0.0001
2026-01-06 12:00:00+00:00,0.12483,0.12812,0.12359,0.12432,1061830.9,0.0001
2026-01-06 16:00:00+00:00,0.12432,0.1248,0.11902,0.12067,992620.5,0.0001
2026-01-06 20:00:00+00:00,0.12067,0.1244,0.12067,0.12414,569210.2,0.0001
2026-01-07 00:00:00+00:00,0.12414,0.12417,0.12073,0.12224,689039.3,0.0001
2026-01-07 04:00:00+00:00,0.12224,0.12449,0.12166,0.12449,426543.9,0.0001
2026-01-07 08:00:00+00:00,0.12449,0.12582,0.12193,0.1232,669822.2,0.0001
2026-01-07 12:00:00+00:00,0.1232,0.12348,0.11972,0.1205,963346.5,0.0001
2026-01-07 16:00:00+00:00,0.1205,0.12248,0.11822,0.12137,1614486.6,0.0001
2026-01-07 20:00:00+00:00,0.12137,0.12146,0.11974,0.12092,776609.3,0.0001
2026-01-08 00:00:00+00:00,0.12092,0.12206,0.11934,0.11956,471871.9,7.767e-05
2026-01-08 04:00:00+00:00,0.11956,0.12118,0.1176,0.12006,702724.6,7.767e-05
2026-01-08 08:00:00+00:00,0.12006,0.12065,0.1175,0.11864,695940.6,0.0001
2026-01-08 12:00:00+00:00,0.11864,0.12101,0.11688,0.12101,1030339.7,0.0001
2026-01-08 16:00:00+00:00,0.12101,0.12159,0.11984,0.12109,662697.0,0.0001
2026-01-08 20:00:00+00:00,0.12109,0.12632,0.12052,0.12396,1733428.2,0.0001
2026-01-09 00:00:00+00:00,0.12396,0.12628,0.1219,0.12454,961328.8,0.0001
2026-01-09 04:00:00+00:00,0.12454,0.12592,0.12357,0.12555,342108.2,0.0001
2026-01-09 08:00:00+00:00,0.12555,0.12687,0.12235,0.12523,1003323.3,0.0001
2026-01-09 12:00:00+00:00,0.12523,0.12688,0.12385,0.12535,846501.0,0.0001
2026-01-09 16:00:00+00:00,0.12535,0.12807,0.12271,0.12271,898223.3,0.0001
2026-01-09 20:00:00+00:00,0.12271,0.12466,0.12253,0.12412,309395.2,0.0001
2026-01-10 00:00:00+00:00,0.12412,0.12538,0.12344,0.12531,465257.5,0.0001
2026-01-10 04:00:00+00:00,0.12531,0.12602,0.12338,0.12573,373355.0,0.0001
2026-01-10 08:00:00+00:00,0.12573,0.12951,0.1257,0.12931,855923.9,0.0001
2026-01-10 12:00:00+00:00,0.12931,0.12934,0.12774,0.12824,497914.1,0.0001
2026-01-10 16:00:00+00:00,0.12824,0.13019,0.12738,0.13019,729578.1,0.0001
2026-01-10 20:00:00+00:00,0.13019,0.13046,0.12655,0.1268,436444.2,0.0001
2026-01-11 00:00:00+00:00,0.1268,0.12769,0.12632,0.12702,365444.6,0.0001
2026-01-11 04:00:00+00:00,0.12702,0.12806,0.12674,0.12796,384876.8,0.0001
2026-01-11 08:00:00+00:00,0.12796,0.12903,0.12734,0.12832,721753.7,0.0001
2026-01-11 12:00:00+00:00,0.12832,0.12851,0.1268,0.12723,310748.6,0.0001
2026-01-11 16:00:00+00:00,0.12723,0.12913,0.12715,0.12859,597397.7,0.0001
2026-01-11 20:00:00+00:00,0.12859,0.12859,0.12545,0.12748,941864.8,0.0001
2026-01-12 00:00:00+00:00,0.12748,0.1328,0.12539,0.13149,1150627.4,-3.71e-06
2026-01-12 04:00:00+00:00,0.13149,0.13216,0.1278,0.12783,524565.9,-3.71e-06
2026-01-12 08:00:00+00:00,0.12783,0.12857,0.12493,0.12536,761471.1,9.108e-05
2026-01-12 12:00:00+00:00,0.12536,0.12653,0.12262,0.1259,1245250.5,9.108e-05
2026-01-12 16:00:00+00:00,0.1259,0.12787,0.12543,0.12709,653090.1,0.0001
2026-01-12 20:00:00+00:00,0.12709,0.12774,0.12557,0.12586,545847.0,0.0001
2026-01-13 00:00:00+00:00,0.12586,0.12632,0.12504,0.12613,515178.2,0.0001
2026-01-13 04:00:00+00:00,0.12613,0.12861,0.12613,0.12776,480042.2,0.0001
2026-01-13 08:00:00+00:00,0.12776,0.12934,0.12776,0.12909,459729.2,0.0001
2026-01-13 12:00:00+00:00,0.12909,0.13323,0.12847,0.13129,1065832.9,0.0001
2026-01-13 16:00:00+00:00,0.13129,0.13481,0.13101,0.13441,983400.9,0.0001
2026-01-13 20:00:00+00:00,0.13441,0.13786,0.13149,0.13658,1855742.8,0.0001
2026-01-14 00:00:00+00:00,0.13658,0.1399,0.13596,0.13926,491251.9,0.0001
2026-01-14 04:00:00+00:00,0.13926,0.14117,0.13839,0.14096,899834.2,0.0001
2026-01-14 08:00:00+00:00,0.14096,0.14511,0.14019,0.14107,1269875.2,0.0001
2026-01-14 12:00:00+00:00,0.14107,0.1476,0.13932,0.14749,943924.0,0.0001
2026-01-14 16:00:00+00:00,0.14749,0.15019,0.14069,0.14479,1516127.0,0.0001
2026-01-14 20:00:00+00:00,0.14479,0.14531,0.14036,0.14322,784686.4,0.0001
2026-01-15 00:00:00+00:00,0.14322,0.14322,0.137,0.13752,638875.5,0.0001
2026-01-15 04:00:00+00:00,0.13752,0.14058,0.13735,0.14009,587306.5,0.0001
2026-01-15 08:00:00+00:00,0.14009,0.14146,0.1391,0.13995,553789.2,-2.699e-05
2026-01-15 12:00:00+00:00,0.13995,0.14059,0.13766,0.13955,753688.0,-2.699e-05
2026-01-15 16:00:00+00:00,0.13955,0.13958,0.13511,0.13663,687913.2,0.0001
2026-01-15 20:00:00+00:00,0.13663,0.14045,0.13548,0.14031,702982.6,0.0001
2026-01-16 00:00:00+00:00,0.14031,0.1431,0.13959,0.14123,557156.0,-6.222e-05
2026-01-16 04:00:00+00:00,0.14123,0.143,0.1399,0.14112,478997.9,-6.222e-05
2026-01-16 08:00:00+00:00,0.14112,0.14146,0.13988,0.14048,255905.1,0.0001
2026-01-16 12:00:00+00:00,0.14048,0.14149,0.1372,0.13756,697099.3,0.0001
2026-01-16 16:00:00+00:00,0.13756,0.14114,0.13739,0.14007,1527506.6,0.0001
2026-01-16 20:00:00+00:00,0.14007,0.14219,0.13933,0.14211,425422.7,0.0001
2026-01-17 00:00:00+00:00,0.14211,0.14326,0.14118,0.14191,423040.8,0.0001
2026-01-17 04:00:00+00:00,0.14191,0.14316,0.14114,0.14225,360568.1,0.0001
2026-01-17 08:00:00+00:00,0.14225,0.14362,0.14177,0.1425,548404.4,0.0001
2026-01-17 12:00:00+00:00,0.1425,0.14786,0.14221,0.14715,1056967.2,0.0001
2026-01-17 16:00:00+00:00,0.14715,0.15056,0.1443,0.15043,980485.2,0.0001
2026-01-17 20:00:00+00:00,0.15043,0.15179,0.14845,0.15094,1699964.6,0.0001
2026-01-18 00:00:00+00:00,0.15094,0.15226,0.14835,0.14906,926414.2,0.0001
2026-01-18 04:00:00+00:00,0.14906,0.14936,0.1475,0.14864,761141.8,0.0001
2026-01-18 08:00:00+00:00,0.14864,0.14957,0.14754,0.14808,405507.9,-0.00037533
2026-01-18 12:00:00+00:00,0.14808,0.15029,0.1475,0.14859,987987.2,-0.00037533
2026-01-18 16:00:00+00:00,0.14859,0.14929,0.14781,0.1482,376977.6,-4.04e-06
2026-01-18 20:00:00+00:00,0.1482,0.14896,0.14674,0.14746,863162.0,-4.04e-06
2026-01-19 00:00:00+00:00,0.14746,0.1487,0.13865,0.14679,4021699.4,-0.00013057
2026-01-19 04:00:00+00:00,0.14679,0.14813,0.14546,0.14594,743481.2,-0.00013057
2026-01-19 08:00:00+00:00,0.14594,0.14706,0.14542,0.14579,357877.8,0.0001
2026-01-19 12:00:00+00:00,0.14579,0.14663,0.14313,0.14362,1331646.3,0.0001
2026-01-19 16:00:00+00:00,0.14362,0.14949,0.1432,0.14592,826756.5,0.0001
2026-01-19 20:00:00+00:00,0.14592,0.15419,0.14591,0.15206,1821294.2,0.0001
2026-01-20 00:00:00+00:00,0.15206,0.15683,0.14834,0.14919,1927478.1,0.0001
2026-01-20 04:00:00+00:00,0.14919,0.14958,0.14565,0.14679,1428790.4,0.0001
2026-01-20 08:00:00+00:00,0.14679,0.15143,0.14615,0.14745,1226349.7,0.0001
2026-01-20 12:00:00+00:00,0.14745,0.14867,0.14158,0.14463,1834074.1,0.0001
2026-01-20 16:00:00+00:00,0.14463,0.15469,0.14293,0.15184,4022873.5,-1.442e-05
2026-01-20 20:00:00+00:00,0.15184,0.15523,0.14892,0.15429,2365677.1,-1.442e-05
2026-01-21 00:00:00+00:00,0.15429,0.16629,0.15359,0.16585,2816857.4,-0.00025686
2026-01-21 04:00:00+00:00,0.16585,0.16999,0.16258,0.16853,6379851.7,-0.00025686
2026-01-21 08:00:00+00:00,0.16853,0.16971,0.16291,0.1633,3238106.1,-0.00041569
2026-01-21 12:00:00+00:00,0.1633,0.17213,0.16055,0.17158,3683910.2,-0.00041569
2026-01-21 16:00:00+00:00,0.17158,0.17349,0.16213,0.1656,3559051.0,-0.00015773
2026-01-21 20:00:00+00:00,0.1656,0.16734,0.16249,0.16614,1260330.9,-0.00015773
2026-01-22 00:00:00+00:00,0.16614,0.17296,0.16428,0.16475,3087711.2,0.0001
2026-01-22 04:00:00+00:00,0.16475,0.16974,0.16077,0.16932,1704838.9,0.0001
2026-01-22 08:00:00+00:00,0.16932,0.1716,0.16611,0.16639,2120833.7,-0.00039861
2026-01-22 12:00:00+00:00,0.16639,0.16817,0.16361,0.16456,997000.1,-0.00039861
2026-01-22 16:00:00+00:00,0.16456,0.18016,0.16367,0.1733,5530248.6,-0.00063594
2026-01-22 20:00:00+00:00,0.1733,0.18803,0.17124,0.18707,7657096.5,-0.00063594
2026-01-23 00:00:00+00:00,0.18707,0.19792,0.18537,0.19496,8398971.0,-0.00109607
2026-01-23 04:00:00+00:00,0.19496,0.20342,0.19363,0.19677,12428928.0,-0.00109607
2026-01-23 08:00:00+00:00,0.19677,0.1977,0.18634,0.18989,6983381.3,-0.00129009
2026-01-23 12:00:00+00:00,0.18989,0.20061,0.18938,0.19965,9251130.8,-0.00129009
2026-01-23 16:00:00+00:00,0.19965,0.20544,0.19771,0.19855,10949341.4,-0.00035068
2026-01-23 20:00:00+00:00,0.19855,0.20384,0.1965,0.19742,5097279.8,-0.00035068
2026-01-24 00:00:00+00:00,0.19742,0.19951,0.19326,0.19361,4990638.4,-0.00024456
2026-01-24 04:00:00+00:00,0.19361,0.19489,0.191,0.19261,3271054.4,-0.00024456
2026-01-24 08:00:00+00:00,0.19261,0.19373,0.18079,0.18272,4356935.8,0.0001
2026-01-24 12:00:00+00:00,0.18272,0.18504,0.17915,0.1792,2707281.1,0.0001
2026-01-24 16:00:00+00:00,0.1792,0.17929,0.17431,0.17447,2372732.7,0.0001
2026-01-24 20:00:00+00:00,0.17447,0.17577,0.17171,0.17207,2460649.1,0.0001
2026-01-25 00:00:00+00:00,0.17207,0.17306,0.16822,0.16886,3263828.5,0.0001
2026-01-25 04:00:00+00:00,0.16886,0.1781,0.16654,0.16807,5171149.3,0.0001
2026-01-25 08:00:00+00:00,0.16807,0.16919,0.1657,0.16626,2952593.6,0.0001
2026-01-25 12:00:00+00:00,0.16626,0.16627,0.16239,0.16287,2819515.2,0.0001
2026-01-25 16:00:00+00:00,0.16287,0.16853,0.15823,0.16519,9375297.2,-0.00012366
2026-01-25 20:00:00+00:00,0.16519,0.16687,0.16144,0.16357,2780648.4,-0.00012366
2026-01-26 00:00:00+00:00,0.16357,0.16518,0.1616,0.16252,2345937.0,0.0001
2026-01-26 04:00:00+00:00,0.16252,0.16953,0.16142,0.16452,3060899.1,0.0001
2026-01-26 08:00:00+00:00,0.16452,0.16559,0.16181,0.16436,1861787.6,0.0001
2026-01-26 12:00:00+00:00,0.16436,0.1725,0.16225,0.1648,5269621.8,0.0001
2026-01-26 16:00:00+00:00,0.1648,0.17405,0.16172,0.1719,6104003.0,0.0001
2026-01-26 20:00:00+00:00,0.1719,0.18092,0.17185,0.17326,6753172.0,0.0001
2026-01-27 00:00:00+00:00,0.17326,0.17777,0.17073,0.17164,3648807.2,1.177e-05
2026-01-27 04:00:00+00:00,0.17164,0.17226,0.16881,0.16941,1512468.4,1.177e-05
2026-01-27 08:00:00+00:00,0.16941,0.1703,0.165,0.16563,1393188.0,-4.876e-05
2026-01-27 12:00:00+00:00,0.16563,0.17035,0.16349,0.17024,1577427.0,-4.876e-05
2026-01-27 16:00:00+00:00,0.17024,0.17532,0.16651,0.16911,4733426.0,0.0001
2026-01-27 20:00:00+00:00,0.16911,0.17753,0.16843,0.17261,3529777.8,0.0001
2026-01-28 00:00:00+00:00,0.17261,0.19303,0.17207,0.19265,7085536.4,0.0001
2026-01-28 04:00:00+00:00,0.19265,0.19267,0.17963,0.18016,5813629.0,0.0001
2026-01-28 08:00:00+00:00,0.18016,0.1807,0.17584,0.17876,3261527.2,8.993e-05
2026-01-28 12:00:00+00:00,0.17876,0.18419,0.1728,0.17293,4802757.4,8.993e-05
2026-01-28 16:00:00+00:00,0.17293,0.176,0.16874,0.17412,3112688.2,0.0001
2026-01-28 20:00:00+00:00,0.17412,0.17593,0.17163,0.17184,2073259.7,0.0001
2026-01-29 00:00:00+00:00,0.17184,0.1721,0.1639,0.16651,2355939.9,5.99e-05
2026-01-29 04:00:00+00:00,0.16651,0.1798,0.16384,0.17257,5434117.4,5.99e-05
2026-01-29 08:00:00+00:00,0.17257,0.17355,0.16903,0.16962,2060474.5,-3.125e-05
2026-01-29 12:00:00+00:00,0.16962,0.17047,0.16513,0.16986,3731299.3,-3.125e-05
2026-01-29 16:00:00+00:00,0.16986,0.17778,0.16695,0.1691,5754875.3,-0.00045531
2026-01-29 20:00:00+00:00,0.1691,0.18374,0.16785,0.18295,4892033.8,-0.00045531
2026-01-30 00:00:00+00:00,0.18295,0.18603,0.17606,0.17675,10203365.2,1.111e-05
2026-01-30 04:00:00+00:00,0.17675,0.17874,0.16923,0.1709,4609048.3,1.111e-05
2026-01-30 08:00:00+00:00,0.1709,0.17379,0.16878,0.17177,3057642.4,0.0001
2026-01-30 12:00:00+00:00,0.17177,0.17462,0.1675,0.16932,3875608.5,0.0001
2026-01-30 16:00:00+00:00,0.16932,0.18127,0.16555,0.17757,4623944.8,-4.1e-05
2026-01-30 20:00:00+00:00,0.17757,0.17788,0.16437,0.16451,3064088.8,-4.1e-05
2026-01-31 00:00:00+00:00,0.16451,0.16495,0.1561,0.15748,2993222.2,0.0001
2026-01-31 04:00:00+00:00,0.15748,0.1586,0.15386,0.15557,3072283.7,0.0001
2026-01-31 08:00:00+00:00,0.15557,0.15609,0.15176,0.15255,1752611.1,0.0001
2026-01-31 12:00:00+00:00,0.15255,0.15347,0.14442,0.14442,4278934.7,0.0001
2026-01-31 16:00:00+00:00,0.14442,0.15217,0.13724,0.14348,6876654.5,-1.922e-05
2026-01-31 20:00:00+00:00,0.14348,0.15118,0.14012,0.15,3184102.3,-1.922e-05
2026-02-01 00:00:00+00:00,0.15,0.15395,0.14812,0.15068,2336585.4,0.0001
2026-02-01 04:00:00+00:00,0.15068,0.15441,0.14945,0.1528,1316643.1,0.0001
2026-02-01 08:00:00+00:00,0.1528,0.16172,0.15244,0.15889,4433104.5,0.0001
2026-02-01 12:00:00+00:00,0.15889,0.15972,0.14935,0.1501,3568431.0,0.0001
2026-02-01 16:00:00+00:00,0.1501,0.15226,0.14845,0.14907,3217981.1,0.0001
2026-02-01 20:00:00+00:00,0.14907,0.1505,0.1448,0.14712,2400834.0,0.0001
2026-02-02 00:00:00+00:00,0.14712,0.15451,0.14633,0.15078,3177472.3,0.0001
2026-02-02 04:00:00+00:00,0.15078,0.15457,0.14472,0.1496,3546407.4,0.0001
2026-02-02 08:00:00+00:00,0.1496,0.1544,0.14769,0.15126,2916172.9,0.0001
2026-02-02 12:00:00+00:00,0.15126,0.15896,0.15084,0.15708,2376043.8,0.0001
2026-02-02 16:00:00+00:00,0.15708,0.1609,0.15453,0.15554,2037785.0,0.0001
2026-02-02 20:00:00+00:00,0.15554,0.15659,0.15326,0.15451,1315918.0,0.0001
2026-02-03 00:00:00+00:00,0.15451,0.16028,0.15036,0.15982,2338479.7,0.0001
2026-02-03 04:00:00+00:00,0.15982,0.16361,0.15724,0.15943,2651257.3,0.0001
2026-02-03 08:00:00+00:00,0.15943,0.15985,0.15364,0.15524,1955462.9,0.0001
2026-02-03 12:00:00+00:00,0.15524,0.16167,0.15387,0.15755,3723553.1,0.0001
2026-02-03 16:00:00+00:00,0.15755,0.15759,0.14522,0.15392,5064655.0,2.871e-05
2026-02-03 20:00:00+00:00,0.15392,0.16014,0.15272,0.15426,4298250.6,2.871e-05
2026-02-04 00:00:00+00:00,0.15426,0.15737,0.15328,0.15671,1487114.4,0.0001
2026-02-04 04:00:00+00:00,0.15671,0.16019,0.15473,0.15791,1383688.9,0.0001
2026-02-04 08:00:00+00:00,0.15791,0.16038,0.15644,0.15763,2127808.8,0.0001
2026-02-04 12:00:00+00:00,0.15763,0.1589,0.15194,0.15466,4978003.1,0.0001
2026-02-04 16:00:00+00:00,0.15466,0.15741,0.14972,0.15672,4509729.5,-0.00023585
2026-02-04 20:00:00+00:00,0.15672,0.15679,0.15021,0.15231,2204074.4,-0.00023585
2026-02-05 00:00:00+00:00,0.15231,0.15335,0.14847,0.14918,2158241.4,0.0001
2026-02-05 04:00:00+00:00,0.14918,0.14999,0.14485,0.14528,2324104.8,0.0001
2026-02-05 08:00:00+00:00,0.14528,0.14839,0.14105,0.14268,2468308.5,0.0001
2026-02-05 12:00:00+00:00,0.14268,0.14908,0.13998,0.142,7665452.4,0.0001
2026-02-05 16:00:00+00:00,0.142,0.14545,0.13389,0.13422,6692303.9,4.115e-05
2026-02-05 20:00:00+00:00,0.13422,0.13492,0.1268,0.12705,6858164.5,4.115e-05
2026-02-06 00:00:00+00:00,0.12705,0.1315,0.11663,0.12521,11619851.7,0.0001
2026-02-06 04:00:00+00:00,0.12521,0.13168,0.12463,0.12782,2591407.7,0.0001
2026-02-06 08:00:00+00:00,0.12782,0.13093,0.1244,0.13023,2333887.7,0.0001
2026-02-06 12:00:00+00:00,0.13023,0.13852,0.12684,0.1372,4027011.4,0.0001
2026-02-06 16:00:00+00:00,0.1372,0.14967,0.13509,0.13649,5888470.2,0.0001
2026-02-06 20:00:00+00:00,0.13649,0.14445,0.13453,0.13905,1970641.1,0.0001
2026-02-07 00:00:00+00:00,0.13905,0.14663,0.13629,0.14257,2506475.8,0.0001
2026-02-07 04:00:00+00:00,0.14257,0.14462,0.13557,0.13848,2541815.6,0.0001
2026-02-07 08:00:00+00:00,0.13848,0.1407,0.13687,0.1397,1748160.6,0.0001
2026-02-07 12:00:00+00:00,0.1397,0.1449,0.13808,0.13999,2193273.1,0.0001
2026-02-07 16:00:00+00:00,0.13999,0.14615,0.13944,0.14272,5779161.3,2.637e-05
2026-02-07 20:00:00+00:00,0.14272,0.14577,0.1423,0.14562,1114142.3,2.637e-05
2026-02-08 00:00:00+00:00,0.14562,0.147,0.14102,0.14113,3672543.9,1.511e-05
2026-02-08 04:00:00+00:00,0.14113,0.14397,0.14113,0.14296,737782.4,1.511e-05
2026-02-08 08:00:00+00:00,0.14296,0.14925,0.14274,0.14767,2828521.9,-0.00028111
2026-02-08 12:00:00+00:00,0.14767,0.15511,0.14643,0.14996,4039331.8,-0.00028111
2026-02-08 16:00:00+00:00,0.14996,0.15568,0.14705,0.1528,4323150.3,-0.00039926
2026-02-08 20:00:00+00:00,0.1528,0.15357,0.14752,0.14824,2083541.0,-0.00039926
2026-02-09 00:00:00+00:00,0.14824,0.14928,0.14575,0.14786,1847336.3,-0.00043531
2026-02-09 04:00:00+00:00,0.14786,0.14861,0.14499,0.14684,882921.9,-0.00043531
2026-02-09 08:00:00+00:00,0.14684,0.14746,0.14202,0.14346,1530915.4,0.0001
2026-02-09 12:00:00+00:00,0.14346,0.15036,0.14346,0.14845,4125775.5,0.0001
2026-02-09 16:00:00+00:00,0.14845,0.15817,0.14704,0.15344,3991271.8,-0.00019491
2026-02-09 20:00:00+00:00,0.15344,0.15912,0.15141,0.15776,2477167.9,-0.00019491
2026-02-10 00:00:00+00:00,0.15776,0.16489,0.15607,0.16473,4461493.5,-0.0004725
2026-02-10 04:00:00+00:00,0.16473,0.16947,0.16244,0.16597,8049197.6,-0.0004725
2026-02-10 08:00:00+00:00,0.16597,0.17752,0.15492,0.15565,27925985.3,-0.00136397
2026-02-10 12:00:00+00:00,0.15565,0.15858,0.1465,0.15277,19538047.8,-0.00136397
2026-02-10 16:00:00+00:00,0.15277,0.15449,0.14846,0.15121,4054377.1,-0.00328579
2026-02-10 20:00:00+00:00,0.15121,0.16311,0.14885,0.15525,13142719.5,-0.00328579
2026-02-11 00:00:00+00:00,0.15525,0.2052,0.15498,0.19649,54138672.1,-0.00057441
2026-02-11 04:00:00+00:00,0.19649,0.20973,0.196,0.20444,37082630.7,-0.00057441
2026-02-11 08:00:00+00:00,0.20444,0.20603,0.19082,0.19675,25216252.8,-0.00602439
2026-02-11 12:00:00+00:00,0.19675,0.22575,0.19394,0.21249,61451005.5,-0.00602439
2026-02-11 16:00:00+00:00,0.21249,0.2199,0.19952,0.20033,32055137.0,-0.00170213
2026-02-11 20:00:00+00:00,0.20033,0.20454,0.17979,0.18233,23194268.0,-0.00170213
2026-02-12 00:00:00+00:00,0.18233,0.1919,0.17776,0.18075,18111859.9,-0.00058337
2026-02-12 04:00:00+00:00,0.18075,0.18546,0.17777,0.1836,8125533.2,-0.00058337
2026-02-12 08:00:00+00:00,0.1836,0.19334,0.17911,0.1871,12143498.7,-0.00039851
2026-02-12 12:00:00+00:00,0.1871,0.20106,0.17912,0.18576,25931708.5,-0.00039851
2026-02-12 16:00:00+00:00,0.18576,0.18653,0.17001,0.17209,16021715.8,-0.00087446
2026-02-12 20:00:00+00:00,0.17209,0.17278,0.16749,0.16875,6255022.7,-0.00087446
2026-02-13 00:00:00+00:00,0.16875,0.17171,0.16625,0.16906,6789545.2,0.0001
2026-02-13 04:00:00+00:00,0.16906,0.16906,0.16222,0.16344,4631734.3,0.0001
2026-02-13 08:00:00+00:00,0.16344,0.16502,0.16055,0.16293,3398543.2,0.0001
2026-02-13 12:00:00+00:00,0.16293,0.17295,0.16213,0.16784,8342579.3,0.0001
2026-02-13 16:00:00+00:00,0.16784,0.1733,0.16486,0.16567,5705437.5,-0.00028086
2026-02-13 20:00:00+00:00,0.16567,0.16731,0.16327,0.16346,2523430.6,-0.00028086
2026-02-14 00:00:00+00:00,0.16346,0.16472,0.1556,0.15727,6842906.2,-0.00015085
2026-02-14 04:00:00+00:00,0.15727,0.1592,0.15643,0.15714,2102794.4,-0.00015085
2026-02-14 08:00:00+00:00,0.15714,0.16892,0.15706,0.16351,8686630.5,0.0001
2026-02-14 12:00:00+00:00,0.16351,0.17066,0.16134,0.16693,6971264.2,0.0001
2026-02-14 16:00:00+00:00,0.16693,0.16715,0.16299,0.16511,3659612.4,0.0001
2026-02-14 20:00:00+00:00,0.16511,0.16719,0.16203,0.16249,2098680.9,0.0001
2026-02-15 00:00:00+00:00,0.16249,0.16413,0.15965,0.16268,3170386.3,0.0001
2026-02-15 04:00:00+00:00,0.16268,0.16643,0.16217,0.16238,3123560.0,0.0001
2026-02-15 08:00:00+00:00,0.16238,0.1649,0.16075,0.16402,2667370.8,0.0001
2026-02-15 12:00:00+00:00,0.16402,0.16916,0.15661,0.15728,6398921.5,0.0001
2026-02-15 16:00:00+00:00,0.15728,0.15937,0.15352,0.15388,4728675.1,0.0001
2026-02-15 20:00:00+00:00,0.15388,0.15583,0.15136,0.15153,3483611.6,0.0001
2026-02-16 00:00:00+00:00,0.15153,0.15238,0.14661,0.14724,2215305.1,0.0001
2026-02-16 04:00:00+00:00,0.14724,0.14828,0.14402,0.1444,1921713.5,0.0001
2026-02-16 08:00:00+00:00,0.1444,0.14671,0.14415,0.14525,2091615.2,0.0001
2026-02-16 12:00:00+00:00,0.14525,0.14715,0.14047,0.14114,3793440.5,0.0001
2026-02-16 16:00:00+00:00,0.14114,0.1428,0.14066,0.14207,1973384.9,0.0001
2026-02-16 20:00:00+00:00,0.14207,0.15195,0.142,0.14869,6276895.3,0.0001
2026-02-17 00:00:00+00:00,0.14869,0.15264,0.14527,0.14543,3428712.0,0.0001
2026-02-17 04:00:00+00:00,0.14543,0.14561,0.14246,0.14311,1965552.7,0.0001
2026-02-17 08:00:00+00:00,0.14311,0.14481,0.14076,0.14107,1713302.0,0.0001
2026-02-17 12:00:00+00:00,0.14107,0.14316,0.13674,0.13785,4063763.3,0.0001
2026-02-17 16:00:00+00:00,0.13785,0.14039,0.13668,0.13783,3159979.7,0.0001
2026-02-17 20:00:00+00:00,0.13783,0.13935,0.13718,0.13747,2415727.6,0.0001
2026-02-18 00:00:00+00:00,0.13747,0.1382,0.13471,0.13502,2050341.1,0.0001
2026-02-18 04:00:00+00:00,0.13502,0.13583,0.13357,0.13458,2002471.7,0.0001
2026-02-18 08:00:00+00:00,0.13458,0.13625,0.13268,0.13407,1843829.9,0.0001
2026-02-18 12:00:00+00:00,0.13407,0.13589,0.13325,0.13375,1708014.3,0.0001
2026-02-18 16:00:00+00:00,0.13375,0.13485,0.13089,0.13131,2410944.0,0.0001
2026-02-18 20:00:00+00:00,0.13131,0.13218,0.12814,0.12972,1669477.7,0.0001
2026-02-19 00:00:00+00:00,0.12972,0.12994,0.12769,0.1279,2003053.3,0.0001
2026-02-19 04:00:00+00:00,0.1279,0.12959,0.12683,0.12767,1933940.3,0.0001
2026-02-19 08:00:00+00:00,0.12767,0.12767,0.12528,0.12578,1577883.0,-0.00022392
2026-02-19 12:00:00+00:00,0.12578,0.12627,0.11981,0.12148,4337610.9,-0.00022392
2026-02-19 16:00:00+00:00,0.12148,0.12829,0.12078,0.12467,6643454.8,-3.661e-05
2026-02-19 20:00:00+00:00,0.12467,0.13015,0.1239,0.13001,2729618.3,-3.661e-05
2026-02-20 00:00:00+00:00,0.13001,0.1325,0.1284,0.12856,3658296.1,0.0001
2026-02-20 04:00:00+00:00,0.12856,0.13142,0.12641,0.13073,2342975.8,0.0001
2026-02-20 08:00:00+00:00,0.13073,0.13101,0.12733,0.12754,1952567.0,-0.00021842
2026-02-20 12:00:00+00:00,0.12754,0.14103,0.12734,0.14103,7156518.0,-0.00021842
2026-02-20 16:00:00+00:00,0.14103,0.14195,0.13589,0.13924,10741642.0,-0.00022984
2026-02-20 20:00:00+00:00,0.13924,0.14608,0.13784,0.14446,5914455.9,-0.00022984
2026-02-21 00:00:00+00:00,0.14446,0.15122,0.14304,0.14342,8255113.3,-0.00040325
2026-02-21 04:00:00+00:00,0.14342,0.14894,0.14259,0.14543,3724398.9,-0.00040325
2026-02-21 08:00:00+00:00,0.14543,0.14899,0.1447,0.14819,3999509.0,-0.00034078
2026-02-21 12:00:00+00:00,0.14819,0.15068,0.14665,0.14982,4655052.4,-0.00034078
2026-02-21 16:00:00+00:00,0.14982,0.15422,0.14458,0.15184,6338289.8,-0.00059423
2026-02-21 20:00:00+00:00,0.15184,0.15195,0.14702,0.14764,2334283.7,-0.00059423
2026-02-22 00:00:00+00:00,0.14764,0.15333,0.14576,0.15183,4969900.7,4.699e-05
2026-02-22 04:00:00+00:00,0.15183,0.15443,0.14734,0.14939,5202455.4,4.699e-05
2026-02-22 08:00:00+00:00,0.14939,0.15061,0.1457,0.14991,2984080.5,-0.00035245
2026-02-22 12:00:00+00:00,0.14991,0.15051,0.14636,0.14692,2969710.9,-0.00035245
2026-02-22 16:00:00+00:00,0.14692,0.14792,0.14377,0.14442,2462801.0,-0.00080961
2026-02-22 20:00:00+00:00,0.14442,0.14467,0.13832,0.14051,5848352.0,-0.00080961
2026-02-23 00:00:00+00:00,0.14051,0.14055,0.13119,0.13162,6270010.4,2.652e-05
2026-02-23 04:00:00+00:00,0.13162,0.13744,0.13101,0.1361,3086718.3,2.652e-05
2026-02-23 08:00:00+00:00,0.1361,0.14118,0.13545,0.13881,1843849.9,0.0001
2026-02-23 12:00:00+00:00,0.13881,0.13988,0.13347,0.13355,3521876.5,0.0001
2026-02-23 16:00:00+00:00,0.13355,0.13355,0.12907,0.12925,2630581.4,-0.00020866
2026-02-23 20:00:00+00:00,0.12925,0.13397,0.1288,0.13032,1771206.4,-0.00020866
2026-02-24 00:00:00+00:00,0.13032,0.13595,0.12969,0.13314,5531975.9,-0.00014128
2026-02-24 04:00:00+00:00,0.13314,0.13319,0.1302,0.13065,1758547.4,-0.00014128
2026-02-24 08:00:00+00:00,0.13065,0.13154,0.12925,0.12934,2037110.0,-7.74e-05
2026-02-24 12:00:00+00:00,0.12934,0.13184,0.1272,0.13112,2849886.1,-7.74e-05
2026-02-24 16:00:00+00:00,0.13112,0.13358,0.13081,0.13117,2778907.8,0.0001
2026-02-24 20:00:00+00:00,0.13117,0.13426,0.1291,0.13294,2060793.4,0.0001
2026-02-25 00:00:00+00:00,0.13294,0.13634,0.12992,0.13026,4070845.7,0.0001
2026-02-25 04:00:00+00:00,0.13026,0.13043,0.12786,0.1302,2620994.5,0.0001
2026-02-25 08:00:00+00:00,0.1302,0.13221,0.12976,0.1301,3259812.4,-0.00041786
2026-02-25 12:00:00+00:00,0.1301,0.13731,0.12973,0.13578,2979084.2,-0.00041786
2026-02-25 16:00:00+00:00,0.13578,0.14096,0.13576,0.13816,4256326.7,-0.00025047
2026-02-25 20:00:00+00:00,0.13816,0.13975,0.13152,0.13311,3329547.2,-0.00025047
2026-02-26 00:00:00+00:00,0.13311,0.1336,0.13123,0.13311,3372339.7,-0.00052232
2026-02-26 04:00:00+00:00,0.13311,0.13829,0.13137,0.13788,2930117.5,-0.00052232
2026-02-26 08:00:00+00:00,0.13788,0.13885,0.13137,0.13188,2557682.3,-0.00058664
2026-02-26 12:00:00+00:00,0.13188,0.13589,0.13188,0.13495,1938133.6,-0.00058664
2026-02-26 16:00:00+00:00,0.13495,0.13799,0.13045,0.13722,3061932.6,-0.00022768
2026-02-26 20:00:00+00:00,0.13722,0.13943,0.13535,0.13881,2388948.3,-0.00022768
2026-02-27 00:00:00+00:00,0.13881,0.14287,0.13712,0.14249,2098999.9,-7.639e-05
2026-02-27 04:00:00+00:00,0.14249,0.15001,0.14234,0.14937,3176598.5,-7.639e-05
2026-02-27 08:00:00+00:00,0.14937,0.15218,0.14736,0.14892,4952553.6,0.0001
2026-02-27 12:00:00+00:00,0.14892,0.14951,0.14239,0.14334,4228016.7,0.0001
2026-02-27 16:00:00+00:00,0.14334,0.14423,0.13981,0.14267,2293228.4,0.0001
2026-02-27 20:00:00+00:00,0.14267,0.14355,0.1404,0.14273,898131.7,0.0001
2026-02-28 00:00:00+00:00,0.14273,0.14673,0.14098,0.14103,1408885.5,-0.00026888
2026-02-28 04:00:00+00:00,0.14103,0.14115,0.13312,0.13571,4051636.3,-0.00026888
2026-02-28 08:00:00+00:00,0.13571,0.13571,0.1311,0.13346,2088539.2,-7.835e-05
2026-02-28 12:00:00+00:00,0.13346,0.14219,0.13311,0.14071,2918870.6,-7.835e-05
2026-02-28 16:00:00+00:00,0.14071,0.15101,0.13934,0.15009,4059043.2,-0.00018798
2026-02-28 20:00:00+00:00,0.15009,0.16397,0.14945,0.1573,8695009.0,-0.00018798
2026-03-01 00:00:00+00:00,0.1573,0.16096,0.1525,0.15895,3877794.9,-0.00031365
2026-03-01 04:00:00+00:00,0.15895,0.16269,0.15766,0.16173,2526382.4,-0.00031365
2026-03-01 08:00:00+00:00,0.16173,0.1632,0.15732,0.16224,4707179.3,-0.00032301
2026-03-01 12:00:00+00:00,0.16224,0.16224,0.15624,0.15723,3985094.2,-0.00032301
2026-03-01 16:00:00+00:00,0.15723,0.15993,0.15373,0.15429,2596111.5,-0.00035689
2026-03-01 20:00:00+00:00,0.15429,0.16107,0.15224,0.15796,3809564.5,-0.00035689
2026-03-02 00:00:00+00:00,0.15796,0.16743,0.15759,0.16582,5166034.7,-3.439e-05
2026-03-02 04:00:00+00:00,0.16582,0.16675,0.15792,0.15985,4060170.8,-3.439e-05
2026-03-02 08:00:00+00:00,0.15985,0.16589,0.159,0.1658,1906333.9,4.17e-05
2026-03-02 12:00:00+00:00,0.1658,0.17044,0.16335,0.1686,3746569.1,4.17e-05
2026-03-02 16:00:00+00:00,0.1686,0.16991,0.16362,0.16444,1748497.2,-0.0003943
2026-03-02 20:00:00+00:00,0.16444,0.1671,0.16331,0.1646,760607.0,-0.0003943
2026-03-03 00:00:00+00:00,0.1646,0.16629,0.16274,0.16489,1390055.2,-0.00018614
2026-03-03 04:00:00+00:00,0.16489,0.16823,0.16391,0.16753,1796548.4,-0.00018614
2026-03-03 08:00:00+00:00,0.16753,0.16775,0.16141,0.16365,1869716.6,-0.00044362
2026-03-03 12:00:00+00:00,0.16365,0.16643,0.15847,0.16339,2972422.5,-0.00044362
2026-03-03 16:00:00+00:00,0.16339,0.1654,0.16178,0.16456,1601837.8,-4.641e-05
2026-03-03 20:00:00+00:00,0.16456,0.16529,0.16178,0.164,1035556.2,-4.641e-05
2026-03-04 00:00:00+00:00,0.164,0.16519,0.16151,0.16243,1038434.1,5.122e-05
2026-03-04 04:00:00+00:00,0.16243,0.16548,0.1612,0.1649,765394.8,5.122e-05
2026-03-04 08:00:00+00:00,0.1649,0.16995,0.16366,0.16465,2710858.5,-0.00016832
2026-03-04 12:00:00+00:00,0.16465,0.17097,0.16331,0.17049,2233772.0,-0.00016832
2026-03-04 16:00:00+00:00,0.17049,0.17392,0.16817,0.17367,1919298.1,0.0001
2026-03-04 20:00:00+00:00,0.17367,0.17844,0.1711,0.17297,2557716.0,0.0001
2026-03-05 00:00:00+00:00,0.17297,0.17341,0.16368,0.16524,2539431.9,3.351e-05
2026-03-05 04:00:00+00:00,0.16524,0.16712,0.16363,0.16552,908021.5,3.351e-05
2026-03-05 08:00:00+00:00,0.16552,0.17145,0.16466,0.16945,5792714.9,9.557e-05
2026-03-05 12:00:00+00:00,0.16945,0.17439,0.16856,0.16944,4578697.7,9.557e-05
2026-03-05 16:00:00+00:00,0.16944,0.16944,0.1627,0.16629,4316445.5,-0.00018314
2026-03-05 20:00:00+00:00,0.16629,0.17018,0.16575,0.16884,2225242.4,-0.00018314
2026-03-06 00:00:00+00:00,0.16884,0.17451,0.16797,0.17351,1859545.2,-8.993e-05
2026-03-06 04:00:00+00:00,0.17351,0.17712,0.17102,0.17655,1473142.3,-8.993e-05
2026-03-06 08:00:00+00:00,0.17655,0.17661,0.17101,0.17531,1342083.0,0.0001
2026-03-06 12:00:00+00:00,0.17531,0.17601,0.16818,0.16917,3754114.4,0.0001
2026-03-06 16:00:00+00:00,0.16917,0.17171,0.16543,0.16919,2197365.0,-0.00021981
2026-03-06 20:00:00+00:00,0.16919,0.17054,0.16848,0.1686,685631.5,-0.00021981
2026-03-07 00:00:00+00:00,0.1686,0.16926,0.16635,0.16703,855823.8,-6.709e-05
2026-03-07 04:00:00+00:00,0.16703,0.17325,0.16569,0.17117,1363036.8,-6.709e-05
2026-03-07 08:00:00+00:00,0.17117,0.17443,0.17001,0.17427,1017225.1,-9.5e-07
2026-03-07 12:00:00+00:00,0.17427,0.17534,0.16772,0.16914,1081473.4,-9.5e-07
2026-03-07 16:00:00+00:00,0.16914,0.1759,0.16879,0.17049,1912505.3,-1.964e-05
2026-03-07 20:00:00+00:00,0.17049,0.17318,0.1687,0.17112,1594495.7,-1.964e-05
2026-03-08 00:00:00+00:00,0.17112,0.17293,0.1684,0.1707,1735074.3,-0.00039081
2026-03-08 04:00:00+00:00,0.1707,0.17473,0.16871,0.17346,1489968.7,-0.00039081
2026-03-08 08:00:00+00:00,0.17346,0.17728,0.17163,0.17623,1813479.0,-0.00010422
2026-03-08 12:00:00+00:00,0.17623,0.18067,0.17456,0.17718,2788265.3,-0.00010422
2026-03-08 16:00:00+00:00,0.17718,0.17969,0.17513,0.1784,1506805.7,-0.00011719
2026-03-08 20:00:00+00:00,0.1784,0.17975,0.17365,0.17613,2078700.3,-0.00011719
2026-03-09 00:00:00+00:00,0.17613,0.18199,0.17466,0.1773,1719898.6,-9.166e-05
2026-03-09 04:00:00+00:00,0.1773,0.18045,0.17517,0.17725,2758656.0,-9.166e-05
2026-03-09 08:00:00+00:00,0.17725,0.17962,0.17678,0.17699,529135.5,-0.00011762
2026-03-09 12:00:00+00:00,0.17699,0.18404,0.17698,0.18154,1451402.9,-0.00011762
2026-03-09 16:00:00+00:00,0.18154,0.18369,0.17831,0.17884,882416.3,8.335e-05
2026-03-09 20:00:00+00:00,0.17884,0.18056,0.17648,0.17849,1093603.4,8.335e-05
2026-03-10 00:00:00+00:00,0.17849,0.18765,0.17838,0.18425,1840713.7,4.362e-05
2026-03-10 04:00:00+00:00,0.18425,0.18932,0.18382,0.18526,1562747.6,4.362e-05
2026-03-10 08:00:00+00:00,0.18526,0.18752,0.18358,0.18451,1233343.4,-0.00010375
2026-03-10 12:00:00+00:00,0.18451,0.19169,0.18402,0.18764,1050835.4,-0.00010375
2026-03-10 16:00:00+00:00,0.18764,0.18967,0.18468,0.18649,718268.3,-4.4e-05
2026-03-10 20:00:00+00:00,0.18649,0.18726,0.18371,0.1852,746592.8,-4.4e-05
2026-03-11 00:00:00+00:00,0.1852,0.18686,0.1834,0.1846,329325.5,-0.0001682
2026-03-11 04:00:00+00:00,0.1846,0.18471,0.181,0.1822,804562.4,-0.0001682
2026-03-11 08:00:00+00:00,0.1822,0.1852,0.18204,0.18311,369574.1,-6.81e-05
2026-03-11 12:00:00+00:00,0.18311,0.18964,0.1823,0.18876,733568.1,-6.81e-05
2026-03-11 16:00:00+00:00,0.18876,0.19308,0.18793,0.19119,906949.5,0.0001
2026-03-11 20:00:00+00:00,0.19119,0.19199,0.1876,0.18766,482512.4,0.0001
2026-03-12 00:00:00+00:00,0.18766,0.1884,0.17913,0.17995,962520.6,-9.31e-06
2026-03-12 04:00:00+00:00,0.17995,0.18197,0.17852,0.18183,423329.1,-9.31e-06
2026-03-12 08:00:00+00:00,0.18183,0.18476,0.18118,0.18264,563241.8,0.0001
2026-03-12 12:00:00+00:00,0.18264,0.18355,0.17826,0.1798,949980.2,0.0001
2026-03-12 16:00:00+00:00,0.1798,0.18324,0.17819,0.18222,985072.8,8.99e-06
2026-03-12 20:00:00+00:00,0.18222,0.18869,0.18143,0.18809,987015.3,8.99e-06
2026-03-13 00:00:00+00:00,0.18809,0.18969,0.18327,0.18399,655695.6,8.515e-05
2026-03-13 04:00:00+00:00,0.18399,0.18459,0.18,0.18063,551754.2,8.515e-05
2026-03-13 08:00:00+00:00,0.18063,0.18292,0.17953,0.18134,633999.2,-0.00012966
2026-03-13 12:00:00+00:00,0.18134,0.18436,0.17894,0.18063,1099866.7,-0.00012966
2026-03-13 16:00:00+00:00,0.18063,0.1823,0.17777,0.17878,940095.9,0.0001
2026-03-13 20:00:00+00:00,0.17878,0.17941,0.17342,0.17503,1541634.9,0.0001
2026-03-14 00:00:00+00:00,0.17503,0.17917,0.17413,0.17728,784125.5,-8.214e-05
2026-03-14 04:00:00+00:00,0.17728,0.18094,0.17711,0.17861,817538.8,-8.214e-05
2026-03-14 08:00:00+00:00,0.17861,0.17932,0.1756,0.17714,893729.6,0.0001
2026-03-14 12:00:00+00:00,0.17714,0.17873,0.17515,0.17642,432690.8,0.0001
2026-03-14 16:00:00+00:00,0.17642,0.17715,0.17553,0.17624,348443.2,0.0001
2026-03-14 20:00:00+00:00,0.17624,0.17697,0.17483,0.17677,476868.0,0.0001
2026-03-15 00:00:00+00:00,0.17677,0.17694,0.17337,0.17464,546560.5,0.0001
2026-03-15 04:00:00+00:00,0.17464,0.18202,0.17394,0.18109,1077694.7,0.0001
2026-03-15 08:00:00+00:00,0.18109,0.18139,0.17827,0.18096,478625.3,0.0001
2026-03-15 12:00:00+00:00,0.18096,0.18517,0.1802,0.18497,1129918.2,0.0001
2026-03-15 16:00:00+00:00,0.18497,0.19439,0.18261,0.19168,2845910.1,-2.399e-05
2026-03-15 20:00:00+00:00,0.19168,0.19696,0.18977,0.19339,1945479.9,-2.399e-05
2026-03-16 00:00:00+00:00,0.19339,0.1964,0.1899,0.1944,2687328.4,-2.069e-05
2026-03-16 04:00:00+00:00,0.1944,0.19748,0.19248,0.19269,1333733.5,-2.069e-05
2026-03-16 08:00:00+00:00,0.19269,0.19469,0.19196,0.19297,779963.6,-0.0001458
2026-03-16 12:00:00+00:00,0.19297,0.20065,0.19266,0.1986,1880435.1,-0.0001458
2026-03-16 16:00:00+00:00,0.1986,0.20379,0.19591,0.20162,940487.6,-0.00010387
2026-03-16 20:00:00+00:00,0.20162,0.20534,0.19984,0.20005,751575.8,-0.00010387
2026-03-17 00:00:00+00:00,0.20005,0.20032,0.1955,0.19639,721686.2,4.256e-05
2026-03-17 04:00:00+00:00,0.19639,0.19787,0.1951,0.19597,472768.5,4.256e-05
2026-03-17 08:00:00+00:00,0.19597,0.20244,0.19537,0.20227,606183.0,0.0001
2026-03-17 12:00:00+00:00,0.20227,0.20368,0.19766,0.20307,542583.2,0.0001
2026-03-17 16:00:00+00:00,0.20307,0.20937,0.20124,0.20552,968060.8,0.0001
2026-03-17 20:00:00+00:00,0.20552,0.2111,0.20428,0.20527,859494.1,0.0001
2026-03-18 00:00:00+00:00,0.20527,0.211,0.20254,0.20782,673722.5,-2.267e-05
2026-03-18 04:00:00+00:00,0.20782,0.2083,0.2041,0.20638,494972.4,-2.267e-05
2026-03-18 08:00:00+00:00,0.20638,0.20638,0.20135,0.20174,844427.2,0.0001
2026-03-18 12:00:00+00:00,0.20174,0.202,0.19377,0.19512,2189928.2,0.0001
2026-03-18 16:00:00+00:00,0.19512,0.19637,0.19111,0.19156,786968.8,-2.549e-05
2026-03-18 20:00:00+00:00,0.19156,0.19327,0.18969,0.19017,1194114.8,-2.549e-05
2026-03-19 00:00:00+00:00,0.19017,0.19034,0.18506,0.18716,904135.0,6.962e-05
2026-03-19 04:00:00+00:00,0.18716,0.19139,0.18472,0.1872,928239.3,6.962e-05
2026-03-19 08:00:00+00:00,0.1872,0.18918,0.18494,0.1876,942297.0,0.0001
2026-03-19 12:00:00+00:00,0.1876,0.18764,0.18052,0.18189,1341508.0,0.0001
2026-03-19 16:00:00+00:00,0.18189,0.18811,0.18047,0.18727,963917.2,0.0001
2026-03-19 20:00:00+00:00,0.18727,0.18844,0.18446,0.18489,570045.4,0.0001
2026-03-20 00:00:00+00:00,0.18489,0.186,0.18173,0.18186,869402.1,-9.572e-05
2026-03-20 04:00:00+00:00,0.18186,0.19001,0.17973,0.18033,4015122.7,-9.572e-05
2026-03-20 08:00:00+00:00,0.18033,0.18472,0.17991,0.18457,1639568.4,-0.00018195
2026-03-20 12:00:00+00:00,0.18457,0.18664,0.17724,0.18067,1937706.5,-0.00018195
2026-03-20 16:00:00+00:00,0.18067,0.18225,0.17833,0.18003,1356112.2,0.0001
2026-03-20 20:00:00+00:00,0.18003,0.18507,0.17927,0.1826,741358.2,0.0001
2026-03-21 00:00:00+00:00,0.1826,0.18579,0.1815,0.18548,470742.1,0.0001
2026-03-21 04:00:00+00:00,0.18548,0.18769,0.18293,0.18412,1469270.0,0.0001
2026-03-21 08:00:00+00:00,0.18412,0.18455,0.18066,0.1808,379111.5,0.0001
2026-03-21 12:00:00+00:00,0.1808,0.18167,0.17956,0.18099,523556.5,0.0001
2026-03-21 16:00:00+00:00,0.18099,0.18195,0.17948,0.18192,453803.5,0.0001
2026-03-21 20:00:00+00:00,0.18192,0.18297,0.17443,0.176,802970.6,0.0001
2026-03-22 00:00:00+00:00,0.176,0.17797,0.17387,0.17695,432188.9,2.618e-05
2026-03-22 04:00:00+00:00,0.17695,0.17899,0.1755,0.17551,659121.9,2.618e-05
2026-03-22 08:00:00+00:00,0.17551,0.17596,0.17213,0.17248,691455.3,0.0001
2026-03-22 12:00:00+00:00,0.17248,0.17713,0.17181,0.1764,749769.5,0.0001
2026-03-22 16:00:00+00:00,0.1764,0.17871,0.17425,0.17583,925539.8,0.0001
2026-03-22 20:00:00+00:00,0.17583,0.17638,0.16985,0.17334,1060173.0,0.0001
2026-03-23 00:00:00+00:00,0.17334,0.17883,0.17241,0.17689,472603.9,0.0001
2026-03-23 04:00:00+00:00,0.17689,0.18108,0.17592,0.17966,1245155.0,0.0001
2026-03-23 08:00:00+00:00,0.17966,0.18408,0.17488,0.18187,1960455.4,-0.00010995
2026-03-23 12:00:00+00:00,0.18187,0.1859,0.18026,0.18114,1805197.2,-0.00010995
2026-03-23 16:00:00+00:00,0.18114,0.19545,0.18082,0.19323,3324259.1,-0.0004733
2026-03-23 20:00:00+00:00,0.19323,0.19884,0.19141,0.19764,2401425.3,-0.0004733
2026-03-24 00:00:00+00:00,0.19764,0.19999,0.1925,0.19285,2810722.2,0.0001
2026-03-24 04:00:00+00:00,0.19285,0.1993,0.19071,0.1993,1749276.1,0.0001
2026-03-24 08:00:00+00:00,0.1993,0.19954,0.1958,0.19618,1270016.4,-5.347e-05
2026-03-24 12:00:00+00:00,0.19618,0.20229,0.19356,0.20104,2453871.8,-5.347e-05
2026-03-24 16:00:00+00:00,0.20104,0.20263,0.19474,0.20137,1018222.4,4.968e-05
2026-03-24 20:00:00+00:00,0.20137,0.20451,0.20083,0.20369,986162.1,4.968e-05
2026-03-25 00:00:00+00:00,0.20369,0.20381,0.19771,0.1978,753352.1,0.0001
2026-03-25 04:00:00+00:00,0.1978,0.20013,0.19607,0.19805,964964.4,0.0001
2026-03-25 08:00:00+00:00,0.19805,0.20348,0.19764,0.20253,614020.7,0.0001
2026-03-25 12:00:00+00:00,0.20253,0.20384,0.19559,0.19612,797883.9,0.0001
2026-03-25 16:00:00+00:00,0.19612,0.19745,0.19322,0.19402,844581.7,0.0001
2026-03-25 20:00:00+00:00,0.19402,0.1948,0.19213,0.19294,332763.2,0.0001
2026-03-26 00:00:00+00:00,0.19294,0.1936,0.18961,0.19138,658407.0,0.0001
2026-03-26 04:00:00+00:00,0.19138,0.19181,0.18451,0.18571,1317979.3,0.0001
2026-03-26 08:00:00+00:00,0.18571,0.18697,0.18299,0.18546,2584636.0,0.0001
2026-03-26 12:00:00+00:00,0.18546,0.19209,0.18546,0.19193,1673695.4,0.0001
2026-03-26 16:00:00+00:00,0.19193,0.19951,0.19152,0.19806,1626620.4,-0.0005176
2026-03-26 20:00:00+00:00,0.19806,0.22436,0.19795,0.22354,5381628.2,-0.0005176
2026-03-27 00:00:00+00:00,0.22354,0.28064,0.222,0.27387,43089231.9,-0.00037329
2026-03-27 04:00:00+00:00,0.27387,0.27799,0.253,0.26786,44829786.2,-0.00037329
2026-03-27 08:00:00+00:00,0.26786,0.29769,0.25051,0.27403,54041694.9,-0.00285344
2026-03-27 12:00:00+00:00,0.27403,0.28048,0.25563,0.25635,25999774.9,-0.00285344
2026-03-27 16:00:00+00:00,0.25635,0.26142,0.237,0.24786,35760559.3,-0.00025791
2026-03-27 20:00:00+00:00,0.24786,0.25099,0.23735,0.23789,12125142.5,-0.00025791
2026-03-28 00:00:00+00:00,0.23789,0.24888,0.23423,0.24201,9448599.2,-5.358e-05
2026-03-28 04:00:00+00:00,0.24201,0.24554,0.23479,0.24228,5327617.1,-5.358e-05
2026-03-28 08:00:00+00:00,0.24228,0.24971,0.23871,0.24221,4468168.0,5.062e-05
2026-03-28 12:00:00+00:00,0.24221,0.2436,0.23046,0.23177,4672268.5,5.062e-05
2026-03-28 16:00:00+00:00,0.23177,0.239,0.22889,0.23821,5407208.8,-6.636e-05
2026-03-28 20:00:00+00:00,0.23821,0.24868,0.23675,0.23898,3792749.1,-6.636e-05
2026-03-29 00:00:00+00:00,0.23898,0.24515,0.23824,0.24298,3761211.0,0.0001
2026-03-29 04:00:00+00:00,0.24298,0.24725,0.24013,0.2424,3307240.4,0.0001
2026-03-29 08:00:00+00:00,0.2424,0.24552,0.23965,0.24099,3433995.2,0.0001
2026-03-29 12:00:00+00:00,0.24099,0.24269,0.23583,0.23768,2618213.9,0.0001
2026-03-29 16:00:00+00:00,0.23768,0.24582,0.23643,0.24299,3351533.4,0.0001
2026-03-29 20:00:00+00:00,0.24299,0.2438,0.23589,0.24015,2362169.6,0.0001
2026-03-30 00:00:00+00:00,0.24015,0.24392,0.23673,0.2417,2029624.1,0.0001
2026-03-30 04:00:00+00:00,0.2417,0.25757,0.23784,0.25007,4200244.8,0.0001
2026-03-30 08:00:00+00:00,0.25007,0.25941,0.24556,0.24965,4506023.0,0.0001
2026-03-30 12:00:00+00:00,0.24965,0.26475,0.24963,0.25713,4949164.5,0.0001
2026-03-30 16:00:00+00:00,0.25713,0.27704,0.25608,0.26709,7589842.5,5.857e-05
2026-03-30 20:00:00+00:00,0.26709,0.26782,0.25911,0.26289,1808799.5,5.857e-05
2026-03-31 00:00:00+00:00,0.26289,0.27162,0.26174,0.26474,2903393.6,-5.265e-05
2026-03-31 04:00:00+00:00,0.26474,0.26899,0.26043,0.26058,2463132.0,-5.265e-05
2026-03-31 08:00:00+00:00,0.26058,0.2646,0.25683,0.2595,2231448.8,8.487e-05
2026-03-31 12:00:00+00:00,0.2595,0.26399,0.25491,0.25758,1887554.5,8.487e-05
2026-03-31 16:00:00+00:00,0.25758,0.26805,0.25588,0.26608,1694126.5,-6.167e-05
2026-03-31 20:00:00+00:00,0.26608,0.27254,0.26319,0.26648,1798512.6,-6.167e-05
2026-04-01 00:00:00+00:00,0.26648,0.2787,0.26152,0.26196,2303370.0,9.779e-05
2026-04-01 04:00:00+00:00,0.26196,0.26748,0.25408,0.26062,1690384.9,9.779e-05
2026-04-01 08:00:00+00:00,0.26062,0.26602,0.25584,0.26417,935338.2,2.29e-05
2026-04-01 12:00:00+00:00,0.26417,0.27251,0.26264,0.26843,3113210.1,2.29e-05
2026-04-01 16:00:00+00:00,0.26843,0.26912,0.2632,0.26592,856886.3,7.141e-05
2026-04-01 20:00:00+00:00,0.26592,0.26707,0.26095,0.26635,733425.9,7.141e-05
2026-04-02 00:00:00+00:00,0.26635,0.27625,0.26471,0.26811,2065937.1,-0.0005249
2026-04-02 04:00:00+00:00,0.26811,0.274,0.26546,0.26676,992713.9,-0.0005249
2026-04-02 08:00:00+00:00,0.26676,0.26944,0.26064,0.2643,1966098.0,-0.00026704
2026-04-02 12:00:00+00:00,0.2643,0.27816,0.26311,0.27216,2119321.7,-0.00026704
2026-04-02 16:00:00+00:00,0.27216,0.27581,0.26631,0.2697,1006164.0,4.249e-05
2026-04-02 20:00:00+00:00,0.2697,0.27266,0.26703,0.27069,444140.4,4.249e-05
2026-04-03 00:00:00+00:00,0.27069,0.27962,0.26898,0.27875,1003538.0,-0.00029776
2026-04-03 04:00:00+00:00,0.27875,0.27927,0.263,0.26482,1749417.5,-0.00029776
2026-04-03 08:00:00+00:00,0.26482,0.26519,0.25723,0.25828,2008216.1,-0.00045395
2026-04-03 12:00:00+00:00,0.25828,0.26001,0.25107,0.25246,1109053.7,-0.00045395
2026-04-03 16:00:00+00:00,0.25246,0.25771,0.25201,0.25596,649460.3,0.0001
2026-04-03 20:00:00+00:00,0.25596,0.25617,0.24445,0.24512,709500.2,0.0001
2026-04-04 00:00:00+00:00,0.24512,0.24654,0.23944,0.24591,1276730.6,0.0001
2026-04-04 04:00:00+00:00,0.24591,0.25195,0.24403,0.24542,690334.0,0.0001
2026-04-04 08:00:00+00:00,0.24542,0.24766,0.24074,0.24102,453940.6,0.0001
2026-04-04 12:00:00+00:00,0.24102,0.24225,0.22886,0.23169,1699410.4,0.0001
2026-04-04 16:00:00+00:00,0.23169,0.2357,0.22326,0.22715,1343571.6,0.0001
2026-04-04 20:00:00+00:00,0.22715,0.23337,0.22652,0.23154,671939.3,0.0001
2026-04-05 00:00:00+00:00,0.23154,0.23472,0.22542,0.22662,577093.1,0.0001
2026-04-05 04:00:00+00:00,0.22662,0.23229,0.22398,0.22871,626040.8,0.0001
2026-04-05 08:00:00+00:00,0.22871,0.2315,0.22657,0.22742,550967.3,0.0001
2026-04-05 12:00:00+00:00,0.22742,0.23935,0.22705,0.23355,871684.7,0.0001
2026-04-05 16:00:00+00:00,0.23355,0.23397,0.22597,0.22758,501638.4,0.0001
2026-04-05 20:00:00+00:00,0.22758,0.23001,0.2265,0.22865,464462.0,0.0001
2026-04-06 00:00:00+00:00,0.22865,0.22974,0.21906,0.21998,694081.2,-1.857e-05
2026-04-06 04:00:00+00:00,0.21998,0.22168,0.21632,0.21701,606563.8,-1.857e-05
2026-04-06 08:00:00+00:00,0.21701,0.21877,0.21313,0.21456,942275.8,0.0001
2026-04-06 12:00:00+00:00,0.21456,0.21499,0.20889,0.21229,1320323.0,0.0001
2026-04-06 16:00:00+00:00,0.21229,0.21453,0.20908,0.21165,731138.6,-1.156e-05
2026-04-06 20:00:00+00:00,0.21165,0.21171,0.20048,0.20211,2132675.3,-1.156e-05
2026-04-07 00:00:00+00:00,0.20211,0.21535,0.20138,0.2147,1229543.5,0.0001
2026-04-07 04:00:00+00:00,0.2147,0.2184,0.21274,0.2163,1473552.8,0.0001
2026-04-07 08:00:00+00:00,0.2163,0.21949,0.21226,0.2186,965567.7,-0.00014305
2026-04-07 12:00:00+00:00,0.2186,0.21936,0.20991,0.2132,1269312.9,-0.00014305
2026-04-07 16:00:00+00:00,0.2132,0.22109,0.2129,0.21529,1168543.8,0.0001
2026-04-07 20:00:00+00:00,0.21529,0.22137,0.21405,0.21465,1434170.6,0.0001
2026-04-08 00:00:00+00:00,0.21465,0.21572,0.20685,0.2082,660010.8,0.0001
2026-04-08 04:00:00+00:00,0.2082,0.21055,0.20487,0.21006,1111891.9,0.0001
2026-04-08 08:00:00+00:00,0.21006,0.2173,0.20907,0.21535,1390699.5,0.0001
2026-04-08 12:00:00+00:00,0.21535,0.22004,0.20869,0.21805,1485098.6,0.0001
2026-04-08 16:00:00+00:00,0.21805,0.21963,0.20755,0.20966,588491.9,0.0001
2026-04-08 20:00:00+00:00,0.20966,0.2146,0.20966,0.2113,744673.9,0.0001
2026-04-09 00:00:00+00:00,0.2113,0.21482,0.21019,0.21267,221609.3,0.0001
2026-04-09 04:00:00+00:00,0.21267,0.21403,0.2103,0.2134,967237.6,0.0001
2026-04-09 08:00:00+00:00,0.2134,0.21738,0.21067,0.21095,466487.1,0.0001
2026-04-09 12:00:00+00:00,0.21095,0.21239,0.207,0.21149,832378.3,0.0001
2026-04-09 16:00:00+00:00,0.21149,0.21375,0.20979,0.20989,386543.1,0.0001
2026-04-09 20:00:00+00:00,0.20989,0.21028,0.20224,0.203,689835.3,0.0001
2026-04-10 00:00:00+00:00,0.203,0.20949,0.2017,0.20541,473172.5,0.0001
2026-04-10 04:00:00+00:00,0.20541,0.20921,0.20534,0.20782,416178.0,0.0001
2026-04-10 08:00:00+00:00,0.20782,0.21865,0.20365,0.2173,875302.4,0.0001
2026-04-10 12:00:00+00:00,0.2173,0.22087,0.21395,0.21721,558113.0,0.0001
2026-04-10 16:00:00+00:00,0.21721,0.21735,0.21174,0.2125,486609.5,0.0001
2026-04-10 20:00:00+00:00,0.2125,0.22064,0.21197,0.21672,454773.3,0.0001
2026-04-11 00:00:00+00:00,0.21672,0.21724,0.21264,0.21368,241119.0,0.0001
2026-04-11 04:00:00+00:00,0.21368,0.21559,0.2122,0.21349,100412.2,0.0001
2026-04-11 08:00:00+00:00,0.21349,0.21387,0.21068,0.21119,435017.4,0.0001
2026-04-11 12:00:00+00:00,0.21119,0.21337,0.20702,0.21289,439621.8,0.0001
2026-04-11 16:00:00+00:00,0.21289,0.21368,0.20917,0.21325,256279.9,0.0001
2026-04-11 20:00:00+00:00,0.21325,0.21329,0.20806,0.21012,256220.0,0.0001
2026-04-12 00:00:00+00:00,0.21012,0.21013,0.20227,0.20385,360445.8,0.0001
2026-04-12 04:00:00+00:00,0.20385,0.21475,0.20293,0.2136,671859.7,0.0001
2026-04-12 08:00:00+00:00,0.2136,0.23335,0.21347,0.2307,3136061.2,0.0001
2026-04-12 12:00:00+00:00,0.2307,0.23105,0.22201,0.22818,1179834.8,0.0001
2026-04-12 16:00:00+00:00,0.22818,0.24036,0.22526,0.22542,1976603.4,0.0001
2026-04-12 20:00:00+00:00,0.22542,0.23098,0.22402,0.22907,1181127.5,0.0001
2026-04-13 00:00:00+00:00,0.22907,0.23267,0.22312,0.22358,924155.8,0.0001
2026-04-13 04:00:00+00:00,0.22358,0.2256,0.22044,0.22097,1103752.9,0.0001
2026-04-13 08:00:00+00:00,0.22097,0.23372,0.22029,0.22713,699332.3,0.0001
2026-04-13 12:00:00+00:00,0.22713,0.23521,0.22029,0.23425,1943488.1,0.0001
2026-04-13 16:00:00+00:00,0.23425,0.2358,0.22657,0.22661,566980.4,0.0001
2026-04-13 20:00:00+00:00,0.22661,0.23232,0.22417,0.22944,699731.2,0.0001
2026-04-14 00:00:00+00:00,0.22944,0.23302,0.22651,0.23058,371352.3,0.0001
2026-04-14 04:00:00+00:00,0.23058,0.24067,0.23023,0.23794,990888.0,0.0001
2026-04-14 08:00:00+00:00,0.23794,0.23943,0.23028,0.233,563695.1,0.0001
2026-04-14 12:00:00+00:00,0.233,0.23304,0.22764,0.2277,913546.4,0.0001
2026-04-14 16:00:00+00:00,0.2277,0.2283,0.22104,0.22484,500937.5,0.0001
2026-04-14 20:00:00+00:00,0.22484,0.22665,0.21929,0.22111,812079.3,0.0001
2026-04-15 00:00:00+00:00,0.22111,0.2239,0.22025,0.22387,451145.3,0.0001
2026-04-15 04:00:00+00:00,0.22387,0.22387,0.2185,0.21892,814924.7,0.0001
2026-04-15 08:00:00+00:00,0.21892,0.22144,0.21594,0.21837,530268.7,0.0001
2026-04-15 12:00:00+00:00,0.21837,0.22442,0.2162,0.22165,807768.3,0.0001
2026-04-15 16:00:00+00:00,0.22165,0.23091,0.22156,0.22823,404694.7,0.0001
2026-04-15 20:00:00+00:00,0.22823,0.22985,0.22625,0.2275,459738.9,0.0001
2026-04-16 00:00:00+00:00,0.2275,0.22811,0.22348,0.22501,281278.5,0.0001
2026-04-16 04:00:00+00:00,0.22501,0.23669,0.22461,0.23303,738599.5,0.0001
2026-04-16 08:00:00+00:00,0.23303,0.23385,0.22834,0.23024,396326.0,0.0001
2026-04-16 12:00:00+00:00,0.23024,0.23845,0.22602,0.23332,639558.4,0.0001
2026-04-16 16:00:00+00:00,0.23332,0.2384,0.22942,0.23083,550367.1,0.0001
2026-04-16 20:00:00+00:00,0.23083,0.23169,0.22742,0.23005,379436.0,0.0001
2026-04-17 00:00:00+00:00,0.23005,0.2353,0.2286,0.23039,221577.1,0.0001
2026-04-17 04:00:00+00:00,0.23039,0.23448,0.2269,0.22754,850804.7,0.0001
2026-04-17 08:00:00+00:00,0.22754,0.23022,0.22143,0.22936,575367.3,0.0001
2026-04-17 12:00:00+00:00,0.22936,0.2344,0.22889,0.23297,616676.1,0.0001
2026-04-17 16:00:00+00:00,0.23297,0.24427,0.23185,0.23864,996653.1,0.0001
2026-04-17 20:00:00+00:00,0.23864,0.24252,0.23268,0.23316,649190.1,0.0001
2026-04-18 00:00:00+00:00,0.23316,0.23902,0.23019,0.23618,262174.6,0.0001
2026-04-18 04:00:00+00:00,0.23618,0.23852,0.2337,0.23723,420263.5,0.0001
2026-04-18 08:00:00+00:00,0.23723,0.23882,0.22635,0.22836,411371.7,0.0001
2026-04-18 12:00:00+00:00,0.22836,0.23018,0.22384,0.22405,336153.1,0.0001
2026-04-18 16:00:00+00:00,0.22405,0.22664,0.22145,0.22503,350782.1,0.0001
2026-04-18 20:00:00+00:00,0.22503,0.22507,0.21848,0.22033,348756.8,0.0001
2026-04-19 00:00:00+00:00,0.22033,0.22143,0.20179,0.21023,1340174.9,0.0001
2026-04-19 04:00:00+00:00,0.21023,0.21147,0.20597,0.20903,793752.1,0.0001
2026-04-19 08:00:00+00:00,0.20903,0.21084,0.20262,0.20804,423108.4,0.0001
2026-04-19 12:00:00+00:00,0.20804,0.20957,0.2022,0.20454,728270.5,0.0001
2026-04-19 16:00:00+00:00,0.20454,0.20874,0.19826,0.20381,418252.6,0.0001
2026-04-19 20:00:00+00:00,0.20381,0.20381,0.19634,0.19641,384275.8,0.0001
2026-04-20 00:00:00+00:00,0.19641,0.20746,0.19585,0.20335,443253.7,0.0001
2026-04-20 04:00:00+00:00,0.20335,0.20643,0.19759,0.19946,665458.2,0.0001
2026-04-20 08:00:00+00:00,0.19946,0.20484,0.1976,0.2043,239981.7,0.0001
2026-04-20 12:00:00+00:00,0.2043,0.2069,0.20011,0.20174,402434.8,0.0001
2026-04-20 16:00:00+00:00,0.20174,0.20509,0.19849,0.20332,278254.7,0.0001
2026-04-20 20:00:00+00:00,0.20332,0.20836,0.19896,0.20017,753573.2,0.0001
2026-04-21 00:00:00+00:00,0.20017,0.20297,0.19835,0.20012,129358.3,0.0001
2026-04-21 04:00:00+00:00,0.20012,0.20488,0.19952,0.2029,626823.3,0.0001
2026-04-21 08:00:00+00:00,0.2029,0.20402,0.19854,0.20265,196947.1,0.0001
2026-04-21 12:00:00+00:00,0.20265,0.20309,0.1973,0.20032,316899.9,0.0001
2026-04-21 16:00:00+00:00,0.20032,0.20247,0.19571,0.19952,212304.8,0.0001
2026-04-21 20:00:00+00:00,0.19952,0.20142,0.19848,0.19938,256222.3,0.0001
2026-04-22 00:00:00+00:00,0.19938,0.20331,0.19833,0.20123,109615.3,0.0001
2026-04-22 04:00:00+00:00,0.20123,0.20677,0.20058,0.2043,481020.9,0.0001
2026-04-22 08:00:00+00:00,0.2043,0.20497,0.20001,0.2002,125119.4,0.0001
2026-04-22 12:00:00+00:00,0.2002,0.20074,0.19475,0.19615,485996.5,0.0001
2026-04-22 16:00:00+00:00,0.19615,0.19874,0.19554,0.19874,269410.3,0.0001
2026-04-22 20:00:00+00:00,0.19874,0.19969,0.19511,0.1958,448748.6,0.0001
2026-04-23 00:00:00+00:00,0.1958,0.19791,0.19296,0.19539,243451.0,0.0001
2026-04-23 04:00:00+00:00,0.19539,0.19879,0.19487,0.1968,314211.3,0.0001
2026-04-23 08:00:00+00:00,0.1968,0.2014,0.19651,0.20051,289387.9,0.0001
2026-04-23 12:00:00+00:00,0.20051,0.20427,0.1989,0.20077,267177.7,0.0001
2026-04-23 16:00:00+00:00,0.20077,0.20437,0.19919,0.20092,174534.7,0.0001
2026-04-23 20:00:00+00:00,0.20092,0.20367,0.19974,0.20156,256979.2,0.0001
2026-04-24 00:00:00+00:00,0.20156,0.2021,0.19762,0.19887,168085.4,0.0001
2026-04-24 04:00:00+00:00,0.19887,0.20274,0.1982,0.20208,200646.1,0.0001
2026-04-24 08:00:00+00:00,0.20208,0.20756,0.20152,0.20281,405035.6,0.0001
2026-04-24 12:00:00+00:00,0.20281,0.20668,0.19994,0.2056,302882.3,0.0001
2026-04-24 16:00:00+00:00,0.2056,0.20562,0.20178,0.20246,131712.4,0.0001
2026-04-24 20:00:00+00:00,0.20246,0.2058,0.20136,0.2056,232123.2,0.0001
2026-04-25 00:00:00+00:00,0.2056,0.20627,0.20224,0.20346,153219.7,0.0001
2026-04-25 04:00:00+00:00,0.20346,0.20466,0.20231,0.20312,329345.8,0.0001
2026-04-25 08:00:00+00:00,0.20312,0.20499,0.20196,0.20472,92218.0,0.0001
2026-04-25 12:00:00+00:00,0.20472,0.20536,0.20226,0.20246,250574.5,0.0001
2026-04-25 16:00:00+00:00,0.20246,0.20335,0.19946,0.20105,153608.8,0.0001
2026-04-25 20:00:00+00:00,0.20105,0.20256,0.20023,0.20172,86976.0,0.0001
2026-04-26 00:00:00+00:00,0.20172,0.20549,0.20085,0.20231,152674.0,0.0001
2026-04-26 04:00:00+00:00,0.20231,0.20686,0.20131,0.20656,220192.7,0.0001
2026-04-26 08:00:00+00:00,0.20656,0.21186,0.20507,0.21119,252123.5,0.0001
2026-04-26 12:00:00+00:00,0.21119,0.21559,0.21015,0.21114,444859.0,0.0001
2026-04-26 16:00:00+00:00,0.21114,0.21128,0.20768,0.20967,234293.1,0.0001
2026-04-26 20:00:00+00:00,0.20967,0.20967,0.2044,0.20708,295274.6,0.0001
2026-04-27 00:00:00+00:00,0.20708,0.20868,0.20485,0.20616,119515.7,0.0001
2026-04-27 04:00:00+00:00,0.20616,0.2074,0.2005,0.20735,391514.7,0.0001
2026-04-27 08:00:00+00:00,0.20735,0.21522,0.20603,0.21464,315622.3,0.0001
2026-04-27 12:00:00+00:00,0.21464,0.22056,0.21005,0.219,655430.7,0.0001
2026-04-27 16:00:00+00:00,0.219,0.22277,0.2124,0.21722,862599.8,0.0001
2026-04-27 20:00:00+00:00,0.21722,0.21754,0.21293,0.2158,278048.5,0.0001
2026-04-28 00:00:00+00:00,0.2158,0.22004,0.21486,0.21646,387923.1,0.0001
2026-04-28 04:00:00+00:00,0.21646,0.22296,0.21632,0.21681,712462.6,0.0001
2026-04-28 08:00:00+00:00,0.21681,0.21685,0.2117,0.21243,339439.1,0.0001
2026-04-28 12:00:00+00:00,0.21243,0.21477,0.21172,0.21415,133028.0,0.0001
2026-04-28 16:00:00+00:00,0.21415,0.2157,0.21196,0.21254,121587.2,0.0001
2026-04-28 20:00:00+00:00,0.21254,0.2154,0.21112,0.21342,108234.1,0.0001
2026-04-29 00:00:00+00:00,0.21342,0.21525,0.2128,0.21382,50171.3,0.0001
2026-04-29 04:00:00+00:00,0.21382,0.22247,0.21355,0.22025,228277.7,0.0001
2026-04-29 08:00:00+00:00,0.22025,0.22235,0.216,0.22169,352090.4,0.0001
2026-04-29 12:00:00+00:00,0.22169,0.23021,0.21858,0.22882,740169.5,0.0001
2026-04-29 16:00:00+00:00,0.22882,0.22927,0.21261,0.21672,538178.3,0.0001
2026-04-29 20:00:00+00:00,0.21672,0.21988,0.21533,0.21738,228485.3,0.0001
2026-04-30 00:00:00+00:00,0.21738,0.23211,0.21728,0.22637,1151319.5,0.0001
2026-04-30 04:00:00+00:00,0.22637,0.22905,0.21856,0.22044,509844.3,0.0001
2026-04-30 08:00:00+00:00,0.22044,0.22743,0.21913,0.22473,261558.0,0.0001
2026-04-30 12:00:00+00:00,0.22473,0.22687,0.22141,0.22298,367568.3,0.0001
2026-04-30 16:00:00+00:00,0.22298,0.22327,0.21305,0.21449,664632.7,0.0001
2026-04-30 20:00:00+00:00,0.21449,0.21686,0.21395,0.21499,196198.5,0.0001
2026-05-01 00:00:00+00:00,0.21499,0.21847,0.21033,0.2177,472848.7,0.0001
2026-05-01 04:00:00+00:00,0.2177,0.21988,0.21424,0.215,211514.8,0.0001
2026-05-01 08:00:00+00:00,0.215,0.22373,0.21451,0.2221,256176.6,0.0001
2026-05-01 12:00:00+00:00,0.2221,0.2248,0.21832,0.21949,373089.7,0.0001
2026-05-01 16:00:00+00:00,0.21949,0.22334,0.21729,0.21903,235318.7,0.0001
2026-05-01 20:00:00+00:00,0.21903,0.21976,0.21426,0.21537,188160.0,0.0001
2026-05-02 00:00:00+00:00,0.21537,0.22035,0.21534,0.21961,156215.2,0.0001
2026-05-02 04:00:00+00:00,0.21961,0.22277,0.21854,0.22042,183995.1,0.0001
2026-05-02 08:00:00+00:00,0.22042,0.22062,0.21731,0.21925,64451.6,0.0001
2026-05-02 12:00:00+00:00,0.21925,0.22031,0.21665,0.21847,72465.8,0.0001
2026-05-02 16:00:00+00:00,0.21847,0.21987,0.21465,0.21953,79735.6,0.0001
2026-05-02 20:00:00+00:00,0.21953,0.2203,0.2172,0.21769,43280.1,0.0001
2026-05-03 00:00:00+00:00,0.21769,0.21916,0.21522,0.21642,164010.2,0.0001
2026-05-03 04:00:00+00:00,0.21642,0.21926,0.21446,0.21656,86884.9,0.0001
2026-05-03 08:00:00+00:00,0.21656,0.22,0.2161,0.2171,44756.6,0.0001
2026-05-03 12:00:00+00:00,0.2171,0.22019,0.21671,0.21735,56749.7,0.0001
2026-05-03 16:00:00+00:00,0.21735,0.21895,0.21583,0.21824,32706.5,0.0001
2026-05-03 20:00:00+00:00,0.21824,0.22249,0.2175,0.22169,81320.9,0.0001
2026-05-04 00:00:00+00:00,0.22169,0.22406,0.21872,0.22194,85985.9,0.0001
2026-05-04 04:00:00+00:00,0.22194,0.22559,0.22174,0.22409,186344.1,0.0001
2026-05-04 08:00:00+00:00,0.22409,0.2257,0.22215,0.22261,82179.4,0.0001
2026-05-04 12:00:00+00:00,0.22261,0.22915,0.22259,0.22768,217061.9,0.0001
2026-05-04 16:00:00+00:00,0.22768,0.22779,0.22408,0.22477,145540.7,0.0001
2026-05-04 20:00:00+00:00,0.22477,0.22662,0.22362,0.22578,65194.6,0.0001
2026-05-05 00:00:00+00:00,0.22578,0.22868,0.22511,0.22559,108052.1,0.0001
2026-05-05 04:00:00+00:00,0.22559,0.22608,0.21998,0.2226,168275.8,0.0001
2026-05-05 08:00:00+00:00,0.2226,0.22722,0.22183,0.22359,141283.8,0.0001
2026-05-05 12:00:00+00:00,0.22359,0.22448,0.22182,0.22288,57825.2,0.0001
2026-05-05 16:00:00+00:00,0.22288,0.22533,0.22261,0.22408,57527.1,0.0001
2026-05-05 20:00:00+00:00,0.22408,0.22752,0.22364,0.22678,110071.8,0.0001
2026-05-06 00:00:00+00:00,0.22678,0.23298,0.2251,0.23234,175702.3,0.0001
2026-05-06 04:00:00+00:00,0.23234,0.24958,0.23171,0.24094,1665843.7,0.0001
2026-05-06 08:00:00+00:00,0.24094,0.248,0.23915,0.24592,662721.0,0.0001
2026-05-06 12:00:00+00:00,0.24592,0.2507,0.24326,0.24672,630995.3,0.0001
2026-05-06 16:00:00+00:00,0.24672,0.26035,0.2435,0.24987,831913.5,0.0001
2026-05-06 20:00:00+00:00,0.24987,0.2657,0.24895,0.26438,880677.6,0.0001
2026-05-07 00:00:00+00:00,0.26438,0.27445,0.24688,0.2474,2610027.6,0.0001
2026-05-07 04:00:00+00:00,0.2474,0.25771,0.24554,0.24642,577937.9,0.0001
2026-05-07 08:00:00+00:00,0.24642,0.24691,0.23872,0.23972,332172.1,0.0001
2026-05-07 12:00:00+00:00,0.23972,0.24613,0.23539,0.2433,534623.0,0.0001
2026-05-07 16:00:00+00:00,0.2433,0.25076,0.24074,0.24908,703547.9,0.0001
2026-05-07 20:00:00+00:00,0.24908,0.26177,0.24791,0.25785,519939.7,0.0001
2026-05-08 00:00:00+00:00,0.25785,0.26047,0.24001,0.24016,684416.1,0.0001
2026-05-08 04:00:00+00:00,0.24016,0.24428,0.2325,0.23294,436370.6,0.0001
2026-05-08 08:00:00+00:00,0.23294,0.24281,0.23151,0.24025,474244.0,0.0001
2026-05-08 12:00:00+00:00,0.24025,0.24377,0.23616,0.2387,215701.3,0.0001
2026-05-08 16:00:00+00:00,0.2387,0.24455,0.23689,0.24295,241920.5,0.0001
2026-05-08 20:00:00+00:00,0.24295,0.24704,0.24075,0.24571,181378.6,0.0001
2026-05-09 00:00:00+00:00,0.24571,0.255,0.24457,0.25187,202240.9,0.0001
2026-05-09 04:00:00+00:00,0.25187,0.25925,0.24888,0.25692,250734.1,0.0001
2026-05-09 08:00:00+00:00,0.25692,0.25899,0.25355,0.25739,257926.3,0.0001
2026-05-09 12:00:00+00:00,0.25739,0.26053,0.25127,0.25246,293338.1,0.0001
2026-05-09 16:00:00+00:00,0.25246,0.26591,0.25246,0.26569,280814.6,0.0001
2026-05-09 20:00:00+00:00,0.26569,0.26838,0.25545,0.2674,367877.3,0.0001
2026-05-10 00:00:00+00:00,0.2674,0.27809,0.25917,0.26833,1110993.9,0.0001
2026-05-10 04:00:00+00:00,0.26833,0.27254,0.25216,0.25411,765298.7,0.0001
2026-05-10 08:00:00+00:00,0.25411,0.25803,0.24731,0.24853,503812.7,0.0001
2026-05-10 12:00:00+00:00,0.24853,0.25744,0.24304,0.24598,643191.6,0.0001
2026-05-10 16:00:00+00:00,0.24598,0.24766,0.2389,0.24626,244977.2,0.0001
2026-05-10 20:00:00+00:00,0.24626,0.25079,0.2438,0.24854,393997.0,0.0001
2026-05-11 00:00:00+00:00,0.24854,0.25417,0.24121,0.24574,1385960.9,0.0001
2026-05-11 04:00:00+00:00,0.24574,0.24599,0.23421,0.23835,881340.4,0.0001
2026-05-11 08:00:00+00:00,0.23835,0.24438,0.23763,0.24158,281148.5,0.0001
2026-05-11 12:00:00+00:00,0.24158,0.24296,0.23336,0.23638,287537.7,0.0001
2026-05-11 16:00:00+00:00,0.23638,0.23917,0.234,0.23865,122691.9,0.0001
2026-05-11 20:00:00+00:00,0.23865,0.23988,0.23479,0.23585,236220.9,0.0001
2026-05-12 00:00:00+00:00,0.23585,0.23712,0.23053,0.23593,574041.0,0.0001
2026-05-12 04:00:00+00:00,0.23593,0.2371,0.2333,0.23671,243206.9,0.0001
2026-05-12 08:00:00+00:00,0.23671,0.23782,0.23236,0.23547,206273.7,0.0001
2026-05-12 12:00:00+00:00,0.23547,0.23608,0.22957,0.22986,217586.4,0.0001
2026-05-12 16:00:00+00:00,0.22986,0.23784,0.22945,0.23624,174736.8,0.0001
2026-05-12 20:00:00+00:00,0.23624,0.23745,0.23375,0.235,104123.9,0.0001
2026-05-13 00:00:00+00:00,0.235,0.23794,0.23393,0.23448,104180.5,0.0001
2026-05-13 04:00:00+00:00,0.23448,0.23589,0.2337,0.23398,90030.3,0.0001
2026-05-13 08:00:00+00:00,0.23398,0.23582,0.23085,0.23112,125105.9,0.0001
2026-05-13 12:00:00+00:00,0.23112,0.2318,0.22306,0.22366,422068.0,0.0001
2026-05-13 16:00:00+00:00,0.22366,0.22495,0.22208,0.22252,112477.3,0.0001
2026-05-13 20:00:00+00:00,0.22252,0.22371,0.2205,0.22349,117650.2,0.0001
2026-05-14 00:00:00+00:00,0.22349,0.22456,0.21514,0.21581,198826.6,0.0001
2026-05-14 04:00:00+00:00,0.21581,0.2177,0.21458,0.21572,77635.2,0.0001
2026-05-14 08:00:00+00:00,0.21572,0.22007,0.2153,0.21698,105615.0,0.0001
2026-05-14 12:00:00+00:00,0.21698,0.22045,0.21486,0.22009,139449.3,0.0001
2026-05-14 16:00:00+00:00,0.22009,0.22193,0.21536,0.21559,164643.7,0.0001
2026-05-14 20:00:00+00:00,0.21559,0.21952,0.21245,0.21862,195343.8,0.0001
2026-05-15 00:00:00+00:00,0.21862,0.22113,0.21636,0.21829,121993.3,0.0001
2026-05-15 04:00:00+00:00,0.21829,0.2184,0.21119,0.21351,193947.2,0.0001
2026-05-15 08:00:00+00:00,0.21351,0.21351,0.2104,0.21055,230168.3,0.0001
2026-05-15 12:00:00+00:00,0.20984,0.21044,0.19885,0.20108,366583.9,
2026-05-15 16:00:00+00:00,0.20108,0.20497,0.20083,0.20241,95829.0,
2026-05-15 20:00:00+00:00,0.20241,0.20424,0.20091,0.20363,50648.3,
2026-05-16 00:00:00+00:00,0.20363,0.20743,0.20292,0.20634,146384.3,
2026-05-16 04:00:00+00:00,0.20634,0.20688,0.19809,0.20095,204536.4,
2026-05-16 08:00:00+00:00,0.20095,0.20209,0.19567,0.19787,74880.3,
2026-05-16 12:00:00+00:00,0.19787,0.19954,0.19686,0.19919,54163.3,
2026-05-16 16:00:00+00:00,0.19919,0.20282,0.1975,0.20216,75222.6,
2026-05-16 20:00:00+00:00,0.20216,0.20268,0.19764,0.20161,76042.4,
2026-05-17 00:00:00+00:00,0.20161,0.2021,0.19502,0.19951,140040.6,
2026-05-17 04:00:00+00:00,0.19951,0.20298,0.1984,0.19933,165622.7,
2026-05-17 08:00:00+00:00,0.19933,0.20078,0.19616,0.19632,47001.9,
2026-05-17 12:00:00+00:00,0.19632,0.19718,0.19311,0.19365,64193.4,
2026-05-17 16:00:00+00:00,0.19365,0.1958,0.19228,0.19501,90825.9,
2026-05-17 20:00:00+00:00,0.19501,0.19533,0.18657,0.19043,142318.8,
2026-05-18 00:00:00+00:00,0.19043,0.1928,0.18768,0.1911,55780.6,
2026-05-18 04:00:00+00:00,0.1911,0.19312,0.18864,0.1893,50046.5,
2026-05-18 08:00:00+00:00,0.1893,0.19079,0.18597,0.19059,52627.2,
2026-05-18 12:00:00+00:00,0.19059,0.19173,0.18437,0.18743,183565.2,
2026-05-18 16:00:00+00:00,0.18743,0.18958,0.18515,0.1894,48603.8,
2026-05-18 20:00:00+00:00,0.1894,0.19093,0.18695,0.18732,76619.0,
2026-05-19 00:00:00+00:00,0.18732,0.18861,0.16285,0.16492,3708386.8,
2026-05-19 04:00:00+00:00,0.16492,0.16924,0.15919,0.1692,3017352.4,
2026-05-19 08:00:00+00:00,0.1692,0.16964,0.16202,0.16261,1094759.2,
2026-05-19 12:00:00+00:00,0.16261,0.1645,0.16109,0.16132,924790.1,
2026-05-19 16:00:00+00:00,0.16132,0.1695,0.16043,0.16864,1096163.6,
2026-05-19 20:00:00+00:00,0.16864,0.17011,0.16252,0.16355,323098.5,
2026-05-20 00:00:00+00:00,0.16355,0.1706,0.1624,0.1652,773401.3,
2026-05-20 04:00:00+00:00,0.1652,0.17056,0.16501,0.1702,280965.5,
2026-05-20 08:00:00+00:00,0.1702,0.1722,0.16447,0.16642,967311.7,
2026-05-20 12:00:00+00:00,0.16642,0.16689,0.16282,0.16324,250277.8,
2026-05-20 16:00:00+00:00,0.16324,0.16614,0.16068,0.16195,743448.4,
2026-05-20 20:00:00+00:00,0.16195,0.16221,0.15831,0.15978,829028.2,
2026-05-21 00:00:00+00:00,0.15978,0.16235,0.15654,0.16193,1071448.4,
2026-05-21 04:00:00+00:00,0.16193,0.16716,0.16193,0.16649,800554.4,
2026-05-21 08:00:00+00:00,0.16649,0.16974,0.16439,0.16443,363400.5,
2026-05-21 12:00:00+00:00,0.16443,0.16793,0.16339,0.16507,584761.3,
2026-05-21 16:00:00+00:00,0.16507,0.16743,0.16437,0.16653,203277.8,
2026-05-21 20:00:00+00:00,0.16653,0.1676,0.16513,0.16716,104031.2,
2026-05-22 00:00:00+00:00,0.16716,0.1702,0.1655,0.16924,360745.6,
2026-05-22 04:00:00+00:00,0.16924,0.1701,0.16482,0.1652,243217.8,
2026-05-22 08:00:00+00:00,0.1652,0.16733,0.16417,0.1649,218090.6,
2026-05-22 12:00:00+00:00,0.1649,0.16752,0.16421,0.16487,117175.8,
2026-05-22 16:00:00+00:00,0.16487,0.16857,0.16039,0.16187,246797.5,
2026-05-22 20:00:00+00:00,0.16187,0.16682,0.16121,0.1638,197602.4,
2026-05-23 00:00:00+00:00,0.1638,0.17093,0.16321,0.17,196699.6,
2026-05-23 04:00:00+00:00,0.17,0.17103,0.1628,0.16456,645794.3,
2026-05-23 08:00:00+00:00,0.16456,0.16831,0.16277,0.16555,264292.3,
2026-05-23 12:00:00+00:00,0.16555,0.17119,0.16534,0.16957,248796.6,
2026-05-23 16:00:00+00:00,0.16957,0.17075,0.1686,0.1697,108456.8,
