future_lr_3,future_direction_3,future_rv_3,future_lr_12,future_direction_12,future_rv_12
-0.016438726343159904,-1.0,0.009276636720949388,0.084880485062787,1.0,0.02083885390181862
-0.042594934507099946,-1.0,0.008862467044391567,0.07584720385192556,1.0,0.02113961860862621
-0.01718922278466284,-1.0,0.01652868634856836,0.0695424730396702,1.0,0.021786276805804746
-0.0019355736721764494,-1.0,0.019039326140436734,0.14837237586437657,1.0,0.028954031937328657
0.03443828243335112,1.0,0.0019619351411582268,0.16094945890717427,1.0,0.027775802212482843
0.06731360996723146,1.0,0.018128612989975094,0.15127021696190412,1.0,0.028010763109810818
0.1007554086208039,1.0,0.017184435908190115,0.15006976923293802,1.0,0.02802191321317122
0.07340572493385111,1.0,0.03297404794008393,0.1491069766830242,1.0,0.028019423863723098
0.04523576888304248,1.0,0.028670532628573886,0.18883623781514836,1.0,0.03375604496156774
0.0024993764573194577,1.0,0.014356558458528838,0.14358454378937635,1.0,0.032859537288992866
0.010598130991823274,1.0,0.010537453709943556,0.15784032047526997,1.0,0.03209993325411907
-0.025817683025940896,-1.0,0.011472721463731222,0.2109758714048766,1.0,0.035840656853889374
0.047053164458429664,1.0,0.05100582004403888,0.14346689412644975,1.0,0.04321896066273751
0.042507320548148764,1.0,0.052007828137531235,0.1424647645445547,1.0,0.04325672208727091
0.06453852113757108,1.0,0.045661393277814405,0.21469772914569052,1.0,0.043245323766295994
-0.00023818030361499876,-1.0,0.009598032692755921,0.16514705190404444,1.0,0.03962881150754638
0.022595800209201045,1.0,0.006179634814965734,0.20816544720494579,1.0,0.039222293119568666
0.10487963082047569,1.0,0.041649351996772103,0.19604901795876917,1.0,0.03984028719089993
0.09427018317724223,1.0,0.04523958845806691,0.19776466231815515,1.0,0.03981499749611208
0.08213906872609689,1.0,0.04818532068475997,0.20663933528227407,1.0,0.03982246202663868
0.06737540247277074,1.0,0.039664130901366446,0.08582019161947652,1.0,0.03683956958757342
0.0023817267943928577,1.0,0.0673758923452851,0.0697007645235409,1.0,0.037472804128911776
-0.004777424938891994,-1.0,0.06751018239841357,0.0702630061764965,1.0,0.03746611914736326
-0.02209582528512699,-1.0,0.058721259331163636,-0.0012148209633315865,-1.0,0.03191701702455497
0.06873332223602435,1.0,0.028741981997647985,0.04648069432076951,1.0,0.025147108652588478
0.10820800320853985,1.0,0.013570848080546349,0.062236679329602085,1.0,0.02496641531470381
0.04588980995064973,1.0,0.023516425985429846,-0.0018635474903420102,-1.0,0.020801004507057724
0.03237943011049571,1.0,0.022180338696299828,-0.04543420268198972,-1.0,0.019924777585931183
0.02106968828652933,1.0,0.016847516396270006,-0.08646099481522007,-1.0,0.016220849633491078
-0.005349195518816963,-1.0,0.031671450053003994,-0.07826598230238557,-1.0,0.01620090964371558
-0.03379371461737202,-1.0,0.030242492129332468,-0.0961510336137551,-1.0,0.015256750853397009
-0.054237260379680685,-1.0,0.019516909897850543,-0.12906003995432513,-1.0,0.012062277022564566
-0.019659610110037362,-1.0,0.009852121685471804,-0.14007983159344395,-1.0,0.01448562528667427
-0.020838343408378535,-1.0,0.010516215072805092,-0.14415897893173324,-1.0,0.014684755998757506
-0.01280375178578641,-1.0,0.014059127334657933,-0.17139599824376883,-1.0,0.014559108246196108
-0.022744551812137415,-1.0,0.014843964645152764,-0.15388059204708837,-1.0,0.016514027901909954
-0.02318157476673488,-1.0,0.015010529758357668,-0.13648490649698097,-1.0,0.016702745698922706
-0.04048967093628231,-1.0,0.005602010601823422,-0.1323340849632746,-1.0,0.01720406423347211
-0.030512624861393833,-1.0,0.008231084578702827,-0.1733669505666391,-1.0,0.02126786414993324
-0.018337400821269667,-1.0,0.00256988953338806,-0.16502015963933137,-1.0,0.021232919843700765
-0.02152935685257573,-1.0,0.004027480581335865,-0.12822070568728483,-1.0,0.024530821462420475
-0.06716304480987534,-1.0,0.022997935427434377,-0.07657649969705027,-1.0,0.029904934909822635
-0.08180165993535016,-1.0,0.019395790980963723,-0.10495412334021959,-1.0,0.03106441529892818
-0.09657321866912438,-1.0,0.014573129113270139,-0.10113779115903399,-1.0,0.031055951134905124
-0.033460370563681785,-1.0,0.022130452961931665,-0.05278579604877831,-1.0,0.028356344764208306
-0.013164270973626269,-1.0,0.020315312147123763,-0.034449302688216665,-1.0,0.02782752342170743
0.026258161494707832,1.0,0.008819790406421479,-0.016433429270057753,-1.0,0.026936509607295368
-0.04223091033168813,-1.0,0.03553691724936188,-0.04890831859740663,-1.0,0.02685261265214685
-0.05171682790908527,-1.0,0.03424605241903768,-0.03051287767166444,-1.0,0.027534497556410915
-0.03637629166029255,-1.0,0.04148758693032476,-0.025060413118195624,-1.0,0.027864471133511856
0.06627782600819498,1.0,0.030227420272777986,0.012249050750111401,1.0,0.023213355802512495
0.04172863547784211,1.0,0.043870737009584417,0.016312769050641718,1.0,0.023052653374872147
0.005553557675675114,1.0,0.042713249968079514,-0.011690342585288338,-1.0,0.021386294890567682
-0.04337234116160338,-1.0,0.018512995280610255,-0.018626848207167757,-1.0,0.019976425243588346
-0.011296839283347238,-1.0,0.003493665526154475,0.014002839457566085,1.0,0.016930888339455025
-0.011868856780148151,-1.0,0.0037966733184116148,0.028953137740106993,1.0,0.01678970333432032
-0.029582893112310105,-1.0,0.007580330395320048,0.07761216702711482,1.0,0.02129777043567057
-0.009227845957074043,-1.0,0.018097624207521812,0.07585029816785838,1.0,0.021377740593180664
0.017631177646569962,1.0,0.02086868535528701,0.1003038928133585,1.0,0.02105061040024804
0.0189264590158299,1.0,0.020121636163153777,0.15187940338772932,1.0,0.02039086609857376
-0.004891181186779114,-1.0,0.0184361236427676,0.14740157652434938,1.0,0.02034554404101661
-0.023006221127385262,-1.0,0.008846918973056242,0.0925422985162655,1.0,0.02447930591081622
0.03540192705091583,1.0,0.026004450989704005,0.04824506914123483,1.0,0.03099976381395363
0.03941870588476648,1.0,0.024631897804632947,0.033272114429001576,1.0,0.0317684810344734
0.046197038001070445,1.0,0.023194067102663318,-0.03135365062718731,-1.0,0.0371647381376736
0.0528666740726792,1.0,0.02696160586713397,-0.0645541891020679,-1.0,0.03473819743651412
0.050550619426945054,1.0,0.027858055468520684,-0.08096622299191247,-1.0,0.03495087278860898
0.05948189829310335,1.0,0.02681924860409032,-0.05456117040355901,-1.0,0.03671689400880418
0.04468434324830439,1.0,0.019306737546812055,-0.15055335354253485,-1.0,0.03458041369686976
0.062323432399416956,1.0,0.011093371715924694,-0.14619080889883362,-1.0,0.03468811395709605
0.009869583349476962,1.0,0.03559923850841952,-0.13753827593340173,-1.0,0.035419491238667285
-0.08470787523066459,-1.0,0.03745810649640633,-0.1601016996171345,-1.0,0.03336176335301545
-0.11902064328212691,-1.0,0.0199459631974244,-0.17736543761476942,-1.0,0.03250743654412966
-0.14690217027083807,-1.0,0.023554102078388026,-0.12341870291285595,-1.0,0.03303080082133948
-0.0773973311923869,-1.0,0.03626346577890614,-0.0930621285197838,-1.0,0.029779529729518212
-0.07481963153614757,-1.0,0.036435235628213034,-0.06972148131475042,-1.0,0.029539081284334134
0.022989518224698746,1.0,0.026583260147059126,-0.01965602530263555,-1.0,0.02351045047933007
-0.03313249036778776,-1.0,0.041477960309041974,0.014929364126754496,1.0,0.026738699763244
-0.014673966479976097,-1.0,0.041021702903135525,0.042772557074143736,1.0,0.025997730999620324
-0.02349520723673937,-1.0,0.03696439688794747,0.01398281091922704,1.0,0.024208752996397614
0.03513599717370475,1.0,0.012960757544119978,0.03313249036778776,1.0,0.02112074846379343
0.031148803683481163,1.0,0.014935840898986365,0.031148803683481163,1.0,0.021158692167874568
0.023989156370022746,1.0,0.011611037102550275,0.004290227400689295,1.0,0.019947973251363126
-0.017668304133313883,-1.0,0.02440883894662362,-0.017668304133313883,-1.0,0.019908454862571208
-0.01137668698210792,-1.0,0.02482058380613338,-0.004535155165391158,-1.0,0.020071317785126355
-0.04313949266061767,-1.0,0.01619104036635747,-0.038766495338159124,-1.0,0.01965991436606152
0.030594161454151392,1.0,0.029336276307216646,0.01038641382675376,1.0,0.018468720210921764
0.03767440685274659,1.0,0.028564521338790977,0.005830920310793242,1.0,0.01850068549058789
0.056628354446561335,1.0,0.020871416560563554,0.026457915741676996,1.0,0.018001665021991287
-0.014929364126754496,-1.0,0.020588607389777046,-0.018948460217562135,-1.0,0.012647754906412607
-0.02629771987063867,-1.0,0.017679068529991675,-0.023285669400646913,-1.0,0.012389544252809344
-0.03318779075527711,-1.0,0.0152524757312321,-0.01398281091922704,-1.0,0.013140395020673988
-0.015664797327396895,-1.0,0.00515169972581152,0.011961268947534243,1.0,0.009951942445637267
-0.004535155165391158,-1.0,0.009757605969122698,-0.027008011017449873,-1.0,0.015881415914686475
-0.019067566368825672,-1.0,0.013008990984152783,-0.02757386846497023,-1.0,0.015880670617917685
0.01038641382675376,1.0,0.017816751183831452,-0.03471851288911065,-1.0,0.016368829410245672
-0.00101061150592352,-1.0,0.017459064653424873,-0.046255500357593404,-1.0,0.015981489162099818
0.022084918419218447,1.0,0.010681295356777636,-0.024949319047948615,-1.0,0.01565409059159686
0.0012592874098354967,1.0,0.0055330787991046595,-0.045632352888428596,-1.0,0.014283503079155557
0.008557817141306434,1.0,0.004816833156428714,-0.07585952467127666,-1.0,0.016610396433212778
0.0161876277856573,1.0,0.008528707196729466,-0.14772730007749824,-1.0,0.023126537945192472
0.01598036503834188,1.0,0.008625111742185256,-0.07796834416766185,-1.0,0.03262851052516881
-0.03002006148744163,-1.0,0.02878129589974236,-0.08387208552862724,-1.0,0.03249564138806032
-0.046778848301020304,-1.0,0.022636789380920078,-0.17180393882939837,-1.0,0.03684874072810962
-0.06234457916404179,-1.0,0.01981989727618131,-0.1664462571774047,-1.0,0.03703400605380405
-0.02378264450553469,-1.0,0.008981257951826955,-0.07200433764837422,-1.0,0.040452401340807416
-0.016443016951804057,-1.0,0.011820533562367109,-0.07440670850120301,-1.0,0.0404385120358096
-0.0005274261725641827,-1.0,0.004510902420531847,-0.08153780491347284,-1.0,0.04068392270723553
-0.030614635819606772,-1.0,0.020301326391742994,-0.08123357781096663,-1.0,0.04068648243224335
-0.10069306261033117,-1.0,0.03134846519685925,-0.0960472935111586,-1.0,0.040520900082054764
-0.03107670386939776,-1.0,0.06906342820903326,-0.12247617313318071,-1.0,0.04090334820500857
0.0005452562839558528,1.0,0.06617419252358268,-0.08446114472491861,-1.0,0.0404252107628437
-0.007889010966242838,-1.0,0.07037792304826543,-0.0023310033864756274,-1.0,0.03646644126722233
-0.07249754797140096,-1.0,0.04277808483769232,-0.0742545030353674,-1.0,0.02964758117596019
-0.018152313607188608,-1.0,0.0635525926395891,-0.049444507395789206,-1.0,0.030835302780223197
0.05061838202717506,1.0,0.03125477091129265,0.0399650712915669,1.0,0.022116307667633252
0.022563873099890053,1.0,0.040479651650670904,0.08574277472142167,1.0,0.0256513027865863
-0.0330118846681271,-1.0,0.012517631480069005,0.039188688045593945,1.0,0.021281640080189717
-0.03808360196175964,-1.0,0.011551739606035082,0.05664703566465212,1.0,0.02128212945470594
-0.04146579439227205,-1.0,0.013427162551041028,0.06719873820168765,1.0,0.02010937037986441
-0.03384220273355876,-1.0,0.016828447512206572,0.07699291415402776,1.0,0.01993257464637337
-0.006976772485648208,-1.0,0.02373877529135631,0.0849331277700921,1.0,0.01947174892735656
0.017144966228415548,1.0,0.010902787816292949,0.0718906763450744,1.0,0.02187243992787109
0.03556189361308526,1.0,0.014639910158036902,0.07487071637477638,1.0,0.021874100125041533
0.03440706371179969,1.0,0.014448339443174722,0.036659316916124896,1.0,0.02291167795823584
0.08749972978538811,1.0,0.017060386864119974,0.06523435167598368,1.0,0.023511938243387803
0.07048088183419454,1.0,0.022125922171874274,0.013652089168327386,1.0,0.02466098619954301
0.06730034640026028,1.0,0.02273873757664521,0.023949905526646553,1.0,0.025390134388140105
0.004019836580156033,1.0,0.014414459288487816,-0.07179716812140624,-1.0,0.02450589267266122
0.004792341440306713,1.0,0.014549806862358402,-0.03448149397387057,-1.0,0.028265609651452583
-0.009797509856319664,-1.0,0.010965644332333544,-0.02914255159996182,-1.0,0.02857386060484509
-0.036773856248885295,-1.0,0.025995299550266214,0.002937643987342753,1.0,0.02880418573960193
-0.035964400512810135,-1.0,0.026296492766558106,-0.014715984632513224,-1.0,0.028882438623666882
-0.05525058333961541,-1.0,0.02490334582209434,-0.03410344025222678,-1.0,0.02945768331769486
0.01048864155932483,1.0,0.022819680698499416,0.009114826258760589,1.0,0.026775830099345085
-0.025656733593363734,-1.0,0.02833500317951641,-0.008016628973090523,-1.0,0.02682652285114559
0.021697652322321348,1.0,0.03088572496906446,0.020871774780540475,1.0,0.02610827805596689
-0.04953179001200181,-1.0,0.03818590958984519,-0.00027461211211998737,-1.0,0.025173712478699883
0.022347298691996587,1.0,0.048221528411356906,0.024279133155082233,1.0,0.023606015426921433
0.014207889273651908,1.0,0.046847827302138906,-0.0044125830008761024,-1.0,0.022353639301532155
0.07875464868890503,1.0,0.014920179570066942,0.05800757554411584,1.0,0.01706935102747105
0.02455785078166406,1.0,0.016382029515136388,0.031006019281851205,1.0,0.01274468868630567
-0.014758398508584625,-1.0,0.01987732701078434,0.006220439259822297,1.0,0.011993443093069826
-0.03059667397746746,-1.0,0.011321196486746727,-0.012612538050843836,-1.0,0.010781033903788446
-0.029265044853387434,-1.0,0.011316420254773406,0.006448168500187146,1.0,0.01062940580629509
-0.00027536830684815605,-1.0,0.008660552760497897,-0.0008263325081134809,-1.0,0.012091682191622056
0.0010992031884442532,1.0,0.008812046646607747,-0.054525579439367755,-1.0,0.01929781117022274
0.006639028534809022,1.0,0.005815527939793504,-0.09087926698867577,-1.0,0.02268448217354824
-0.0035867054590952296,-1.0,0.0034849894353325087,-0.10993044494098436,-1.0,0.022176205571219677
0.00875039764423402,1.0,0.010562204094766403,-0.0720185924034884,-1.0,0.026337503830955865
0.02907418481876556,1.0,0.010567290085618753,-0.09266686090193277,-1.0,0.026853777458494238
0.024840911534350307,1.0,0.013007110818219458,-0.06982240284932684,-1.0,0.028042284580543603
0.00813453509394535,1.0,0.0121859630443254,-0.09025897823257045,-1.0,0.0272670723222951
0.0,0.0,0.007656714583967675,-0.10941562289034124,-1.0,0.026277497804020267
-0.021805170276520403,-1.0,0.019068176907277207,-0.10539047326781048,-1.0,0.02633654560995836
-0.07250971536599138,-1.0,0.030563525209098368,-0.10137769936684349,-1.0,0.02646095206923368
-0.12659248034225035,-1.0,0.012290706854414303,-0.12659248034225035,-1.0,0.026004108979316824
-0.10937948073971904,-1.0,0.022027355892733334,-0.13585665427875382,-1.0,0.026714047089719885
-0.016393809775676393,-1.0,0.04349963121245777,-0.058286329878521004,-1.0,0.025234659268127266
0.00485143462155202,1.0,0.0344511654973113,0.0015186031771901032,1.0,0.02214115589904156
0.036521336632562296,1.0,0.03334383866159768,0.005518101065032477,1.0,0.021982888715619413
-0.00948998818484803,-1.0,0.022510120000543754,-0.05396883964788346,-1.0,0.018528856954248555
0.012325422830357091,1.0,0.014137103321076263,-0.006981360879376952,-1.0,0.018878861694118232
-0.010727158884133337,-1.0,0.0015358794294496264,-0.036828792438212465,-1.0,0.01780459567219549
-0.0029841860403276854,-1.0,0.002934534508296523,-0.0050784276434425735,-1.0,0.019693858151380347
-0.01717685745190911,-1.0,0.00998749878614793,0.0005973715828777593,1.0,0.019702744382811693
-0.05227135128746374,-1.0,0.02009599264345409,0.009837611012280423,1.0,0.0197662841878169
-0.029418345877668894,-1.0,0.032106484856180985,0.018066536114197396,1.0,0.019967570159385602
0.0015186031771901032,1.0,0.03363144762698197,0.031121602034754003,1.0,0.019216414686902963
0.03199527460406726,1.0,0.016541806490420814,0.05764931465278034,1.0,0.01526923559328084
-0.01207631954503885,-1.0,0.016686165597170764,0.03418877829946054,1.0,0.013849789384152817
-0.0036485294350150355,-1.0,0.02131936021232344,0.021318927814143684,1.0,0.013393606101965995
-0.005825556870682647,-1.0,0.021664770251514247,0.03956164696252196,1.0,0.013303438399264393
0.039400423819592856,1.0,0.019687821866378855,0.07644169549994206,1.0,0.011915981858156935
0.019904155292611803,1.0,0.018219736677931104,0.026451797732468085,1.0,0.014274284571172309
0.03593924456635955,1.0,0.01261532697339206,0.030883471715452915,1.0,0.013998967895097313
0.020160777717312284,1.0,0.0038190616833298084,0.005376357036380508,1.0,0.011818834552899808
0.013347372999967133,1.0,0.007447966845556605,-0.008697010883670142,-1.0,0.012234555067094513
-0.004459647646963827,-1.0,0.01112656803877898,-0.02371415343710037,-1.0,0.012191011103555319
-0.013296103692405747,-1.0,0.006544104083313401,-0.046561946993265435,-1.0,0.011823070009909453
-0.008284071043420216,-1.0,0.007365557059884865,-0.0704882224885226,-1.0,0.013683630656909437
0.013907606913808879,1.0,0.005461038186550271,-0.09135496075432159,-1.0,0.01561917443629206
0.030176597655442672,1.0,0.008466944025328741,-0.11826649575245107,-1.0,0.016072368249034293
0.0014843404833093654,1.0,0.024507122993517746,-0.10714463745132785,-1.0,0.017057634883053983
-0.014503732117751689,-1.0,0.022780022204121245,-0.13879267967316156,-1.0,0.016129023090732105
-0.0316649146439687,-1.0,0.014976042722784333,-0.15549838892612633,-1.0,0.013907923826264856
-0.015244653323526425,-1.0,0.005988536445246754,-0.19311828549155718,-1.0,0.020269580772805256
-0.018658380586193735,-1.0,0.006297545560945938,-0.21173010198833975,-1.0,0.020059219689579036
-0.03177752631233366,-1.0,0.001925228411158728,-0.2947569861237427,-1.0,0.026400345261897277
-0.048443838604885325,-1.0,0.010220995911867441,-0.23070216628813656,-1.0,0.03458165427133834
-0.07210045496418505,-1.0,0.010457909444376023,-0.22261210082149763,-1.0,0.03488790141104328
-0.08500065245159139,-1.0,0.003536800187151621,-0.15934042505192325,-1.0,0.040293267309502244
-0.044940486006225466,-1.0,0.02389257683413444,-0.10209889984617382,-1.0,0.041785049335097524
-0.03353011200503109,-1.0,0.020460018400239362,-0.060216608427935636,-1.0,0.0413801682138892
-0.007055295518232585,-1.0,0.016821556735598257,-0.05611521960297705,-1.0,0.04121560377675952
-0.08448930755691997,-1.0,0.033856309731103575,-0.12076366379452108,-1.0,0.042980684557619775
-0.08744115443292988,-1.0,0.03357336308411917,-0.07681250389014105,-1.0,0.0438542173199267
-0.17092351184158505,-1.0,0.030072341191884393,-0.06512309295537366,-1.0,0.04417071304884676
-0.0528285341201058,-1.0,0.06775578343131297,-0.006498217812349161,-1.0,0.04001440604497463
-0.029540379419351614,-1.0,0.0680481014757786,0.009899255907971583,1.0,0.039428568356134425
0.10363903475948577,1.0,0.030261927465103977,0.0913021584067859,1.0,0.02964786628694382
0.08015942783707741,1.0,0.025824867887168885,0.03723438312004346,1.0,0.026012718101012997
0.09029503742937695,1.0,0.020651875749647167,0.051046584640315196,1.0,0.026149846013498793
0.018224552997354815,1.0,0.025458498781759147,-0.013067336575098842,-1.0,0.02192938447244253
-0.06360524995457273,-1.0,0.0310472320763841,-0.0535810338451741,-1.0,0.019809409713740764
-0.0501260074672365,-1.0,0.03797082199077171,-0.07597678226592075,-1.0,0.019398501251197665
-0.016063168870629196,-1.0,0.04100674711655579,-0.050846100521560134,-1.0,0.01902098628798379
0.029776138425251952,1.0,0.01510936646576005,-0.010125719367162889,-1.0,0.011994007055404234
-0.0007293946348172486,-1.0,0.011509083418881448,-0.038273294797241286,-1.0,0.00930853317605786
-0.014498260479425484,-1.0,0.00357405165595809,-0.09466267447575549,-1.0,0.01361049756580748
-0.009095933187713179,-1.0,0.0036748934610438926,-0.09610731017734309,-1.0,0.013603469065800353
0.011606949312991999,1.0,0.00828450072741695,-0.08923599814449257,-1.0,0.013780855787719351
-0.0007304602223989765,-1.0,0.013270599641589597,-0.06954066662527314,-1.0,0.015692448125140028
-0.010655989128140142,-1.0,0.014744764536033217,-0.07236634975781797,-1.0,0.015636625474219575
-0.036728329476859,-1.0,0.001079133971851325,-0.06211328793098758,-1.0,0.017016105233280423
-0.019554210949106476,-1.0,0.00923689449628458,-0.035704796743546874,-1.0,0.017600429576091745
-0.02014993547656152,-1.0,0.009387293079488972,-0.03956063054185055,-1.0,0.017794797664266955
-0.012422519998557036,-1.0,0.007890288972435515,-0.03890650887302938,-1.0,0.017764552434256224
-0.059879742824824556,-1.0,0.02053233450174297,-0.03796963318907998,-1.0,0.017801806160782814
-0.056205452384928245,-1.0,0.02137125775592385,-0.012135150814333251,-1.0,0.018243283371363456
-0.05169209798206853,-1.0,0.022932702547435298,-0.018349138668196652,-1.0,0.018451083596602396
0.010623747371056869,1.0,0.01388007920104067,0.0353640892409639,1.0,0.013131618041107017
0.014645027231811936,1.0,0.012323393953959472,0.061468622429202924,1.0,0.013324424854865336
0.038729659526496985,1.0,0.014766317739871273,0.06523632308982563,1.0,0.013226528114955562
0.03310540965932729,1.0,0.013947417525909715,0.07500217665079512,1.0,0.014384401503997597
0.02214973008782728,1.0,0.019959968730697452,0.08903944349876491,1.0,0.01404887005739841
-0.013521550418900796,-1.0,0.01552459365542542,0.06965778213211671,1.0,0.01309025874663115
-0.02181904739463958,-1.0,0.01076410526868785,0.028002576381454647,1.0,0.01608954458372422
0.007275544250955779,1.0,0.01329619747186347,0.02953641443245192,1.0,0.015945838256005637
0.00813485020627569,1.0,0.012831674085512524,0.043385799677075676,1.0,0.015292986730108257
0.013453979605219324,1.0,0.013656036504346467,0.025975486403260417,1.0,0.015956643074675585
0.01739832085860793,1.0,0.015167804098475464,0.009870998903694916,1.0,0.015522110621927461
0.031893363775953754,1.0,0.007400040997509064,0.026647941482891735,1.0,0.015097799763693945
0.05026183478088808,1.0,0.012739647812549297,0.016660741306220306,1.0,0.01488189021106241
0.042215848301373926,1.0,0.013135878772283584,0.0014986889279466897,1.0,0.013942325661884764
0.04315111856878806,1.0,0.012760589378803255,0.0033575856948462324,1.0,0.013991883940671137
-0.01389419061001318,-1.0,0.020714597343503522,-0.005826673440205932,-1.0,0.012461618264415195
-0.037353298978485716,-1.0,0.016327406845601782,-0.005406392696462259,-1.0,0.012494668483310933
-0.03979353287394183,-1.0,0.01508914701630098,-0.009349223079346825,-1.0,0.012409822402557955
-0.02384613737283381,-1.0,0.008512022638799762,-0.0025806465934918865,-1.0,0.011132636780051764
-0.012389871277801223,-1.0,0.007375639443323427,-0.012012156448003797,-1.0,0.012404078335347925
-0.008603007987908251,-1.0,0.009048658044385748,-0.007101506204311159,-1.0,0.012586844497296268
0.004139234508179213,1.0,0.003867997760883042,0.006015055729761132,1.0,0.012028492414565209
0.009026010882859703,1.0,0.00263761656094564,0.013881295864471399,1.0,0.012100626088351253
0.008603007987908251,1.0,0.00242879348827437,0.007112139280902374,1.0,0.01202965356921059
0.027774420034461844,1.0,0.0089797908958787,0.0041221718479562686,1.0,0.012065470343136575
0.03531076667696498,1.0,0.0072389568872514775,0.029874985943273424,1.0,0.014604097294406258
0.030444309794595004,1.0,0.009598710273027899,0.042652719953987006,1.0,0.01527242651733972
-0.010648163763299134,-1.0,0.016394363747672447,0.026312565058137727,1.0,0.014421651750239685
-0.043959062730027254,-1.0,0.013017338189207334,-0.012363793858857886,-1.0,0.01655200141136295
-0.03754581599890616,-1.0,0.016716811484648056,-0.01896482805897337,-1.0,0.016611130094697155
-0.01525043504958079,-1.0,0.01561456527019962,0.002212390282940957,1.0,0.0153762460761611
0.013503581034673973,1.0,0.0032729680555382327,0.022774925028196336,1.0,0.013631844268584528
0.005610637497305282,1.0,0.003678962741179048,0.019317093972434973,1.0,0.013555722535055817
0.0022463506263743493,1.0,0.0045909265965867,0.028087581810261497,1.0,0.01374032700609934
0.02501970096166173,1.0,0.017693597548904195,0.020649701290543332,1.0,0.013729031922444741
0.04414358866099288,1.0,0.01594027547946986,0.018844082454721356,1.0,0.01377280249889611
0.0499648132446433,1.0,0.012826240938107301,0.03310342722567183,1.0,0.01399231301917733
-0.006928013125166332,-1.0,0.023562311285341593,0.009763230689269209,1.0,0.011439957565147933
-0.031173238218365373,-1.0,0.016080661418768315,-0.011125182033973724,-1.0,0.010096534788837078
-0.034748338538495904,-1.0,0.014636740714430874,-0.0028500197417435924,-1.0,0.010670818481035314
-0.008820343842973033,-1.0,0.003002605818568692,0.021000047608254135,1.0,0.006345952997938622
0.0007361060325021818,1.0,0.002815183305990621,0.01788042527784839,1.0,0.006753807373971287
0.01062475647773975,1.0,0.0058696226378750094,0.009895627754223701,1.0,0.007322897651102332
0.011378357297020969,1.0,0.005505049843925583,0.0029487673412527116,1.0,0.0078410691387487
0.0051376259795916646,1.0,0.006801368330403716,0.0011031440721571695,1.0,0.007793310552589367
0.007262196041784685,1.0,0.008021941123696039,-0.01173033978548954,-1.0,0.007242964695436858
0.014133230360387605,1.0,0.007309736774712755,0.002915453960123937,1.0,0.008309870063783184
0.014174324172297803,1.0,0.00728828245077678,0.04263586822199139,1.0,0.013328864493715434
0.014011366277227877,1.0,0.007211117342746081,0.014368063266920306,1.0,0.014235805990164878
0.004308803793818594,1.0,0.008728279400469266,0.001797591711806712,1.0,0.014359418410756561
-0.002167630906543261,-1.0,0.01086908342848452,0.005757482618969689,1.0,0.014328857338685597
-0.02200269104252861,-1.0,0.0026836907736574947,0.016979537747883855,1.0,0.01543565120012088
-0.026871624109974457,-1.0,0.0005326899800703087,0.0557441414066171,1.0,0.01797977853130071
-0.016041175173189037,-1.0,0.0059184669864592995,0.031330437257064636,1.0,0.020859199297690523
-0.011001211061973493,-1.0,0.00532402307772583,0.033707027529758626,1.0,0.020756668457307653
0.011345043915892195,1.0,0.008489243975315839,0.03685388168776482,1.0,0.020611085803189044
0.046670350129425886,1.0,0.020159498866116274,0.037862824461226685,1.0,0.020606022730886377
0.03336059909419453,1.0,0.02676954485529127,0.03371716889651055,1.0,0.020758514247820724
0.01301536811207038,1.0,0.02850500054979793,-0.029544246306725697,-1.0,0.02539796582365474
-0.0227040614307239,-1.0,0.008857036313860778,-0.05738539814805366,-1.0,0.02260361528710749
0.016622840758191426,1.0,0.015423493097122272,-0.06901834562433495,-1.0,0.02339326059850754
0.05825535348862898,1.0,0.016939333045242484,-0.058807846428586164,-1.0,0.023522776807748717
0.023405323731551686,1.0,0.03648263199740702,-0.045512441668015935,-1.0,0.02413507306556575
-0.005275201260653839,-1.0,0.034318622712123784,-0.0746207442377711,-1.0,0.022646800047149127
-0.04576188382882673,-1.0,0.016037988602154385,-0.09707384869182145,-1.0,0.019717157040950346
-0.009508787969026988,-1.0,0.004892789101791821,-0.05437883269335564,-1.0,0.01847423300167263
-0.010991069695221567,-1.0,0.005369575409293153,-0.05919317151309933,-1.0,0.018560537132883605
-0.055053084078598324,-1.0,0.027919075730552103,-0.05131196486299472,-1.0,0.018658043879945276
-0.048577872479854456,-1.0,0.03046861816272864,-0.05080918616129004,-1.0,0.01867515109340737
-0.06937491542665097,-1.0,0.029847448308428236,-0.03482397587170172,-1.0,0.0189916577013832
-0.016248232009790087,-1.0,0.01999876698273424,0.011922644956906314,1.0,0.011910097174988641
-0.010831104950686177,-1.0,0.022081302609365108,0.011816976504784416,1.0,0.011903712903826783
0.011020442144755282,1.0,0.010402246923874082,0.02974056950205206,1.0,0.008554505287308233
0.019989351225393692,1.0,0.011377563786890456,0.04579247831651578,1.0,0.009814604505613105
0.014538932706211982,1.0,0.009865720172020304,0.03686373910948415,1.0,0.009264594204294355
0.010152371464017929,1.0,0.012373263240817525,0.04290598929433642,1.0,0.008858025508529077
0.0,0.0,0.009988388591626865,0.03522007462365906,1.0,0.008460795664623492
-0.005939141436961393,-1.0,0.007650930205419122,0.038836308584099255,1.0,0.00875278535581366
0.013378125946176045,1.0,0.0035659761034013133,0.025121380163867002,1.0,0.01128116338029666
0.008181525741302709,1.0,0.005931261962301416,-0.008249015654793412,-1.0,0.014880396989757242
0.014048290186220003,1.0,0.006939224157939185,0.0003722315323082537,1.0,0.015276556689906606
-0.004810370052897195,-1.0,0.009706464749226568,-0.0014776508045131198,-1.0,0.015192135435477058
0.017621601349819382,1.0,0.014942100718885444,0.007380107297622507,1.0,0.015237394944440253
0.014215657654013558,1.0,0.0147308506438872,0.006950823668200323,1.0,0.01521679459625427
0.024185861937039643,1.0,0.009993723915097882,0.02055872702103656,1.0,0.01483190544967173
0.009416947532536968,1.0,0.0030821667108300683,0.0014545457109944593,1.0,0.01378376954383385
0.016511502180827087,1.0,0.0065290169813420965,-0.00872415566033835,-1.0,0.013739577909067395
-0.007632237666451491,-1.0,0.01945656034569477,-0.004354143308620273,-1.0,0.013807876225308054
-0.04346909027845247,-1.0,0.023666790282703288,-0.010145014546860454,-1.0,0.013729726385635193
-0.044403218488752394,-1.0,0.0231335315532834,-0.02377633616664032,-1.0,0.01306979257204843
-0.013220905022204077,-1.0,0.023593618195129052,-0.014700742510170395,-1.0,0.01185393199476998
0.023810648693718628,1.0,0.0032272327699328354,0.019389123435841205,1.0,0.007049843178407434
0.020626882322112072,1.0,0.0014554259194944526,0.013676058653911749,1.0,0.006484206824796242
0.017226007772652485,1.0,0.0025788576577837007,-0.025080858003321937,-1.0,0.011322667614881432
0.011696039763191335,1.0,0.004244592638463619,-0.04588996205949836,-1.0,0.011638620433709987
-0.0014593216745251159,-1.0,0.004027461826173363,-0.05354076692802967,-1.0,0.01110417108045227
-0.00072700839261719,-1.0,0.004376560420913952,-0.07114947268916327,-1.0,0.011152104769457863
-0.002182612725317945,-1.0,0.004416763172313155,-0.08095155077890137,-1.0,0.011036725501536865
0.0014593216745251159,1.0,0.0030551598795251758,-0.10014110707399038,-1.0,0.012061497999662102
-0.017978836868001613,-1.0,0.008174857249826788,-0.11796487036913117,-1.0,0.011485689856772393
-0.013934952295750813,-1.0,0.009519862200042965,-0.1405269836700549,-1.0,0.011831596966357745
-0.006950823668200323,-1.0,0.011475799528246459,-0.12322068756601956,-1.0,0.014083843684742277
-0.02360102051535562,-1.0,0.02103428043051837,-0.10655420161322682,-1.0,0.01434785045222783
-0.041468436801620934,-1.0,0.019027528518706347,-0.10503232399094875,-1.0,0.01446468177755795
-0.04658994325982935,-1.0,0.016426366932370432,-0.10275337714342281,-1.0,0.014687665070792243
-0.02884260691318885,-1.0,0.009005007869349118,-0.056935453369916234,-1.0,0.013955427933347586
-0.02336554895621168,-1.0,0.007749992532423409,-0.033662669642455345,-1.0,0.013975452305760208
-0.04805966182048582,-1.0,0.007210790905550056,-0.04523878547884452,-1.0,0.014105194945325706
-0.047542406072585086,-1.0,0.007277172757508848,-0.03615090778648966,-1.0,0.013725346589000698
-0.06175804561647147,-1.0,0.005863413585016765,-0.05632438543463847,-1.0,0.01572267436400256
-0.021620258817504068,-1.0,0.020913888903244214,-0.014224990931347214,-1.0,0.015738408119136515
-0.006568168112097261,-1.0,0.02033306320549031,0.04480749520593941,1.0,0.02006331989021788
0.02155970738335533,1.0,0.00794825471162846,0.07661948456638279,1.0,0.01806529055423096
0.013516486754396428,1.0,0.0034836804686432807,0.043967557509500876,1.0,0.01889055176485521
0.026017727727954965,1.0,0.004833354245600994,0.037587775008531166,1.0,0.019054151375806842
0.02990121754687247,1.0,0.00326655378305753,0.03506303166824343,1.0,0.01905631143222964
0.010924648404748938,1.0,0.012837824888010626,0.021731237462109254,1.0,0.019111077865213252
-0.008058061329762278,-1.0,0.009657844898234826,-0.026017727727954965,-1.0,0.021252940467192408
-0.0460272647483948,-1.0,0.012974164560768237,-0.039379961501416316,-1.0,0.021020907289337247
-0.017045867272988513,-1.0,0.024078154232152364,-0.015818622283611194,-1.0,0.021351909942839743
0.03341599691984398,1.0,0.03808675587227959,0.017642799242749696,1.0,0.022919833415847312
0.07118582438454979,1.0,0.019319520715051292,0.054352387161980875,1.0,0.020681737326895707
0.03657228962334402,1.0,0.031061972187944546,0.038543510446938045,1.0,0.020232135708553266
-0.013787888309505503,-1.0,0.012125771817654205,-0.00864445461634089,-1.0,0.015313800037134393
-0.01999674551478403,-1.0,0.009107969845654703,-0.02595505509841467,-1.0,0.01525401736785885
-0.008719833292995194,-1.0,0.003890219156131774,-0.0175163714223312,-1.0,0.014721272789951412
-0.037587775008531166,-1.0,0.018907466488880427,-0.007165635756145594,-1.0,0.01478889456233555
-0.04454177562278727,-1.0,0.01659693405883257,-0.008751050277685968,-1.0,0.01477469891452997
-0.02662521134097151,-1.0,0.023579423224123812,0.006744719081875905,1.0,0.015027084994634277
0.03560246564094238,1.0,0.016810014716272994,0.026017727727954965,1.0,0.011645415297827116
0.04770508391500239,1.0,0.01108148993666458,0.031787517436884904,1.0,0.011422936432027013
0.03731626545756073,1.0,0.013837207223282659,0.02742107290307505,1.0,0.011137743021729565
0.007128743060753395,1.0,0.004352635671020579,-0.005979686942712004,-1.0,0.007716224529249601
-0.009121617875845756,-1.0,0.006012870353628476,0.03453301432196976,1.0,0.015798303306171838
-0.019487592245925223,-1.0,0.00399112494630414,0.04278933727558942,1.0,0.01595301357452406
-0.012309069449310206,-1.0,0.008098542850066136,0.01293881999005575,1.0,0.018942133319013437
-0.002792740694055329,-1.0,0.006652701568480551,0.022455148745310627,1.0,0.018655293330166408
0.015541257211211912,1.0,0.005167030069012003,0.019093658815579673,1.0,0.018841304304165998
-0.004404411524430607,-1.0,0.01260047232055812,0.0,0.0,0.019308589209339304
-0.0040032079082164,-1.0,0.012625948654471003,-0.052071610949238734,-1.0,0.02446990000304635
-0.005948857519772366,-1.0,0.01174622893797969,-0.08024043382346391,-1.0,0.024284747166537498
0.003605050970275414,1.0,0.006821697456454572,-0.11063568547481117,-1.0,0.0266689897275765
0.05045058080008724,1.0,0.027212825399956377,-0.11328055168806772,-1.0,0.02659307125635922
0.0526845298300751,1.0,0.026895583544682734,-0.12888259463839424,-1.0,0.026017348835476434
0.02604724999352115,1.0,0.03956991315499418,-0.13370276733574737,-1.0,0.025960923978369008
-0.021199483452504886,-1.0,0.022086752561113556,-0.16328199706627755,-1.0,0.020805383475251297
-0.04318327070593497,-1.0,0.016126207700720232,-0.1725580545261034,-1.0,0.01997925692946022
-0.025247889439365956,-1.0,0.0073969595868744915,-0.15246401059833503,-1.0,0.01921184344558619
-0.07731950038860469,-1.0,0.022810081280451287,-0.15246401059833503,-1.0,0.01921184344558619
-0.08379283542783167,-1.0,0.020999440315447166,-0.12534703167557826,-1.0,0.02090449472146492
-0.11504009699924178,-1.0,0.01809931917296655,-0.11818263606130142,-1.0,0.020899599804439457
-0.06521214864704539,-1.0,0.02170965905836067,-0.04961120820456566,-1.0,0.017384264672437987
-0.0545910183347027,-1.0,0.023459778823435733,-0.024285668839373775,-1.0,0.017104819687478533
-0.019462030890660786,-1.0,0.003931144028099809,0.03479760908330687,1.0,0.010971517894402035
0.0004491354218774113,1.0,0.015234895695097048,0.020454248005551845,1.0,0.01228544235049778
0.009009069942365944,1.0,0.013910268297172856,0.017493157447517005,1.0,0.012508564179410462
0.007286006730933492,1.0,0.014727464941623155,0.03326149313419413,1.0,0.01201340378941499
-0.010381496984562366,-1.0,0.007191171595226841,-0.009927879376421256,-1.0,0.013520173548704622
0.004027752144590169,1.0,0.013790672644253956,-0.004044040559737061,-1.0,0.013711501160859995
0.00903348509766766,1.0,0.011537278001066936,-0.007286006730933492,-1.0,0.01398554076705578
0.025533302005164682,1.0,0.013197467671924985,0.0027186242389933835,1.0,0.014319247731495684
0.017268527408372814,1.0,0.011707651431255198,-0.004027752144590169,-1.0,0.01377627299750565
0.037940148145366503,1.0,0.004643750688459547,0.005828306119656679,1.0,0.01365417555999776
0.004853307563072118,1.0,0.01609318157353233,-0.007547205635382914,-1.0,0.012743636583529774
-0.012812192047811921,-1.0,0.016101739898688523,-0.06295943492472178,-1.0,0.018343170668841793
-0.020998146839773524,-1.0,0.011508751278296248,-0.07038530615147631,-1.0,0.01775244179240818
-0.02993299196009569,-1.0,0.015643718633776907,-0.06032207075863627,-1.0,0.017434769692319257
-0.012528128064888122,-1.0,0.01850056082947227,-0.05718456959748619,-1.0,0.017373969774896227
-0.03326149313419413,-1.0,0.016717570050454832,-0.05684640135691832,-1.0,0.01739286456547523
0.002265006630852273,1.0,0.013688438692176208,-0.020156431374060313,-1.0,0.016614412641178185
0.004044040559737061,1.0,0.014140284505485427,-0.03435190070378358,-1.0,0.01642666533884747
0.02214779794825783,1.0,0.0037128310166293283,-0.030157701838615658,-1.0,0.016188536039271464
0.015267472130788384,1.0,0.003394747392774069,-0.038750235609905204,-1.0,0.01576911803434933
-0.0416631553717588,-1.0,0.029474169658079502,-0.07155862016838532,-1.0,0.016289907661016807
-0.03827346412576649,-1.0,0.03050008816789274,-0.09759262166431482,-1.0,0.016696710148058517
-0.04792155756018124,-1.0,0.02842625030751901,-0.1312421890303883,-1.0,0.017443230204904594
-0.007037326720576331,-1.0,0.00768555805858298,-0.10281842718347445,-1.0,0.013433419563617039
-0.007459242045215531,-1.0,0.007442105567114556,-0.10160024131181644,-1.0,0.013561826051278992
0.010232647424480268,1.0,0.009396301062857488,-0.09302200957484508,-1.0,0.013895524261207126
0.01030454082881449,1.0,0.009356336848510676,-0.07070943675926378,-1.0,0.015410120248680636
-0.00657279361589147,-1.0,0.011725053881533458,-0.10603666578890958,-1.0,0.016261357654469965
-0.016328797604992618,-1.0,0.006234793753845811,-0.13399424845319796,-1.0,0.015095712236808887
-0.033162678904864684,-1.0,0.012608017440878201,-0.14195446535363154,-1.0,0.015069211876803617
-0.04528712187744133,-1.0,0.014303249333454691,-0.12903308029596694,-1.0,0.015603558933884985
-0.07722448128969472,-1.0,0.004167201110747608,-0.11713649024343598,-1.0,0.016780283096076987
-0.07292296238684792,-1.0,0.00564690833128825,-0.09069656147081218,-1.0,0.01650302074979445
-0.04228108377326811,-1.0,0.01969767946993841,-0.057303381295009004,-1.0,0.016496277559227175
-0.009701378104638003,-1.0,0.014369250044307972,-0.004583659667658058,-1.0,0.016028639896373965
0.02507166370363434,1.0,0.006631840041748795,0.002070394114308316,1.0,0.015410390686861716
-0.011895666522308668,-1.0,0.02285285931844376,-0.0030896008098948435,-1.0,0.015251145253082205
-0.030739591453872617,-1.0,0.02296047808900892,0.015275246095004968,1.0,0.016383610071028242
-0.060940487765553275,-1.0,0.007773956859126506,0.017034480037225963,1.0,0.01652753388134898
-0.02956920812294883,-1.0,0.010436011872486184,0.026695630463188902,1.0,0.015070087506237038
0.0005289606047693685,1.0,0.014219843745079707,0.046014837548877585,1.0,0.013835516503942895
0.018095224977954683,1.0,0.006306871851725485,0.07299487782880587,1.0,0.012651252406909749
0.02644257712351661,1.0,0.005528692118268377,0.06081374711250698,1.0,0.013458774830117015
0.035328349286083194,1.0,0.009839841274471801,0.04498044352420005,1.0,0.013353129171432438
0.01984399319827257,1.0,0.017838206403158457,0.057890681999967386,1.0,0.01376936187071432
0.011932696711846047,1.0,0.017560741279929896,0.027286120108319656,1.0,0.015365654771062252
0.010157527658025023,1.0,0.016646079913405037,-0.0010214505484642533,-1.0,0.014154569863278262
0.040035749626551986,1.0,0.009473659877846926,0.021484202294573596,1.0,0.013796850249602609
0.017889564750775078,1.0,0.022172057067289835,0.027468664970142997,1.0,0.013935527208919456
0.0,0.0,0.018430018507443684,0.010555513939516814,1.0,0.012739081202594779
-0.004980089973973367,-1.0,0.016220340244759608,-0.0004968944201617642,-1.0,0.011832167599149073
0.004548908526369244,1.0,0.0110796139596797,0.030433877883268456,1.0,0.010484960157097182
-0.0005054334199081634,-1.0,0.0112317014649691,0.021989891565179942,1.0,0.010765036215204917
0.0029910291491161978,1.0,0.01315153988285205,0.004483195553811603,1.0,0.01043502288887928
-0.007085049880670713,-1.0,0.01783162770120319,0.01203022027654188,1.0,0.009967614843961067
-0.010673544786581113,-1.0,0.01796786194202849,0.04159015239424768,1.0,0.012377901372039946
-0.01656248650712122,-1.0,0.014895432690626952,0.047153327878986406,1.0,0.012962073121623861
0.012115241573669389,1.0,0.00880852481931193,0.05820182843807542,1.0,0.011397119300761005
0.02173449214600609,1.0,0.003283804660187868,0.07432694226517644,1.0,0.010927949511731294
0.018054652911816627,1.0,0.0025303449245503364,0.07175558339544286,1.0,0.010878865421598044
0.020854777663900537,1.0,0.004018900035102793,0.05562409359139431,1.0,0.011508606243407422
0.011434377625663128,1.0,0.008842534562070804,0.0492662413029179,1.0,0.011709904714985973
0.0,0.0,0.009846444979148532,0.015290063597992232,1.0,0.014890529990665211
-0.013854749080357331,-1.0,0.0018590966843662676,0.0024539889615666777,1.0,0.014556934197335319
0.019094827409159576,1.0,0.017962314903011416,0.005914260708949737,1.0,0.014458650171956803
0.045661161474291,1.0,0.015619234595933337,0.012348885007176014,1.0,0.014336927786268569
0.039086558280862826,1.0,0.01935964298570586,0.027520164274913883,1.0,0.014663767971152195
0.02206324508434765,1.0,0.015262932237720432,0.025851128401284784,1.0,0.014413535545178513
0.00803976900933523,1.0,0.010273856267980063,0.00803976900933523,1.0,0.013144854136284403
0.009537506726988276,1.0,0.00941872414031797,0.018514651824692585,1.0,0.012782585778615822
-0.0033262088162524517,-1.0,0.007481652772417162,0.01272701600147208,1.0,0.012540887744090465
-0.038410866885634,-1.0,0.013364766312090557,0.005636463959468818,1.0,0.012397166802831806
-0.032315326965927094,-1.0,0.014930978542449586,-0.009058464801659616,-1.0,0.01389791775909356
-0.03191760296830504,-1.0,0.015037847165006802,-0.012934312055527641,-1.0,0.01399577115047214
-0.002941178590816218,-1.0,0.0017695980284846257,0.01022653178383126,1.0,0.011279967635759695
0.011211426232989874,1.0,0.007935655738630807,0.005865119452398204,1.0,0.011430831806402789
0.03903169510149462,1.0,0.012195278670965511,0.01656957986884766,1.0,0.01159678120892084
0.04135204547645022,1.0,0.011072928720415156,0.024728532775723622,1.0,0.011808538730006599
0.03008104583064153,1.0,0.013317783025614205,0.022526713398860254,1.0,0.011644445864859406
0.008939132684534945,1.0,0.0014336810463583905,-0.004262379174000852,-1.0,0.008999365124520813
0.005636463959468818,1.0,0.002150509750379498,0.018665964249802602,1.0,0.011834125595226223
-0.018035609899363925,-1.0,0.014228915875107715,0.015402871612913982,1.0,0.011875138764896731
-0.028987536873252173,-1.0,0.011416527405623334,0.013491714303647262,1.0,0.011844890085706938
-0.033820799061271556,-1.0,0.009561508798212348,0.017181755391101117,1.0,0.011860936030971056
-0.017391742711869274,-1.0,0.000947597827133522,0.026466573188163256,1.0,0.010386073691374885
-0.002413711043929734,-1.0,0.007857745667246572,0.03179389980021008,1.0,0.010078834713419253
0.011560822401076143,1.0,0.008398865386548429,0.02014456609246751,1.0,0.01134639812768202
0.027873020179451924,1.0,0.0011229155799499953,0.027873020179451924,1.0,0.011098010122126172
0.01819973605864611,1.0,0.00652051694884875,0.02482227681913951,1.0,0.010984235235079184
0.0352894769505292,1.0,0.013871406629735409,0.011902068613527161,1.0,0.010860460816985548
0.022957204044695256,1.0,0.01609097323292823,-0.007134394113873954,-1.0,0.010737965877429213
0.02669322616218306,1.0,0.015154762938620364,-0.007144588619375503,-1.0,0.010738037767703452
0.0041522551007673325,1.0,0.002885000101015426,-0.018195043591229254,-1.0,0.008460651088359259
-0.006971908324114651,-1.0,0.009249853696793436,-0.008839322498910285,-1.0,0.00884914312242517
-0.010685351376689356,-1.0,0.008540283764028834,-0.004167637428523996,-1.0,0.009094864631095448
-0.030857988359905164,-1.0,0.007892598449937695,0.011899453909740565,1.0,0.010771417357974994
-0.015985295720580606,-1.0,0.00979950754563809,0.02941388520629329,1.0,0.009854439213321544
-0.009385334025000303,-1.0,0.011682300199417728,0.050545700669898164,1.0,0.01093275629330001
0.0033183249221357958,1.0,0.004541351362093987,0.057659501738611674,1.0,0.00984760817226673
-0.007134394113873954,-1.0,0.006983631043075301,0.05800060780487759,1.0,0.009838941326499824
-0.013767129379868903,-1.0,0.003629539804909367,0.057263180733706065,1.0,0.009838748112752845
0.005192364745772782,1.0,0.012180047961798751,0.08566957166577116,1.0,0.010949020007876165
0.021252275659658926,1.0,0.008314765761266125,0.07536868411176512,1.0,0.012574462328333666
0.029670177353034566,1.0,0.004589072170752131,0.0701394414577734,1.0,0.012951055774994835
0.03424675260173715,1.0,0.007228666972251834,0.04555653160236717,1.0,0.01328018070548056
0.03128129938108892,1.0,0.00817204983684799,0.04074722536997166,1.0,0.013230570684496904
0.044027986721732804,1.0,0.008778669046504234,0.03241552929764202,1.0,0.013243697012864875
0.014902059468965945,1.0,0.01455491053558132,0.014453729490597977,1.0,0.012107038676787222
0.012601426878003696,1.0,0.014649047088496264,0.002261932654063603,1.0,0.012311573291334442
-0.0026678539611924013,-1.0,0.0074271620991099374,-0.010265655873712198,-1.0,0.010960797045321024
0.03132839484929528,1.0,0.012334484596642692,0.006700940865856042,1.0,0.010856594803978934
0.010233682193013571,1.0,0.021760809785187556,0.0017873105740957573,1.0,0.010880098182733734
-0.0008908686558015688,-1.0,0.02242971238575779,0.008423902618745815,1.0,0.011280586273251299
-0.03492067531763121,-1.0,0.0063975295637798465,-0.01929884457222042,-1.0,0.00840840292988356
-0.013369183082134528,-1.0,0.006343372225767579,-0.02238231304788596,-1.0,0.00900906319860527
-0.008053734807096813,-1.0,0.006158835714483091,-0.011654098732274631,-1.0,0.009022049109062544
0.0031439504899679616,1.0,0.0021222124373772174,-0.004508573913146963,-1.0,0.008642833810480756
-0.0072039933348191365,-1.0,0.0048113953301169585,-0.009013129965751432,-1.0,0.008595010475259545
0.0013468015503785846,1.0,0.007519216851331589,0.007608002684718063,1.0,0.009751707569902696
0.007149270844224009,1.0,0.008693327491307768,0.00759440773116471,1.0,0.00975156117440037
0.01212680479803585,1.0,0.005820648141343464,0.00944463957809627,1.0,0.009622420247218993
0.016021704531265613,1.0,0.007159000970084621,0.016021704531265613,1.0,0.010191631667532753
0.005328609411218821,1.0,0.008076420882048163,0.009306515209140498,1.0,0.009999040757743424
-0.013935941428968146,-1.0,0.01657366764176298,-0.009869976938773117,-1.0,0.011943884930886868
-0.020968870006822016,-1.0,0.01343301671532365,-0.026393838103686562,-1.0,0.01138392110680263
-0.020130404658557755,-1.0,0.013562652407303722,-0.014722550109266708,-1.0,0.011791704343794947
0.0,0.0,0.003528336333971963,0.04384142420787285,1.0,0.014293619293804771
0.011208366609895881,1.0,0.009994888957286821,0.016987444707637245,1.0,0.01619839892512983
0.015246932134279634,1.0,0.009007305604603815,0.005857191784440552,1.0,0.016737489077585266
0.011253776209028565,1.0,0.010675452033733551,0.029879591826104113,1.0,0.017838148005283484
0.009760503396926135,1.0,0.009874283434710255,0.01592249472547591,1.0,0.01737787699088642
0.008861378322199798,1.0,0.009954609388941814,0.008861378322199798,1.0,0.017480319923595864
-0.007187811718833537,-1.0,0.018041096397526084,0.02475811691913954,1.0,0.017541825288405498
-0.026393838103686562,-1.0,0.011736375340197261,-0.0474665372389238,-1.0,0.024259829609097172
-0.018700455907188385,-1.0,0.015229843073513775,-0.04696122455447038,-1.0,0.02426942761873984
0.03977545971767782,1.0,0.02141220051103335,-0.04048390920684164,-1.0,0.02390347031136853
0.02241241280450179,1.0,0.02972163908703249,-0.05115015437251502,-1.0,0.02418335717218909
0.0004493372351495051,1.0,0.03193578990140803,-0.04363493589686995,-1.0,0.024639072354581588
-0.013961832381768735,-1.0,0.023737723600943648,-0.09206588151150852,-1.0,0.02116663502406142
0.010143416627734547,1.0,0.017889687089848283,-0.09380422212944617,-1.0,0.02128510757737353
0.01825111867203888,1.0,0.014352727482337228,-0.08872811560868432,-1.0,0.021214671190304395
0.006132301302063992,1.0,0.007712643722708505,-0.11143241757580813,-1.0,0.019256140207829047
-0.05362852856747358,-1.0,0.03596352703446796,-0.1122586130188783,-1.0,0.01921621773323658
-0.04696122455447038,-1.0,0.03731192306161088,-0.11387581333978347,-1.0,0.019190691014214195
-0.07242983784481472,-1.0,0.030864635507347072,-0.12446469696786866,-1.0,0.018436974061526223
-0.030077455237277784,-1.0,0.00989109182372014,-0.06651578327458951,-1.0,0.010642932912529483
-0.015374167249587956,-1.0,0.01837703686125464,-0.07485507715672068,-1.0,0.010419138816446447
-0.01180651258698906,-1.0,0.01747546062576667,-0.06297479916138826,-1.0,0.010029230028014062
-0.020241654952429355,-1.0,0.02077604556991295,-0.0379238445273784,-1.0,0.010173154383248832
-0.04464384247666486,-1.0,0.008533773960221307,-0.0674849546392744,-1.0,0.008534784377745826
-0.033328368446068346,-1.0,0.012259597967991505,-0.05618082839794347,-1.0,0.008413307150488882
-0.008310974261697579,-1.0,0.004823403009293846,-0.040740855325922753,-1.0,0.00591106065769854
-0.0068965790590602705,-1.0,0.004011905586686699,-0.03040353791899264,-1.0,0.005882699135785471
-0.006899978089996539,-1.0,0.004011140168041634,-0.0258720898255953,-1.0,0.006164430750174993
-0.007885698823184795,-1.0,0.003696207497220234,-0.029391904044148376,-1.0,0.006110532772552622
-0.007940488371407595,-1.0,0.003727840257618277,-0.025533302005164904,-1.0,0.00595477218404984
-0.010939940038334317,-1.0,0.003231052620837933,-0.019476271060620665,-1.0,0.0063494387998605925
-0.001485516490066674,-1.0,0.00836869663283668,-0.015960438549648792,-1.0,0.006485888205813267
-0.008004044732141669,-1.0,0.011237602902880164,-0.028299008173226836,-1.0,0.008207569713915234
-0.00501254182354427,-1.0,0.011260379362438408,0.0024968801985871814,1.0,0.01183375265717277
-0.023058665750973706,-1.0,0.006596167032987846,-0.02508912330135571,-1.0,0.012631632690802001
-0.0075624257563831065,-1.0,0.005824833850082905,-0.014672663938887887,-1.0,0.012126378840275292
-0.0030196298737201754,-1.0,0.0070694389993386335,-0.026478125267826558,-1.0,0.012534631129254192
0.0030379770200767986,1.0,0.0036419790628958513,-0.025161789573800997,-1.0,0.012474565597184682
-0.0020263431452325342,-1.0,0.004084054772252804,-0.029791622864429712,-1.0,0.012406862671178704
-0.0005041593250219023,-1.0,0.0049628875517324185,-0.01985303179227138,-1.0,0.0131889647295941
0.005545766671314789,1.0,0.004418554962676803,-0.02042971973194585,-1.0,0.013195476846875267
-0.010706194539469527,-1.0,0.013674135755338983,-0.06656897868795308,-1.0,0.019045384342568375
0.011033211220873529,1.0,0.023302907245225435,-0.06403436181254918,-1.0,0.019193278811539788
-0.010614201241773591,-1.0,0.026710342169689868,-0.07190596628047485,-1.0,0.019015373322119732
0.005622299502197281,1.0,0.023357263609163306,-0.05912011601878997,-1.0,0.018555167737555167
-0.03398754728995801,-1.0,0.007832404233382852,-0.09461216910639281,-1.0,0.015533614694538412
-0.023131332023418993,-1.0,0.004627492988190007,-0.07598590697792185,-1.0,0.015291375385640432
-0.022681384681924932,-1.0,0.004855572392882934,-0.06419878952227709,-1.0,0.015888072280234537
0.0036054636018350017,1.0,0.011362902899568842,-0.055157139634301355,-1.0,0.015741824407645065
0.007770046861931945,1.0,0.009875865633117386,-0.037620330382655,-1.0,0.016226959828531215
-0.038803698968755906,-1.0,0.032595270716598235,-0.06127655482081451,-1.0,0.01754031810395275
-0.0446854893452997,-1.0,0.030260263274685416,-0.06477848137388365,-1.0,0.017220127451607708
-0.045930479877214214,-1.0,0.030035722591484616,-0.05952873129579772,-1.0,0.017336107382087216
-0.0032573318703064125,-1.0,0.00799556571464845,-0.005979903658217323,-1.0,0.010440232362866366
-0.0195445960729701,-1.0,0.0016698260031281593,-0.0195445960729701,-1.0,0.01015542332450966
-0.014694141939220584,-1.0,0.0043247856536309335,-0.01250356055940216,-1.0,0.010155763899146821
0.0005436259987101622,1.0,0.008463322045352743,-0.013136477905369981,-1.0,0.010188301193304225
0.005467482182133443,1.0,0.006204061571824233,-0.017699577099401065,-1.0,0.010555724685698199
0.015234244571847855,1.0,0.007244795561762573,-0.015469921772131912,-1.0,0.01060356273207297
-0.019759149980462354,-1.0,0.018241285173813952,-0.013129291441792645,-1.0,0.010823931819519867
-0.006015878137747288,-1.0,0.021007947802848558,-0.010965022141328218,-1.0,0.0108024586737437
-0.014138354051210777,-1.0,0.0191756923001084,-0.017429635135283617,-1.0,0.010374102741338617
0.01649295219384128,1.0,0.004522780215657288,0.007180367773602203,1.0,0.0068623516032847555
0.0005483959556138451,1.0,0.005079744434586124,-0.019385818945203637,-1.0,0.007628177464488564
0.0010946908591813465,1.0,0.005167367438520431,-0.06563441165820838,-1.0,0.014457612950353752
-0.01041390611745907,-1.0,0.004973883770297951,-0.079997270683275,-1.0,0.01416030183101179
-0.017699577099401065,-1.0,0.007548291112689799,-0.08940658771558474,-1.0,0.014347157473741
-0.017660503151950335,-1.0,0.007569235964740246,-0.12698829403558665,-1.0,0.01605183612596338
0.0005508124622874977,1.0,0.012044780937177731,-0.09470430277882325,-1.0,0.01909815972019615
0.01220203714020629,1.0,0.006292696338242013,-0.05270406349056822,-1.0,0.021785771220048555
0.01327453120869615,1.0,0.006165268013270631,-0.056110881990852235,-1.0,0.02171371523767579
0.0005505092349324947,1.0,0.00271467912383865,-0.05605769826376328,-1.0,0.021717227403294403
-0.014436674941622707,-1.0,0.0100750374124582,-0.041074690906893085,-1.0,0.022362236172479604
-0.06234313057413554,-1.0,0.021858292703424827,-0.05302990842746769,-1.0,0.022301617669450942
-0.07068468626303592,-1.0,0.018476843353658793,-0.032441323658612964,-1.0,0.023303506040959418
-0.06947237281476726,-1.0,0.018733461840887575,-0.037030719205529694,-1.0,0.023579187529954932
-0.06025919151819692,-1.0,0.013477504382982699,-0.0041019688340171445,-1.0,0.019944021816182083
-0.025120938213007316,-1.0,0.030788536306385977,-0.0029577069772328546,-1.0,0.01989637090625943
0.019002947125615455,1.0,0.03619339723449947,0.028370697129215472,1.0,0.019857473459640264
0.053216908892784076,1.0,0.01650962645153011,0.08395287430734322,1.0,0.01643829486680498
0.039197416977347466,1.0,0.015304460961243748,0.04326600730351049,1.0,0.016549800137750814
0.023831409723881425,1.0,0.008018078237471821,0.02210677578102982,1.0,0.014579393605495941
0.016355504772080698,1.0,0.012292549568211783,0.07158080376298415,1.0,0.019732503964626398
0.02416688384008281,1.0,0.014689476297993519,0.06319078749339035,1.0,0.01968153146286775
-0.010392703240259316,-1.0,0.020311996992081454,0.03554676085438002,1.0,0.02019266853157498
-0.013415190980684999,-1.0,0.020767897152411344,0.051930403094050614,1.0,0.019887492174738647
-0.041201069581655814,-1.0,0.006178434325040136,0.024706478465758908,1.0,0.019620165917948254
-0.004070956480022092,-1.0,0.015487401102746552,0.02408373283946741,1.0,0.0196864852609462
0.027795651623163442,1.0,0.015796687164028888,0.04926540284603087,1.0,0.01943593226120845
0.02110277606773603,1.0,0.01963898433606117,0.0675700588210284,1.0,0.01904126697099777
0.012739025777429802,1.0,0.018172584113282896,0.058290898470214625,1.0,0.01874804389964643
0.040844838348425005,1.0,0.03227528599890802,0.05229222418877577,1.0,0.018378359301503215
0.05912219716722733,1.0,0.024903308959575897,0.06674750644618488,1.0,0.017403493307619086
0.03727139479723163,1.0,0.03214379703823089,0.06568860752080852,1.0,0.01739220454894726
-0.003294895896852834,-1.0,0.01124845572131841,0.017930390718428946,1.0,0.010987061598759312
-0.014317425187548638,-1.0,0.0111689979781967,0.013576097734934844,1.0,0.011014137315293847
-0.02185573125517193,-1.0,0.014541714831550572,0.05237364186586002,1.0,0.011903061936808217
-0.016080191228704743,-1.0,0.017587065746161697,0.046745012823377285,1.0,0.011869211354662193
0.001662510773613679,1.0,0.01903528792185006,0.06339393956523942,1.0,0.011274123000579677
0.030136209150725124,1.0,0.00320748070519054,0.09350582308331457,1.0,0.007557872733181941
0.030822472965908343,1.0,0.0035804858998174155,0.07741639569961167,1.0,0.007872647025973917
0.020280223692892507,1.0,0.007646832121197867,0.06640554792200049,1.0,0.008127933577703795
0.020136734828023695,1.0,0.007643411150004086,0.04671990569602524,1.0,0.00961727345675728
0.00648300487807818,1.0,0.004293188212680798,0.021978906718775226,1.0,0.009857627504455615
0.005950788455977296,1.0,0.004500360539447728,0.023593587698726992,1.0,0.009825169746697183
0.02395642914228313,1.0,0.014804251907975227,-0.0016176870607862437,-1.0,0.011238060793967667
0.025519726208095506,1.0,0.014433949638951346,-0.011917800864035044,-1.0,0.011570385781613447
0.03550041664275594,1.0,0.011853488994416014,-0.009211660910674935,-1.0,0.011583489721578898
0.019276449962282616,1.0,0.003750951163246501,-0.04134817185415218,-1.0,0.008335326607500929
0.014591191647529644,1.0,0.006453196364215907,-0.04454720974089765,-1.0,0.008191687901392389
0.004674119130374743,1.0,0.006302010051217101,-0.025304460324468092,-1.0,0.011841084437991128
-0.016649708236564198,-1.0,0.006052345992853988,-0.05297848953507933,-1.0,0.012210245376232661
-0.024615016014928104,-1.0,0.005843783270050708,-0.039572559834547105,-1.0,0.012981948790699858
-0.022531736530380986,-1.0,0.007032358251635294,-0.040714055613571665,-1.0,0.012972182305200456
-0.028200857928787793,-1.0,0.009408905103361105,-0.02281871361255905,-1.0,0.01285649841093069
-0.02741370270473209,-1.0,0.009371772249530883,-0.014419475471958654,-1.0,0.012568343619765575
-0.02685446015342463,-1.0,0.00966132047717252,-0.019262232795052903,-1.0,0.01258542215733526
-0.015774055651082808,-1.0,0.005655517498224684,-0.007584001681038455,-1.0,0.011599977156295514
-0.007109682668767103,-1.0,0.004241358027399358,-0.002728514653204117,-1.0,0.011334217197361631
0.01940761722896278,1.0,0.0185501301567181,-0.006553819198533928,-1.0,0.011347603879901646
0.007646132281355467,1.0,0.023448554304400446,-0.0077050463744055,-1.0,0.011412745973906891
0.019565841553880192,1.0,0.02353162984871515,-0.019396562660475514,-1.0,0.011941899037260275
-0.01073547615872883,-1.0,0.014862728946815337,-0.039199357268132395,-1.0,0.00837081295406175
0.013510067685956084,1.0,0.006801368697624955,-0.02646240408083167,-1.0,0.00688988282879513
0.0005380683476603476,1.0,0.004513988768154874,-0.02949421875121483,-1.0,0.006407420383420189
-0.0010799137118622237,-1.0,0.0050890938910020354,-0.03347363275048387,-1.0,0.006522732749705847
-0.012966145997267198,-1.0,0.002177367676860973,-0.027756883998663717,-1.0,0.007332334208170972
-0.015722741885977554,-1.0,0.0011334499221251483,-0.013539334905033895,-1.0,0.00842799851309851
-0.014146046556905656,-1.0,0.0018912732700239509,-0.013598251418583507,-1.0,0.008430039131600555
-0.015895100344449853,-1.0,0.0027794325367681643,-0.0016326534238852997,-1.0,0.008444650427027304
-0.0237777306760385,-1.0,0.005034297292026664,0.001092299398608887,1.0,0.008340723093510005
-0.013237920840635686,-1.0,0.010820084375356821,-0.0005480953823149282,-1.0,0.008404467104784949
-0.011111225425070703,-1.0,0.010507818999986372,0.02023585593936872,1.0,0.008695837345563617
0.009468185463140877,1.0,0.008038890518579258,0.052858939976880404,1.0,0.008857131312868556
-0.005009751641080307,-1.0,0.008197797636669949,0.05456389792937966,1.0,0.008929986222425105
0.012215587768124037,1.0,0.009452130194036467,0.07530438306413068,1.0,0.008680003398953312
0.01649295219384128,1.0,0.01055218645165198,0.07061756721395329,1.0,0.008711004679156042
0.018795467620038142,1.0,0.009224433380842424,0.062199012065543346,1.0,0.010050415416344867
0.01315808457751122,1.0,0.00827247880788303,0.06257052630280446,1.0,0.010070846140653298
-0.0010911075823347716,-1.0,0.005162312515095944,0.04790697840924141,1.0,0.010053204286303498
-0.0010958905206370773,-1.0,0.005164169595924059,0.04654490828533886,1.0,0.010163307378383503
0.0059734090188041655,1.0,0.009193390163622814,0.047336675541448825,1.0,0.010177077660899746
0.027988909902233017,1.0,0.012418813949982602,0.0469169197877517,1.0,0.010200740416801574
0.0418740724710589,1.0,0.0053087342144178045,0.06320127874316328,1.0,0.010080674143085028
0.043957301699691254,1.0,0.005162950559383375,0.04602769581399957,1.0,0.01017427741547011
0.027226812700213765,1.0,0.005767240700596134,0.01684250339449722,1.0,0.009465781547634255
0.002625362495083383,1.0,0.01497824760318075,-0.014830780306968272,-1.0,0.011248308433727428
-0.0005182689932021756,-1.0,0.013581308691981746,-0.027845245312422495,-1.0,0.010155489208780701
-0.006217636610870603,-1.0,0.013289250697082379,-0.017192400540372743,-1.0,0.011094924399567318
0.003141363839833655,1.0,0.009162197835661471,-0.0015743902491083261,-1.0,0.010229117767282291
-0.0020757661838444186,-1.0,0.0062160313657082834,-0.00885191929438256,-1.0,0.009679736050473455
-0.0020811662038244805,-1.0,0.0062168588836738,0.0015580371887147226,1.0,0.009960509204024252
0.015560479937187344,1.0,0.00731293790713816,0.002088773605391836,1.0,0.009933247401285903
0.00466442929135491,1.0,0.009024056769865898,0.010850016024065656,1.0,0.010712138876106529
-0.0020855064910214605,-1.0,0.011165607333529103,0.009331327428884428,1.0,0.01076614719802254
-0.036157986579072654,-1.0,0.009067969320730937,-0.0036091815409178274,-1.0,0.010182185063758556
-0.02991563942673081,-1.0,0.01189420581718728,0.0010335918232826646,1.0,0.010089990381256887
-0.0068080912346561995,-1.0,0.018270520834542454,0.0031266309994322228,1.0,0.009928834574174332
0.01588175255294333,1.0,0.007348752615427799,0.025811282790412227,1.0,0.006998059032482065
0.01847505702483776,1.0,0.006831204109303278,0.04275938135803181,1.0,0.008438620352840839
0.012532801118216863,1.0,0.0036446373901673525,0.0325694334109623,1.0,0.007808806807384491
0.006804527694333817,1.0,0.006718793572273454,0.051188246853444586,1.0,0.009080545195751218
0.017626169134603797,1.0,0.010247272827150995,0.06381912017132363,1.0,0.009776707370065111
0.005692124036345225,1.0,0.011372690484702144,0.05845492640325567,1.0,0.009774825448720612
0.00986252479087768,1.0,0.010272507305251923,0.05283097435797646,1.0,0.010415572814784717
-0.0051519949094280815,-1.0,0.002143415352112073,0.030865086050387625,1.0,0.010310701902321816
-0.008290202920473666,-1.0,0.003926247996213605,0.027482645693831964,1.0,0.010553635374076513
-0.0067375222477426,-1.0,0.004348163676186079,0.040987270117689434,1.0,0.010882026636258584
0.011810150108018336,1.0,0.013237586474658069,0.02348244705341096,1.0,0.012442838833813025
0.02263471117687388,1.0,0.009649679997206999,0.03325965302157874,1.0,0.012099996791772259
0.04125871661597569,1.0,0.00882639478044831,0.04325273522284023,1.0,0.01227358785405621
0.03953479583812958,1.0,0.008404170450565511,0.04589334012784008,1.0,0.012585564819435856
0.03841829411051023,1.0,0.00904304879541413,0.042326457365268855,1.0,0.012634227250322892
0.008447255198865689,1.0,0.013828934981493155,0.02366974408590483,1.0,0.011647104142590903
-0.015327864986332207,-1.0,0.006827616186812088,0.0004905567917850018,1.0,0.010855356204419924
-0.02528015667307848,-1.0,0.0020967462500863744,0.01794857787774151,1.0,0.012283546087084953
-0.0019811794494093427,-1.0,0.01137640332590297,0.032614231598908416,1.0,0.01165980179529588
-0.012534633906404746,-1.0,0.015262346126098439,0.02848915659879503,1.0,0.012025849076146022
-0.002513195592726891,-1.0,0.015267854135141538,0.04514996472871391,1.0,0.01174036409405537
-0.004472057142591801,-1.0,0.01443309733152501,0.035074223602354015,1.0,0.011416681364202132
0.03422104318244745,1.0,0.009366412319033467,0.07342300358141718,1.0,0.010510040359645796
0.031701515520563994,1.0,0.010594241593575233,0.06620421915143937,1.0,0.010932854273815953
0.021675725479040286,1.0,0.012094799309968046,0.030892380583964263,1.0,0.013833307459913029
-0.0058679874979254976,-1.0,0.0038178141531761203,0.02074863335810151,1.0,0.012868763030044581
0.014040414622982889,1.0,0.013624657114725611,0.022657030883861617,1.0,0.012857239643498745
0.017391742711869274,1.0,0.0132409970074345,0.027398974188114433,1.0,0.012883122946885634
0.01267073482067782,1.0,0.01549600660224173,0.008789119078501884,1.0,0.014968812647241921
0.0019212301778939178,1.0,0.010489967454833679,-0.019908402120908386,-1.0,0.013879454044092559
0.00047881255403625644,1.0,0.010301434862542142,-0.027186140304157114,-1.0,0.013776000649886534
0.032399213076217404,1.0,0.009332616866842681,-0.02948616565446338,-1.0,0.013924929051733318
0.01854105882999857,1.0,0.013185328995979989,-0.02723903816218365,-1.0,0.014109231471074742
-0.008653900160981554,-1.0,0.022875322969583067,-0.04054279303468489,-1.0,0.014231390477591862
-0.018453327040868217,-1.0,0.01796561728401642,-0.048016904843003694,-1.0,0.013201173107367025
-0.011845672747013758,-1.0,0.018625531953271077,-0.026731902021487786,-1.0,0.014468053702255327
0.018182319083190457,1.0,0.004624459504798552,0.001447527393888537,1.0,0.012643376717372918
-0.017827501777525123,-1.0,0.01655769191273387,-0.02074863335810151,-1.0,0.012523000933049356
-0.028525018381787115,-1.0,0.015110184280741032,-0.014886229274474028,-1.0,0.012789318280745181
-0.03719337178040227,-1.0,0.011207702355533918,-0.018182319083190457,-1.0,0.012672595082349396
-0.025604549912287444,-1.0,0.00497363059883576,0.04189094170916019,1.0,0.014324668108641185
-0.005409405863381345,-1.0,0.012471966476637938,0.05533123196339296,1.0,0.013792787554208851
-0.012877840176491517,-1.0,0.013651355790289485,0.04475127266014489,1.0,0.014664718435575375
0.01386847388767709,1.0,0.013485361188464173,0.06842745813811146,1.0,0.013716097006972433
0.019048194970694432,1.0,0.015031075223244015,0.05094806715062483,1.0,0.013980886782171785
0.03333642026759187,1.0,0.006885882793409495,0.05997929018158987,1.0,0.013318414249865972
0.008814944444033967,1.0,0.013873982186164407,0.05035827795664383,1.0,0.013055636145862857
0.0,0.0,0.009903893950319613,0.019641349979484524,1.0,0.01341210594539824
-0.001447527393888537,-1.0,0.009689773878531536,0.02429269256904454,1.0,0.013533751964419883
0.044812073289736576,1.0,0.017710429095571377,0.01355952978563213,1.0,0.01478091015621998
0.04169244285607987,1.0,0.018419021059189834,0.015362760138864617,1.0,0.014863496947589795
0.025740219962933075,1.0,0.02479798504847899,0.019130186452736453,1.0,0.014918233093435441
0.0009319665166638291,1.0,0.012727100695104257,-0.020250279925220882,-1.0,0.010574838569156836
-0.00979257067614947,-1.0,0.01240030791402136,-0.010261284066497733,-1.0,0.011474076472065184
0.0023501773449534635,1.0,0.00850437680581772,0.0060990102264733,1.0,0.01071458345826623
-0.004200706293790546,-1.0,0.004928365382242682,-0.005136597798695686,-1.0,0.010262544985779328
-0.012258522200445876,-1.0,0.009142582259461837,0.0004684938010262041,1.0,0.010108646437569964
-0.0023501773449534635,-1.0,0.011756247733129626,0.023202897079664053,1.0,0.011719182229058744
-0.02798380372697773,-1.0,0.015526093857640016,0.009311054233089422,1.0,0.012199844813857323
-0.004278589840619906,-1.0,0.017734429035267976,0.00756147270057661,1.0,0.012402956693527326
-0.006610033510196622,-1.0,0.017154305489070147,0.0018805835349622324,1.0,0.012201525124890828
0.011002263578883564,1.0,0.007143692288754751,0.028918820157884273,1.0,0.010071861620324822
0.01606839865071752,1.0,0.009461039531376938,0.01372153064090198,1.0,0.010044567861074414
0.012709043736669923,1.0,0.009597677154901353,0.009429584250296497,1.0,0.009943446553542186
0.016045648643189026,1.0,0.008211926234732922,0.0023758623672927026,1.0,0.010464493123679164
0.0009372071913744673,1.0,0.0017726274457707206,-0.014640167034454032,-1.0,0.009431481117729897
0.019454064198144216,1.0,0.012450048185710882,-0.025581688711733053,-1.0,0.009583545076321882
0.010246945737994562,1.0,0.015861363910216916,-0.02560595090517115,-1.0,0.009583272391578735
-0.00516554330089547,-1.0,0.019764245288686734,-0.038677535174221456,-1.0,0.010105420607704967
-0.023672490889655284,-1.0,0.009322344671306985,-0.06735594200046457,-1.0,0.00671496462612579
-0.008376037802182879,-1.0,0.011421452412568991,-0.07005261459845014,-1.0,0.00692227118726665
0.0018814680997054634,1.0,0.0055914021949892145,-0.06065404786142947,-1.0,0.006173901984227231
0.0009389672051376419,1.0,0.005471278679106599,-0.06150570501831365,-1.0,0.006085289394938722
-0.015540694211708006,-1.0,0.006379048513797814,-0.0701617786919333,-1.0,0.005205519000404054
-0.012293299024638493,-1.0,0.006539783695681781,-0.072085726772954,-1.0,0.005227589352440237
-0.022302229225359627,-1.0,0.004587702149107685,-0.07602295476339482,-1.0,0.004828119963439824
-0.011936164629274826,-1.0,0.00406438784302374,-0.06317890162153161,-1.0,0.0050401278065557355
-0.023100160948392956,-1.0,0.006337970695545735,-0.058782836546963146,-1.0,0.0054150260624496165
-0.022320189090587306,-1.0,0.006298460859726705,-0.059305913958846324,-1.0,0.005449527198384726
-0.034199717955284425,-1.0,0.003119841011259632,-0.06242739858015156,-1.0,0.0053150127672586395
-0.027142055988103486,-1.0,0.0033516974741500914,-0.0463345642921571,-1.0,0.005043359565986235
-0.01782225390750436,-1.0,0.007184971147352061,-0.03749501950620915,-1.0,0.005058075994553473
-0.008485201895666039,-1.0,0.004033399369405903,-0.02008099605704916,-1.0,0.004482745848353367
-0.00955021081181906,-1.0,0.004531855824542798,-0.01970258227583699,-1.0,0.004447031288843213
-0.013578282539943531,-1.0,0.002661314436947053,-0.03714494696943671,-1.0,0.005930118881441053
-0.008557817141306323,-1.0,0.004541205699700247,-0.0398825862783192,-1.0,0.0059994632815723505
0.0010095912013523556,1.0,0.0024938248167328102,-0.03129262768088115,-1.0,0.005962042986204447
-0.005585188420811127,-1.0,0.006293654896177638,-0.023048395436291003,-1.0,0.006428742449044776
-0.011184661587894773,-1.0,0.005580114586910694,-0.017853062805217368,-1.0,0.006842958397504752
-0.010651888693586908,-1.0,0.00585618464025962,-0.018330452143982878,-1.0,0.006822066211611389
-0.0005092946379501306,-1.0,0.00347347856872005,-0.0025490709698705594,-1.0,0.006745390452224423
0.008146684567817974,1.0,0.001783054555852359,-0.012345835822299422,-1.0,0.007771119966308768
-0.0005100739717833758,-1.0,0.005437515371352564,-0.02269308315070173,-1.0,0.007910369018552748
-0.01747218137073192,-1.0,0.010261399930513964,-0.009726209256076812,-1.0,0.009134950752545036
-0.028286792116936077,-1.0,0.005641536506742746,0.01109441535920297,1.0,0.011830339836948894
-0.021140256216863218,-1.0,0.00852141696990506,0.014687526629409309,1.0,0.011680807378344616
0.0005182689932021756,1.0,0.006025320562890683,0.033642316418234675,1.0,0.010354688065173258
0.013471706331795508,1.0,0.0030272541897519004,0.03787556101855172,1.0,0.010087224177252723
0.013971766738250624,1.0,0.002742900877076825,0.05869160186899558,1.0,0.011395694456206024
0.014914136045609316,1.0,0.0029693520621030625,0.07484789079643228,1.0,0.01241116043395025
-0.005677434604976828,-1.0,0.010690578962666945,0.07865610205945628,1.0,0.012472967472639056
-0.015014519700305762,-1.0,0.010548613883581371,0.0973635686161669,1.0,0.012949590430148138
-0.007686432924156383,-1.0,0.014650630712845277,0.08977257752903633,1.0,0.013209944723796028
0.031586935749320366,1.0,0.01686255821537999,0.10969891725642467,1.0,0.011410794065992803
0.036870535808327665,1.0,0.014029918733770299,0.11888368746916278,1.0,0.010438106278163136
0.025896344303579566,1.0,0.01477734713976232,0.11136099523604548,1.0,0.010396658221675056
-0.0015056464575873285,-1.0,0.003053556415525356,0.08042840598510237,1.0,0.00985870677558819
0.022863819022723053,1.0,0.012582846629370552,0.0944413898825116,1.0,0.009491291880126184
0.04172384337139978,1.0,0.013782772561735906,0.07900110119084358,1.0,0.011117088969921944
0.05425224737270007,1.0,0.006549496905768185,0.09068785171893845,1.0,0.01080360166385823
0.05264373348542195,1.0,0.0061389472272516616,0.07705203708687125,1.0,0.009836445466342488
0.02983882277821337,1.0,0.010603261657095388,0.08608947781216547,1.0,0.011355645773492557
0.02536538059199156,1.0,0.010794768306058293,0.09695228725598937,1.0,0.012057988837297709
0.006505599152690111,1.0,0.003554827607132878,0.042889785236637445,1.0,0.016411072378052116
0.013901984782852761,1.0,0.0028166266091978727,0.06634510107470848,1.0,0.01720316202332639
0.002316424477998069,1.0,0.006024434854789008,0.04178627898469367,1.0,0.018544320971938536
0.01242823822167649,1.0,0.008753824980625564,0.045277085953195906,1.0,0.018535904021640678
-0.006463549741622332,-1.0,0.012318760969065312,0.03081349354449725,1.0,0.018813226130087478
0.008753799276248753,1.0,0.013321380795596548,0.04390838820272136,1.0,0.018679643078455842
0.005474466227082697,1.0,0.01236498375136478,0.03858711110455815,1.0,0.01853915638429839
0.04881221999272167,1.0,0.012698458151063439,0.038614836127779606,1.0,0.018537031162051437
0.060516682909750985,1.0,0.011391723720415975,0.01637889208403953,1.0,0.018939380420740497
0.018481481635188146,1.0,0.034943475528163966,0.006801205087483053,1.0,0.018825563521382347
0.010094446040756377,1.0,0.0322012889758316,-0.006194710075284604,-1.0,0.01722729340356785
-0.029800627679304137,-1.0,0.029130358270527644,-0.0563967411700228,-1.0,0.017518585157868263
0.008892899869248572,1.0,0.0205837424512704,-0.006272421998414046,-1.0,0.01584153916648639
-0.021629622747358468,-1.0,0.011716096808002419,-0.01451531973074971,-1.0,0.014902297232673783
0.004438533696025759,1.0,0.008317851547866182,0.0022217294186628322,1.0,0.013884272458115651
0.005738263373038732,1.0,0.008612268362984912,0.016681686221095005,1.0,0.01491790252608244
0.0013377928416600238,1.0,0.011146607179747817,0.017253248147559574,1.0,0.014886074305817178
-0.018775696842433076,-1.0,0.010773291562411764,0.0030952932075269945,1.0,0.014917993368847325
-0.026311439789992397,-1.0,0.006422718901707063,-0.003969134207504554,-1.0,0.014801942569444112
0.004002673789657463,1.0,0.015411853814484885,0.0,0.0,0.014549916593806826
-0.012258950344311348,-1.0,0.023485170079427155,0.0009021200431380549,1.0,0.014481312003276521
0.005407854549291047,1.0,0.026530184344345377,-0.006801205087483053,-1.0,0.01471924595850543
0.001773836385291272,1.0,0.02548931361837631,-0.028817842909381497,-1.0,0.01353045414074819
0.028817842909381497,1.0,0.009907441266573658,-0.011948671569804281,-1.0,0.01121450308526098
0.03184700808875762,1.0,0.011024066433021753,-0.06546779172708317,-1.0,0.014001370644680529
0.010138945130950816,1.0,0.014109344029182949,-0.07639407738890203,-1.0,0.0129143743023888
0.005312097484889922,1.0,0.015222182086034803,-0.07414211524743086,-1.0,0.013003230224981725
-0.014912557055560827,-1.0,0.0035639597648067533,-0.11474021652969979,-1.0,0.010865586775743862
-0.01591545530589955,-1.0,0.003937236177372043,-0.11269730572168069,-1.0,0.0109179265467187
-0.020968870006822016,-1.0,0.005528202590190029,-0.09729891098679944,-1.0,0.012115017194895083
-0.029143510669970896,-1.0,0.0017087117600810436,-0.08914275937412275,-1.0,0.01276836733525948
-0.024815169119724034,-1.0,0.0038364494144273896,-0.07781702235680776,-1.0,0.013101738099642313
-0.025109741957253684,-1.0,0.0039678236478312345,-0.06279672664934033,-1.0,0.01327927033151727
-0.05325873209030907,-1.0,0.017298420742386935,-0.06435655407310747,-1.0,0.013327661344458487
-0.04580239809422926,-1.0,0.020482814253313122,-0.0734405209143576,-1.0,0.013506369833022353
-0.033375600768245084,-1.0,0.022633222553075816,-0.07685009028724044,-1.0,0.013674943611490811
-0.017425416713859,-1.0,0.0134556931847122,-0.041141943331175046,-1.0,0.009657947175378332
-0.026164283201827843,-1.0,0.011244915916422647,-0.045996366012818646,-1.0,0.009447431813036665
-0.017844698254478653,-1.0,0.015035173159569044,-0.04297536298005822,-1.0,0.009611582027497312
0.010684900100016215,1.0,0.0077859298951628315,-0.025718529287989123,-1.0,0.007857486451224862
0.01896482805897337,1.0,0.0030644588291422917,-0.013343415173684425,-1.0,0.00819796755687273
0.013533314330637092,1.0,0.0024032706667534744,-0.017673508617497502,-1.0,0.0078081606583090555
-0.004357305368955622,-1.0,0.007940996346455731,-0.016561508589001406,-1.0,0.007927080786544638
-0.02043866767727387,-1.0,0.00890844947362976,-0.024873264745139734,-1.0,0.007882638906947997
-0.03916310559515379,-1.0,0.002372972012886658,-0.0067437635154290465,-1.0,0.010366012921658676
-0.03004412134837664,-1.0,0.007454401403026202,-0.032547251566495294,-1.0,0.01449540686383285
-0.018358243192690304,-1.0,0.00800105856832649,0.004415018209116717,1.0,0.015923977886096338
0.0004991265389371335,1.0,0.002886249220779849,-0.009531047821000227,-1.0,0.01759706825777528
-0.0020020026706730754,-1.0,0.0038184630217902326,-0.018163970627671278,-1.0,0.017803747215860814
0.006488667637306378,1.0,0.005615309589892887,-0.023816681858022548,-1.0,0.017878011375040113
0.007457156108082064,1.0,0.005756604125152604,-0.01609692704217469,-1.0,0.018228730032527965
0.01984192079900393,1.0,0.0019853942934039033,-0.011589950848793995,-1.0,0.01821539867138662
0.0074349784875180625,1.0,0.007112864903010707,-0.008995562908577837,-1.0,0.01833341913944682
0.024463059432705547,1.0,0.01345802748723848,-0.011457161441428054,-1.0,0.018283439612991923
-0.02034304834644951,-1.0,0.028982592413235843,-0.029406554499796567,-1.0,0.018183860455316066
0.008849615276982581,1.0,0.03411552198979788,-0.030077455237277784,-1.0,0.018194839719854
-0.04195038990072497,-1.0,0.0328930732806219,-0.05616382715078028,-1.0,0.016550491652413745
-0.015660840409552623,-1.0,0.02687847681608193,-0.014134510934904698,-1.0,0.013362964826996712
-0.04658994325982957,-1.0,0.012021485099522881,-0.02930430697280406,-1.0,0.011354353616715046
-0.006066752682237331,-1.0,0.01156342492069547,-0.0010085729548847677,-1.0,0.007579198313420702
0.004572017108204207,1.0,0.009228487892655023,0.0035578182383089185,1.0,0.007130198649513062
0.02130978658675109,1.0,0.005770750481991646,0.014762294044773139,1.0,0.006791450099222251
0.0120969217088287,1.0,0.0048659213187233815,0.012597798253234371,1.0,0.0065255817946152156
0.00202531714800136,1.0,0.009643411758741685,0.00202531714800136,1.0,0.007276090504482044
-0.013646913841181885,-1.0,0.00593693072767186,-0.003520245023252766,-1.0,0.006783149234917985
-0.020243606276646675,-1.0,0.002551733495575658,0.009474017509373933,1.0,0.008094102803580246
-0.005071004781557642,-1.0,0.006364718158705683,0.022011894233004314,1.0,0.007416935484071135
0.009622763541456303,1.0,0.006917797085889998,0.027110094009475727,1.0,0.007059253688640029
0.013204864295170538,1.0,0.0049192384093764705,0.052774813982142454,1.0,0.008529909128172426
0.0020314887636609935,1.0,0.007234273922624579,0.04133025374339461,1.0,0.009008675694022542
-0.002523342242252369,-1.0,0.004810209758815868,0.040983271836950275,1.0,0.008991143299119505
0.007539618525881808,1.0,0.007430166820701751,0.05162119218726757,1.0,0.009039615364087563
0.0030395160178966485,1.0,0.009915254774317813,0.035878287664901976,1.0,0.011428524294553478
0.0030272475187251846,1.0,0.0099133779438245,-0.0020232682673433366,-1.0,0.015588835199218649
0.008973140964968263,1.0,0.012565673081047423,-0.004014054561842784,-1.0,0.015492052373961904
0.022011894233004314,1.0,0.006657672812386801,0.003030305349179363,1.0,0.015220891436897095
0.01698342519154661,1.0,0.008327164315280286,-0.0286171802155617,-1.0,0.017127611173250398
0.023057190196121846,1.0,0.01176274960009594,-0.02971762378602061,-1.0,0.017028727721938385
0.01424735472883265,1.0,0.014343973669382398,-0.036276017896060386,-1.0,0.01694294888945251
0.02349594136893085,1.0,0.013460388187210693,-0.029657866088274476,-1.0,0.01712190712634802
0.012051242500295656,1.0,0.008561014658314749,-0.050221838380558825,-1.0,0.015503707729976035
-0.003420477314831638,-1.0,0.017479577095314176,-0.05103658792997323,-1.0,0.0155133784042976
-0.04552988234654598,-1.0,0.022379265569388525,-0.06806027725325392,-1.0,0.015036272751539844
-0.04809562822322855,-1.0,0.020961394285351913,-0.07768962464868645,-1.0,0.014388454272052615
-0.029808466297825964,-1.0,0.02131577908281497,-0.0657466253773693,-1.0,0.013663899399756404
-0.023566664429493178,-1.0,0.017834739367839372,-0.04187740358919867,-1.0,0.010538019482864468
-0.016730428259209562,-1.0,0.02087215480253422,-0.0568922794405069,-1.0,0.010051196915982642
-0.017294429012235435,-1.0,0.020840141187989988,-0.043810149349923,-1.0,0.010926080728831809
0.015942739318833832,1.0,0.008746717322005446,0.0,0.0,0.009406602946772013
0.002552975601583629,1.0,0.004616053492217257,-0.009761187187766751,-1.0,0.008470852938491365
-0.0005132153050801946,-1.0,0.00616796994608534,0.0005129520502318297,1.0,0.008681831796047743
-0.014906469796048594,-1.0,0.0048611559318519565,-0.007682496172016329,-1.0,0.008523423927942166
-0.01541654376783197,-1.0,0.004574157766329492,-0.0051124855732351815,-1.0,0.008587005644927063
-0.018130514762227712,-1.0,0.005242422833257698,-0.003084835351210291,-1.0,0.008472557888893143
-0.01934700868249073,-1.0,0.005593497175895659,0.010816484544523552,1.0,0.008147620281758932
-0.027298283015048996,-1.0,0.0010409966271138864,0.005165300740495926,1.0,0.008364878367027304
-0.007871990270379658,-1.0,0.011032321812829269,0.02120586316247519,1.0,0.007927410828912011
0.01831073915970549,1.0,0.012553057697015556,0.0347635524503227,1.0,0.007014278204263587
0.030400663993530586,1.0,0.006031519100731636,0.045769818975593735,1.0,0.006130749526126655
0.027028672387919395,1.0,0.00635720487107561,0.03774032798284699,1.0,0.005817132100424175
0.008260243146817503,1.0,0.004781142010648548,0.023060207087697737,1.0,0.004117025627003458
0.007201677216115199,1.0,0.004665455580575596,0.029002287114787695,1.0,0.004720955616356813
-0.004111002706522315,-1.0,0.003988954655806917,0.017285636287025508,1.0,0.0049625087475353635
0.0035925109204912875,1.0,0.005145051555570482,0.017834867636034257,1.0,0.004924571513418947
-0.005138757454100862,-1.0,0.0059536475076749475,-0.0025660778771607884,-1.0,0.007281663764620967
0.006160183751457771,1.0,0.006716593437131312,0.001029336169114048,1.0,0.007156612731642122
0.004600059223308417,1.0,0.006412060847270793,0.012726056197578828,1.0,0.008564966415823279
0.013306235220048812,1.0,0.001957170223953935,0.024428695684961976,1.0,0.00839586114865796
0.008662474549992139,1.0,0.0007857583278586862,0.015236455242090052,1.0,0.008353311362011551
0.00660739379708053,1.0,0.0007812006251746965,0.014680091522191852,1.0,0.008340881751481554
0.013633132132724546,1.0,0.004801414020984469,-0.001526329474647925,-1.0,0.009276877960951318
0.006573980692097914,1.0,0.007576475273317015,-0.027258051709336595,-1.0,0.011451544516446022
0.003034903695154023,1.0,0.007996914813245189,-0.03873450918114085,-1.0,0.011584483672032348
-0.024366687775833284,-1.0,0.00810711964758461,-0.065809806980061,-1.0,0.011391848610384196
-0.020367302824433775,-1.0,0.009134191005656498,-0.07047005645769322,-1.0,0.011454136868542785
-0.001516300517964142,-1.0,0.01708285148884457,-0.07333127308554954,-1.0,0.011396243025709414
0.021856016108021903,1.0,0.008994260145292643,-0.055467081512872385,-1.0,0.010957109621736492
0.020367302824433775,1.0,0.009695981771821134,-0.06426421034172125,-1.0,0.010989034711632569
0.006554094547921441,1.0,0.004344813330532569,-0.110600997602742,-1.0,0.010618431520217873
-0.01264878993956109,-1.0,0.008218359292646851,-0.11834880653427593,-1.0,0.009810466833730403
-0.03383203240143451,-1.0,0.013458154379562399,-0.1062569747048634,-1.0,0.01116147920576327
-0.046807206906252175,-1.0,0.007192674825292192,-0.12055068115180156,-1.0,0.010523528900045202
-0.05065034537268853,-1.0,0.006873018141222832,-0.10287435774938491,-1.0,0.011260619072267263
-0.03663802405625871,-1.0,0.0041434019003121275,-0.07917412427835724,-1.0,0.010412689758794252
-0.031561860209254666,-1.0,0.006100367837635408,-0.06022975507882666,-1.0,0.01125904821140684
-0.014023962308644666,-1.0,0.0051186928985910134,-0.04547483040176803,-1.0,0.010619880363103932
-0.014161456708461806,-1.0,0.00518619450724989,-0.03187082932641294,-1.0,0.010659032711910968
-0.0387860250351566,-1.0,0.015262125058279738,-0.04104846943912599,-1.0,0.011150977609410907
-0.04102570891338164,-1.0,0.014297954005479653,-0.028652097724358727,-1.0,0.012086547185877865
-0.021625461538708368,-1.0,0.02011406649528909,-0.012696830794406866,-1.0,0.01207154878926268
-0.003395589001138122,-1.0,0.010435915199439661,0.02455480510720731,1.0,0.00828842612665872
0.002825658845329926,1.0,0.01087647923581669,0.015721828602682786,1.0,0.00901167997082953
-0.006749181974928353,-1.0,0.008136204723155118,0.008372920810578499,1.0,0.008641060419730099
0.013513719166722726,1.0,0.004494446740627999,0.005089069507471233,1.0,0.009094751581540269
0.006749181974928353,1.0,0.005942690760862322,0.007869630271418071,1.0,0.009242942625724618
0.010665270895685586,1.0,0.005622931504615764,-0.0005644933821926656,-1.0,0.009610698030637342
-0.012380574569553993,-1.0,0.009133967164319834,0.01883712208644428,1.0,0.01247432123032257
0.002798770368764636,1.0,0.01374337016847078,0.02272195287663714,1.0,0.01241674848553556
0.00501254182354427,1.0,0.014039866980227342,0.012760228614370206,1.0,0.012600870589514264
0.0268172495111767,1.0,0.0035578161716938016,0.03176639351475763,1.0,0.011689047575343881
0.003348217413659871,1.0,0.010117602744485185,0.0335288345636513,1.0,0.011840221792865611
-0.0005557099337230031,-1.0,0.00937404063497283,0.030636969461889763,1.0,0.011795500050154551
-0.0228613246008742,-1.0,0.008761890190966033,0.008235017715783721,1.0,0.012641059476677078
-0.005026539485934789,-1.0,0.011441933553378551,0.03072101165111829,1.0,0.012493118754239209
-0.015686596167699518,-1.0,0.011278614368133934,0.030114512175267505,1.0,0.01249581999774594
0.027261771745695773,1.0,0.018476829712476276,0.0381789107410444,1.0,0.011685025000737809
0.021601504580147424,1.0,0.019030455916723064,0.042209609165144046,1.0,0.011870799862723679
0.023989992892248457,1.0,0.018075307974233724,0.034955015033576675,1.0,0.01269117819213899
0.0005486968587593566,1.0,0.005641366021287713,0.0010970928143732017,1.0,0.00998782489505552
0.013605652055778794,1.0,0.010380081024062257,0.0005477951383221491,1.0,0.009981313147966148
0.022889282671063826,1.0,0.006184331265317215,0.017486784387715337,1.0,0.010236080973646512
0.0032858737122027915,1.0,0.0147950350871078,0.006015878137747288,1.0,0.010414398469620046
0.0005403945011268618,1.0,0.01356643967805275,-0.009777372838295051,-1.0,0.009405721791244095
-0.0010781672203452608,-1.0,0.01341537146835231,-0.048009219186360585,-1.0,0.013494514993142604
0.007082568424386482,1.0,0.00924741534569163,-0.0401615602037686,-1.0,0.013116141587106007
0.006462058028090967,1.0,0.008926854782581688,-0.040236896499647345,-1.0,0.013108166302472047
-0.010846093309390348,-1.0,0.013740407404659545,-0.03904812826266024,-1.0,0.013153575343414829
-0.009820046180975428,-1.0,0.013645387025600978,-0.02975426108179291,-1.0,0.013218941801167745
-0.020060309446674474,-1.0,0.008458473014952402,-0.031073636624657563,-1.0,0.013098522491629164
0.006521762246387119,1.0,0.008233519980586624,-0.03269895090689423,-1.0,0.013253769636478332
0.005467482182133443,1.0,0.008730265299234704,-0.027231468724760788,-1.0,0.01324489216261359
0.003280484079161594,1.0,0.008910720116405316,-0.018795467620038142,-1.0,0.013657205140690442
-0.042606720903012096,-1.0,0.01820964885523391,-0.026902528279238336,-1.0,0.013176897862659496
-0.042891564629313095,-1.0,0.018150223710968666,-0.018712708932154154,-1.0,0.013147131572710096
-0.029919129160225433,-1.0,0.023597464768425357,-0.019289658450516445,-1.0,0.013146318297589067
0.007882923703355083,1.0,0.009345275253794527,0.02511993651529676,1.0,0.008221880242829204
0.01748986754636217,1.0,0.0052406433876681325,0.028613452765024583,1.0,0.007934939622441137
0.01562531790308075,1.0,0.00416414553052343,0.01562531790308075,1.0,0.007388791250354368
-0.004496915953624336,-1.0,0.014163557003220889,0.008933616087392737,1.0,0.007516208312211049
-0.007297253823943306,-1.0,0.013826814197179835,0.011676529661835744,1.0,0.007625328716199521
-0.007782140442055052,-1.0,0.01360965517140526,0.0016597514183642748,1.0,0.0070736282713474525
0.012318184874043014,1.0,0.0049010795661889265,0.0200787559738973,1.0,0.004456627733896762
0.013986241974740077,1.0,0.004254281039403456,0.015651521293801096,1.0,0.004779306138405891
0.0027862932486832914,1.0,0.002317374487159929,-0.0044742803949211485,-1.0,0.005146749392755792
0.009415743891522999,1.0,0.005686342600310382,-0.010629470709708988,-1.0,0.005109867055687647
0.004434597067865642,1.0,0.006923149354985964,-0.0005557099337230031,-1.0,0.006264588525431672
0.004995847193371761,1.0,0.006802143846990371,0.0016680571006970624,1.0,0.006245114664851156
-0.00830339672454894,-1.0,0.001466462624708334,-0.003866340082853581,-1.0,0.005676192710786467
0.000552944443173331,1.0,0.0048441880053734605,0.024044874254002924,1.0,0.00905321651651387
0.0016597514183642748,1.0,0.004737665605441578,0.02244824622230923,1.0,0.00911461154453715
0.006648223932880226,1.0,0.0029339086805928224,0.02144706896509918,1.0,0.00917644379855214
-0.003322262191977954,-1.0,0.0029276465879666015,0.03316422445333722,1.0,0.010180856611936595
-0.013916172255340475,-1.0,0.005852308011772989,0.03262932206026781,1.0,0.010195217844690314
-0.018390041809563273,-1.0,0.0039018964747569735,0.038987070773738974,1.0,0.01026864214707016
-0.0022209892527840225,-1.0,0.011397508949360164,0.05029445961164991,1.0,0.010015909282481143
0.008928630744301502,1.0,0.007840761624324096,0.05718955436155504,1.0,0.009259853517850261
0.016178874518378406,1.0,0.005744212708746266,0.05631441322718023,1.0,0.009332902781461063
0.02903518125559157,1.0,0.013027422681987857,0.03817257350502978,1.0,0.009554014502611567
0.02577603631498393,1.0,0.01424733539275999,0.05354076692802989,1.0,0.010179646862023967
0.017010012323403823,1.0,0.016428474180135568,0.025137935693131164,1.0,0.013185186211512769
0.009672294642507628,1.0,0.012204627249743702,-0.0065005646030933395,-1.0,0.011305581288093424
0.01184082725632285,1.0,0.011733132080917332,-0.015825705461816053,-1.0,0.011778278516609328
0.02418822574152002,1.0,0.00891281533209187,-0.013695092160781241,-1.0,0.011735619980359185
0.013807972966334736,1.0,0.004458782180056811,-0.047641091985491935,-1.0,0.010962539772317743
0.010644060045946757,1.0,0.006282699483652578,-0.05047697930091166,-1.0,0.010912205485200603
-0.001062699356122021,-1.0,0.006271091328402303,-0.06471555928975525,-1.0,0.010284043483455881
-0.01434287535940415,-1.0,0.0014284052997759352,-0.07955935052911522,-1.0,0.009539365782526728
0.005279843310776355,1.0,0.012313622324923954,-0.10954548536837438,-1.0,0.012245390726895367
-0.014997603015670657,-1.0,0.02025904920114866,-0.10885174675506204,-1.0,0.012272156898132689
-0.015637956852531554,-1.0,0.020284545345652386,-0.10660973505825821,-1.0,0.012333430363704581
-0.043590436074862016,-1.0,0.009005036316095704,-0.11837562826631776,-1.0,0.010515662576543378
-0.021823015530508583,-1.0,0.0046416803660685345,-0.1003959452433314,-1.0,0.009465966210838731
-0.03146823273989097,-1.0,0.007092153833593245,-0.08149303425118304,-1.0,0.011132760008193448
-0.02281044658277276,-1.0,0.007871380990388314,-0.0718257345712554,-1.0,0.011068898528600794
-0.026832241387453992,-1.0,0.00691714427178492,-0.06848082862171578,-1.0,0.011199022853652176
-0.018110285577288554,-1.0,0.0023839588817673486,-0.049435352628914186,-1.0,0.010845639102716388
-0.048424446021515966,-1.0,0.015204692047174144,-0.05316098536818914,-1.0,0.010875538558565835
-0.04519888682142881,-1.0,0.01627452333481318,-0.05114420754418836,-1.0,0.010851549327882687
-0.04139325988854714,-1.0,0.017225497877842208,-0.03191451593400352,-1.0,0.011645995370555511
-0.003550299587167016,-1.0,0.004635794514708669,0.001770434218713035,1.0,0.00633792514984143
-0.006541801503940015,-1.0,0.005617303982817216,0.008264509849893464,1.0,0.006270368968522941
0.009478743954543623,1.0,0.009242702444941953,0.011246049274627357,1.0,0.006118082044095197
0.002959457620200334,1.0,0.009648084602227684,0.0005925926099341616,1.0,0.0063757508562055235
0.01009210109110703,1.0,0.007506473715645135,-0.0005968367828612653,-1.0,0.006495652618674879
0.0005894488823778854,1.0,0.002385157336965232,-0.0005897965372976266,-1.0,0.0064968265570634065
-0.004145697379706492,-1.0,0.005027346141347367,0.008826182628272061,1.0,0.006755648909200946
-0.009495620309926567,-1.0,0.004925520771078461,0.017564854394794382,1.0,0.007195319788573035
-0.0005894488823778854,-1.0,0.009995404722985666,0.004116442155034816,1.0,0.00804071218478647
0.006506973565386209,1.0,0.008229801575074741,0.01589671391522529,1.0,0.007764230970571109
0.014209830572653015,1.0,0.005843088812367226,0.024154340720992096,1.0,0.007538667138092778
0.001767305320083734,1.0,0.002122354596131467,-0.011862535309820066,-1.0,0.010214599210930861
-0.00472814119594589,-1.0,0.0047322802721260744,-0.00413589954404836,-1.0,0.010521495231370182
-0.015403148136694744,-1.0,0.003482899831929989,-0.014209830572653015,-1.0,0.010636526426591752
-0.0023571018573813607,-1.0,0.0109771946347305,-0.027448023850907832,-1.0,0.011301387148258317
0.011193047638538234,1.0,0.010214356335534334,-0.03680656793686454,-1.0,0.011923934192727106
0.02825379226876268,1.0,0.0024086537021742105,-0.029690154151411186,-1.0,0.011847605016916108
0.005295687574710328,1.0,0.011189638886054816,-0.05830430698059663,-1.0,0.011574632615307256
0.0029248339072467378,1.0,0.010702387542405102,-0.06099082828773361,-1.0,0.011346998356539347
-0.0029061339837288536,-1.0,0.008784034976658767,-0.06783277854942105,-1.0,0.010711064125544003
-0.016568426347232768,-1.0,0.016662490538404944,-0.06297479916138848,-1.0,0.010577915056978537
-0.013525639893887442,-1.0,0.01765733431356179,-0.0714156973515272,-1.0,0.01012854092277772
-0.024154340720992096,-1.0,0.016258317617530584,-0.08120753016982962,-1.0,0.009682636587191321
-0.013818183221004032,-1.0,0.011284395261022854,-0.04017582306351963,-1.0,0.009994540410641569
-0.03739880958876207,-1.0,0.004676912096808295,-0.04666099374122634,-1.0,0.009504593412725346
-0.030883471715452915,-1.0,0.00841367779227208,-0.04637804882649399,-1.0,0.009496167526733997
-0.03321338498707016,-1.0,0.009066372999535237,-0.02822273208351156,-1.0,0.009100578668795954
-0.012991212712330835,-1.0,0.01103591130595501,-0.017359394385083826,-1.0,0.008123187654145285
-0.009888832129247183,-1.0,0.011684466560436677,-0.008647367041182186,-1.0,0.008580716943112257
0.0006251953939184762,1.0,0.005655017399945718,0.010575526247086575,1.0,0.006958240273907457
-0.007500035156546847,-1.0,0.004492936829500723,0.0068259650703998975,1.0,0.0068710671043947895
-0.01628088560413743,-1.0,0.0014465272331758076,0.009888832129247183,1.0,0.0070044157171281225
0.006230549750636083,1.0,0.012366248350903549,0.017348638334613087,1.0,0.006643105575498952
0.011229063716413412,1.0,0.011493113342282573,0.0,0.0,0.00925328077445513
0.010675140622343537,1.0,0.011736834076070153,-0.012067469400117492,-1.0,0.010562505950905703
-0.001865092240995958,-1.0,0.005534369034064674,-0.03604563482982148,-1.0,0.009171467949669661
-0.008097210232619556,-1.0,0.005653691149214069,-0.02576328481095258,-1.0,0.01004305681655826
0.006847210069858889,1.0,0.006664676197511486,-0.028510008258377795,-1.0,0.010190143885443865
0.005584873343527974,1.0,0.006565688976344605,-0.027122444632256215,-1.0,0.010273391375887788
0.011194146743152888,1.0,0.003893578989901917,-0.03759601742627927,-1.0,0.010949129508979633
0.008647367041182186,1.0,0.0024906192415712733,-0.06206020512310406,-1.0,0.010945582616706702
0.007398307481444988,1.0,0.002688499330035969,-0.07916644154185026,-1.0,0.010972594807438885
-0.014326000226946745,-1.0,0.01430658861697551,-0.0939505602882853,-1.0,0.01091859545959567
-0.038237187133502104,-1.0,0.012180263794432338,-0.08533549256856543,-1.0,0.012097860493539427
-0.047163723413798486,-1.0,0.007083193325114359,-0.09261112283515982,-1.0,0.011821008251240111
-0.014534221094539168,-1.0,0.01514511931975033,-0.1009092633506381,-1.0,0.012871434320294884
-0.005767398235916765,-1.0,0.011683372034549553,-0.0832427104042075,-1.0,0.012637920796561909
0.007058097956569309,1.0,0.010829009553139332,-0.06106741139798766,-1.0,0.014058090716067949
-0.019929942847946247,-1.0,0.010608571201901333,-0.07327592355323898,-1.0,0.01315958644467948
-0.026702986794867378,-1.0,0.012158035674466551,-0.054138631989054886,-1.0,0.013840492142020546
-0.046459123566066074,-1.0,0.0008697400716527656,-0.0592668483559744,-1.0,0.013592741579977039
-0.04516039611885314,-1.0,0.0011607945866994901,-0.03434948001463778,-1.0,0.013741105777068179
-0.014627920404279182,-1.0,0.016492019053646605,-0.0013210041551137142,-1.0,0.01409353147019108
-0.006046373811864569,-1.0,0.014589295828522161,0.040688027074144095,1.0,0.015323300407121305
-0.021284703289299545,-1.0,0.021803579950272545,0.059985031132654854,1.0,0.014291189908938847
-0.03614440496914417,-1.0,0.015266842658675242,0.04581953288228613,1.0,0.014048150063702237
-0.015620011976626325,-1.0,0.02228622651766373,0.05250549737793064,1.0,0.013750778569227412
0.013099118702859958,1.0,0.008756943842297325,0.07998932451591001,1.0,0.009123241761419626
0.023336680179235847,1.0,0.0077338213385112825,0.07875983386064744,1.0,0.009219804147513022
0.008858660998582568,1.0,0.005717773516123691,0.07893642545877255,1.0,0.009233715880179358
0.01899650069065495,1.0,0.005484002909576773,0.07327592355323898,1.0,0.009767614372675676
0.026114641039073794,1.0,0.008355914345155969,0.06309582559307181,1.0,0.009883359589586816
0.05349575186405242,1.0,0.009021109746867758,0.05606479630849459,1.0,0.010417392024565543
0.04917411502843949,1.0,0.01112726189071773,0.03369991844584219,1.0,0.011435159880967148
0.03251261663312066,1.0,0.01455508218958818,0.024160496124936426,1.0,0.01069199521968902
0.005771096491921979,1.0,0.0027963884323132,-0.011643081074738548,-1.0,0.007483718341640215
-0.0012804099060443885,-1.0,0.0013321027234926273,-0.007707167244937807,-1.0,0.00785261353086406
-0.0032041039907828583,-1.0,0.0014788480840583367,-0.010936101274109378,-1.0,0.007883864168703679
0.010810916104215584,1.0,0.009570422733695643,-0.01871626108395885,-1.0,0.008062607845163933
0.006385717740188923,1.0,0.01107084689821223,-0.03454237194753085,-1.0,0.00932279910560798
0.0076726719116602116,1.0,0.010858206722810982,-0.018789020501631226,-1.0,0.01050381569611212
-0.014012968151695393,-1.0,0.003510550869037963,-0.04066387925389692,-1.0,0.009257080668974429
-0.020579504416741834,-1.0,0.00613928807766348,-0.019929942847946247,-1.0,0.010505837718477495
-0.012820688429061589,-1.0,0.01029762665637579,-0.025807883955872635,-1.0,0.010590436643205007
-0.014212125519180718,-1.0,0.010513007258024523,-0.022050180016264687,-1.0,0.010488073256072074
0.007767029337659492,1.0,0.009585694847596643,-0.0026024738175816076,-1.0,0.010117292253137242
-0.0025839807659251424,-1.0,0.00898210447191045,-0.021520230564759935,-1.0,0.010341183281809118
-0.0013020835172983247,-1.0,0.008457739083352334,-0.009807205116964646,-1.0,0.010210551057196725
-0.02811561460863743,-1.0,0.007511400863070619,-0.020847660580765703,-1.0,0.009724757596092534
-0.011057023218304707,-1.0,0.016068899066275285,-0.011711259420901454,-1.0,0.009952347579636015
-0.011136702065722481,-1.0,0.016077528276167166,-0.005225354802665061,-1.0,0.009761410150298643
0.020998146839773524,1.0,0.012317733397213553,0.015789801732635445,1.0,0.008120666496839799
0.000653808457418803,1.0,0.012277343494672214,0.005868944136526721,1.0,0.007181560174130338
0.004600731085936838,1.0,0.011250242610250826,0.017630231376270622,1.0,0.006827619150730518
-0.0032520353863771945,-1.0,0.006795196816591707,-0.0012995453420856506,-1.0,0.00565787336735224
-0.008533035037948888,-1.0,0.009173351686911198,0.011696039763191113,1.0,0.005563099580648141
-0.0019691506198806774,-1.0,0.009782439883316714,0.021408537389181692,1.0,0.0055953155460085145
-0.010478157425524603,-1.0,0.007657070944759636,0.0006512536863199081,1.0,0.007019896274296598
0.007224990377933338,1.0,0.004013642690674737,0.015696855971583323,1.0,0.005977191691390158
0.00327976679700126,1.0,0.004221018862426179,0.03486473199619322,1.0,0.008558809211009962
0.008521847704763719,1.0,0.0033019776774299947,0.020847660580765703,1.0,0.01010244378276181
0.006523180339123469,1.0,0.002470829454829359,0.014940193450073025,1.0,0.01002439238966954
0.011718884113213202,1.0,0.0006360007922589521,0.008477390189042255,1.0,0.010305402681697884
0.003908799765052429,1.0,0.005070891718305202,0.0006525285712772888,1.0,0.010375831795290254
0.006480904084083194,1.0,0.005884024433445226,0.004541039266256597,1.0,0.01056612570987538
0.008379037098847908,1.0,0.006351509300741911,-0.007145207404644083,-1.0,0.010685461702083707
-0.0013012363579716357,-1.0,0.011940401744208308,-0.006523180339123469,-1.0,0.010666072539480508
-0.004532218829556678,-1.0,0.011122582056637187,-0.02154833620620278,-1.0,0.010648388763093096
0.011487043987130852,1.0,0.018346729589204976,-0.04261542889150327,-1.0,0.010900949913750055
0.009718249468921192,1.0,0.019224273322197935,-0.026386755173194887,-1.0,0.01045440050638529
0.0064683278564230395,1.0,0.019314740677434633,-0.04038946856195502,-1.0,0.010571742938826952
-0.023107575010149706,-1.0,0.008011092395716278,-0.06826797112900285,-1.0,0.006755073299733072
-0.011673284304724696,-1.0,0.003604993499503824,-0.04685779641837806,-1.0,0.0066129350036705364
-0.0038759738446929592,-1.0,0.007975090524390495,-0.038782382412832606,-1.0,0.007409355097988819
-0.0039037134804731366,-1.0,0.007985231490947804,-0.02965620958288806,-1.0,0.007442562218446171
-0.003266909145348329,-1.0,0.00786298705244068,-0.01379332213233564,-1.0,0.008387434850613391
-0.01960847138837618,-1.0,0.002372006951213365,0.001293661241220434,1.0,0.010670467878872726
-0.02709118438801128,-1.0,0.005370980357420914,0.006497748657519953,1.0,0.010452414939450516
-0.021164811192043054,-1.0,0.008417047615367578,0.014295240186826597,1.0,0.010392110678101397
-0.02337335118530892,-1.0,0.00870412457666368,0.02927038230011325,1.0,0.01000881855429598
-0.014165498250368724,-1.0,0.0064086678397548115,0.03164403778092528,1.0,0.009658170054969401
-0.010752791776261983,-1.0,0.008241236256375807,0.027687991531166523,1.0,0.009748709163865731
0.008075414005545456,1.0,0.007149445327611605,0.04685779641837806,1.0,0.008952138030683966
0.015504186535965081,1.0,0.0030411953824298703,0.04840189004302409,1.0,0.008815982804240235
0.021391189981317726,1.0,0.004720666819826871,0.04038946856195502,1.0,0.009002860140917786
0.03620006980936008,1.0,0.010458504551004154,0.011329678004142973,1.0,0.01124901521507622
0.032250244759934876,1.0,0.012422075941291664,0.010645476447952884,1.0,0.011244862030025383
0.024821653173813907,1.0,0.012983257761689073,-0.006635724415398281,-1.0,0.010890074559313784
0.008368249670516636,1.0,0.0042909419110975025,-0.03888463518002916,-1.0,0.008236306952851583
-0.0019448952646059503,-1.0,0.010131759191443448,-0.03158157205029899,-1.0,0.00860270407738057
-0.007772059847703128,-1.0,0.00935910684976205,-0.030791820160317895,-1.0,0.008659867894116602
-0.005785937067044111,-1.0,0.010335653587566673,-0.03655759573379758,-1.0,0.008266318977548532
0.0025923540117300803,1.0,0.006611601825647359,-0.0223106366936201,-1.0,0.007835509224422117
0.0019486852545265165,1.0,0.006757358613752329,-0.027019765645960758,-1.0,0.00795737374732433
-0.027452704408689632,-1.0,0.010268167770766886,-0.03811236563734832,-1.0,0.007215030809293022
-0.022252227059106122,-1.0,0.01191143984678691,-0.03423639179265536,-1.0,0.007267415966194416
-0.025634002996035576,-1.0,0.011374413411944992,-0.0269664482298142,-1.0,0.007587110244634498
-0.014014243374812052,-1.0,0.005462336922979795,-0.0039840690148746916,-1.0,0.004825415600352167
-0.009976803738316997,-1.0,0.007712257847602221,-0.004643457762954384,-1.0,0.004808562310899629
0.0006655574288942923,1.0,0.008309368557922274,0.011912781516242088,1.0,0.005398706975617277
0.010695289116748219,1.0,0.002535296646426703,0.021935076866255843,1.0,0.004317758905143397
0.0073260400920729385,1.0,0.0020390319249759606,0.01591545530589955,1.0,0.004218387508295692
-0.004000005333345991,-1.0,0.004658666651525122,0.015841915465658163,1.0,0.004213141241776523
-0.007340706970594857,-1.0,0.0043297859108733325,0.014521707334617107,1.0,0.004248886968546985
-0.009333401087305182,-1.0,0.0033502086911936734,0.005294519316974,1.0,0.004882136778580383
0.0020020026706730754,1.0,0.003721733753618271,0.007984074348220682,1.0,0.004578927225931702
0.0066755922137839985,1.0,0.002347056473592908,0.01065966122865869,1.0,0.004465184955924283
0.007340706970594857,1.0,0.0020435561340133943,0.01198416473354924,1.0,0.004457594482014516
0.013245226750020711,1.0,0.005382227835357439,0.00399202126953746,1.0,0.004455011363504655
0.011904902506318482,1.0,0.005727727379349361,0.001994018606864545,1.0,0.0044243443383390774
0.010582109330536937,1.0,0.006144880269833817,0.005966209278570611,1.0,0.004609775316464605
0.004594691378310367,1.0,0.0027330576021653446,-0.007263155072473104,-1.0,0.003402504697394679
0.003281919585109483,1.0,0.0030317111537287167,0.003937012959339681,1.0,0.004960093912249661
-0.003294895896852612,-1.0,0.00592703376641651,0.005249355886143503,1.0,0.004950842478063883
-0.011857846450783471,-1.0,0.003289728159973008,0.006527438319963386,1.0,0.005060930812442966
-0.011202753076553273,-1.0,0.0036229194527887267,0.01689448889876166,1.0,0.005684120632198997
-0.0026437556707299414,-1.0,0.002754230903282515,0.04010886901956878,1.0,0.006382828961002795
-0.0019900504080101467,-1.0,0.002389610529687533,0.03835374214250398,1.0,0.006582563844922958
-0.0019900504080101467,-1.0,0.002389610529687533,0.047874601113162996,1.0,0.00673433791543758
0.0013227515156162273,1.0,0.003994223668093989,0.05472881573701449,1.0,0.0067782809081069545
0.0019900504080101467,1.0,0.003687306643889638,0.05741660685910599,1.0,0.006534412083957094
0.013847896858793618,1.0,0.007252574281845794,0.05427688685443832,1.0,0.006800839880422678
0.00986525593810983,1.0,0.0076027618546476525,0.05403243442665673,1.0,0.006800832721500951
0.018385284770746857,1.0,0.005605964752660054,0.05479940058231114,1.0,0.0067307722686729445
0.016239395524531464,1.0,0.004546107214359261,0.052929152759876086,1.0,0.0065662344053723995
0.03156461723657267,1.0,0.005101960154105299,0.0774214741936623,1.0,0.008739476643660562
0.01996845737175712,1.0,0.011169667131320556,0.08119313921219806,1.0,0.008784465978310462
0.01977735913784806,1.0,0.011144042254905572,0.06847727467222953,1.0,0.009155900597930191
0.011976191046715767,1.0,0.008440545490296271,0.060885694078989916,1.0,0.008628608325364088
0.017072814308591866,1.0,0.005512290263250404,0.06481750007647102,1.0,0.008247575923505435
0.00441223533326518,1.0,0.0059436028630662,0.07600131446750313,1.0,0.009317839103651531
0.0006263702052584641,1.0,0.0038351695472112054,0.04472414565208105,1.0,0.012563847575046921
-0.0006271558687847012,-1.0,0.004034809614332424,0.05370417897186108,1.0,0.012548378207968013
0.012500162764231382,1.0,0.005937174426930168,0.09873484068568894,1.0,0.016250977818252244
0.0332542957051154,1.0,0.01354700065653881,0.08057240696119683,1.0,0.0174427095385459
0.04477902340063378,1.0,0.00885300089694486,0.055518983436301905,1.0,0.019892319799044232
0.031787517436884904,1.0,0.01409954148165902,0.04967708218765998,1.0,0.019820547242372772
0.015028837121900285,1.0,0.006968273907925905,0.029835148475733764,1.0,0.018704984105473266
0.003592818236030082,1.0,0.006256760691470523,0.017836382483432223,1.0,0.018608001746506286
0.027301398933121668,1.0,0.01126502259561003,0.03255688548208191,1.0,0.018769589328786713
-0.0041853573801931,-1.0,0.021904253126963792,0.017741447009596234,1.0,0.018849441770067903
0.005959493203981925,1.0,0.022584956629580346,0.0271243043960252,1.0,0.018896014472319502
0.027145761551450986,1.0,0.03250027507472828,0.010483497294858202,1.0,0.018009180781785542
0.036474631514374245,1.0,0.028024660846137146,0.036474631514374245,1.0,0.016350584620043813
0.0011876485956561211,1.0,0.0365335944300107,0.040750690730428696,1.0,0.01652260791459263
-0.03655759573379758,-1.0,0.015600113587522292,0.005115100666770456,1.0,0.011375592960513919
-0.017482962780347666,-1.0,0.018287572098164978,0.010344919842392608,1.0,0.010871286960352564
0.007096422447764095,1.0,0.004128367622651653,0.013557531562053082,1.0,0.010139483256804485
0.014667320731306832,1.0,0.00704467708042219,0.002361276185679717,1.0,0.010349688074210679
0.002935135655762755,1.0,0.009519922089117283,0.003521130398578931,1.0,0.010406987820900935
0.01288074014862306,1.0,0.009510774236317607,-0.019637643853072317,-1.0,0.012812038419726881
0.00522801074589796,1.0,0.007291770646928047,-0.02835393723564028,-1.0,0.012219566108220873
0.014547827124584911,1.0,0.002445781454041455,-0.020130934406977552,-1.0,0.012201479555231218
0.01958587953838542,1.0,0.005315717467211469,-0.022948932985544568,-1.0,0.01203282348592825
0.02177736492336324,1.0,0.004945324612036581,-0.019895331477204792,-1.0,0.012201799541218543
0.010344919842392608,1.0,0.010860121219426803,-0.002313477029530775,-1.0,0.013754673442245348
-0.026005510572719492,-1.0,0.014988640839966141,-0.03187751804994199,-1.0,0.013896208118986855
-0.039311420214888315,-1.0,0.009224946050246386,-0.02875413740901145,-1.0,0.014105972647376428
-0.024306752224161343,-1.0,0.015120459634999615,-0.021381918316914605,-1.0,0.013974001513536729
-0.026098752967361305,-1.0,0.016052654374745037,0.006419631034334072,1.0,0.012197704365864445
-0.016047892690013166,-1.0,0.01754807994551252,0.022734876029111284,1.0,0.012184600525983351
-0.020716929149793728,-1.0,0.016125780426014914,0.01626996958651894,1.0,0.012106827265939764
0.00956945101615081,1.0,0.0014977241464465062,0.029021876942965985,1.0,0.009890895147649641
0.013686616504333449,1.0,0.0026670704316089544,0.03416115448484347,1.0,0.01002868262179253
0.03236528450203169,1.0,0.00846990838323893,0.04387951648940969,1.0,0.010324152286185398
0.010657294473988,1.0,0.018957718618482073,0.03394123342803268,1.0,0.010620789180135351
0.012918558991556583,1.0,0.01921356355100689,0.013501819433871853,1.0,0.011475023118359943
-0.008723521444991222,-1.0,0.013242764285969509,0.003468211568927515,1.0,0.010235558549888403
0.012291638511556569,1.0,0.005273157357182953,0.03813286969544394,1.0,0.009815691881153254
0.012177593223234418,1.0,0.0052161471938434074,0.02875413740901145,1.0,0.00964902979870215
0.013345135679272202,1.0,0.004643289307151978,0.030488412665709674,1.0,0.009603681395951991
-0.0034965070587293923,-1.0,0.011059098329551166,0.011567508971433771,1.0,0.010805882406371833
-0.00462161423428098,-1.0,0.01053520433437242,0.0017276134443777735,1.0,0.010487379275261813
0.006892617753097019,1.0,0.013149948894828156,-0.0017306032585790998,-1.0,0.010539082096657387
0.014488807501217504,1.0,0.008818514232008563,0.01793510614480498,1.0,0.00990896259678673
-0.006972718546638168,-1.0,0.012659438988775801,0.003468211568927515,1.0,0.009907060772121877
-0.008046020418450484,-1.0,0.012074457770272988,-0.01499451392251716,-1.0,0.0094273224544443
0.014848930741399258,1.0,0.01623793973277992,-0.01682662270974644,-1.0,0.00951096258436073
0.02817087696669618,1.0,0.008911544965131721,0.012170535620255052,1.0,0.009883556745090517
0.018296679651790937,1.0,0.010076772945355686,0.005753755804414951,1.0,0.00949304569948002
-0.014273722212453599,-1.0,0.00873633912071231,-0.008539761548134628,-1.0,0.007893821694621243
-0.014848930741399258,-1.0,0.008584702708726192,-0.0011344300706117583,-1.0,0.008236535096452422
-0.018873880245016572,-1.0,0.00754281492917494,0.0050861935021278,1.0,0.008474261023053107
0.0028710901146418166,1.0,0.005348585808646901,0.030022079180592742,1.0,0.007377287367395471
-0.002881016109731238,-1.0,0.006960594645861748,0.036716917377979774,1.0,0.007376579410056649
-0.006371292910841042,-1.0,0.007824885995411621,0.04460236876103285,1.0,0.007088772809703304
-0.020272921353333917,-1.0,0.00037346501953284,0.051952480746200846,1.0,0.007681968386697259
0.0017296055046893688,1.0,0.01307586038814295,0.05991156088742522,1.0,0.006990722389773623
0.012702249308481628,1.0,0.011337620400128354,0.08089158519574968,1.0,0.00632457954488257
0.02313579190301107,1.0,0.006902662005867704,0.09003002673304139,1.0,0.0049125624671051945
0.014865911275829369,1.0,0.0021420389358288955,0.04999637079629626,1.0,0.009909751241622085
0.017629117349503787,1.0,0.002135524411323586,0.05795493467921897,1.0,0.010162460957566708
0.02428811851627377,1.0,0.0017588766486377645,0.03704127168034921,1.0,0.012042486417016284
0.023002416707192275,1.0,0.0021290141709490893,0.024664927480805954,1.0,0.012168325997291913
0.02064229501388848,1.0,0.0029097434048057716,0.026697914950378765,1.0,0.012254046917379755
0.02480149168024992,1.0,0.005253887990606623,0.02098365230059085,1.0,0.012029360497690145
0.020313627399714207,1.0,0.006629843368499568,0.005530987551533917,1.0,0.012341945540860174
0.02991792352387579,1.0,0.007224271567587649,0.024005517158122158,1.0,0.013931577816529579
0.017804624633506627,1.0,0.0070165370033592155,-0.0021798373754207123,-1.0,0.013888358150090962
-0.008185584586439587,-1.0,0.019652841165880192,-0.0027210901143606137,-1.0,0.013882811214345188
-0.010234401208049082,-1.0,0.018796145747195743,-0.010234401208049082,-1.0,0.013340126405877357
-0.02985296314968111,-1.0,0.01930422811613985,-0.04149066722989092,-1.0,0.015567785188235313
-0.01046553203966094,-1.0,0.014785820525051905,-0.039681093084463326,-1.0,0.015354222271324413
-0.01362790237933642,-1.0,0.013154021236757522,-0.052804708702903325,-1.0,0.014615819878612064
0.008230499136515412,1.0,0.007040017548248372,-0.03990414223002636,-1.0,0.014029199029148969
0.003868476777920238,1.0,0.009463357534311658,-0.07232066157962613,-1.0,0.01714896711962058
0.017949897221631872,1.0,0.016177011173530584,-0.06168857949578377,-1.0,0.01822657729589852
0.0016380020042383592,1.0,0.019404178063431678,-0.06373738493799119,-1.0,0.018138658242631518
0.012061549733819676,1.0,0.017600122388558,-0.05556985115481061,-1.0,0.018127269322959775
-0.004321994842295451,-1.0,0.009481353044925409,-0.08139132554482997,-1.0,0.015965585424569752
-0.02150620522096358,-1.0,0.019198746165836052,-0.08716017544240029,-1.0,0.016219524849019545
-0.0451455875565423,-1.0,0.01896369703820476,-0.08113322032250214,-1.0,0.01659078799108119
-0.052804708702903325,-1.0,0.014628516958556558,-0.07240187765503925,-1.0,0.017397943021052412
-0.028266438149816553,-1.0,0.011497142095988675,-0.059719234701622215,-1.0,0.016213211296371998
-0.04310510053482375,-1.0,0.02000906287410778,-0.02950749226944005,-1.0,0.01556937483893966
-0.022511773172216865,-1.0,0.028532820278923326,0.003987473241221506,1.0,0.018545218073840256
-0.015602743571449418,-1.0,0.029159182159022506,0.010835577928945517,1.0,0.018485696300646327
0.02061928720273576,1.0,0.011033513673572994,0.044814015789792494,1.0,0.014190749735684289
-0.0017528488274143328,-1.0,0.0026738414187121055,0.023652674608008573,1.0,0.013349878873031643
-0.021784788500170738,-1.0,0.009082009502135283,0.0270053756692612,1.0,0.013393141110792508
-0.013501819433871853,-1.0,0.012483823693437753,0.03269577156498582,1.0,0.01336190150867075
0.0046674530474952736,1.0,0.017164218940523102,0.02711443869039165,1.0,0.013669827247987057
0.0059347355198144935,1.0,0.016454291916956094,0.04538300584781774,1.0,0.012181155208014258
0.006480140496519793,1.0,0.01654224397105717,0.043937703031420305,1.0,0.012152287581263526
0.02358464219335743,1.0,0.024393786146515776,0.029253591615584496,1.0,0.011606393368271777
0.04228837448075118,1.0,0.016039986042889413,0.05019802023753206,1.0,0.009970222479690323
0.031216407524408796,1.0,0.019219071885760698,0.045905937200451996,1.0,0.009910853329512201
-0.0028465718054297984,-1.0,0.0029155405488052195,0.01802865732315362,1.0,0.004288018907010303
0.0005670541688662656,1.0,0.0048350325613861315,0.021325162778085716,1.0,0.004444505176322045
0.008501042977929085,1.0,0.003976541656995582,0.023067126844468433,1.0,0.004285314676971958
0.0017089152549687459,1.0,0.007876829552075047,0.018079588504315902,1.0,0.004871316558286973
-0.003407158321614201,-1.0,0.0066781949874765035,-0.020619287202735537,-1.0,0.01091466288069409
-0.0022598879674373684,-1.0,0.00717852951881267,-0.04206900949309422,-1.0,0.011537881345968198
0.006806605972688118,1.0,0.0029473415791997615,-0.04600520115994566,-1.0,0.011746864539296372
0.010749749909528816,1.0,0.002677078835888641,-0.04478794483650672,-1.0,0.01179350320222685
0.008448374665551484,1.0,0.0020309644351826956,-0.031019144039863722,-1.0,0.013357710229777369
0.012359707900926553,1.0,0.000648991550805069,-0.04924249935751335,-1.0,0.013988008271193106
0.013415517021304835,1.0,0.0010985850510479948,-0.07052149320944623,-1.0,0.014144401163981097
0.008377597168425233,1.0,0.0039005255264999653,-0.07873490739372335,-1.0,0.01385192797838239
-0.0027956406242675147,-1.0,0.006165168369065836,-0.07655911187026732,-1.0,0.01402273333519127
-0.04137739581195499,-1.0,0.01683504241898653,-0.08393701023075106,-1.0,0.013606831483423537
-0.05663509335963357,-1.0,0.013266991697962966,-0.0889345518320932,-1.0,0.013505044908667342
-0.06237587440929282,-1.0,0.010819653786717622,-0.10126291260655029,-1.0,0.013908623144553912
-0.027575815955385385,-1.0,0.00976857373457751,-0.05593367394405302,-1.0,0.012733298695938994
0.008789977485793132,1.0,0.015969847571842305,-0.03595354292810238,-1.0,0.012282227210638019
0.003569307775120434,1.0,0.01855662629568162,-0.01622144310702356,-1.0,0.012224074283000742
-0.014983798463410691,-1.0,0.02116650954716203,-0.004770432421791648,-1.0,0.012918533998130238
-0.03926738868830815,-1.0,0.007155565993458105,-0.018251904966919197,-1.0,0.011550181238799839
-0.014956904611827415,-1.0,0.011710374738571557,-0.011947573421118074,-1.0,0.010872990763105985
0.0,0.0,0.005957506472841579,-0.010929070532190277,-1.0,0.010741872309598182
-0.0018220472699446155,-1.0,0.006739584025051544,-0.011596101867372033,-1.0,0.01076576746506179
-0.02749944136055049,-1.0,0.0088759297414675,-0.03934127497149964,-1.0,0.011900296879748726
-0.013374059525256943,-1.0,0.015786217416498494,-0.0312812993810887,-1.0,0.012214035242160665
-0.0036540844556427476,-1.0,0.0161012017339782,-0.03968282599000039,-1.0,0.012698954121628013
0.022665595090233914,1.0,0.0046355475137692306,-0.01813116251851299,-1.0,0.011763470036227994
0.023587425566875986,1.0,0.005114653590426099,-0.029815873225154776,-1.0,0.010971915803944582
0.026491615446976313,1.0,0.003874297495997328,-0.04301068040147582,-1.0,0.011027277196701279
0.007843177461025919,1.0,0.012632082275179214,-0.06571021477276084,-1.0,0.010938001173673044
-0.02114243657380932,-1.0,0.01147669480358201,-0.0731428763734896,-1.0,0.009947603261253435
-0.03261158558876098,-1.0,0.005136414038882929,-0.0797456632632132,-1.0,0.009387017053722227
-0.04235060616220898,-1.0,0.007918541612588046,-0.07484789079643228,-1.0,0.009269440150511838
-0.020352228848898424,-1.0,0.013715784411689642,-0.08136633460404474,-1.0,0.01003671106857967
-0.029908771392572975,-1.0,0.01436614737377906,-0.07917343141906885,-1.0,0.01008181597847097
-0.00628932890756384,-1.0,0.011385359770143186,-0.05145829727547535,-1.0,0.009623550761460332
-0.011908633369323018,-1.0,0.009656636375982835,-0.0478560211776351,-1.0,0.010029765454022685
-0.006981938867118176,-1.0,0.006831659772765717,-0.030830958337658032,-1.0,0.009510962704091627
-0.02491345716401394,-1.0,0.008173668840198926,-0.03597048038231865,-1.0,0.009375369076001892
-0.019739577581458834,-1.0,0.011043619399287982,-0.03333642026759165,-1.0,0.00949807238867679
-0.010243367414761062,-1.0,0.010872797776224736,-0.021893984634736352,-1.0,0.009263316994007042
-0.0012944985626455185,-1.0,0.006132941294643906,-0.006489315439749621,-1.0,0.008218780627678146
-0.029365894804364467,-1.0,0.011190390425117972,-0.010342690774455265,-1.0,0.008021226574818767
-0.03203935374461664,-1.0,0.01015665364950088,-0.005161301780225669,-1.0,0.008172101471352833
-0.01896101264125205,-1.0,0.01467701111885875,-0.003243596745842403,-1.0,0.008061557453586703
0.01315808457751122,1.0,0.006863487065300785,0.019023204029909202,1.0,0.004153697840542107
0.018433701688837845,1.0,0.003968363773621852,0.02687805196439097,1.0,0.00392350850429742
0.009198487985592863,1.0,0.006305826463344586,0.0331091586072787,1.0,0.004857444353044527
0.0026109675407204325,1.0,0.003086226535983135,0.012341826030387582,1.0,0.005722925720570807
0.001955034835803504,1.0,0.0029923569065060827,-0.003921573653181465,-1.0,0.007214033492171009
0.004567707778555086,1.0,0.001643432702052931,0.028370697129215472,1.0,0.01120358869669465
0.0032541519116775497,1.0,0.0009937445187190189,-0.007196629032039992,-1.0,0.015003875651135494
0.006489315439749621,1.0,0.002276455293217723,-0.01640995143487789,-1.0,0.015132839643058645
0.0019512201312616995,1.0,0.004675831016600256,-0.0013029317804158502,-1.0,0.01586749767759694
0.0,0.0,0.004538095308487985,-0.017038420050523362,-1.0,0.016325385286485427
0.0,0.0,0.004538095308487985,0.0,0.0,0.017583164136169827
0.01739174271186905,1.0,0.006518677872624345,0.0012987014812364528,1.0,0.017556669498422887
0.006476706577989599,1.0,0.0120616333547908,0.012270092591814441,1.0,0.01783400427509146
-0.01236592392873459,-1.0,0.014798681828823554,0.0038734715957968735,1.0,0.017848245785825327
0.004460026507529635,1.0,0.0244745342837741,-0.006406171812411321,-1.0,0.01743402705878184
-0.01692748752170714,-1.0,0.031886044943429295,0.0,0.0,0.017183528206314858
-0.01053334294589292,-1.0,0.031224379766119945,0.020739563839144104,1.0,0.016648657599378093
-0.025105921131076236,-1.0,0.023708106676834262,0.017019005169594648,1.0,0.016106621731051707
-0.00658763910680582,-1.0,0.015269851141427357,0.039902333416219404,1.0,0.012757803628555034
0.02289926687462751,1.0,0.01882793091220793,0.045918186054859644,1.0,0.012389029050061886
0.0045528533929140025,1.0,0.018154011184723935,0.043374145701102984,1.0,0.012198752281619114
0.029308512642337803,1.0,0.012451535498448879,0.05528399904559822,1.0,0.011088468659246306
0.0038734715957968735,1.0,0.00838904210908942,0.04242484897784182,1.0,0.009851840376456242
0.009686869418221278,1.0,0.007436620880521179,0.043802622658392965,1.0,0.009773424738408714
-0.005793386013824842,-1.0,0.003915086249550701,0.020331068783583595,1.0,0.010496942865241716
0.00450016831461264,1.0,0.005550425330215667,0.037310682433810305,1.0,0.010819836208521907
0.027885203489535604,1.0,0.01543399345323527,0.033494442254046186,1.0,0.010892835478409725
0.022974845894512264,1.0,0.017720823933964392,0.04481658780956099,1.0,0.010691526165881359
0.01464527926982262,1.0,0.01863716710440433,0.05247924897949141,1.0,0.011088907484343729
0.0012492194004321,1.0,0.011171823520743012,0.025302182862218414,1.0,0.00882336960211441
0.008794026522572995,1.0,0.0083412484999745,0.034721404778709886,1.0,0.008093397963926647
0.01940592979760969,1.0,0.007476774045307168,0.0517356743991888,1.0,0.008649578738613226
0.004981330350203983,1.0,0.00611147693526029,0.03435920806693571,1.0,0.008596919532595218
-0.0056444176196768225,-1.0,0.010608777959052311,0.04344519257684687,1.0,0.008541661476848409
-0.001240694948234644,-1.0,0.012871859617841831,0.009870530476836059,1.0,0.011652639125571053
-0.0006213109861255006,-1.0,0.012841952604937586,0.006809063757167388,1.0,0.011749856766795507
0.018692133012152556,1.0,0.007199361860239945,0.029741969198737506,1.0,0.011287107461012193
0.019668734860293746,1.0,0.00767319249878944,0.12800716149753644,1.0,0.033499466077787726
0.019692944097707832,1.0,0.007660893107499342,0.11605514359984537,1.0,0.0340587568667663
0.012879662863661157,1.0,0.008512731910286115,0.18949739486402595,1.0,0.039639831837450595
0.013901704689520011,1.0,0.00910139394044259,0.17027936616521244,1.0,0.040100028683575005
0.010306244605149395,1.0,0.01040119503266081,0.15179742995058465,1.0,0.041088364308572066
0.01751781432070998,1.0,0.01003721592556222,0.12042022148340648,1.0,0.042923934350525286
-0.022459214124743054,-1.0,0.01620066099634268,0.12190949741853685,1.0,0.04294212144652053
-0.022568813959564338,-1.0,0.016191740778057996,0.14149118534543526,1.0,0.04269276569945352
-0.019347640997786186,-1.0,0.01769444881845099,0.09531017980432477,1.0,0.045153591716827035
0.11689593607246573,1.0,0.06318661136324129,0.11470894777596174,1.0,0.044209949791457155
0.10862476885655248,1.0,0.06616917870632358,0.10418771221485712,1.0,0.04462564338293854
0.178447558677441,1.0,0.064836069700983,0.1452150093330089,1.0,0.04631171931021561
0.06194093952796975,1.0,0.051780128320719446,0.04381042476574204,1.0,0.034221998179501396
0.055435230448447115,1.0,0.0539949163834926,0.041729164544080044,1.0,0.03432026381973979
-0.056197510516958316,-1.0,0.013155142859905773,-0.03217714027548868,-1.0,0.02452248941624175
-0.03446816405715558,-1.0,0.02502457573200047,-0.02600250503260737,-1.0,0.02453144093293026
0.0,0.0,0.027189042842652795,0.015584731016698328,1.0,0.02476576737703115
-0.007592227358371728,-1.0,0.031570253773774475,0.024020370241469635,1.0,0.023856999666848195
-0.02965976376731816,-1.0,0.027141097629502533,0.013720531862907004,1.0,0.02346576038232349
-0.05987228709014247,-1.0,0.01720527012869791,0.004179734402707913,1.0,0.0231212592134262
0.03055718853089795,1.0,0.03609162694512361,0.037397520385293426,1.0,0.01972513722002979
0.04599741306224603,1.0,0.03377160817256955,0.01736343134343743,1.0,0.021301714114431502
0.0461662211857754,1.0,0.03369474209040402,0.0170850118849335,1.0,0.02132192649332538
0.0010554090689434137,1.0,0.013654980450310173,-0.07736238882478896,-1.0,0.018405106541245702
-0.007871990270379658,-1.0,0.01127185639614065,-0.09363881202780466,-1.0,0.01766937798148027
0.0292907969210654,1.0,0.010828050438890405,-0.07836329772386041,-1.0,0.017632321786763244
0.0,0.0,0.022433009768642792,-0.07272950041709669,-1.0,0.018075855819801055
0.005254872838358793,1.0,0.022759276864788708,-0.06869184800484684,-1.0,0.018257010580315456
-0.011404996613990415,-1.0,0.016584465310929514,-0.10078907912524548,-1.0,0.016063428104756094
0.005784922785452062,1.0,0.006672995127924289,-0.11976284228207379,-1.0,0.018390277680184176
-0.026016864286787733,-1.0,0.015566872622243313,-0.12014431184206331,-1.0,0.01835986485397874
-0.04696700960791689,-1.0,0.00987065492970264,-0.10837745923184405,-1.0,0.01952502319189916
-0.08420272067918444,-1.0,0.013813495584295279,-0.10088415437678067,-1.0,0.01975788790420697
-0.06500483030899606,-1.0,0.019055166631296167,-0.07133943254523478,-1.0,0.019270057530719885
-0.04928208842301851,-1.0,0.02321596483387641,-0.06315514329126581,-1.0,0.019035943246029002
0.005688297476635684,1.0,0.009285227680305676,-0.007443492712660094,-1.0,0.015456086519213652
0.01707497375257816,1.0,0.006013980399792833,-0.000574217644259134,-1.0,0.015353687388594921
0.006865015519680329,1.0,0.011359018395184871,-0.000574217644259134,-1.0,0.015353687388594921
-0.047033341864977096,-1.0,0.023975903151295788,0.0011337869695267067,1.0,0.015482731256574454
-0.046197590998857674,-1.0,0.02433998927176201,0.0005641749091815917,1.0,0.015466881992108232
-0.018993376720588984,-1.0,0.031309647063907695,0.026998265236154895,1.0,0.01575301520879803
0.024663610690745186,1.0,0.007880709344899742,0.0722377004192285,1.0,0.007445389173290615
0.022788015010040796,1.0,0.008220698605551132,0.05518641556729076,1.0,0.00894137786526947
-0.0017446936673386482,-1.0,0.006134595533163997,0.0398686058491724,1.0,0.008060975469647213
0.009237940984936133,1.0,0.010166337691370987,-0.0005802146957087917,-1.0,0.01459269630230529
0.005760384591979584,1.0,0.010198167569805884,-0.014547827124584911,-1.0,0.014791594200473287
0.01329883722398817,1.0,0.007186258711055354,0.009270054796286287,1.0,0.01544895067134546
0.014265577158822484,1.0,0.007743992267984666,0.0051590828100274155,1.0,0.01520345561089602
0.018213366306018886,1.0,0.006975680971910673,-0.003452247387229379,-1.0,0.015397993675452328
0.03443749840009436,1.0,0.006156481041553039,-0.0069164540848984934,-1.0,0.01542456055798277
0.024070571584724698,1.0,0.007127160912366018,-0.044606294211494646,-1.0,0.01607867783141532
0.008424649659251493,1.0,0.013681155452178295,-0.056263025032179614,-1.0,0.01588660631917737
-0.006123036107571478,-1.0,0.00790876378870254,-0.052988755052692404,-1.0,0.01630114906790189
-0.04815430442419211,-1.0,0.020637873022608416,-0.08359806175919404,-1.0,0.017341574978459937
-0.04694622768183487,-1.0,0.020793304367381676,-0.08274957449644416,-1.0,0.017324805987374216
-0.03234324472022476,-1.0,0.027503514595588606,-0.09174312664076378,-1.0,0.01711350271129632
0.01497723849067234,1.0,0.013467624329047896,-0.039058219101366864,-1.0,0.015054433759781154
0.016855964329335116,1.0,0.012431634849634806,-0.023725905324836427,-1.0,0.015088342972091717
-0.002887671657196611,-1.0,0.008602333852888045,-0.038206233678651946,-1.0,0.014038009551709807
-0.03549979986269958,-1.0,0.010780883850001585,-0.04323103075943502,-1.0,0.013725591873913291
-0.03459741133893135,-1.0,0.010951017997443399,0.021665613693248265,1.0,0.022068882945932393
-0.011634802567699554,-1.0,0.02193065540053563,0.009211348953237053,1.0,0.022625075321674498
-0.014921195962974698,-1.0,0.02346652494768396,0.02861509108520255,1.0,0.021351690528270396
-0.01806189980501305,-1.0,0.02368019847543284,0.028237170181610205,1.0,0.021367280300009017
-0.04487740769564286,-1.0,0.010776659690029725,-0.002929975726329914,-1.0,0.020984558520644143
-0.0036144617663649292,-1.0,0.013231405238895311,0.01846939601907205,1.0,0.019321015816645973
0.012077441489772855,1.0,0.010715352486562416,0.029924435114833114,1.0,0.01896392914515037
0.021193648241887075,1.0,0.006254288135814081,0.034880264746220524,1.0,0.01878396042456203
0.010804426832604186,1.0,0.0018088869762201804,0.029142710625061685,1.0,0.018548078950221054
0.06224748334741981,1.0,0.031285580295468414,0.028987536873252395,1.0,0.01854586020404357
0.04452991097469239,1.0,0.03767192660419639,0.0011976049335584715,1.0,0.020283509549949005
0.03634632198193799,1.0,0.03916123443465167,0.040368160209757864,1.0,0.02375138261495886
-0.02802585485056941,-1.0,0.005879246693133721,0.013445580709351201,1.0,0.01904382660795767
-0.02377612724726652,-1.0,0.0035548819150465314,0.038779796038554526,1.0,0.01837572939566641
-0.0250668910291052,-1.0,0.002982264636523218,0.01825492791868033,1.0,0.02004946340621171
-0.01637463487179014,-1.0,0.006435007451040657,0.047574089728483315,1.0,0.02062667484491255
-0.007067167223092419,-1.0,0.003532889932552766,0.04587960575069361,1.0,0.020748865155007096
0.0070588528396247074,1.0,0.005397195949550406,0.05064373281875478,1.0,0.020591180530116354
0.011140543248192136,1.0,0.005467655814378399,0.05561765725328449,1.0,0.020574470047814142
-0.012489011570774977,-1.0,0.01896202726388577,0.05797893343896421,1.0,0.02051267596192735
0.022029876417300365,1.0,0.03442219352468178,0.04973874555350832,1.0,0.02052611586169576
0.046705527183518614,1.0,0.03655794930718322,0.06817621158039544,1.0,0.02129303584549512
0.08211210207968844,1.0,0.01681918407147333,0.052459579900812514,1.0,0.023758855388543616
0.014233089690860456,1.0,0.027824282277955616,0.01930781160492523,1.0,0.020607909088452753
0.0061026541685627045,1.0,0.024318633609717553,0.0027785513847242704,1.0,0.01903466186271559
-0.01667631753512744,-1.0,0.02441747099523262,-0.0011031440721573915,-1.0,0.018896881140691043
0.007321913870969254,1.0,0.017853606162691906,0.011801204675015331,1.0,0.017670515677018994
-0.008331067346988963,-1.0,0.009863279889892412,-0.05164268005464634,-1.0,0.020185911447791614
0.0050321604651781815,1.0,0.0039171037904568275,-0.04353493879143944,-1.0,0.019989842430525703
0.006153865574378248,1.0,0.0035529359459240523,-0.04593229889743511,-1.0,0.019974491998252426
0.023699097575303085,1.0,0.013682680364652476,-0.08372115104553401,-1.0,0.021199052357930875
-0.01800836510892667,-1.0,0.03311388881427264,-0.09531017980432477,-1.0,0.02111613704419332
-0.00840105753128273,-1.0,0.034423350401897534,-0.09961390609054166,-1.0,0.021005231846730293
-0.018692133012152556,-1.0,0.030782483493739465,-0.10016946156714113,-1.0,0.02092876337528397
0.028549378106718537,1.0,0.003937772891692453,-0.06571278593660734,-1.0,0.01810956185455857
0.006726482760950558,1.0,0.013125156690583204,-0.06686593688092235,-1.0,0.018025110435697222
-0.048318577270807905,-1.0,0.02382499634452875,-0.06357708926970296,-1.0,0.018361797477880283
-0.059108112254409484,-1.0,0.019311835837399694,-0.07207234804112383,-1.0,0.018067608698008473
-0.050411589701481185,-1.0,0.021523677988506885,-0.0598567602729998,-1.0,0.01803003060637644
-0.04040953833787664,-1.0,0.01575541290289076,-0.0265580672528285,-1.0,0.013985638226452216
-0.04674308054770715,-1.0,0.01447681923024803,-0.0076403545339645,-1.0,0.014661415412565486
-0.0475277416187283,-1.0,0.014153408574957813,-0.0029420438990932496,-1.0,0.014640163323710209
0.007250787053695973,1.0,0.018315656564269547,0.023375352596303633,1.0,0.011038650973343044
0.011589028758790754,1.0,0.016762323593829325,0.021845528925980018,1.0,0.011216601607443326
0.02434691167833658,1.0,0.015199992029534065,0.04045224040252804,1.0,0.011573443772347515
0.017900239285285613,1.0,0.012166058244619601,0.027903264735220423,1.0,0.010097229755797821
0.022189816002202045,1.0,0.009871617841144155,0.03339606715801846,1.0,0.009741907472939982
0.01373565936887311,1.0,0.010598697526747226,0.028454794699265706,1.0,0.00958354869201676
-0.011299555253933447,-1.0,0.0042271018225955425,-0.004148154096308421,-1.0,0.009772621162065101
0.005323881252749851,1.0,0.011107126451305285,0.030951375792482194,1.0,0.013471349435335763
0.006503126672425363,1.0,0.01103354326880053,0.022868190903659213,1.0,0.013809879474157976
0.009523881511255494,1.0,0.0096459586072365,0.055262678675049415,1.0,0.014758951172403096
-0.017257197087762632,-1.0,0.007158959047323227,0.01056347850956918,1.0,0.01762727333036566
-0.004133457317107014,-1.0,0.01412907077957865,-0.0005894488823778854,-1.0,0.01790196052504149
0.011778699192612763,1.0,0.014877476164619185,-0.005346018078361547,-1.0,0.018080982759247285
0.023139566990829197,1.0,0.008409247281382506,0.01311885242911437,1.0,0.017685784142790643
0.012349465975074247,1.0,0.006198357299823621,-0.005339674508503478,-1.0,0.017229245020721238
-0.014151179546243231,-1.0,0.010041968341697193,-0.007050557996666873,-1.0,0.017136415739164967
0.01974512463666578,1.0,0.0241687674685069,-0.010613307171648989,-1.0,0.017189318987399897
0.008149055573266617,1.0,0.025778645342060903,-0.015312431105731328,-1.0,0.017133470737203865
0.04811127751742439,1.0,0.021276071800005222,-0.007749666206878336,-1.0,0.016679481104881325
-0.015064016030163163,-1.0,0.027673887651118063,-0.032138319552011074,-1.0,0.013505466492983563
-0.016954513113611736,-1.0,0.027799708550057874,-0.017544309650909362,-1.0,0.013631011568076598
-0.05108481524215547,-1.0,0.01213199604067358,-0.05825758956890237,-1.0,0.011620643013134393
-0.014701823168217443,-1.0,0.008873980457094473,-0.030826388710825103,-1.0,0.008195235152921422
-0.008883682943232607,-1.0,0.00777915528982533,-0.01844741393730409,-1.0,0.007953968150336544
0.010074159274307437,1.0,0.006743096375137693,-0.012586321382300536,-1.0,0.00755188466374202
-0.0005925926099341616,-1.0,0.00788611129608818,-0.036192128593416806,-1.0,0.008718976245239688
0.0023767093778463977,1.0,0.007305966048843392,-0.049385225180743175,-1.0,0.009657059977180618
-0.014850287756454694,-1.0,0.0035929038307790447,-0.03540723898071341,-1.0,0.011940580029962098
-0.0017798877436963068,-1.0,0.008062858756335512,-0.04982804698185195,-1.0,0.012888825637693193
0.005917177028088583,1.0,0.00895511210674812,-0.06181227041209092,-1.0,0.01310066092393646
-0.002396645844599643,-1.0,0.01374761336956069,-0.047803218685345206,-1.0,0.013410842271078995
-0.013752085188977192,-1.0,0.011614919466045476,-0.06691664354253857,-1.0,0.01301995376604198
-0.017857617400006465,-1.0,0.009745488241693266,-0.056429892186246056,-1.0,0.014203168514628012
-0.005413547055553636,-1.0,0.0036584241133260586,-0.04164716991683992,-1.0,0.013704357858892235
-0.020067563050809145,-1.0,0.010552714537367142,-0.03242865987438304,-1.0,0.013952225677620238
-0.03982149418667169,-1.0,0.007860066242282658,-0.0473497606074631,-1.0,0.014119529165202776
-0.012746758324105434,-1.0,0.023482877996490927,-0.03685920936902032,-1.0,0.01442297903246471
-0.014228510998369304,-1.0,0.023936124713382797,-0.0067796869853786745,-1.0,0.01415472356367194
-0.010050335853501347,-1.0,0.022936605451882308,0.009331327428884428,1.0,0.013146201866662925
-0.027246267461086493,-1.0,0.013187818720070056,-0.019741541807018592,-1.0,0.011248235077072642
-0.018868484304382926,-1.0,0.010392869185246964,0.006830203516924316,1.0,0.009896113358929474
0.011299555253933447,1.0,0.014275734865713681,0.030465520596093976,1.0,0.009243463046159155
0.0037594029239056415,1.0,0.014437018513319851,0.027246267461086493,1.0,0.009191027287497917
0.02073589847917834,1.0,0.009502842211974531,0.03738753207162038,1.0,0.00824048717460111
-0.008777485821223507,-1.0,0.009109892300628602,0.003738322110607095,1.0,0.00879381114174917
-0.0006255865077340328,-1.0,0.010663597488947131,-0.005015684496167294,-1.0,0.009337900934361022
0.005581409838195217,1.0,0.012754887473748882,-0.008117434519966826,-1.0,0.009197667364003216
0.016859593849675836,1.0,0.006553471753697877,-0.010763003551460093,-1.0,0.00953284932623163
0.004370909237896292,1.0,0.009312586406557258,-0.026634421587883095,-1.0,0.009547972719139057
-0.0006186204960663133,-1.0,0.006581596913703075,-0.03396552915563045,-1.0,0.008770929342154867
0.0110838573137082,1.0,0.008769071291102678,-0.023810648693718628,-1.0,0.009405508458551882
0.019741541807018592,1.0,0.004015011952633287,-0.001246882954563322,-1.0,0.010655953958738607
0.011688844250313135,1.0,0.00597703596655567,-0.01308022386209573,-1.0,0.010502356782603217
-0.015427643231553434,-1.0,0.010134576631601416,-0.0367986639931166,-1.0,0.010360990685931094
-0.028502549033348146,-1.0,0.007776126949023799,-0.035440451350122304,-1.0,0.010433853038792427
-0.024769068112408865,-1.0,0.00979905742512525,-0.03042768113656047,-1.0,0.010608337349070572
-0.023278811483290696,-1.0,0.009178817825017617,-0.015037877364540542,-1.0,0.009631997729806972
-0.022244323599449833,-1.0,0.009035466859633773,-0.013287129995432911,-1.0,0.009489283103580534
-0.020266684797468404,-1.0,0.010127828857199357,-0.01579811687659105,-1.0,0.009429741733620534
0.003811948707417301,1.0,0.009666052299226843,-0.0019114373452679967,-1.0,0.008368619586323492
0.029758447871216065,1.0,0.005995132250708837,0.010230268250815078,1.0,0.007841626961895432
0.020266684797468404,1.0,0.010840719847891143,0.011450506787995529,1.0,0.007900753557650311
-0.0019041579856897695,-1.0,0.01527885351324096,0.01322853936318169,1.0,0.008078343893230965
-0.01445202658854039,-1.0,0.00853065923893075,0.0006236358169067202,1.0,0.006599208306248959
-0.005658613024151604,-1.0,0.009844444140698452,0.015552413007484889,1.0,0.00695706274396263
0.0063331433970226225,1.0,0.002921006601688922,0.023234954199625735,1.0,0.005744205048875396
-0.006349227678658753,-1.0,0.006377065945617622,0.01445202658854039,1.0,0.006036595745037297
-0.010139503852439447,-1.0,0.0048028879119712915,0.022444832480565058,1.0,0.006747015592958912
-0.01015237146401815,-1.0,0.004800055606315288,0.048068403041022334,1.0,0.009254384081943675
0.0012730746467981557,1.0,0.0019462472123576184,0.044839391670019824,1.0,0.009699290669742953
0.006981938867118176,1.0,0.003496996569437668,0.06831323506626186,1.0,0.011137634962998237
0.018951925415866988,1.0,0.0041076954337474336,0.08435052714127145,1.0,0.011187652582309337
0.020151815437307707,1.0,0.0035819051765795615,0.07237983492796718,1.0,0.012118532508256211
0.024368591016957764,1.0,0.0038085274864375586,0.07257069283483553,1.0,0.012118195595210554
0.008102256850754275,1.0,0.007801206666520341,0.07821182303778107,1.0,0.012420528141759066
-0.0006236358169067202,-1.0,0.008780888549007444,0.08597176778902105,1.0,0.012465127564761277
0.001233806448928565,1.0,0.009852738689754515,0.06395964992024883,1.0,0.013590651044129964
0.031166592238419222,1.0,0.014719591092338537,0.046096699368993965,1.0,0.01570670660020624
0.02403813740282068,1.0,0.018524262239509825,0.056985112624673206,1.0,0.015463509305017
0.03572889873325735,1.0,0.020803479263013028,0.051077488119082304,1.0,0.015312504509495457
0.026129752636230963,1.0,0.0185464196664645,0.03488382079614594,1.0,0.014040286686457421
0.02881351790474551,1.0,0.017044168263133142,0.045245812531827134,1.0,0.013333847545279226
0.011239396635691845,1.0,0.012235692325902412,0.01827342329307169,1.0,0.011907587430597529
0.01281322131237661,1.0,0.012956668703056203,0.023176008347923105,1.0,0.0124737834198964
0.033743748298361576,1.0,0.005223192657467989,0.015267472130788384,1.0,0.013309162693942233
0.015757548102371066,1.0,0.015208875528429703,0.02153123619679742,1.0,0.01362620270156209
-0.02401286681803283,-1.0,0.01782490102492081,0.012079525654600909,1.0,0.012966394625677927
-0.02961029098125456,-1.0,0.014797109807866993,0.0,0.0,0.012538895628776034
-0.01164835535223796,-1.0,0.0169318538553901,-0.0011587486812185688,-1.0,0.012644453068772776
0.019953713665571193,1.0,0.0013137328397322334,0.015878016611756918,1.0,0.010572602416955049
0.012298837309974608,1.0,0.005189504527864055,0.019837289941983194,1.0,0.010788340317364494
0.0029248339072467378,1.0,0.006290852534585884,0.023734833421040102,1.0,0.01098391254255525
0.014421940188008131,1.0,0.012897136994154802,0.008678099008756046,1.0,0.011072140791276048
-0.0011648224962932385,-1.0,0.01869339755565428,0.019026229741651024,1.0,0.011263778730099277
0.014497209539417577,1.0,0.01955751398712843,0.0,0.0,0.0132146336505715
0.0017167386190544143,1.0,0.01572810531230325,-0.02434902901028657,-1.0,0.01170355366283478
0.01847627616757319,1.0,0.006398662963213598,0.011587615172387933,1.0,0.012025334440192798
-0.0069324367756449234,-1.0,0.010177002944015594,0.004021838227819874,1.0,0.01157475841714216
-0.02021437586087682,-1.0,0.006343527458708074,0.003994299176460103,1.0,0.011573344431655265
-0.009773001039271367,-1.0,0.011872859096820997,-0.0034383988030326496,-1.0,0.011822384136402688
0.013245226750020711,1.0,0.009363855771122698,0.03810526406941572,1.0,0.01362753287565747
0.012753796062570322,1.0,0.009647579758306508,0.032714538625108425,1.0,0.014053959960481954
0.011487777109642439,1.0,0.00930039393397492,0.019451414191187677,1.0,0.013962350283325192
-0.020809999513793365,-1.0,0.015564161849847914,0.024860037319395012,1.0,0.014331838833051651
-0.018605187831034486,-1.0,0.015619519050909584,0.014865911275829369,1.0,0.015165984687770384
-0.00860343706555633,-1.0,0.020625032492251998,0.006262474210273039,1.0,0.014988501468371428
0.01851904776723745,1.0,0.011724163343485328,0.008144314941685993,1.0,0.014733119491954015
0.03006006680580109,1.0,0.007520311909299988,-0.004116442155034816,-1.0,0.015541760603066546
0.003450262192152609,1.0,0.008008292382263128,-0.011005034322820073,-1.0,0.01489189735478136
0.027150989065950926,1.0,0.01825062671588134,-0.01793510614480498,-1.0,0.014792635008942987
0.0085058635877715,1.0,0.022132721317457457,-0.015495288511771621,-1.0,0.014933953864872628
0.01311681195494896,1.0,0.021141477256182047,-0.03208207486647985,-1.0,0.01631550576869755
0.0,0.0,0.013801351355729836,-0.08074049571385156,-1.0,0.013765569128342493
-0.005094831286708734,-1.0,0.01609929750939951,-0.08603654301899577,-1.0,0.014024984730072276
-0.0017011628712721993,-1.0,0.016039725042118497,-0.08449073469203872,-1.0,0.014069847317387685
-0.037525721891502384,-1.0,0.010994680297867578,-0.09598004697239015,-1.0,0.012749073630950554
-0.03758754126189867,-1.0,0.011007028655762347,-0.09145835675721314,-1.0,0.012527511829720717
-0.025870945598649442,-1.0,0.01771196089618306,-0.0723632277522952,-1.0,0.014621375660611986
-0.007560373319253522,-1.0,0.0143315235389522,-0.054775596223425316,-1.0,0.013886469018394007
0.018681220449064284,1.0,0.007510764627432892,-0.030513883997211,-1.0,0.013684874396465036
-0.017626778351507166,-1.0,0.017219802927270763,-0.0319553817045477,-1.0,0.013554028502718139
-0.03565440050309565,-1.0,0.01846557114118673,-0.030826388710825103,-1.0,0.013560448638082315
-0.06203539091945265,-1.0,0.0037638192843471095,-0.044346610099653905,-1.0,0.013036483326608839
-0.03929184787060991,-1.0,0.009879025483369419,-0.014328603353040537,-1.0,0.011445268457412613
-0.015239551258538597,-1.0,0.010758630804672566,-0.008505519077194545,-1.0,0.010654955251920614
-0.010516645024926108,-1.0,0.008154074476401998,0.006746422398854479,1.0,0.009354327526011813
0.010426344068471316,1.0,0.015729234192897026,0.03869890388644248,1.0,0.01259294153620709
0.0036787288574624544,1.0,0.016159277976778172,0.05671468996544404,1.0,0.013680664471250052
0.023356931498103473,1.0,0.011082646750314364,0.07081542190446166,1.0,0.012646021076145222
0.014536900449098056,1.0,0.007000430786280836,0.04707452380037114,1.0,0.012244976672544334
0.01638883419334669,1.0,0.0059596341532544405,0.05766827975626132,1.0,0.012076871480251349
0.004848494346621379,1.0,0.00764936194098271,0.06298050368421948,1.0,0.012273065699611257
0.0,0.0,0.00493618429289383,0.0786077547576054,1.0,0.013611082829119147
-0.013333530869465093,-1.0,0.009983591335777737,0.07311840554613336,1.0,0.01398254824588257
-0.010942358420944265,-1.0,0.010104806160906105,0.06211721244856094,1.0,0.015041020016643057
0.01373565936887311,1.0,0.023000833765197456,0.04238421318803187,1.0,0.016055652994609974
0.04998065778409999,1.0,0.01655592762453,0.04532678085621078,1.0,0.0157746143609861
0.053552354480681075,1.0,0.014570595739663848,0.047158842437348136,1.0,0.015724175493753864
0.018801963982399972,1.0,0.013747964727544311,0.010032542100887554,1.0,0.01361718310648086
0.004632318648279732,1.0,0.006094463755041056,-0.012262927394610212,-1.0,0.011926532545101011
0.01552201327786129,1.0,0.0088769488850922,-0.016355504772080698,-1.0,0.011898868199263033
0.046070131406332315,1.0,0.00948088218109583,0.0017446936673386482,1.0,0.012573024594657022
0.03183895998321873,1.0,0.0163908157554262,-0.012790872060618463,-1.0,0.012495968590960402
0.003985203110962843,1.0,0.021704992553091978,-0.011474595205628546,-1.0,0.012632149416424472
-0.036223541569573525,-1.0,0.004683319767254944,-0.04258378272689467,-1.0,0.00939690463944112
-0.04112515555938767,-1.0,0.0018874873847972084,-0.01978024366309139,-1.0,0.010890346319461798
-0.025900728432157072,-1.0,0.00759886827294071,-0.010279930619749411,-1.0,0.01013265107274057
-0.018616011718271208,-1.0,0.005840115451299599,0.009179639904892234,1.0,0.009308077213435665
-0.007609050466721001,-1.0,0.003895495095474663,0.007551589763960642,1.0,0.00951418134389539
-0.00996199272874776,-1.0,0.003324521368457468,0.011017797740446644,1.0,0.0095459031236261
0.010514115548851066,1.0,0.008661816674792967,0.013994397483990229,1.0,0.009357648048503387
0.004104373982271481,1.0,0.010721527469896863,0.00877455176415598,1.0,0.009565583734751753
0.020402922844313442,1.0,0.01195201762174992,-0.022633485520703767,-1.0,0.013831775750005059
0.001741655012098997,1.0,0.011609039182341158,-0.0823211099001584,-1.0,0.017936615690408816
0.024849588380745802,1.0,0.011732766642019674,-0.0778508459061189,-1.0,0.01797988006489286
0.005179867696841978,1.0,0.012459765297423032,-0.08360743036544593,-1.0,0.017454259917135947
0.015539881062213379,1.0,0.010917491822098918,-0.06779206804666416,-1.0,0.018181232046534875
-0.01379332213233564,-1.0,0.009239413535803513,-0.05937682757620877,-1.0,0.019228950825078483
-0.0046030000719610165,-1.0,0.010157230985608974,-0.07631830858255406,-1.0,0.019901276156563785
-0.013801254139173214,-1.0,0.008358143781600345,-0.07406404217809603,-1.0,0.020030054352554078
-0.006386088466525663,-1.0,0.004924783935994193,-0.048009219186360585,-1.0,0.020600361265845902
-0.04361327598989817,-1.0,0.0166710961992892,-0.038206233678651946,-1.0,0.021111417336145095
-0.08580139183529756,-1.0,0.020701162069475927,-0.01164835535223796,-1.0,0.02236761219745938
-0.0825210236880034,-1.0,0.022514335207935214,0.03995965426195269,1.0,0.02601685145590162
-0.040571022000428725,-1.0,0.02882953431943981,0.09640487066350634,1.0,0.023700759337535585
0.016270696865593237,1.0,0.006990730849652852,0.1426380657027142,1.0,0.01684285940711548
0.04332360671065594,1.0,0.008817129658844892,0.19374665879822772,1.0,0.019168209379130358
0.01246898947973385,1.0,0.024248426766220108,0.17033024870352786,1.0,0.02114212483253171
0.0092679069307815,1.0,0.02389032938621535,0.16341858675804,1.0,0.02134189180478995
-0.0024257137424874564,-1.0,0.01912210164756689,0.11704246942601793,1.0,0.02329656306806718
0.0335090748319411,1.0,0.003265514363945755,0.11184502193708723,1.0,0.023992014187879242
0.04861443268668486,1.0,0.005467241085341087,0.06718722424652723,1.0,0.027519858193906035
0.08158278498178761,1.0,0.016763451314867523,0.05435478417664252,1.0,0.027462487481269622
0.09099782835226011,1.0,0.013396113605232263,0.08330970701324691,1.0,0.02949684551488751
0.0684850292196546,1.0,0.02290073623853265,0.05803676260085444,1.0,0.02918465025398461
0.07126598084827163,1.0,0.024308576425993073,0.037346459882107386,1.0,0.027079789516588116
0.0333543560395928,1.0,0.03332582710469065,0.03705121792091903,1.0,0.027060517929224447
0.03705121792091903,1.0,0.03277291868288943,0.0803792946844557,1.0,0.02940053645752267
-0.03338058266155386,-1.0,0.013257903397597633,0.026736811145020356,1.0,0.02637589012916296
-0.046016237286706785,-1.0,0.01675723034691589,0.05806922761213018,1.0,0.02603953370311
-0.08696345558073126,-1.0,0.007761517207700883,0.03113899746106208,1.0,0.027277951335475687
-0.06511339899186286,-1.0,0.01937377891055613,0.09010464823423892,1.0,0.027780515963486102
0.004973759908100783,1.0,0.03976316735416673,0.10158608844151762,1.0,0.026625224453836343
0.03946397104101207,1.0,0.025212689241688922,0.16793837529867406,1.0,0.02289693232268139
0.06457446068725248,1.0,0.022705477683024784,0.14681255892422462,1.0,0.024803553500018123
0.04473933925993223,1.0,0.015365860841075465,0.09209764817889021,1.0,0.02379811317249091
0.09082756130325587,1.0,0.01138516698476995,0.09385175715652161,1.0,0.023733490931809122
0.0606563321111846,1.0,0.02426729834630452,0.06116356012104518,1.0,0.02344280028741724
0.05437236573080395,1.0,0.024257513054006585,0.09641179162155145,1.0,0.02763913914499646
-0.012189079302474592,-1.0,0.019688167485851577,0.020979790469194626,1.0,0.027459731444215648
0.0299872544276647,1.0,0.030634812987157752,0.008084935399096604,1.0,0.027997450814332626
-0.0024993764573193467,-1.0,0.033042634087320916,-0.0065114179472800515,-1.0,0.027580045320224452
0.049835922256880716,1.0,0.028852846778561664,0.013702320448741645,1.0,0.026670487167788946
-0.008405488301877151,-1.0,0.027731107305881433,-0.02543143789180391,-1.0,0.024144863989368243
-0.004514680354526623,-1.0,0.02685561678248949,-0.024317307650706388,-1.0,0.02408710843156178
-0.03462264710114038,-1.0,0.010093470029038164,-0.045756365349595374,-1.0,0.02229692434646901
-0.021074538115926966,-1.0,0.005762305010768608,-0.02922122268374494,-1.0,0.021630721241323692
0.049053482702593465,1.0,0.03590544691472136,-0.014177452657625933,-1.0,0.021429956720832154
0.017955594615928883,1.0,0.04638246265648757,0.003516707969966948,1.0,0.02204308650807425
0.007577707389236021,1.0,0.048249221008256626,-0.009169702559852722,-1.0,0.022747848581082766
-0.048550843838027546,-1.0,0.016876215424947858,-0.10967810451902826,-1.0,0.017089510330083244
-0.019466549322927573,-1.0,0.010185335761865342,-0.08132050508982958,-1.0,0.015513317322938626
-0.003529118863235814,-1.0,0.002378622701360334,-0.09717401934849956,-1.0,0.017141475040426398
-0.020305266160745683,-1.0,0.007377406221496348,-0.13367497795034922,-1.0,0.018468970267802063
-0.009622763541456303,-1.0,0.011511352030693821,-0.12378640292358334,-1.0,0.019074867444623094
-0.012195273093818182,-1.0,0.011474203976756102,-0.1292117314800063,-1.0,0.018924024362000497
0.0056251746385538315,1.0,0.006154837866717158,-0.13016709485610511,-1.0,0.01894667224144901
0.014650426218421941,1.0,0.010829138167352408,-0.13666242514563653,-1.0,0.01845622583794866
-0.001023017992034747,-1.0,0.01864533182448432,-0.10048715643497741,-1.0,0.022235066156585888
-0.046447169158808865,-1.0,0.03006619770266133,-0.10530385682894927,-1.0,0.02206268713095669
-0.06688161844386764,-1.0,0.019641242639636736,-0.06260124807769518,-1.0,0.02892097117887538
-0.08042660939941082,-1.0,0.020480258642293657,-0.03754351245740306,-1.0,0.02863899019500913
-0.0725477172693485,-1.0,0.01770819395935307,0.03825459901500916,1.0,0.027409127846458135
-0.061932447156681336,-1.0,0.023834381470290676,0.08132050508982958,1.0,0.029180821078839726
-0.03556683099474256,-1.0,0.021276529349032274,0.1096773080163127,1.0,0.026632268008954383
-0.01679738306650158,-1.0,0.011655850259309694,0.1276265724144685,1.0,0.024333117691524506
-0.0224987857635095,-1.0,0.008695324723364253,0.12429030820005615,1.0,0.024399036212462144
0.016529301951210718,1.0,0.024197702174478978,0.12668328512664773,1.0,0.024249642809318364
0.030488412665709674,1.0,0.01863097525370434,0.12759969935085924,1.0,0.02415891334748623
0.0887116032863633,1.0,0.030876534355026606,0.13564409511873587,1.0,0.023983348226558714
0.0619206259855396,1.0,0.033743945791611246,0.11116612901083145,1.0,0.023127275262272016
0.09711128668514957,1.0,0.02730281170266415,0.20149446114741032,1.0,0.03202317477904795
0.07704013472365712,1.0,0.01836841335779344,0.10338312143202377,1.0,0.032676109558927184
0.06679421107430494,1.0,0.024215539051594463,0.10291331541539295,1.0,0.032681385695463576
0.01682425613011085,1.0,0.029764658005291975,0.04768783078571537,1.0,0.032828659810769246
-0.018962644046454757,-1.0,0.010315312636637142,0.0034542348680874913,1.0,0.030927428974397982
-0.018560853884407535,-1.0,0.010334818412563927,-0.0039840690148744695,-1.0,0.031126831821981844
-0.01682425613011085,-1.0,0.009431919529583305,-0.0010116338748442644,-1.0,0.030993299181295945
-0.011144998844829779,-1.0,0.012313618103794822,0.007028141379109121,1.0,0.031165017532664305
0.0010121458353944401,1.0,0.013588764344717147,0.010075651988741496,1.0,0.031127307727483584
0.10438317446226075,1.0,0.0461453681848317,0.02988320615220874,1.0,0.030715732634663935
0.05645062959965119,1.0,0.06419867635705305,0.032082952175539026,1.0,0.030766017446615293
0.0536678123901011,1.0,0.06447200075895715,0.007056480893579575,1.0,0.03128210282189006
-0.056695343676545384,-1.0,0.0217227070467714,-0.08553871562487414,-1.0,0.014844132201951554
-0.022888751840279165,-1.0,0.01351733166139313,-0.06104599127338428,-1.0,0.011386460700187612
-0.040103173355962474,-1.0,0.008702082145972756,-0.060265146646306667,-1.0,0.011447200098886164
-0.031875208530448784,-1.0,0.004980983246806169,-0.036440268449202895,-1.0,0.010173612297530105
-0.015388737535433128,-1.0,0.014476414398988642,-0.03969373141272192,-1.0,0.010271075073539665
-0.00450113288079157,-1.0,0.01282890689413715,-0.02322163911429964,-1.0,0.00997025724814103
0.014070583896942157,1.0,0.006789705155960488,0.02103232260574117,1.0,0.01284379977251067
0.013909811951600126,1.0,0.006708370696248213,0.05498831032575224,1.0,0.017935236035505505
-0.002007025259767481,-1.0,0.015334027014703376,0.04652001563489283,1.0,0.018379012818809957
-0.011038747314822128,-1.0,0.014684269577822553,0.04964523048916547,1.0,0.01841078108575053
-0.036678313849272115,-1.0,0.006915443643506021,0.011770611620380622,1.0,0.02020897108289136
-0.013653815149785142,-1.0,0.009666285894543374,0.06795432803442081,1.0,0.0218718595780504
-0.00759689650087414,-1.0,0.010285480541905381,0.048742111503701224,1.0,0.023339759960784922
-0.0015364919796168053,-1.0,0.0068668753780389445,0.07158248721790494,1.0,0.022633260254198935
-0.0030596658239554486,-1.0,0.00627470609145319,0.06074441816278964,1.0,0.02288556052153634
0.025597382524495282,1.0,0.019648948349695026,0.06065452656979753,1.0,0.02288683772535502
0.07929330420304104,1.0,0.02122372675528954,0.04852164553628735,1.0,0.02377482004848888
0.0652405218684009,1.0,0.028937418609862934,0.05610803830512845,1.0,0.023862123561048828
0.042683491780366456,1.0,0.02857757001217307,0.025441685345860332,1.0,0.022484358269846468
-0.029307886753771495,-1.0,0.017055480069666125,-0.005698021114637797,-1.0,0.018454959720050984
0.019427287139760496,1.0,0.032378740315615696,0.00810106884533246,1.0,0.01820365513819749
-0.011941866300286375,-1.0,0.03661007873600421,-0.022569985666131442,-1.0,0.019261406499080612
0.023133561748252207,1.0,0.03101316409916611,0.0019483688579542413,1.0,0.017649743948274413
-0.020863725021416313,-1.0,0.016212179786682678,-0.049541267387543275,-1.0,0.013257015480175598
0.004315518565222165,1.0,0.007172953308862464,-0.05532274775450907,-1.0,0.01411212651364834
-0.0245973336612344,-1.0,0.01107618319745379,-0.057859273122081945,-1.0,0.013913667309561933
-0.007696045681616637,-1.0,0.016111274294022027,-0.0546530287693876,-1.0,0.013925346100199769
-0.009615458699441914,-1.0,0.015909749437473097,-0.05608946665104342,-1.0,0.013875250445018122
0.02507363755211589,1.0,0.007823938725912567,-0.03933790752027311,-1.0,0.012973577498342725
0.017233552408604913,1.0,0.00772479043324622,-0.038390541182789395,-1.0,0.013071985758026133
-0.0053281792316253185,-1.0,0.01923155347515074,-0.09574505695838442,-1.0,0.020412741479029564
-0.021661496781179457,-1.0,0.013955416059715854,-0.11867629163359839,-1.0,0.01916358557485622
-0.03821504909311524,-1.0,0.010558504377586514,-0.2523998364330542,-1.0,0.03919243571338102
-0.044694628388664004,-1.0,0.013865707888417516,-0.218419419216626,-1.0,0.04024726755575423
-0.03667408023178398,-1.0,0.017821226883252713,-0.23784969870390515,-1.0,0.03992331838515834
-0.02597548640326064,-1.0,0.018575236266293246,-0.21724382918702156,-1.0,0.04066894788741512
0.0035487996686878187,1.0,0.004421876010519441,-0.19263355791750225,-1.0,0.04066119446892757
-0.006075968059425563,-1.0,0.0018268501868754373,-0.23252614835619712,-1.0,0.04031682837288799
0.00856644190498157,1.0,0.008213152516128476,-0.23382795720255678,-1.0,0.04026908993425654
-0.04927104900678292,-1.0,0.036710600120190236,-0.23959905369447876,-1.0,0.04004908176608326
-0.05426474656120939,-1.0,0.03594005044779175,-0.21253471223479692,-1.0,0.04178226069744987
-0.19677574284165988,-1.0,0.06129561486095084,-0.22527829187500803,-1.0,0.04111182538951871
-0.1280025414898669,-1.0,0.07659656212225759,-0.1124146958924146,-1.0,0.04415963262006815
-0.14083490385148623,-1.0,0.07405415985286423,-0.06937593986934143,-1.0,0.045944458430547334
-0.003059041847082611,-1.0,0.01771752131571436,0.04713070267677266,1.0,0.024542462178835805
-0.018908767089540257,-1.0,0.014427710430299926,0.032692361685542126,1.0,0.024521564395194755
-0.03135052988407594,-1.0,0.021148982241165137,0.05931657715641947,1.0,0.023317786074288083
-0.042559614418795855,-1.0,0.017008806015472493,0.0478560211776351,1.0,0.02344325740643359
-0.04341669610828869,-1.0,0.016780853229552372,0.07586575077471358,1.0,0.023866921857222792
0.013915468061974634,1.0,0.01637682167980094,0.1289028630940905,1.0,0.02042005439168254
0.01711610723253032,1.0,0.015636933206947975,0.13552748095545541,1.0,0.020076988658993135
0.07791330879528124,1.0,0.027908360675964815,0.11413222090668662,1.0,0.022530329934389262
0.0888940258042461,1.0,0.02814435684665334,0.04182651494626044,1.0,0.02755325156824268
0.07563325171012081,1.0,0.03538343745541414,0.04486159304336712,1.0,0.0275259721142412
0.017104516088089827,1.0,0.02547200657958628,0.020607146639291862,1.0,0.02409416933772706
-0.012142386825725326,-1.0,0.009580859616983335,-0.02266879981271286,-1.0,0.021878746435625155
-0.0023337233462201734,-1.0,0.005227752762180707,-0.010544913176614878,-1.0,0.021551714113786855
0.024264621999631197,1.0,0.013808702816336177,-0.01472780671024343,-1.0,0.021631688936353404
0.03823575605359508,1.0,0.014699744723233883,-0.008177615665232008,-1.0,0.02189106523198727
0.04511184535902446,1.0,0.0107771831047846,-0.01767871616879413,-1.0,0.022194885890131986
-0.005150225976315648,-1.0,0.023520333315361398,-0.06484298148396306,-1.0,0.02161709347881356
-0.07316088008585542,-1.0,0.025904972452830664,-0.0913984676356363,-1.0,0.020178533450947094
-0.07354978067955797,-1.0,0.025701102754685238,-0.09174312664076378,-1.0,0.02016260472508032
-0.015611765472113515,-1.0,0.040323225858715575,-0.07194781084466273,-1.0,0.019207442653827834
0.024398711045272803,1.0,0.020387961191045714,-0.02500892767295393,-1.0,0.013686041085229033
0.02022674549013881,1.0,0.02110355620682204,-0.013918530291062936,-1.0,0.014374035921396792
-0.018230437261445465,-1.0,0.0037738090371285276,-0.09083303769188666,-1.0,0.015907687973596468
0.0023487973217555247,1.0,0.009989335808052417,-0.0910277692471746,-1.0,0.015909134078329
-0.009467526338399423,-1.0,0.01328301637756581,-0.09378013772392557,-1.0,0.015837270094868898
-0.02585055277408843,-1.0,0.018442241602108844,-0.07196464187610907,-1.0,0.017058498900522853
-0.044985095916809215,-1.0,0.008455850645895819,-0.1181496717741477,-1.0,0.017869083063629984
-0.028952565112945194,-1.0,0.013410585289366443,-0.06699893747461538,-1.0,0.02241861623595497
-0.01225505533701532,-1.0,0.005660370786221302,-0.03722514168477442,-1.0,0.021826564569868916
-0.006771340123173042,-1.0,0.004923571444273754,-0.03941705144478713,-1.0,0.02187432804271015
0.004274815670142873,1.0,0.010812974883222996,-0.03931863716432704,-1.0,0.02187669231983015
-0.03449699231933745,-1.0,0.030968384060186135,-0.022444832480565058,-1.0,0.02213040964825464
-0.04162013052894786,-1.0,0.03012028928025704,-0.013681805462622432,-1.0,0.02227520409784597
-0.05963486194272383,-1.0,0.022854675947411966,-0.024052963461786314,-1.0,0.021852851180083878
0.0006379585543321298,1.0,0.012257024393930727,0.011421443955360155,1.0,0.01725480857431179
-0.024773105205217583,-1.0,0.02447301863903513,0.02543048676136128,1.0,0.01699411168984007
0.017313673910910765,1.0,0.03669836583315555,0.033707483686586936,1.0,0.016867753550418932
0.008888947417246218,1.0,0.03605563157985286,0.017699577099401065,1.0,0.01652045389072386
0.033747524412551355,1.0,0.024032515784244257,0.037569185114808334,1.0,0.013276823612667821
-0.0012722648026568528,-1.0,0.008039640161452661,0.01514224515673468,1.0,0.008818221953709668
0.002525253867194044,1.0,0.009629076893189302,0.017544309650909362,1.0,0.008954466312186415
0.01896390585899166,1.0,0.0035140859296303646,0.030171993300736055,1.0,0.008260793616386217
0.0195404893726836,1.0,0.0032069919329484253,0.01704048807059899,1.0,0.009084420664136833
-0.0006307158834122362,-1.0,0.009252756876497036,0.026137144367692322,1.0,0.010138578843569767
-0.0025078383049641495,-1.0,0.008568500585009475,0.025349116198002175,1.0,0.010107635861871528
-0.0018744147943505762,-1.0,0.008721382965163312,0.018553407895747664,1.0,0.010235254974516817
0.006916091698373039,1.0,0.003678523902444265,0.026767860251104558,1.0,0.009598992340715247
-0.01263440685177053,-1.0,0.009358444395030549,0.018657257604542732,1.0,0.009668898103726653
-0.001251564618941492,-1.0,0.014882921675515108,0.014281521841404299,1.0,0.00966070391454002
0.008733679968754515,1.0,0.01549678940398017,0.001877934824199956,1.0,0.010633392359775609
0.026350332598479076,1.0,0.006049140690256637,0.01576822326794214,1.0,0.009596468311387284
0.0006259781112074592,1.0,0.009674546901433491,0.004996887349103751,1.0,0.008641709123003771
0.011118088583977004,1.0,0.014600176859057516,0.03479142477228536,1.0,0.013795593898881745
0.014141028756257779,1.0,0.01464177516377539,0.014141028756257779,1.0,0.015003281504067744
0.021053409197832273,1.0,0.011161464597880102,-0.013862855908395533,-1.0,0.01871710464578946
0.0,0.0,0.0053380189328471935,-0.02110568721232542,-1.0,0.018129729001529704
-0.009199696898423593,-1.0,0.000607924626953209,-0.021599111803461746,-1.0,0.01811077561145288
-0.006146300848693942,-1.0,0.0012789130256614652,-0.02985296314968111,-1.0,0.018343483277808263
-0.017973833728531563,-1.0,0.007284131602715229,-0.017348638334613087,-1.0,0.018697325286925512
-0.015523441188371123,-1.0,0.007886930602087323,-0.028118066108771655,-1.0,0.019038045988267357
-0.01053619911124204,-1.0,0.009655419244665654,-0.03322148194232577,-1.0,0.01905295976978799
0.04164716991683992,1.0,0.02095094236758189,-0.020853836283205807,-1.0,0.018704887846962313
0.024723138086794716,1.0,0.02792758002922028,-0.008799553951848837,-1.0,0.01908976970420798
-0.018233765146291825,-1.0,0.0395132551141015,-0.021411397308495284,-1.0,0.01913034052143766
-0.04477902340063378,-1.0,0.025074420927229762,-0.054867381344974486,-1.0,0.014759341444729065
-0.021599111803461746,-1.0,0.027331703539377708,-0.03731776300719525,-1.0,0.01421602327897139
0.005063301956546695,1.0,0.012130507087956245,-0.0076433493125680485,-1.0,0.009168963035795452
0.0037570488777123323,1.0,0.01162273805570905,-0.02412815461182327,-1.0,0.008412380581759457
-0.015718651203733502,-1.0,0.013276250246956155,-0.02783228355177636,-1.0,0.008171015908872464
-0.009514819641338601,-1.0,0.012149954762202047,-0.024282343227004066,-1.0,0.007849629841478946
-0.021479031677124283,-1.0,0.006094702743372788,-0.04147324820657494,-1.0,0.006964600152475176
0.003795070968551695,1.0,0.009005350648302072,-0.02048727225845237,-1.0,0.0067501726903799976
0.0012738855225884471,1.0,0.010041167195883565,-0.007677580899034142,-1.0,0.007063543815790847
0.0076336248550712416,1.0,0.00997170262257454,-0.01934296284313075,-1.0,0.007996001344864797
-0.003795070968551695,-1.0,0.006437306880511564,-0.031422912353073595,-1.0,0.006888734907912459
-0.00446571715036459,-1.0,0.006802000418308104,-0.023833656328419384,-1.0,0.006670555367586883
-0.014039796667482562,-1.0,0.004472670887619134,-0.028279519478617843,-1.0,0.006398766653548059
-0.012113632348042858,-1.0,0.005500527822716747,-0.02048727225845237,-1.0,0.007024453303896102
-0.011575691957889322,-1.0,0.005265976136449789,-0.020672570804719737,-1.0,0.007041911905383256
-0.013588044717039338,-1.0,0.005624530885687913,-0.02077996849174535,-1.0,0.007046700164513333
-0.008373639910409514,-1.0,0.008623244317574495,-0.01681799018596264,-1.0,0.007321136614451704
0.007089942686631323,1.0,0.008230643345293156,0.005161301780225669,1.0,0.008123679511912188
0.0006512536863199081,1.0,0.0119480100620452,0.01743667037833374,1.0,0.007852027871390785
-0.007140569126069529,-1.0,0.010442503549879476,-0.0058384856087712045,-1.0,0.009095606936598558
-0.014882189906796794,-1.0,0.007463864330598784,-0.005797117684326114,-1.0,0.009098746849068917
-0.0013029317804158502,-1.0,0.00037612406694371444,0.01165061721997529,1.0,0.008161534719551618
0.007140569126069529,1.0,0.004698291813544912,0.011658163127389543,1.0,0.00816139866547722
-0.0013046316266649427,-1.0,0.008452957084170614,-0.0032647759981392355,-1.0,0.00946416476125726
-0.006540245680610068,-1.0,0.008849454921868921,-0.0085106896679088,-1.0,0.0095710093263808
-0.008444350275553125,-1.0,0.007780297733977354,-0.013676540105855173,-1.0,0.00926515432934732
0.014258180627056083,1.0,0.0094718110120284,-0.023779191766114094,-1.0,0.010438604841918877
0.02462859415303975,1.0,0.004688333414136378,-0.019881370553828992,-1.0,0.010388669405411654
0.0026058646667819207,1.0,0.01532222758669148,-0.018433701688837845,-1.0,0.01049214066714795
-0.00386847677792046,-1.0,0.012894926889392649,-0.02938507215974373,-1.0,0.009483126278323562
-0.005134799472038543,-1.0,0.012596762975395305,-0.032533773660152976,-1.0,0.009295932379062243
0.010356079610091218,1.0,0.0039042029716324003,-0.03374451826089131,-1.0,0.009459994250552968
-0.012349848220609916,-1.0,0.010176163081757996,-0.05102133354823479,-1.0,0.009117624028445251
-0.02146423866829994,-1.0,0.007646289653699834,-0.060343129907468374,-1.0,0.008752690970835579
-0.018194134107175186,-1.0,0.009128091253274248,-0.05085281798826924,-1.0,0.00957503377218972
-0.0218190473946398,-1.0,0.011053263445195862,-0.030546863791130363,-1.0,0.009175324391940819
-0.01791092656653026,-1.0,0.011627034401492077,-0.039562651949569094,-1.0,0.009766615236670268
-0.013201511858535797,-1.0,0.013530197457590648,-0.03198140651013226,-1.0,0.010408702333333977
0.008652300233426446,1.0,0.004341366769952498,-0.030541905650234735,-1.0,0.010207166845281232
0.011976191046715767,1.0,0.0029149793117202523,-0.020284671171505675,-1.0,0.010733382776924129
-0.012704951905271544,-1.0,0.011358808294999257,-0.0317272646143727,-1.0,0.010360397232795656
-0.025504738166411522,-1.0,0.009770000447683407,-0.049585709159679414,-1.0,0.010803312750418879
-0.03294415571935394,-1.0,0.00598990892072717,-0.08269171584511348,-1.0,0.01308503628499006
-0.006752220117286711,-1.0,0.009892797183718794,-0.08786822262623861,-1.0,0.013538487913603401
0.008124621536494514,1.0,0.0073615042788605575,-0.06096458442382269,-1.0,0.015159094615341954
-0.0006837607104006604,-1.0,0.012326561778199668,-0.04902942724031867,-1.0,0.015519649776123995
0.000677277370961793,1.0,0.01284182126513041,-0.07525517987196895,-1.0,0.015378869126000552
-0.021814089253744173,-1.0,0.015237988523879245,-0.06692392182310059,-1.0,0.01609224124045542
0.0013670542115331585,1.0,0.015788415154353842,-0.06135163020905199,-1.0,0.015898078649752075
-0.012947369962776234,-1.0,0.013340963618529548,-0.06648127820376448,-1.0,0.015512995137243161
-0.010391503276018232,-1.0,0.012074647441491908,-0.04944509947489584,-1.0,0.0150661180597269
-0.050430853626892036,-1.0,0.013577995958730663,-0.04184710993550045,-1.0,0.015805462937001236
-0.06884590991713746,-1.0,0.007966452056888625,-0.029936102491265437,-1.0,0.016133619296075756
-0.036883613430554796,-1.0,0.025524987517890035,-0.005586606708639863,-1.0,0.015919630344668794
0.0007181328854408697,1.0,0.02037045103665684,0.02763193866208602,1.0,0.012658846478779661
0.005860822636982954,1.0,0.017513342241540504,0.055033535629526176,1.0,0.009956840267047332
0.0021652841372166165,1.0,0.016017452845944684,0.04174642259625605,1.0,0.009189414925873954
-0.01300596367913398,-1.0,0.015680991846343778,0.023413627194435627,1.0,0.010121430686890498
0.009451179039166258,1.0,0.011003370748365401,0.06982038388601208,1.0,0.010899903449196249
-0.0043352669055394255,-1.0,0.00691198195201713,0.06151484845908861,1.0,0.010659122682002536
0.0208715744850847,1.0,0.00877291222156566,0.02867579997666625,1.0,0.016910748280346895
0.02359780574972281,1.0,0.008620806698837273,0.027125146267691136,1.0,0.01689425466944351
0.03346698949023774,1.0,0.004691594546355831,0.05151050468417262,1.0,0.017937063410541663
0.019048194970694432,1.0,0.003741840894267427,0.009922122506316411,1.0,0.01932439508165855
0.016123728203654153,1.0,0.00354931188596712,-0.014235115821871869,-1.0,0.01978426208949422
0.010449415874341117,1.0,0.001390600634831561,-0.0517356743991888,-1.0,0.020932374264028178
-0.0035001785822095233,-1.0,0.009279587253874485,-0.1328328246603825,-1.0,0.02986155400421493
0.02064767089346886,1.0,0.02065171240778491,-0.13214153833546827,-1.0,0.029895766514238354
0.021933710000049178,1.0,0.020558627262515814,-0.14438104864829326,-1.0,0.0295636787077409
-0.0077437908969033575,-1.0,0.0358458907669601,-0.12217555787308276,-1.0,0.030262705712395293
-0.03324405857915469,-1.0,0.026375134931138054,-0.20074638709447745,-1.0,0.029498412730111095
-0.014339610680455417,-1.0,0.03337948825081919,-0.1914478205040775,-1.0,0.030227252249477626
0.0021178970147348597,1.0,0.024488430837243877,-0.15403290113328771,-1.0,0.029263754601034933
-0.017762456339840194,-1.0,0.025987230180984165,-0.1885380221367341,-1.0,0.029204893461200965
-0.06977918959312368,-1.0,0.006202714747652731,-0.17301152240629225,-1.0,0.031371406647061964
-0.12370675219600447,-1.0,0.03324969795738675,-0.12930900774467435,-1.0,0.03253726986870546
-0.10178269430994225,-1.0,0.0425592620271305,-0.10895118378855506,-1.0,0.032750066812491825
-0.08219595837476334,-1.0,0.045258311855216525,-0.07422143445599372,-1.0,0.03242470946298631
0.007157088205090201,1.0,0.009951499199018886,0.03065072944647884,1.0,0.024072692486749366
-0.047957177865540324,-1.0,0.03059414333721033,0.014966801633319093,1.0,0.024318521659487898
-0.02513306185573505,-1.0,0.03569839490184663,0.02060294746694913,1.0,0.02416141601075544
-0.03960113415710831,-1.0,0.03275868312639005,0.009463793030950018,1.0,0.02401291958433766
-0.021035693621411333,-1.0,0.02265617555769726,0.05507464563440401,1.0,0.018236954775667145
0.004096687417329825,1.0,0.03540232843713596,0.05121118921077272,1.0,0.01808814437345057
0.02684179040334822,1.0,0.036071438757655526,0.02443118256666077,1.0,0.020682204063127065
0.06182438200833884,1.0,0.01767468316791724,0.1305507644863848,1.0,0.027004048575436385
0.029010898357174852,1.0,0.007850609940334125,0.09061621000400022,1.0,0.025623638776683118
0.03625298499514873,1.0,0.012000538925599324,0.10720472096743294,1.0,0.02670058751077091
0.02213529111193191,1.0,0.01801425857733174,0.23537854941410097,1.0,0.04435200645511333
0.012628423548179502,1.0,0.019083615083239792,0.1467478785242562,1.0,0.05324547606487162
-0.014029848210438622,-1.0,0.004852081711726501,0.1317883884067348,1.0,0.05307181334774444
-0.00784933386445541,-1.0,0.0016360598530552723,0.15805236249832166,1.0,0.052662747124003276
0.005475179888088544,1.0,0.007415084124611769,0.14638954756789113,1.0,0.05309681286516152
-0.024633744621397557,-1.0,0.020874401035161173,0.13695957561859085,1.0,0.0533754912365158
0.05444042523056947,1.0,0.05346336064770638,0.13608919037907707,1.0,0.053398826540351337
0.04350170821055732,1.0,0.054637255142903865,0.12795816871458943,1.0,0.053466271448067065
0.1096153288041204,1.0,0.03796134794632173,0.1373455094635303,1.0,0.052868299792807154
0.166652166936055,1.0,0.06875520161669078,0.07266770305456505,1.0,0.04893480453821196
0.08514256687743083,1.0,0.1073808672124224,0.07063454038785233,1.0,0.048964008333129964
0.06083665243445058,1.0,0.10752368574927978,0.007899502478924125,1.0,0.04889636950671353
-0.055190895803847395,-1.0,0.05536562751835023,-0.09815693168729056,-1.0,0.028143920533241225
0.012270092591814441,1.0,0.016563337729742254,-0.007573185937119531,-1.0,0.01599510491106033
-0.008858660998582568,-1.0,0.016702301818661454,-0.0074906717291576275,-1.0,0.01600053615377644
-0.0298125059837,-1.0,0.005001962160676926,-0.014795158916746765,-1.0,0.015433222240555109
-0.012956198965213162,-1.0,0.006152167457077843,-0.0027137058715962503,-1.0,0.014851149385659578
-0.0242478107764581,-1.0,0.012121183826506836,0.030999786875796076,1.0,0.0159388456907367
-0.00898106209394256,-1.0,0.01657368236513611,0.013661414655817383,1.0,0.017389148162257447
-0.013821920116179776,-1.0,0.01606326580905509,-0.010348488350310436,-1.0,0.018611666206634715
-0.019830678180485783,-1.0,0.0192770578411437,-0.0077437908969033575,-1.0,0.01836254220337994
-0.004172467805800606,-1.0,0.026845543803950885,-0.007662872745569205,-1.0,0.0183670070056171
0.006934840552458965,1.0,0.027319965630703814,-0.001392757885303464,-1.0,0.018389730837102894
0.045446478226368825,1.0,0.00959647237048958,0.014204784298317286,1.0,0.016755739623927606
0.0281708769666964,1.0,0.0014151640319317591,-0.027553844871403665,-1.0,0.015385878535172256
0.01712957265733772,1.0,0.007373806078773168,-0.02732218991349611,-1.0,0.015400558204270925
0.029631797606371135,1.0,0.013136661130713732,-0.03760888912144411,-1.0,0.014871772530663971
-0.0013559324111358517,-1.0,0.022903919684729632,-0.06508067349565971,-1.0,0.014973952962934694
-0.020590981443927348,-1.0,0.026294924048545727,-0.0828205659750203,-1.0,0.01554685416730776
-0.06299138854915753,-1.0,0.0018174087414290308,-0.08442078000505648,-1.0,0.015266730728779744
-0.030305349495329148,-1.0,0.017945360992433948,-0.055085378493815895,-1.0,0.01497382863265534
-0.004866189651172803,-1.0,0.015374521930656963,-0.025282245474284037,-1.0,0.014288949891891781
0.0021178970147348597,1.0,0.011487120693881168,-0.012086887283582426,-1.0,0.013356305004994016
-0.024063439931635067,-1.0,0.01014123316508251,-0.03053130293912143,-1.0,0.01296148500254561
-0.01899459147573368,-1.0,0.013029172222414285,-0.04271111809304973,-1.0,0.01292279178349975
-0.006367195193392572,-1.0,0.012344004756944317,-0.024269570914458027,-1.0,0.01293500868208801
-0.009355951657559647,-1.0,0.013990787654531343,-0.006467863007486363,-1.0,0.012233515393789108
-0.03836880340418647,-1.0,0.01172666613853181,-0.013586193963644133,-1.0,0.011920827363618106
-0.017180093277241237,-1.0,0.023941744305498357,-0.017180093277241237,-1.0,0.011915482991504335
0.008639362590707966,1.0,0.02150325762466771,-0.018978671829889215,-1.0,0.012160215072624691
0.036947339056808914,1.0,0.008305600155438067,0.009548364868694481,1.0,0.010853688455800937
0.009342504172316524,1.0,0.0076457462813492505,-0.033030525676482014,-1.0,0.010271877723426644
-0.0057512739406346824,-1.0,0.008533106722355405,-0.04471246777989735,-1.0,0.009785542726693859
-0.022295062269938493,-1.0,0.0015456711170931403,-0.06539237062732917,-1.0,0.009372986781771342
-0.010064786616140742,-1.0,0.008564623959720536,-0.040881605262128584,-1.0,0.01169501253150321
0.0,0.0,0.007834491889480563,-0.04046156921449673,-1.0,0.011680963664221803
0.010130332653671914,1.0,0.0027496412536974473,-0.05608946665104364,-1.0,0.013111337313820122
0.0007222824438242181,1.0,0.0027301862543029024,-0.03604656534326467,-1.0,0.015690503788182226
-0.0218667604799625,-1.0,0.011578819619396065,-0.03746306621824025,-1.0,0.015653364484672295
-0.015234244571847855,-1.0,0.014374745427965947,-0.059320576844443806,-1.0,0.016331173128846153
-0.033030525676482014,-1.0,0.01652739155014202,-0.04504268212448581,-1.0,0.01700122693279573
-0.017094433359300165,-1.0,0.014414990376946926,-0.01784433965616028,-1.0,0.016378364831564088
-0.03799339643921473,-1.0,0.008097470778066348,-0.02591777800378714,-1.0,0.016113619902882473
0.0014914245866699538,1.0,0.01639367806270244,-0.0007465472537844242,-1.0,0.015089327319770115
-0.0015003753752340643,-1.0,0.01693073687528775,0.004487666469388252,1.0,0.0150252882378289
-0.012992158293652967,-1.0,0.021732717870154575,-0.007621988119058898,-1.0,0.01634140940097968
-0.005229746697276827,-1.0,0.025922616219856687,-0.0457396800510117,-1.0,0.015918364578723254
0.00299850299625648,1.0,0.02544309400479802,-0.04452001496822611,-1.0,0.015896695532829856
0.006899222460271748,1.0,0.023530174989792943,-0.017067908512148122,-1.0,0.01458250170472733
-0.008273834337396924,-1.0,0.016192614629564374,-0.03351417998770767,-1.0,0.012308318602985632
-0.0022480339178825304,-1.0,0.017188223742134783,-0.029626169780147205,-1.0,0.012460258568381857
0.018168554268808812,1.0,0.005730856323165274,-0.014621268554181999,-1.0,0.011182840475960557
0.011265609194219373,1.0,0.0034467117693836075,-0.0535218849310688,-1.0,0.012726162171316922
0.005237572766248366,1.0,0.002406510626940206,-0.06508881005313105,-1.0,0.012226085029026251
-0.01969760655448649,-1.0,0.01601808211659282,-0.06029646861282423,-1.0,0.012494687350667371
-0.04350170821055732,-1.0,0.013500293915490699,-0.04584454411232963,-1.0,0.014089918603543217
-0.05050805681284842,-1.0,0.009580933926434802,-0.04893942904022186,-1.0,0.014026908453319099
-0.02243807868674219,-1.0,0.011273520484248394,-0.03900650503397474,-1.0,0.012934790840929036
0.006995753366027202,1.0,0.008219740109223158,-0.005475179888088544,-1.0,0.01277018830569856
0.017892348184335383,1.0,0.0036772595925114787,0.007039528483527846,1.0,0.012764161848823924
0.009345862418237871,1.0,0.00787720957896229,-0.00943403223335837,-1.0,0.013338156283948825
-0.02828153928075805,-1.0,0.016443640371789543,-0.02907866965377659,-1.0,0.01308085979851322
-0.03771067419086638,-1.0,0.012939026345495317,-0.03212183728830009,-1.0,0.012960490064661243
-0.027506645789833417,-1.0,0.016588300817632552,-0.03631022405659312,-1.0,0.013096520685412193
0.018942950012958537,1.0,0.01194061646419328,-0.02746537745517985,-1.0,0.011775790646027115
0.021386953779157558,1.0,0.01083626590485903,-0.03835639503042465,-1.0,0.012389966880059382
0.0015923570243630003,1.0,0.017154773522965485,-0.014446479173396476,-1.0,0.015358404469281405
-0.003132343986316233,-1.0,0.01465384647047755,-0.02935553908541877,-1.0,0.014134750228388166
0.005470900710901283,1.0,0.015105846763479666,-0.029425582275592888,-1.0,0.014134720561738265
0.007134394113874176,1.0,0.01418165204468931,-0.020901082405794025,-1.0,0.013652632226723312
-0.016607736399660844,-1.0,0.010387776008368143,-0.043275983481822156,-1.0,0.012774432717805312
-0.021269017587492556,-1.0,0.007758097768236315,-0.08114750063724951,-1.0,0.014656236987043453
-0.01753032940499688,-1.0,0.006440803324508827,-0.06865440473807816,-1.0,0.01459018398114705
-0.02666824708216131,-1.0,0.010146395264065938,-0.061671820655495146,-1.0,0.01456395461343087
-0.043945231932990936,-1.0,0.0046186638407345725,-0.10837283298836775,-1.0,0.01834904439315882
-0.005642900906636772,-1.0,0.026527683301675462,-0.12393131889550357,-1.0,0.018933284062942375
0.01705278838271962,1.0,0.022238784395483453,-0.08991933116944839,-1.0,0.020083125086821866
0.03031776653398932,1.0,0.01642485038151665,-0.0706581508060129,-1.0,0.020138670974750708
-0.0048622462080345485,-1.0,0.005301022144667178,-0.0993604081033479,-1.0,0.017137803717967266
-0.01705278838271962,-1.0,0.002950281691311273,-0.11326427514305726,-1.0,0.016693855367538552
-0.046251017650755344,-1.0,0.014054360776443444,-0.11355469954686237,-1.0,0.016682959343084038
-0.040618928218409955,-1.0,0.016076230649286975,-0.09807598324319722,-1.0,0.017512513394526297
-0.035003573573333835,-1.0,0.017296916761614635,-0.08455738802806323,-1.0,0.017943178982833485
-0.04849434993861079,-1.0,0.0250793640430997,-0.043184602950380846,-1.0,0.016726482722502063
-0.0728072435624223,-1.0,0.021296980151863053,-0.043221939202915394,-1.0,0.016725927525714248
-0.054915757596114556,-1.0,0.030805932196293115,-0.04068064177424269,-1.0,0.016756636205171056
-0.006230549750636083,-1.0,0.02083797374953435,0.004426744723351916,1.0,0.010402069964107696
0.018928009885518904,1.0,0.008031373097512087,0.02338236023489948,1.0,0.00708281417271968
-0.006292155590889248,-1.0,0.006964918390619057,0.027398974188114433,1.0,0.00782929321785617
-0.01257878220686015,-1.0,0.0050996151889034095,0.019452425926815398,1.0,0.008042990739879755
-0.0035778213478838694,-1.0,0.009526395749128516,0.006230549750636083,1.0,0.009118925394050499
0.01165409873227441,1.0,0.005993024453318755,0.0284463625117084,1.0,0.00907297705300581
0.02411907894572618,1.0,0.0023495414947150572,0.022352294033840536,1.0,0.009541576674644078
0.014235115821871869,1.0,0.005346349346131159,0.0008956561279442887,1.0,0.010077669756151498
0.008873172680486707,1.0,0.005904161445896889,0.0008908686558015688,1.0,0.010077441505264972
-0.00088300226487803,-1.0,0.0005098015953223799,0.02268858231174553,1.0,0.013398563445663134
-0.0062029441246074235,-1.0,0.0035812714601105027,0.020114364192765688,1.0,0.013467439576796516
0.013163858366242565,1.0,0.013337675312882828,0.0105449131766151,1.0,0.01385350293783039
0.008795131452827398,1.0,0.014262723272323544,0.0017652255245694803,1.0,0.014133147668223283
0.0017761994012555071,1.0,0.01685118979593834,0.008849615276982359,1.0,0.013991030518271117
-0.0052447672672952805,-1.0,0.012983725429372877,-0.007877502443094375,-1.0,0.012743940575754785
-0.009678914099835012,-1.0,0.013665671075837204,0.018221762302709,1.0,0.014197056684824417
-0.008912714970575664,-1.0,0.013389834010422206,0.07023433657501643,1.0,0.016958822862613007
-0.015901395123632422,-1.0,0.009408740744371579,0.04288821949322452,1.0,0.017822344842893675
0.024455367223631175,1.0,0.02213747838031602,0.07246458640999176,1.0,0.017999326811478315
0.03345382388669327,1.0,0.018210527147278957,0.06414677028609939,1.0,0.01891324667000219
0.01852721720130024,1.0,0.022189585308452178,0.05289486070550797,1.0,0.01918951905339076
-0.02180635905205408,-1.0,0.003324448508012387,0.015411263920525275,1.0,0.017329666836321464
-0.017467693040390753,-1.0,0.005819256296770034,0.015464225697581657,1.0,0.017328356200476496
-0.005258557253466911,-1.0,0.006148590186185712,0.02418079819721486,1.0,0.017011618569718636
0.025251668230966917,1.0,0.011563136261839801,0.032106879310019654,1.0,0.016705508529087122
0.06316092069928958,1.0,0.01808500992209973,0.04899991770979195,1.0,0.017243684352081477
0.04552095466902362,1.0,0.02748839633803635,0.047198807411640065,1.0,0.017265217612755783
0.04456391000744775,1.0,0.027379591153351243,0.03547669340609083,1.0,0.01648050742513988
-0.01500028125949271,-1.0,0.022506461986262608,-0.0041442247460263815,-1.0,0.0120117410218569
-0.005894753911348971,-1.0,0.021050432926891936,0.011686276569455423,1.0,0.011089849720977657
-0.03259795526583531,-1.0,0.0085801714871814,-0.010748346551433308,-1.0,0.00917411020326493
-0.01522872070182446,-1.0,0.0014480840346504417,0.010025146619379033,1.0,0.006711734695097722
-0.010186845306992875,-1.0,0.0025384258704871676,0.013423020332140823,1.0,0.006469284092286419
-0.0051107436625597025,-1.0,0.0014728298648562068,0.020185714819706657,1.0,0.0060824633395297955
0.01606799897181954,1.0,0.010754722947344142,0.02192330637403872,1.0,0.0059700114878333335
0.017759451960958295,1.0,0.010301248040861999,0.015241615968617062,1.0,0.006528172824151732
0.028621482327038095,1.0,0.008477645709690708,0.004260764860855026,1.0,0.00754356589174894
0.010016778243471247,1.0,0.005835912004941806,-0.006734032181344052,-1.0,0.005670698480435737
0.010008423826838975,1.0,0.005837703416063077,-0.01946739430611455,-1.0,0.006513657765329677
-0.0016611299500763899,-1.0,0.0012684831801729026,-0.032900479014317696,-1.0,0.005390589671897597
-0.000830909894087295,-1.0,0.001268558427582178,-0.03035646248059365,-1.0,0.005521045840460916
-0.004158010148663571,-1.0,0.0012709735058234763,-0.026062845536713564,-1.0,0.005885674188841394
-0.0016638938946953452,-1.0,0.0017328342790982909,-0.027814688182877134,-1.0,0.0058935741819845355
-0.0033305609471647735,-1.0,0.001733278766495013,-0.021849608714402002,-1.0,0.00634139487977911
-0.008368249670516636,-1.0,0.004295278797878542,-0.01935272851581482,-1.0,0.006358136353870805
-0.021035693621411333,-1.0,0.0051040062854575624,0.003325023844771735,1.0,0.009662651635841901
-0.01258933958356323,-1.0,0.009745711412576432,-0.011745101458282559,-1.0,0.0108452056446493
-0.016949558313773316,-1.0,0.010764339452504065,-0.01183445764700286,-1.0,0.010850145637262103
-0.008539761548134628,-1.0,0.009350648514820984,-0.08423231081936411,-1.0,0.026406652763979823
-0.01360565205577835,-1.0,0.006871927841644175,-0.08455738802806323,-1.0,0.026391372161510825
0.0034129725962399604,1.0,0.0043032727161881916,-0.08841095734405302,-1.0,0.0264790295845204
0.003424660881364172,1.0,0.004297077603455124,-0.0831206242797391,-1.0,0.02659443399640186
0.007675943872104352,1.0,0.00518865216120277,-0.053639230679535466,-1.0,0.028740366228619835
0.0025521068722351714,1.0,0.004746549896792141,-0.05605670608166191,-1.0,0.028675404272758494
0.029475818132953524,1.0,0.012221478103711056,-0.04278260471964179,-1.0,0.028982744045856865
0.00677394630895467,1.0,0.020218550904665743,-0.005965079468475132,-1.0,0.03188662752110089
-0.0008499788017046761,-1.0,0.02110400985207723,0.08934510033584964,1.0,0.04221816764317188
-0.10859302828554718,-1.0,0.04184800696771353,0.06427915140456486,1.0,0.04197041070380005
-0.0854016261533439,-1.0,0.04880431584853402,0.05739279799665287,1.0,0.04234536029336949
-0.09352605801082348,-1.0,0.04727074718146056,0.06102470183777475,1.0,0.042261520044092386
-0.007428075008509616,-1.0,0.011720950640100772,0.12423764543306337,1.0,0.03305259389396051
0.017312505292749414,1.0,0.023714170349375428,0.13399084588323706,1.0,0.03306792623384546
0.03576722385863107,1.0,0.016696011134492848,0.1440963019447392,1.0,0.03244297607381391
0.04376268044146148,1.0,0.0148208536274276,0.14545904257390863,1.0,0.03240661152475541
0.055350095083164685,1.0,0.021374125849474738,0.11184352053590407,1.0,0.03205899575479621
0.14795391328974672,1.0,0.04309777652162107,0.12038225735366392,1.0,0.03199354514751684
0.13653757425716018,1.0,0.04849036291828505,0.12321971192501113,1.0,0.032002652740841235
0.07013182377408267,1.0,0.06326535847961179,0.09453287700576274,1.0,0.030383547852194978
-0.02917037729977956,-1.0,0.01209898669201513,-0.026773252700058148,-1.0,0.014867567812152102
-0.04863453425704867,-1.0,0.010662170056110223,-0.045371888622232515,-1.0,0.015734826365536893
-0.008803578266759704,-1.0,0.01863610493862672,-0.02501138849361295,-1.0,0.014445647669899338
-0.010454457903859016,-1.0,0.018707182374752458,-0.02183669460917459,-1.0,0.014436600959114879
0.01379332213233564,1.0,0.010989529421115887,0.0,0.0,0.013111968559718945
-0.004834820054583577,-1.0,0.004490610114696464,-0.02688552974603242,-1.0,0.012366544018556356
0.01205317926755578,1.0,0.006866823051386369,-0.02787065641780906,-1.0,0.012394422467177684
0.021523349792563984,1.0,0.008341045153642554,-0.04870958723856367,-1.0,0.012991462067536767
0.03803945155302335,1.0,0.0014254283435269153,-0.03200929821702703,-1.0,0.014035519378410051
0.0007984032360246474,1.0,0.022754358634566974,-0.01529204849569954,-1.0,0.016204068578561284
-0.03205402629008347,-1.0,0.02165837928632647,-0.050961289072415816,-1.0,0.01667265983490221
-0.04941244172529302,-1.0,0.011805690399338778,-0.06339868370003288,-1.0,0.01579207103995479
-0.024233819208896,-1.0,0.010529270289343251,-0.017713828711614976,-1.0,0.015851438911516257
-0.0032626456348161526,-1.0,0.0020533654246697097,-0.004079973019915251,-1.0,0.014847843920853091
-0.010677719519179174,-1.0,0.006218728870478301,-0.004093333590999837,-1.0,0.014848083501054656
-0.016488419712493485,-1.0,0.005830514824029462,-0.0008179959556318117,-1.0,0.014868623866165335
-0.03491626510622803,-1.0,0.00555395948491444,-0.0065574005461592755,-1.0,0.014929735491553684
-0.009958588525578183,-1.0,0.016200624051501904,-0.006628027578413409,-1.0,0.014934105797905344
0.0246317871896653,1.0,0.023384811147582764,-0.004164937299284244,-1.0,0.01485975029210092
0.019271647958711835,1.0,0.02635965075647411,0.03817891074104418,1.0,0.015405187120955623
0.006650066070017502,1.0,0.025471092333392845,-0.007534568921939044,-1.0,0.017866691084474248
-0.0016233769798907893,-1.0,0.021414665941995956,-0.02297065723958891,-1.0,0.01608833374997304
0.014827289762417095,1.0,0.013409523243835106,-0.0008302200559890949,-1.0,0.014660184075495509
0.009892908383740018,1.0,0.01428762163852324,0.006606134677117126,1.0,0.014895135141583022
-0.007337986452912837,-1.0,0.004546186611240963,-0.02051774889732272,-1.0,0.01374010960312301
-0.005740073161060177,-1.0,0.0038741490529933765,-0.023997841734625158,-1.0,0.013886809489919822
-0.013212413506592746,-1.0,0.006618395642951142,-0.01654297445375752,-1.0,0.013990888115302075
-0.019835361056145917,-1.0,0.003602312977124476,-0.007392230787490295,-1.0,0.01446050383638038
0.009820046180975428,1.0,0.01887414680307205,-0.0008227067514634534,-1.0,0.014406919021880332
-0.010865129869103818,-1.0,0.02808736647746859,0.010748346551433308,1.0,0.014008865774853519
0.005826067249360634,1.0,0.029541469068548654,0.09013670508830529,1.0,0.02546391927933292
-0.01973748283832144,-1.0,0.022536711353638442,0.07300219581523759,1.0,0.024884222059127114
0.020790769669073672,1.0,0.006936324482357692,0.06977687779916009,1.0,0.02533953815331031
0.0008295313623754019,1.0,0.008320243638814263,0.07048553284710213,1.0,0.025357420968225287
-0.008340331916218968,-1.0,0.010363581388171905,0.05886423016377318,1.0,0.02585379462554997
-0.013256200747134628,-1.0,0.007555389873336583,0.056014641554671396,1.0,0.02582488780823416
0.005787531656919587,1.0,0.01097867341372737,0.07965993254924575,1.0,0.02571934137384641
0.017435061822101527,1.0,0.0051774994700491865,0.09652765065931757,1.0,0.025182670077320793
0.014078907498598081,1.0,0.006003424696311094,0.06067368110459448,1.0,0.027685533130676454
0.07769357481964967,1.0,0.04271918094209728,0.012290199763037357,1.0,0.030065354292039957
0.08364494874767647,1.0,0.04113892849646419,0.01145675379138611,1.0,0.03006474626686651
0.04816340137862296,1.0,0.05542699102623807,0.009005382184799071,1.0,0.03007405160106939
-0.01382510499184253,-1.0,0.026176603154395097,-0.06866602069142846,-1.0,0.018853992658212887
-0.03387544848978585,-1.0,0.023967929470737812,-0.05925349562351734,-1.0,0.019638052991938798
0.007028533424584982,1.0,0.013280406981420351,-0.017391742711869274,-1.0,0.017477794812979473
0.010003931064519023,1.0,0.014550891628002084,-0.0450847407542212,-1.0,0.017188525585417305
0.029323088579325418,1.0,0.0055823794594701374,-0.03425265156720636,-1.0,0.016973502037086592
-0.008597161197211545,-1.0,0.025383203855830518,-0.021235560068934234,-1.0,0.017993232486710083
-0.061582201129288805,-1.0,0.02386142266458223,-0.07634867124558964,-1.0,0.019917541831760553
-0.06763583504582993,-1.0,0.02038978842874991,-0.07662649634202223,-1.0,0.019900919777644566
-0.03758939142119733,-1.0,0.021032216652728346,0.0007846214604181334,1.0,0.023226616978164267
-0.0032626456348161526,-1.0,0.0016969789625986699,0.05466707560935635,1.0,0.02050617950061506
0.012934699332773025,1.0,0.011005958262089357,0.0584684675588103,1.0,0.02047245877141537
0.021766276481954616,1.0,0.009729770016622528,0.0407241902265687,1.0,0.021594761061832123
0.009756174945364737,1.0,0.01610242763674032,0.08004270767353638,1.0,0.023524487448141514
-0.008874604433474875,-1.0,0.010892378337577602,0.06529124981443735,1.0,0.0233195102200226
0.0031847160675200215,1.0,0.017019276437411947,0.057335608843513075,1.0,0.023377879442036755
-0.02125999942684942,-1.0,0.029465415289781843,0.06499351469967829,1.0,0.022904780272095176
-0.013050756195490454,-1.0,0.030586867027312337,0.04515618638130947,1.0,0.024141210081323302
0.013423020332140823,1.0,0.0423590411035187,0.04810857832003057,1.0,0.024327851654989237
0.06943354572565719,1.0,0.020259278080492264,0.06557104575176043,1.0,0.02193196268448603
0.0674591288550026,1.0,0.02108135856519673,0.050430853626891814,1.0,0.022293826896184823
0.0023501773449532415,1.0,0.01853976728881495,-0.010248414491368152,-1.0,0.018590973075769054
0.02211298642936388,1.0,0.02822281371180312,-0.028148848351524425,-1.0,0.0177163094981067
0.019757481588400072,1.0,0.028370187114659336,-0.03753372555896073,-1.0,0.01758775762486691
0.03837769509889899,1.0,0.020906469626786835,-0.013391298972560417,-1.0,0.016929030916794412
-0.005293018028493357,-1.0,0.00461396931649313,-0.05902334044946089,-1.0,0.012039599625566917
-0.02900966786660275,-1.0,0.010646158119940546,-0.07012217708410295,-1.0,0.011863022714093686
-0.006042314455962483,-1.0,0.02222560166729206,-0.05973081956946791,-1.0,0.012623307069903805
-0.020682468374767282,-1.0,0.02520894503546573,-0.07067304315127965,-1.0,0.013151107989489706
-0.007776088949908111,-1.0,0.022429116595428594,-0.05985032832053028,-1.0,0.012332059046849945
-0.0449339724792579,-1.0,0.006445044584867738,-0.06413456233587533,-1.0,0.011507392166104666
-0.024286348377627665,-1.0,0.007086236736280729,-0.049177235976084255,-1.0,0.010358128838640622
-0.02050545033084994,-1.0,0.007297928417630548,-0.04633416620956199,-1.0,0.010279248026052751
-0.0007927071362390237,-1.0,0.004791392591643389,-0.02731093439407095,-1.0,0.009873678759062237
-0.008761505668572589,-1.0,0.006952407877331655,-0.04128469737413276,-1.0,0.010487771456597846
-0.012830969936742154,-1.0,0.007834572314917894,-0.02582871587871205,-1.0,0.011232348021835991
-0.007961825498008501,-1.0,0.010645748898987778,-0.034694887695077004,-1.0,0.011025339437900548
-0.01694272073031211,-1.0,0.013966705181001793,-0.04165567526883285,-1.0,0.011533655860738712
-0.018737819103030073,-1.0,0.014208160046272863,-0.07541260378038661,-1.0,0.016153347540774816
-0.010446057222369909,-1.0,0.018881224629146126,-0.0911621202509556,-1.0,0.015362451784028825
0.0008133388004281095,1.0,0.015433578867908509,-0.07605014611885252,-1.0,0.015071816409114
0.005740073161060177,1.0,0.013876578618049083,-0.07512063046810802,-1.0,0.015050100438115697
-0.008110344537453518,-1.0,0.0058874040943163895,-0.07460517539578548,-1.0,0.015125963474344504
-0.01639380977567617,-1.0,0.009425565533104144,-0.05945660502671135,-1.0,0.015722138937700466
0.0,0.0,0.013207877189955647,-0.1308483930564739,-1.0,0.026109133869642764
-0.008176660437245076,-1.0,0.012781760097497718,-0.12288560821320704,-1.0,0.026620748107309706
-0.009132483563272675,-1.0,0.013235819218563408,-0.07997383952158632,-1.0,0.0287541889355614
-0.062414857838416715,-1.0,0.019746442028346408,-0.07555565139947484,-1.0,0.029023580855718194
-0.0644290580538871,-1.0,0.018910857082409444,-0.07499253656345628,-1.0,0.029027915482440426
-0.05133719158033179,-1.0,0.02213784578675056,-0.055736670739816585,-1.0,0.028988853061119462
-0.01844584579075148,-1.0,0.0035372032137979603,0.005208345107138079,1.0,0.027006384022303424
0.00611088763280021,1.0,0.014644088435019985,0.019939975783845654,1.0,0.027016651160547165
0.017406879892569282,1.0,0.014291944569704772,0.024285668839373553,1.0,0.026982992807973463
-0.04998768942730569,-1.0,0.052567525864038504,0.03484673133016836,1.0,0.02673678922364534
-0.05639077735487508,-1.0,0.05051939288767725,0.010389703849135845,1.0,0.0263740500638189
-0.03691104427055114,-1.0,0.05668913233273048,0.005163522660049491,1.0,0.02627651334373599
0.055292741656999045,1.0,0.008551070237475597,0.08226262336910262,1.0,0.009950006495895575
0.03971641121250569,1.0,0.015921647361860903,0.0633292266997958,1.0,0.010536491404356961
0.01510468521849706,1.0,0.009409391073320878,0.02213459114675498,1.0,0.009008627657649584
0.018349138668196208,1.0,0.01116765113212983,0.012270092591814219,1.0,0.008092079265067087
0.030503454293414833,1.0,0.00752796988141624,0.01056347850956918,1.0,0.00819378909685274
0.02868514799885835,1.0,0.00835676373831749,-0.02409755157906046,-1.0,0.012269179334362787
0.011192540432278797,1.0,0.004256485687484957,-0.04516039611885336,-1.0,0.010466264294737616
-0.003439384301909598,-1.0,0.004234794435232038,-0.0519711839175212,-1.0,0.009903166390663774
-0.0017152662867547797,-1.0,0.004884496002984212,-0.04647921179932668,-1.0,0.010325868366988195
-0.002571797388371433,-1.0,0.0047832497192903225,-0.027779564107075938,-1.0,0.012322512147843809
-0.003451254504215129,-1.0,0.005260222507100193,-0.020009367011615264,-1.0,0.01231477792834099
-0.019939975783845654,-1.0,0.006528088820415563,-0.031388801850138925,-1.0,0.012323909399288237
-0.014699789120289353,-1.0,0.0093058508904302,-0.04207456693060063,-1.0,0.01250248722644323
-0.013049336977720927,-1.0,0.009177215706390384,-0.02627121315390024,-1.0,0.012938305889277763
-0.03112745750731838,-1.0,0.01871984045228172,-0.024823969728726247,-1.0,0.012834197907900491
-0.039081350042471374,-1.0,0.015726173400560105,-0.034562589529144816,-1.0,0.012636397931779232
-0.03203120813367555,-1.0,0.017854401655001923,-0.02752060057632555,-1.0,0.012680276176564975
0.006303487778592132,1.0,0.00496687881109119,-0.0038919359440043877,-1.0,0.009134598319227081
0.028573372444056222,1.0,0.009097210602459656,0.01260142687800414,1.0,0.00994710448628871
0.02852243260399634,1.0,0.009118831131856868,0.012668063935413976,1.0,0.009947585825186737
0.013375143662432976,1.0,0.01394545046613977,-0.006574527216489656,-1.0,0.010406186175341163
-0.016866800211896127,-1.0,0.006538136710044114,-0.03402297721162073,-1.0,0.008410805204413908
-0.009713100646500106,-1.0,0.010611747216391307,-0.046218780568853646,-1.0,0.008541020991602328
-0.013375143662432976,-1.0,0.011588769325803093,-0.029026614383499183,-1.0,0.009208688032346405
-0.007187811718833537,-1.0,0.01041775930483924,-0.01989215681859946,-1.0,0.00883308589651304
-0.014298724400146234,-1.0,0.006705959805328118,-0.02424905525331411,-1.0,0.008439893807784357
-0.01019542372259652,-1.0,0.004746862040553497,-0.014011528662564388,-1.0,0.007882342152958221
0.008082666364677582,1.0,0.010667259095518421,0.004408662500777094,1.0,0.008902320914820802
0.008157456378063976,1.0,0.010664217600700214,-0.014323515665390918,-1.0,0.010178758618815113
0.003620896506106863,1.0,0.01292052558752365,-0.003452038311754446,-1.0,0.010049538121185276
-0.01805103164556865,-1.0,0.007143038964795477,-0.013598300402943408,-1.0,0.009144454651934435
-0.030364411900271282,-1.0,0.002089461636912897,-0.044358431104062124,-1.0,0.012068010675959773
-0.009076943504576551,-1.0,0.01070869966397251,-0.02794629621542022,-1.0,0.01196662701300628
-0.0027359798188748563,-1.0,0.009860008786808157,-0.023497971267303797,-1.0,0.011846920090891083
0.012256624669039429,1.0,0.005417043191079028,-0.0005523336235420118,-1.0,0.012200510104824314
0.0016399420585018198,1.0,0.0034732975919443427,-0.022686328903969155,-1.0,0.01233934722736558
0.017113007600543018,1.0,0.007707610226395734,-0.016946436123744135,-1.0,0.012464310504836906
-0.004373184812223041,-1.0,0.015426277933130913,-0.023640893113965333,-1.0,0.012321913988824887
0.00036406662821342195,1.0,0.01568094054848629,-0.020323472971913947,-1.0,0.01237383905730591
-0.00992429653904292,-1.0,0.011797958132599694,-0.03396656302947276,-1.0,0.011396847563597575
-0.02187745906060723,-1.0,0.018698853942980296,-0.012680497026334336,-1.0,0.010633772331625055
-0.02087336139755891,-1.0,0.018991895181765146,-0.022175081711542255,-1.0,0.010627462902636307
-0.027950702509929037,-1.0,0.01739054131599556,-0.02701873599326543,-1.0,0.010491465482762906
0.01344168558024883,1.0,0.007976904304742257,0.013625830687113094,1.0,0.007136364788233092
-0.0038169761931254875,-1.0,0.012833909643920432,0.00037160907153754863,1.0,0.007599748002475694
0.003815555324684805,1.0,0.012944218191193815,0.009834928039519575,1.0,0.0076967583049006175
-0.010831934821383893,-1.0,0.00862990676946768,-0.010366623752544601,-1.0,0.007093224856835974
0.004002797990557028,1.0,0.0032086498566328216,-0.0002798638014440691,-1.0,0.00606233637659469
9.28806948143901e-05,1.0,0.0020569636318777352,-0.010645352187079737,-1.0,0.006145537416148143
0.006587211275407956,1.0,0.0020493344928715295,-0.004104100527935639,-1.0,0.006312276091897901
-0.0014875421114148857,-1.0,0.005281560404248207,0.02068753960012737,1.0,0.01007014725468683
-0.002976469502835588,-1.0,0.005242199105222961,0.025944527130181694,1.0,0.010115800719815028
0.004428868652840201,1.0,0.0092392067771563,-0.0008326010009640505,-1.0,0.012304500102871834
0.0016733293855208942,1.0,0.010432212181172667,0.0,0.0,0.012269565981976262
0.008902961522855968,1.0,0.010652292189509256,-0.005136597798695686,-1.0,0.01240448559710923
-0.010550768859408866,-1.0,0.008279891422070943,-0.018396876736245904,-1.0,0.011795626393272926
-0.004468449066107105,-1.0,0.006948651973401649,-0.005401894480659308,-1.0,0.011655751993441314
-0.016664724901914507,-1.0,0.002507336546417506,-0.01216865138573997,-1.0,0.011476616017690048
-0.0045694115967749305,-1.0,0.0054032384194538634,-0.0019557631379525375,-1.0,0.011313846955524653
0.024970201392128466,1.0,0.01680726113991378,0.004096839994569557,1.0,0.011320749423608433
0.03668276001207582,1.0,0.01258476782015853,0.008599791269250812,1.0,0.011158513528909663
0.009858710802379544,1.0,0.02466003068498122,0.007263954458224919,1.0,0.011125011679845993
-0.022175081711542255,-1.0,0.014096624308559506,-0.024037626485409636,-1.0,0.007526742149995694
-0.03405759443171297,-1.0,0.009600527382799578,-0.026409016896533632,-1.0,0.007339620722560849
-0.013135407082441652,-1.0,0.002548927433968872,-0.001018565762398449,-1.0,0.003774287860389846
-0.003728565095138414,-1.0,0.005236909479084293,0.003065634803736117,1.0,0.0034308307234624798
0.0018709079358116831,1.0,0.003049075984127154,-0.005822159370568958,-1.0,0.005387249103692465
0.005890344738884501,1.0,0.002479787577295895,-0.005453704161469286,-1.0,0.005381991424767863
0.00503028540912176,1.0,0.0021314935318652393,-0.011647698845451693,-1.0,0.005197503561526993
0.004103717753076275,1.0,0.002659995455078453,-0.010711368032064517,-1.0,0.005208177288019329
0.004650305999402526,1.0,0.0027937403043402594,-0.00560906397194616,-1.0,0.005697420095979223
-0.003164265087850726,-1.0,0.003849463804640772,-0.0006506483475345881,-1.0,0.006153660209579684
0.0016739518462913772,1.0,0.004430050122917954,0.019539792179894988,1.0,0.008117430370894426
0.001576190581756176,1.0,0.004402643219721165,0.027546925996217553,1.0,0.008563275892748612
0.0049281795776034976,1.0,0.0024682204036687496,0.042967342621179405,1.0,0.008598404819550265
-0.013470736905748293,-1.0,0.009536115226866839,0.030833603102614404,1.0,0.009333812298060046
-0.01757054548151249,-1.0,0.008121500519482655,0.04572380203065851,1.0,0.010328516302819727
-0.018441898744326224,-1.0,0.007884068668995258,0.06976553768725058,1.0,0.011529172952520036
-0.0030183007256838756,-1.0,0.0011378353528944795,0.07456531179017212,1.0,0.010792263882611798
0.005734984928407627,1.0,0.005073773722950517,0.08742772125735954,1.0,0.010634077153024623
0.016027335907038864,1.0,0.004472912362076747,0.10144128085493609,1.0,0.010275928928229133
0.03435487796503578,1.0,0.006125540561648995,0.06659690564970511,1.0,0.016097535195426553
0.03780629596756624,1.0,0.005317617989335183,0.06558091381574505,1.0,0.016088311573872433
0.04045372588086327,1.0,0.0043590366087735135,0.05894410095224689,1.0,0.016099222867277045
0.012967762769010793,1.0,0.011511744892384167,0.04427713583503712,1.0,0.015518771862820227
0.019753066616197135,1.0,0.013916781776431138,0.038081286078389454,1.0,0.015352946001062257
0.03172637464367467,1.0,0.017108389283884327,0.05227504287106255,1.0,0.016502929339720175
0.03026097178180942,1.0,0.01794586264216523,0.06985143905281799,1.0,0.015984544967391674
0.024133373745188536,1.0,0.016939443799174017,0.052916014590114635,1.0,0.015567227509460572
0.013233844423359287,1.0,0.012857561180664705,0.043586336294405115,1.0,0.01477614241085806
-0.010986706866150886,-1.0,0.02684108910432394,0.05219760565455456,1.0,0.01422987255232846
-0.016111822513206864,-1.0,0.025501066803160995,0.040217059964366086,1.0,0.01408441448266611
-0.026469843995650333,-1.0,0.02251207657959933,0.031759369249621194,1.0,0.01382494247343183
0.01203510815036779,1.0,0.002517626822368482,0.05886070056380355,1.0,0.008278255501767858
0.010306668230210647,1.0,0.001687996229668544,0.042204708017059556,1.0,0.009300292724582267
0.033784667799678925,1.0,0.011958342438131223,0.05549640544951506,1.0,0.00982519387779551
0.03854206598679166,1.0,0.010737050045582331,0.062369518437830784,1.0,0.009975087456282944
0.034587795127922316,1.0,0.012329196571157127,0.06444075827760365,1.0,0.009986970989924225
0.023037668067017236,1.0,0.006342674362141636,0.04369244709776332,1.0,0.007832383776979505
0.01260713838354599,1.0,0.008174254825540439,0.017985497300136988,1.0,0.009654343193369995
0.011434419119439987,1.0,0.008433370221020631,0.046737477851690024,1.0,0.01261309368518671
0.0014068773785753663,1.0,0.0027234249949038445,0.029136594086655254,1.0,0.0124155375670447
-0.004323611956901896,-1.0,0.005612552371649235,0.0011608624852574856,1.0,0.015523908796078366
-0.014124174460513395,-1.0,0.007199500901571088,0.029760208054796955,1.0,0.017531529147926776
-0.0027328077957564645,-1.0,0.01372420329342552,0.010857155506952765,1.0,0.018267369140112465
0.015543926024395027,1.0,0.013352333040383298,0.036650318750344635,1.0,0.01869406728253701
0.03254271849075474,1.0,0.003962220255242452,0.03628347262922338,1.0,0.018717728840471574
0.021980709447927183,1.0,0.0032235609732379875,-0.0007466091847914136,-1.0,0.019617808402217718
-0.005841955150902134,-1.0,0.01318887974536103,-0.004275267549474826,-1.0,0.019467324959391945
0.01688451470200869,1.0,0.02341579346570289,-0.014939127049693468,-1.0,0.01934653927939434
0.00848181505590917,1.0,0.02414375696708488,-0.03055873414769117,-1.0,0.019464004625101113
-0.004217496431333512,-1.0,0.029828534844405168,-0.009285425693145832,-1.0,0.01898076132491878
-0.005542850677453082,-1.0,0.029139884717274692,-0.05085911383328323,-1.0,0.016557070437504248
-0.016872561201127123,-1.0,0.030288122247599046,-0.02698569980937604,-1.0,0.01795154795485764
0.031165844308185253,1.0,0.022918639571223608,0.0034745236807656177,1.0,0.015716102294467717
-0.007600909886086971,-1.0,0.01816307054435155,-0.0014510280659592034,-1.0,0.014962873303899104
-0.014336572487500643,-1.0,0.02078082928106526,0.018640624026095676,1.0,0.014199502493270608
-0.025381660275424434,-1.0,0.014774049374494688,0.008478694209899107,1.0,0.013394118677261053
-0.018679881188162106,-1.0,0.014836999843615965,0.016342995476521516,1.0,0.01298660926008445
-0.007831415514972573,-1.0,0.00930168074085042,0.03946007167359289,1.0,0.010692200858961227
-0.01085211329457314,-1.0,0.007742513967689918,0.010980116870185963,1.0,0.01271579340266858
-0.019035472081581073,-1.0,0.009113962790678765,0.026119669668922096,1.0,0.012963345902742274
0.012054849394224298,1.0,0.01583927327714756,0.0469723297614566,1.0,0.01237530421095772
0.008542452942577938,1.0,0.015951503868763085,0.04614513278139265,1.0,0.012376034671326969
0.043865235089870946,1.0,0.01222707723991142,0.08611892447808378,1.0,0.013111172629425806
0.028753762634344593,1.0,0.012152332236410353,0.058030321491336245,1.0,0.013163852346351564
0.03617001483731874,1.0,0.009991613548378596,0.07246085114303069,1.0,0.013404713204286428
0.010193113656393749,1.0,0.005427256274538747,0.022652109083578065,1.0,0.015131913068346662
0.006482875159996571,1.0,0.00541577081490959,0.01971760493052299,1.0,0.015106586721752985
-0.022880237615137577,-1.0,0.011958705713110694,0.019013629477723448,1.0,0.015080674296650816
-0.008903206995761526,-1.0,0.01670506221443745,0.02437509754226319,1.0,0.015026305696656417
-0.00031915742710886263,-1.0,0.018366215634029584,0.014886647550306442,1.0,0.015334417446298862
0.024312902616633547,1.0,0.004226943528518103,0.046805200293891236,1.0,0.013759142224433318
0.04096378272758061,1.0,0.012867662730236713,0.026710649968956002,1.0,0.013981125005988847
0.023112841124103944,1.0,0.01857988715611076,0.04814013592163402,1.0,0.016193989872228906
0.03485817130421598,1.0,0.018439305977998328,0.01656450557484046,1.0,0.018685597077431712
-0.01960158030463477,-1.0,0.020794557890039853,-0.031023024259994703,-1.0,0.017518250357931742
-0.00955895392646866,-1.0,0.021170818146824092,-0.018415567250996023,-1.0,0.01752181931120153
-0.0172772068279885,-1.0,0.018082824137717987,-0.02409942501532658,-1.0,0.01710334784676318
0.011916102115078875,1.0,0.0029941853862274904,-0.007440863904337736,-1.0,0.015550582983930101
0.001651917779780021,1.0,0.008188990892770708,-0.007031433275727306,-1.0,0.015556664358456741
0.00491133320103021,1.0,0.009635261616550761,-0.0015642111745601817,-1.0,0.01588749075921222
-0.006567654569068715,-1.0,0.011104216745116188,0.005982691400413742,1.0,0.01616145212260358
0.032934330944218715,1.0,0.01982269492887303,0.03141214479140997,1.0,0.01653280525171794
-0.005927792102417229,-1.0,0.03016270813823767,0.04426578180070928,1.0,0.017488072022330686
-0.016769891501370093,-1.0,0.03196162776140162,0.06895103398380775,1.0,0.017353547391104965
-0.0434428620485261,-1.0,0.016837365993889776,0.057411886415573044,1.0,0.016103355159951635
-0.005805759285951062,-1.0,0.01543449139034125,0.09777490600793914,1.0,0.012361334141854348
0.003980580051022198,1.0,0.009906513328948624,0.11806662303864557,1.0,0.00922323721686241
0.001825180048800057,1.0,0.009658304973418033,0.1582724358211094,1.0,0.013389356616002188
0.005258007012777899,1.0,0.011287912010251576,0.13038891989935109,1.0,0.01622462689313508
0.025339657419830353,1.0,0.005598593294440456,0.12921173148000586,1.0,0.016363410144983128
0.040095495846917295,1.0,0.0033026443770850364,0.08645623997549223,1.0,0.022071322080210898
0.05074132617629967,1.0,0.0065649536045985345,0.09213156930126543,1.0,0.022263034904220935
0.056400688014325295,1.0,0.004082131087665118,0.08077538044284438,1.0,0.022379874067447965
0.05893407256838179,1.0,0.003739791600583724,0.06101434303631237,1.0,0.022290566208212837
0.047581332104812635,1.0,0.0036518225294574214,0.016381712267339754,1.0,0.022661535951450377
0.03234569755346772,1.0,0.009399220064996066,0.026943736872961033,1.0,0.023472878515496565
0.05741768735701025,1.0,0.022688314826463267,0.014047077566571753,1.0,0.02290274650192931
0.02680825460546088,1.0,0.03227250096054812,0.0011344300706117583,1.0,0.022642710740215004
0.015125688492382494,1.0,0.03438446957360158,-0.004191091199604591,-1.0,0.02268021175235401
-0.0699910157968171,-1.0,0.015438438440340912,-0.06970019130734562,-1.0,0.018378645155024284
-0.03299934358530776,-1.0,0.029564250340204823,-0.03314211914237508,-1.0,0.019103621667693516
-0.023096693617331132,-1.0,0.030127987992699726,-0.007780503975023612,-1.0,0.019519504836932516
0.01465359890773743,1.0,0.011841617977046581,0.03142369277185231,1.0,0.014974169981832245
-0.025008530857626,-1.0,0.011133006420448437,0.015300999798417703,1.0,0.014116900576326233
0.002569044444441948,1.0,0.02407839891417026,0.018056783747242733,1.0,0.014098931920858235
0.011966807098641175,1.0,0.02396376534642211,0.05302951469715045,1.0,0.01652077284350705
0.03233404990808464,1.0,0.014163299935439296,0.09622131735933581,1.0,0.015087388685546328
0.0012108694809020992,1.0,0.005634379030096534,0.07302814645081801,1.0,0.01393531043096851
-0.02632958151690712,-1.0,0.010756247950825713,0.053959142372575375,1.0,0.014931025605366176
-0.00746829460752596,-1.0,0.01962447303218209,0.0519166828070472,1.0,0.015008076250400263
0.011536275716963473,1.0,0.021597156994724136,0.05268753837843554,1.0,0.014968247441641477
0.03113286828238082,1.0,0.010366457265872838,0.07713064970419059,1.0,0.012687560182646851
0.015443775355485023,1.0,0.00828469670798853,0.05642041521103125,1.0,0.012362515764849752
0.0027405941049352123,1.0,0.0020358849763083353,0.03695554695773473,1.0,0.012242267157069902
0.03625942083303557,1.0,0.017344219340801135,0.03380994012269567,1.0,0.012380003209372535
0.05591178670329211,1.0,0.015461601659915279,0.025609505331033677,1.0,0.012629382229092387
0.057540407148017225,1.0,0.01457573231638594,0.02282523040802542,1.0,0.012662494512953815
0.012896434774066101,1.0,0.017307561561116434,-0.024281551997310302,-1.0,0.009302082800338243
-0.011970584644203974,-1.0,0.0080231032521884,-0.030439333383711187,-1.0,0.007920934286181245
-0.019129738591480372,-1.0,0.005353295001477199,0.0073927729435681044,1.0,0.014924564531309007
-0.0031580741852919036,-1.0,0.003918277168418645,0.0008717519412089203,1.0,0.015552392684909022
-0.0029645622035419095,-1.0,0.003875960087524292,-0.012524281096386591,-1.0,0.016244409046011102
-0.004195715703737335,-1.0,0.004354173045479926,-0.004263533003956876,-1.0,0.016293120532634445
-0.0121878412991141,-1.0,0.0012626778260984486,-0.027012078182615307,-1.0,0.017114331320538013
-0.015367134524512549,-1.0,0.0006348137000811336,0.024264621999631197,1.0,0.022549784991644763
-0.011389722444774097,-1.0,0.0024779214528853934,0.04527699589342982,1.0,0.02276920834992978
-0.0218320712869704,-1.0,0.00709905043511954,0.1220807714239196,1.0,0.029895211657092153
-0.00013705201145275403,-1.0,0.015465387566989331,0.14391819715045462,1.0,0.029495969782641504
0.04210794968355991,1.0,0.028152186720716243,0.11342176985968888,1.0,0.031933004211947065
0.038049738712585324,1.0,0.03026308757763782,0.17787870746264778,1.0,0.032854575319649054
0.005944467643120621,1.0,0.03400824189437493,0.1265167156251381,1.0,0.035907119474206085
-0.030786044539005353,-1.0,0.012850798145806778,0.0885556266106351,1.0,0.034607782521966717
-0.03104190430911613,-1.0,0.012938874847951273,0.09920851198785985,1.0,0.033999347142533914
0.03382434089247588,1.0,0.03448433177788601,0.14278742168358116,1.0,0.03346953829541324
0.04534481319364936,1.0,0.03398825146857224,0.12084529516613074,1.0,0.03449499448477842
0.1369050083074208,1.0,0.028242445120116536,0.12909648825906128,1.0,0.033933767216502736
0.10428644062631087,1.0,0.032465276710601156,0.13219686185994273,1.0,0.034258730890433665
0.05675505152148497,1.0,0.051947554247288565,0.19264892990587867,1.0,0.0391541460996494
0.03396586475175778,1.0,0.04069746086614562,0.16171064392388934,1.0,0.036009760991565956
-0.017538533536769263,-1.0,0.04793779427139898,0.15492175848582512,1.0,0.036019313851265965
0.017241806434506124,1.0,0.04252229743291393,0.15085595716090605,1.0,0.03649132024081135
-0.040620456762202606,-1.0,0.019869715473787655,0.15151620336441107,1.0,0.036552443794857566
0.022215173701563673,1.0,0.018238956501501282,0.18146571562610125,1.0,0.03389546874875621
0.0015036240164902903,1.0,0.02369791982324241,0.17250263257881637,1.0,0.034277338386613856
-0.0011539280379146977,-1.0,0.024240572636296108,0.1614166530184573,1.0,0.0350868532752526
0.023233781068837445,1.0,0.03824287364485558,0.12887700344340813,1.0,0.03517141075387618
0.11714844793339729,1.0,0.045119858471129454,0.09362049604022937,1.0,0.03900455917290193
0.16951916397224887,1.0,0.018050081790307756,0.08522725519612817,1.0,0.03944627645324836
0.12701133725219327,1.0,0.03362051240942776,0.0067286103702499656,1.0,0.03784564626478917
0.014962078776512344,1.0,0.03862712044216689,-0.0835815075957469,-1.0,0.02942289120008284
0.02377142419227951,1.0,0.04287090849311612,-0.14372444007559682,-1.0,0.0252829689300733
0.009005423603506868,1.0,0.043487257389233695,-0.15765497468527867,-1.0,0.02452872375689396
0.038888481852416446,1.0,0.03217994404270347,-0.13289212903438363,-1.0,0.023487629640229265
-0.030720007108156366,-1.0,0.008009186017364146,-0.20361349692376085,-1.0,0.013475418795662525
-0.030373538481129447,-1.0,0.008112996828974015,-0.1839446310102113,-1.0,0.01596080416380527
-0.07737851252209671,-1.0,0.024386250487579888,-0.18809240571930785,-1.0,0.01577736348810802
-0.07734332586024384,-1.0,0.024390807394600564,-0.17504475528154795,-1.0,0.015939441687977587
-0.09891461200432072,-1.0,0.017481176026054823,-0.1576352757339079,-1.0,0.017581384499766678
-0.060053555702578976,-1.0,0.006467691945135836,-0.10589578245243625,-1.0,0.01264459169348241
-0.05943253129947612,-1.0,0.0065046705933727265,-0.08376988306545874,-1.0,0.012566924705106985
-0.03737224780333537,-1.0,0.0071733152055370635,-0.01483989470300684,-1.0,0.017496144105548696
-0.03434854266212439,-1.0,0.007091469664639607,0.006891985696927838,1.0,0.017193810563572085
-0.036117632655884524,-1.0,0.008024424679438862,0.016329290881969882,1.0,0.01642410510040469
-0.017284232721425763,-1.0,0.01791774119502582,0.007941253064380094,1.0,0.016877251426994856
-0.016311794832507776,-1.0,0.017788591275077367,-0.0037964431388790576,-1.0,0.017912085137287613
-0.002151265465943464,-1.0,0.012982868006816037,0.04425686956781005,1.0,0.01833160810735778
-0.004064183204826044,-1.0,0.01188892730581808,0.02345306419454407,1.0,0.01823635843646931
0.004818110744774895,1.0,0.009598981839867042,0.05379368112816385,1.0,0.018550728104735324
0.01393154635584537,1.0,0.0068189926549261475,0.1700739999526406,1.0,0.035213080872025564
0.043880769026580335,1.0,0.023931473386883614,0.09081320158910233,1.0,0.042325721911055963
0.05273421244678511,1.0,0.02146462691642664,0.08398498005004185,1.0,0.042496534404371525
0.0406666426479525,1.0,0.026251372494686807,0.0481542708624596,1.0,0.0440581415551727
-0.014591100035948434,-1.0,0.011189355468045392,0.012831804295293292,1.0,0.04242607005592905
-0.04503697149793129,-1.0,0.006795498468836559,-0.00822954514149421,-1.0,0.04255413447925432
-0.008190053970044353,-1.0,0.02656611140153829,-0.030343892446298426,-1.0,0.04343526574728903
-0.0017724215912617858,-1.0,0.02555544840249248,0.01848113890663239,1.0,0.044627735075000216
0.04127832943453513,1.0,0.018023487312984067,0.023804255969491095,1.0,0.044392181293956806
0.12366586491888709,1.0,0.06095554472056716,-0.002234637801416195,-1.0,0.04366449487845941
0.06329595418973222,1.0,0.08843663649829084,-5.9134857058662504e-05,-1.0,0.04363968273612492
0.03500940966665289,1.0,0.0900283129453985,0.058178177066617875,1.0,0.04903077679255151
-0.10798818273433564,-1.0,0.029716126167541997,-0.08613876629548445,-1.0,0.037211500315290504
-0.034100628267228705,-1.0,0.02024442542961675,-0.05276675482978033,-1.0,0.033381823132038
-0.039480312744750945,-1.0,0.02000754014665706,-0.03988775141631673,-1.0,0.03346935311197144
-0.03783152066080553,-1.0,0.019189495105768603,-0.021096472685107948,-1.0,0.032368123550306285
-0.008941765424609338,-1.0,0.03476892503409935,0.019620180686646504,1.0,0.03535014502232002
-0.013003170386945984,-1.0,0.03543732640045146,-0.04359245268917089,-1.0,0.041867667689753425
0.019919200674837878,1.0,0.026878690471545834,-0.055756901601488496,-1.0,0.04274208725657625
-0.020312695354952837,-1.0,0.009535992783071956,-0.10370716016045733,-1.0,0.04082063487632798
0.07565225053166191,1.0,0.04643063246206229,-0.10606822977087527,-1.0,0.04087151404482111
0.03976173642481884,1.0,0.05864724578471189,-0.16224884732882772,-1.0,0.04276414545045356
0.010588334217010553,1.0,0.06512050059167765,-0.16429460324045286,-1.0,0.04272890996591715
-0.06305651881628171,-1.0,0.022604046162335825,-0.19857759736896008,-1.0,0.03671052627887222
-0.042945889123959136,-1.0,0.019367798283963424,-0.1595779219528417,-1.0,0.03670534911290822
0.038286307249198126,1.0,0.03167713790962417,-0.11194871338912527,-1.0,0.03687840786945533
-0.043185014017605106,-1.0,0.061984015333466105,-0.07794423374865844,-1.0,0.03931218511326345
-0.07249194957718608,-1.0,0.06424535533753127,-0.12048867701330668,-1.0,0.041918559218816875
-0.13226910627171318,-1.0,0.03209746166440969,-0.17494890308840438,-1.0,0.037865916621908455
-0.07547894746865036,-1.0,0.016454414129789145,-0.11172277833526345,-1.0,0.03250166482284177
-0.08657274505250134,-1.0,0.022741020957597252,-0.04347664529198103,-1.0,0.0319076931334914
-0.08090013843494837,-1.0,0.02494708246424114,-0.03913072555865327,-1.0,0.031826018661226425
-0.0168571170664229,-1.0,0.04960943999707842,-0.008492200734795174,-1.0,0.03162410382577436
0.04243266180080485,1.0,0.026812356534471584,0.08402950868677328,1.0,0.028355809246092694
0.06293422406833815,1.0,0.020860295434956565,0.08070728060271559,1.0,0.028515713078441043
0.05757684480401992,1.0,0.017861315330018203,0.02962352506607102,1.0,0.026082985275643032
-0.0038566441844241073,-1.0,0.049781832100629926,0.05888979912247616,1.0,0.027615764220901305
-0.024713882450080993,-1.0,0.04801061525385353,0.04247507768685388,1.0,0.02753239057514953
-0.07696355860421011,-1.0,0.027249998225812658,-0.02323983239957017,-1.0,0.026329329352168376
0.00452008214413957,1.0,0.020221622506981313,0.04844112956386737,1.0,0.020123273482171678
0.003549071258037939,1.0,0.02042981774875819,0.032016992635057306,1.0,0.021448597856767535
0.027751630131817917,1.0,0.016288485432524216,0.047390910209787585,1.0,0.020868025790831125
0.04093340892625297,1.0,0.022917568055716087,0.03857514275156859,1.0,0.02022111416850067
0.038937867726420494,1.0,0.023863128474430888,0.05406018493817477,1.0,0.019942534950278375
0.021258608734443296,1.0,0.026608369578994387,0.04125030421056741,1.0,0.019904019619454982
0.01729295223650773,1.0,0.024323352658479912,-0.015526070528919522,-1.0,0.017622173989320623
0.02470202115247644,1.0,0.022231037245156474,0.007557840369487812,1.0,0.01786130203105152
0.00471348733837873,1.0,0.03041038210015655,-0.014340901534914074,-1.0,0.019696467643894815
-0.0143053137430329,-1.0,0.020799312350221106,-0.06889455141929934,-1.0,0.016998646957796446
-0.035171967501877566,-1.0,0.023005023665950395,-0.09294203956629077,-1.0,0.017964533273895345
-0.006332815994852359,-1.0,0.01940387242944242,-0.08436794601001463,-1.0,0.017303367593425708
-0.005345904668159207,-1.0,0.01983672033976256,-0.10391581060202304,-1.0,0.015929996991855627
0.025592263561155404,1.0,0.006820412670217741,-0.1369527421873029,-1.0,0.020801870055750904
0.021611024132597745,1.0,0.008773813801355296,-0.1940587807396803,-1.0,0.02372906986777307
-0.013167804354235146,-1.0,0.013515831247081464,-0.22440463585426818,-1.0,0.02153234369724448
-0.0075644768422664654,-1.0,0.0161394470456016,-0.21140222625641591,-1.0,0.023237326095404475
-0.03433259701103819,-1.0,0.02189375642934449,-0.190948396658839,-1.0,0.02517442126138649
-0.03607552865387209,-1.0,0.022216112168968,-0.11978944388910451,-1.0,0.0318668133315076
-0.07579785878330214,-1.0,0.004031323158029104,-0.13820942176818107,-1.0,0.031080902382024694
-0.06531355713672182,-1.0,0.004305312962806471,-0.09108433694743878,-1.0,0.031705045969475716
-0.049326572925756595,-1.0,0.01094657693700964,-0.04532052336114756,-1.0,0.032712703391351294
-0.07918267012288971,-1.0,0.026776223097131988,-0.047937003985029314,-1.0,0.03288612249202839
-0.11602365072451803,-1.0,0.029364795025183726,-0.021107094227774903,-1.0,0.03275482399586805
-0.12583472992040434,-1.0,0.023702497060575912,-0.014256066114526789,-1.0,0.032757137541281775
-0.0488572205079576,-1.0,0.037793712918371386,0.06140442410160607,1.0,0.028129753170147594
0.024721408213439044,1.0,0.01979443188408841,0.13641977920039206,1.0,0.021015461890478628
0.09144738761092852,1.0,0.01877926609203327,0.11968912374505924,1.0,0.023322403837387012
0.06562832764596838,1.0,0.02879639082333828,0.11194184662903695,1.0,0.023106825098808743
0.06553146270036203,1.0,0.02880182165740153,0.12567793650607073,1.0,0.023937451427467397
0.03839339187408486,1.0,0.015903518802760704,0.08892887657592641,1.0,0.020178097872975274
0.014474558999849618,1.0,0.029560673275889036,0.11287852486431582,1.0,0.02000229678259623
0.0046636855829420565,1.0,0.027765913352258906,0.06399900129713054,1.0,0.022751846248667242
-0.018262115679135826,-1.0,0.02021506367045782,0.036432772963084226,1.0,0.02196367590925657
0.030158757963745675,1.0,0.008691132944428779,0.05861764776067968,1.0,0.01984347806514897
0.04150322270364892,1.0,0.010192943400330971,0.026558984435372412,1.0,0.02137185055021982
0.008110459939181691,1.0,0.029467099828576683,0.05867720972303503,1.0,0.02327888005924329
0.0016802020194732759,1.0,0.027843938316827067,0.07242494230342866,1.0,0.024366167070361308
0.01397956551911772,1.0,0.03265322333183658,0.08007440188776038,1.0,0.024863014058356562
0.060687140441795684,1.0,0.010627575073915986,0.15462631853297526,1.0,0.023798296653731118
0.06656500588124725,1.0,0.009015829226098589,0.1492421782814548,1.0,0.023849040516091158
0.003852527491421842,1.0,0.02740229588312436,0.05262984240193469,1.0,0.031554212489476686
-0.014102711738757323,-1.0,0.02459882461467439,0.01856493050992003,1.0,0.03200348717517648
-0.03978631810378652,-1.0,0.014912782996526859,-0.010460277607842183,-1.0,0.03167938917803219
-0.03277633127881607,-1.0,0.010924954003127646,0.04620413883648378,1.0,0.031112604825247865
0.003982321080814977,1.0,0.029614358271333577,0.28434565930015054,1.0,0.07359412065823896
0.04396605250649466,1.0,0.03286416811924706,0.3309309752714453,1.0,0.07305894492943961
0.0950186401560369,1.0,0.0034309671777765856,0.3158776365992242,1.0,0.07413304747365425
0.10405956874912192,1.0,0.007860814325611334,0.35864672722387203,1.0,0.07556011588671123
0.07849743799749942,1.0,0.017920414675593598,0.26665639565843313,1.0,0.07975855042256247
-0.013464993966707972,-1.0,0.05470904873048948,0.14474334119678778,1.0,0.0864702607637484
-0.07537424758125955,-1.0,0.03628058325871369,0.0928070910799832,1.0,0.08606707533056955
-0.09313745000804974,-1.0,0.029016385403338837,0.10095242905376267,1.0,0.08609717086560699
-0.002573176074029071,-1.0,0.023949667149833147,0.18403333639242647,1.0,0.0830127043913864
0.2516780170514732,1.0,0.13263130657978242,0.19552199557195005,1.0,0.0826502348125122
0.301604934775501,1.0,0.1171367317325987,0.12934799665224173,1.0,0.08669202428902409
0.23689716648392434,1.0,0.14112387758396885,0.08338160893905111,1.0,0.08695576282775781
0.07828338900453646,1.0,0.05883620130095242,-0.1503578579283229,-1.0,0.04896904606827812
-0.020308527106517538,-1.0,0.07323983234066343,-0.2238285833907121,-1.0,0.0463744371562025
-0.07611565524639952,-1.0,0.09035547988227205,-0.188613226582649,-1.0,0.04612886299818811
-0.1617800673947669,-1.0,0.042941277109029896,-0.235883783785654,-1.0,0.03895560505326772
-0.08720652860717104,-1.0,0.057659835780142596,-0.18996814884311508,-1.0,0.03695094675940982
0.025825001228930722,1.0,0.015079600286723524,-0.10924991996312938,-1.0,0.027548869619793446
0.027340656910707306,1.0,0.014209908462610553,-0.13915078753623988,-1.0,0.02883169221963116
-0.06474188240957068,-1.0,0.04926380495972584,-0.15562235043871464,-1.0,0.027790198580591865
-0.10322490352740443,-1.0,0.036923954670603436,-0.13476908273354882,-1.0,0.03048444532482074
-0.09420183644879976,-1.0,0.04044910605134788,-0.10688095508228468,-1.0,0.031853009778473766
-0.05157164526745284,-1.0,0.017943209778583886,-0.04140567733307843,-1.0,0.023831363117491955
-0.03509766903777578,-1.0,0.019306516643763417,-0.0378018683379544,-1.0,0.023631226203635655
-0.007242536852794634,-1.0,0.031755079650736144,-0.03846860046175782,-1.0,0.02361921956651651
0.01355190744107948,1.0,0.02235419242623046,-0.006506683075066189,-1.0,0.021567607389092837
0.0032476513731201084,1.0,0.024776071343606803,0.006667710893401679,1.0,0.02175863223641873
-0.0650470711453528,-1.0,0.014656257161523844,-0.06498348824913047,-1.0,0.022840944127106095
-0.0528607302027706,-1.0,0.019234147311290566,-0.07382478006635185,-1.0,0.023247292352490682
0.0003058384585112872,1.0,0.03917889022098441,-0.0757846869399128,-1.0,0.023309869389462074
0.05961048936466251,1.0,0.020294725213897604,-0.06590016499181361,-1.0,0.02221402558550255
0.04947479069606553,1.0,0.025610538056783465,-0.08454990128894968,-1.0,0.022508439614122286
-0.006257689131810018,-1.0,0.019893320455453993,-0.11841775481447447,-1.0,0.017723904391293958
-0.025789481828272898,-1.0,0.008823286401009517,-0.16782225729461264,-1.0,0.015586883359628483
-0.016672651009440598,-1.0,0.009164285243013211,-0.15029202455975543,-1.0,0.016679143267280486
0.009371910193580302,1.0,0.006183834873959276,-0.08875285970555313,-1.0,0.023557264677657723
-0.03375742464016729,-1.0,0.027251041912822627,-0.11209020984940499,-1.0,0.023748461062481734
-0.05376618955020618,-1.0,0.026226967718291826,-0.12632570211151606,-1.0,0.023695519610819345
-0.07920474646019438,-1.0,0.013856927109742288,-0.15073215052185418,-1.0,0.02279932841076659
-0.06596374788803594,-1.0,0.0066661321675579545,-0.13186151892905063,-1.0,0.021180494661635917
-0.06358585142536843,-1.0,0.0068292882437934145,-0.11015203617774683,-1.0,0.021094975211613628
-0.04232722941605038,-1.0,0.017908270418458515,-0.09737791366474213,-1.0,0.021075406214122062
-0.04231160293813652,-1.0,0.01790189704836867,-0.08664099289709615,-1.0,0.020336060097503432
-0.016267332574740223,-1.0,0.02016552073501016,-0.07042840869855405,-1.0,0.019983243758936543
0.023407205977111323,1.0,0.03713929792021321,-0.08009434411855065,-1.0,0.019659264205927635
0.029942565616934758,1.0,0.0339850168429241,-0.05377991979656782,-1.0,0.01840629278126633
0.007293671438798777,1.0,0.03746036429351718,-0.07875895401307198,-1.0,0.018455511098267752
-0.052607380622720745,-1.0,0.004103789676826418,-0.13648532027001448,-1.0,0.008449924592921898
-0.053528733719812926,-1.0,0.004625216145076089,-0.12844616260482145,-1.0,0.007810780399031409
-0.037592523616436946,-1.0,0.011581027669713261,-0.11416475549052496,-1.0,0.008002601128110215
-0.025850509603082328,-1.0,0.01259490672450865,-0.11472187197105366,-1.0,0.008034806678098664
-0.020743221856081462,-1.0,0.009664752141682947,-0.1264164972922579,-1.0,0.010233462978133823
-0.023862223946175654,-1.0,0.008691182995092837,-0.10035079534946378,-1.0,0.014511402737141287
-0.025043659869858903,-1.0,0.00834832564148169,-0.055794340909251616,-1.0,0.02055674995529321
-0.00945052983760819,-1.0,0.0007104339216337524,-0.049027194184467326,-1.0,0.0202482353591289
-0.024597877889258157,-1.0,0.008871924183124054,-0.029024690186402857,-1.0,0.021126295663272187
-0.0329837701743525,-1.0,0.008076694186424975,-0.049932010726344345,-1.0,0.02209038478118818
-0.04472367719131887,-1.0,0.0031865003264125273,0.053000247928032485,1.0,0.03747074032196951
-0.028112130038654204,-1.0,0.006628386402210116,0.05863812307232452,1.0,0.0371928056169803
-0.030843932323759926,-1.0,0.007355594785945074,0.10762437118358337,1.0,0.03783183493917443
-0.05149906840724938,-1.0,0.016607308646275902,0.11452867986963144,1.0,0.03749965687936181
-0.02377856347537577,-1.0,0.030950133915306946,0.13024606135735928,1.0,0.037341570934068494
0.03307702145871971,1.0,0.04047354229411805,0.16396088508672957,1.0,0.03648504054264062
0.05664608125170911,1.0,0.027268421944203425,0.20968493334218907,1.0,0.0332055808108436
0.04746388121688527,1.0,0.02659025121991946,0.197157088504734,1.0,0.03311267624442753
-0.01918132968695163,-1.0,0.021137830882484398,0.12716550758772072,1.0,0.03435161382762607
0.09257691227489162,1.0,0.06380615519236849,0.1663657524648392,1.0,0.03395028335399743
0.06306493536946922,1.0,0.06912503268832183,0.13342620848045694,1.0,0.03501176335480543
0.12457261173557521,1.0,0.05680538162052586,0.1616050731370977,1.0,0.03329351234747578
0.016804754750280093,1.0,0.02716375806879932,0.04091558724731792,1.0,0.020286504255927196
0.04349580824638055,1.0,0.02202017865819778,0.03652665807979738,1.0,0.0206412564410173
0.025492581579386275,1.0,0.013833483151258798,-0.02772399200445186,-1.0,0.01938285200851348
0.043657185065308246,1.0,0.003968785531036025,-0.08585840542645573,-1.0,0.02663230035937374
0.043132463671998966,1.0,0.004021963222673247,-0.06630496153219845,-1.0,0.02856670567665457
-0.003718356040289139,-1.0,0.023251393487863706,-0.06538914261506923,-1.0,0.028638734495462396
0.01332690037435924,1.0,0.029069999006993318,-0.11495863396376693,-1.0,0.02961815902936941
-0.016266998807391797,-1.0,0.029531656770957024,-0.16107882147307917,-1.0,0.029357357583801244
0.015258235862425362,1.0,0.022136891836211953,-0.12478391386800802,-1.0,0.029582173994895513
-0.03287325294262966,-1.0,0.012653681876348098,-0.13136026772153864,-1.0,0.02885851986740053
-0.03383461503119034,-1.0,0.012863301703871422,-0.1340383440876045,-1.0,0.028913151942178354
-0.06475645340597436,-1.0,0.005291049513208575,-0.14759051800577638,-1.0,0.028551543170224392
-0.10996923792349356,-1.0,0.02538407197638146,-0.11377528651589253,-1.0,0.029363761006063055
-0.059335811365615276,-1.0,0.0498595628015865,-0.09623152919598099,-1.0,0.0293832895237004
-0.012172569031231095,-1.0,0.05353282981068534,-0.05538076200481301,-1.0,0.029294113847558888
0.014556956527997045,1.0,0.038279788471228655,-0.010386529909717446,-1.0,0.023019864575502452
-0.051641396268881756,-1.0,0.03211819030161074,-0.04431817988295128,-1.0,0.02034761559332404
-0.06311312729322793,-1.0,0.025530260750449695,-0.06480270606855809,-1.0,0.01902120455402359
-0.0030747333834124646,-1.0,0.028233108987090975,0.016559989317531,1.0,0.020539864832760935
0.010773478578082862,1.0,0.020542872728496496,0.06666392044988467,1.0,0.017899004378399513
-0.007548368275342998,-1.0,0.02118134600613236,0.021182889765138047,1.0,0.02169134053021547
-0.01528827173698355,-1.0,0.016835850077246958,-0.00022535211362972873,-1.0,0.02079058493916256
0.003972199860433179,1.0,0.011900909295852505,0.05386174968204327,1.0,0.02214856891498339
0.027453302594989015,1.0,0.0075960597277452534,0.019447822185083563,1.0,0.026084327057597938
-0.006580481317318476,-1.0,0.01703117491898028,0.028791405028439687,1.0,0.0266107936785477
-0.007422462052585566,-1.0,0.016974373000564588,0.04509128543569019,1.0,0.026912714397055063
-0.021594513094976175,-1.0,0.011404231462693499,0.043208192973581916,1.0,0.026856788032025698
0.04150347575524549,1.0,0.02502691931264875,0.08973936868944188,1.0,0.02643780792912704
0.0593407040639542,1.0,0.02184983393926527,0.13735471954773204,1.0,0.028621009672911073
0.022872468540468205,1.0,0.040866812866205644,0.13510586348605647,1.0,0.028715465697821598
-0.019860074814573192,-1.0,0.02790189606392251,0.05418350169227204,1.0,0.03011980348921845
-0.002028692189758541,-1.0,0.036226967567034925,0.03212183728829987,1.0,0.02993615316691896
-0.009283435855397482,-1.0,0.03993961577601036,0.0697788795827492,1.0,0.027222561741381598
0.013728485405085866,1.0,0.042928999289663726,0.057796779645220786,1.0,0.027671289063042566
-0.004798264385919904,-1.0,0.03728010389751771,-0.015863485555385415,-1.0,0.028475019485233052
0.05121367338348737,1.0,0.005755576381102379,0.011909389271929971,1.0,0.025634270613788143
0.054367482343683715,1.0,0.007428188603332791,0.0417966953361506,1.0,0.029175476955431587
0.08484097205945629,1.0,0.01791087251397598,0.08964963690547867,1.0,0.03401270562279727
0.07030315741749837,1.0,0.025197187516468544,0.12504871847721444,1.0,0.03587971720508621
0.005947608758075651,1.0,0.042891335233314086,0.10931786554911427,1.0,0.03553790369416256
-0.04589217819547797,-1.0,0.019842955625805132,0.07950182880948597,1.0,0.033627087297753974
-0.04245451536283906,-1.0,0.020973726999694665,0.08566747139830211,1.0,0.033513275008531664
-0.016246796861624446,-1.0,0.006233461739719213,0.09249027091641149,1.0,0.032722898177966336
-0.050014015033443826,-1.0,0.01985613614200622,0.07829967732821141,1.0,0.033459581603967635
-0.06715292616621671,-1.0,0.014115430495265415,0.10138710277677143,1.0,0.033739260726892824
-0.0022715989039843176,-1.0,0.04772158875082666,0.16193022898392395,1.0,0.03491263495481878
0.10071485807494418,1.0,0.04393928365711936,0.16371561941257107,1.0,0.034674125884497566
0.16435300258877183,1.0,0.008957223186512254,0.2169804352257343,1.0,0.03383323638366861
0.12188865255664738,1.0,0.02759266858795752,0.1808280107675908,1.0,0.03201160612947444
0.0746931639634636,1.0,0.019381456036455354,0.09131064786145426,1.0,0.029789845497035138
0.030921910338586045,1.0,0.007095934396137556,0.045363478178737315,1.0,0.02711019190782743
-0.01087998587462713,-1.0,0.025049663309945538,0.0366888975560653,1.0,0.027032158795689695
-0.04709432967675253,-1.0,0.0174757639958919,0.03523416157375392,1.0,0.02696547102268525
-0.02673488398436974,-1.0,0.028762418050867048,0.008653280544371311,1.0,0.028017662134189297
0.05319316120588802,1.0,0.034087514734269825,0.038430279560547564,1.0,0.026175435511772246
0.03540192705091583,1.0,0.04380351891256024,0.06444129688976741,1.0,0.025241241050941728
0.04844040628274615,1.0,0.04613090354060285,0.03752459140575004,1.0,0.024672468038368978
0.01662618287968254,1.0,0.037870945270748656,-0.02065572295676832,-1.0,0.020253352674896655
0.028309886523827377,1.0,0.03140944862703223,0.03110335405970277,1.0,0.017452327677384784
-0.007263954458225141,-1.0,0.021071038477499852,-0.006960233878821498,-1.0,0.013796136833218588
-0.022250460654878124,-1.0,0.015218101745851394,0.011147598409384729,1.0,0.01657418260070373
0.01861667767576325,1.0,0.008390899796161956,0.05461118472934512,1.0,0.015078340596722471
-0.005788287295779959,-1.0,0.019916156552621408,0.049599880812862596,1.0,0.015254821199650638
-0.009138603870144868,-1.0,0.019698555348407566,0.0021203776156868415,1.0,0.021001277343334256
-0.017887194360739045,-1.0,0.015745932364928165,-0.012070406268153366,-1.0,0.020428129531570922
0.00213642687700899,1.0,0.005636433132310806,0.03482789710587064,1.0,0.020232782155579956
-0.0058928413114278655,-1.0,0.00847016953944627,0.03635890081036419,1.0,0.020206689396377875
0.0020639842208511894,1.0,0.01285499719135031,0.010458006755120985,1.0,0.02109222196923415
0.003955580998174613,1.0,0.012597386582507785,0.029085093090099434,1.0,0.02143127432512125
0.048429504245835586,1.0,0.018208694337522785,0.06598809488227597,1.0,0.022180645136703137
0.051817717193469726,1.0,0.018215980206282744,0.06826489280884229,1.0,0.022279681016769713
0.04929616023345895,1.0,0.01952743928548758,0.06273382654340964,1.0,0.022498449756136428
-0.03127768144857601,-1.0,0.03257285200998935,-0.007772517489939457,-1.0,0.02325179984620657
-0.048064913321735236,-1.0,0.02587803536829501,-0.026134602988317823,-1.0,0.02246960928228188
-0.020560271002771913,-1.0,0.03537549214391417,-0.02558912348807696,-1.0,0.022466053882004674
0.025099919324532483,1.0,0.013105624571411682,0.010774474473292495,1.0,0.018075935137053255
0.004641218662535307,1.0,0.021161507998684135,0.033565181270285294,1.0,0.019321470901364924
-0.003606377138762218,-1.0,0.017020762761542556,0.02804792261949074,1.0,0.018844688719231395
0.023736352760483914,1.0,0.02387824098261419,-0.0017721074990200147,-1.0,0.0210289726863701
0.059870870274572496,1.0,0.006435628634287619,0.02494339187731698,1.0,0.02027954667226597
0.03760431445148482,1.0,0.01766912783037961,0.013413543859852162,1.0,0.01986939863766538
-0.025331108126379842,-1.0,0.026537827826173997,-0.016327604813185292,-1.0,0.018083489919951675
-0.04258177860369039,-1.0,0.018925301160446332,-0.017657097118085607,-1.0,0.017961973542872062
-0.03902678979802765,-1.0,0.01969218981784692,0.005234124710495225,1.0,0.018522653814917085
-0.01273068948534406,-1.0,0.00478126732023456,0.046262038496685864,1.0,0.014634237468202941
0.01163487093686788,1.0,0.018084005467218823,0.05300587637520393,1.0,0.014607148211865973
0.033076775104795786,1.0,0.01795054625013157,0.0436933131764492,1.0,0.015296721666362763
0.012553337352219973,1.0,0.029680266812909462,0.059669776078305814,1.0,0.014748128442777286
-0.0039805707304330085,-1.0,0.025227253558714136,0.03490395070466401,1.0,0.013444794301452468
-0.018240755898400796,-1.0,0.020720206224674274,0.015487413130111483,1.0,0.01261285521394489
0.009180855446318636,1.0,0.005232008508897932,0.0707492407444048,1.0,0.01001961955138684
0.01727038127916991,1.0,0.009420287098632005,0.04781490738864003,1.0,0.011647291543439273
0.029424895302127885,1.0,0.010622890906845643,0.042167512467266244,1.0,0.011773752484888622
0.037258535183491315,1.0,0.006100473540489281,0.07638590126905109,1.0,0.014108327728776753
0.028081194889599148,1.0,0.00566298486470595,0.06581321856957167,1.0,0.013775479798986108
-0.000567601332073675,-1.0,0.010951576965689502,0.04591370247751292,1.0,0.013611945023208593
0.0006770480962758896,1.0,0.011286292601707668,0.057359068476370956,1.0,0.014121864523783723
-0.00646705473367204,-1.0,0.009847954532672839,0.04434939819744588,1.0,0.014443208970921634
0.0048708750584580685,1.0,0.004368158171565982,0.050213963467874656,1.0,0.013923969613172622
0.023632802018318966,1.0,0.015171522391139813,0.04034810898858954,1.0,0.014057662292671625
0.008930385953543007,1.0,0.020547391948679408,0.02754381941362105,1.0,0.01482446245523276
0.008439343438753966,1.0,0.020602384328788033,0.03399383135096001,1.0,0.014792508271641162
0.014817515970964923,1.0,0.024124092326892457,0.03900035175970573,1.0,0.015538139226344824
0.03526869246010156,1.0,0.017717982768444464,0.0667761466285326,1.0,0.014616366756926565
0.03317108531237456,1.0,0.018551621956643092,0.05009923762048718,1.0,0.016112968205881373
0.018231702390811177,1.0,0.01045245721630448,-0.023614496544406283,-1.0,0.01851258427507784
0.006617374517473351,1.0,0.012700742547237406,-0.018688059194578166,-1.0,0.018745600462296473
0.0037326596582880622,1.0,0.013496217284743778,-0.010186660332250908,-1.0,0.018803118086968336
-0.01633391139150553,-1.0,0.0019458377487995236,-0.04268011142273731,-1.0,0.018361571382374865
-0.023272633517496866,-1.0,0.00497118446987734,-0.023162870057642504,-1.0,0.018965671191377268
-0.011349257058456574,-1.0,0.009046219122675786,0.015484249470634204,1.0,0.02118848503830543
0.02228504478943516,1.0,0.021840809636576867,-0.0033099137627496944,-1.0,0.022223519034813573
0.04816271316845455,1.0,0.013014094054813843,-0.008654244681391754,-1.0,0.022554664341536423
0.024544749708281133,1.0,0.02483554949767041,-0.009713342935712355,-1.0,0.022532379314123486
-0.04779733233314709,-1.0,0.027472001604332188,-0.04402562671372068,-1.0,0.020277642245323697
-0.0501955133630092,-1.0,0.026224857482840525,-0.06711169833460606,-1.0,0.01965975053230922
-0.027114812640363528,-1.0,0.02865954229421334,-0.06967442705915938,-1.0,0.019827521188002076
-0.00083391248751985,-1.0,0.013659245910709527,-0.014948630966120868,-1.0,0.016823881113059956
0.002142563654409013,1.0,0.014875835185372197,-0.017867526714911097,-1.0,0.016660616043878015
0.029403569461173173,1.0,0.02388957938217449,-0.030576621840103124,-1.0,0.016653070975286847
0.023036286268482087,1.0,0.02732069457354972,-0.018977606206899145,-1.0,0.01615113633665786
-0.008764008141246116,-1.0,0.030042227577261004,-0.033368045791624557,-1.0,0.015459546417900575
-0.03654684946480313,-1.0,0.014063782758802565,-0.06207111913492147,-1.0,0.011299426727065404
-0.018430668161535824,-1.0,0.011341059532018073,-0.052154696064313555,-1.0,0.010269443748349955
-0.010294740484759757,-1.0,0.00712158799459398,0.002543405108784924,1.0,0.014653111190815492
-0.035416334415165895,-1.0,0.00873633314164562,-0.002097709850099605,-1.0,0.014607434740501244
-0.01872033658554728,-1.0,0.017344966952876927,0.023742909621991437,1.0,0.015855974612141038
-0.0009513417433142379,-1.0,0.018276950930962817,0.06967131526737802,1.0,0.018019628481085678
0.01198299257869273,1.0,0.010941861263867775,0.0997514875714629,1.0,0.015887642890388215
-0.004862887728298126,-1.0,0.00815071861877602,0.09218748846741964,1.0,0.015844582113725972
-0.013357955422304446,-1.0,0.0036366361061663756,0.07587802202141858,1.0,0.01654793771110767
-0.002090927833645173,-1.0,0.003548905958215778,0.08559435602682752,1.0,0.015997850866276735
-0.010140803588932323,-1.0,0.00783392519130251,0.11842523578045139,1.0,0.016699211226130682
0.027147442759163365,1.0,0.024755229968046553,0.1345380351317076,1.0,0.016388920844825974
0.023426559820018733,1.0,0.025296923491651285,0.12371788275545237,1.0,0.017161064001217433
0.05746693752476917,1.0,0.018646835366928505,0.1173757658854433,1.0,0.017992255287296706
0.05683316967383334,1.0,0.018357381508553372,0.0789674410377117,1.0,0.016176933485463754
0.06643286300639661,1.0,0.013377492455960992,0.11132742619719371,1.0,0.017493257031950687
0.049724242259880924,1.0,0.016607337341237205,0.09335709742216824,1.0,0.01707702751366266
0.0052553650107263206,1.0,0.009350685963482944,0.06971603787454383,1.0,0.014780843030196117
-0.0021741389659426513,-1.0,0.007270751968575618,0.05961731035488049,1.0,0.0148772179730806
0.02137485958473362,1.0,0.01942804680041908,0.06675442839816204,1.0,0.015029607487479125
0.045302057687984565,1.0,0.013652981445061975,0.06863644974975758,1.0,0.014874725233996036
0.03603259889497967,1.0,0.018481349134158463,0.04444500321842493,1.0,0.016994037308849293
-0.011190273483940416,-1.0,0.01714774083167122,-0.01767799770340739,-1.0,0.018094548996488744
-0.02842315133483253,-1.0,0.008287167897622388,-0.05118366215138659,-1.0,0.01788997673437756
0.011036103261760077,1.0,0.02555526030636923,-0.050648926339059264,-1.0,0.017880988354511927
0.03344826906149412,1.0,0.018006145860323838,-0.0481386121291163,-1.0,0.017713090504430783
0.04758176651066548,1.0,0.01424668058413777,-0.04578402224747102,-1.0,0.017748702086854116
0.014722747164083394,1.0,0.0066570352168127235,-0.07529140199287987,-1.0,0.01404800740000134
0.023121573235874715,1.0,0.00773074200906577,-0.11014863843687683,-1.0,0.015291094889804553
0.0041757768859400635,1.0,0.009910676771968373,-0.09299192702921122,-1.0,0.018010827157007966
-0.017346446102398216,-1.0,0.01757205214093922,-0.10456513208682616,-1.0,0.017938962853648495
-0.0630575665168358,-1.0,0.013289659428554779,-0.13343516012673384,-1.0,0.01675462673623825
-0.0745180542131596,-1.0,0.007693684138404499,-0.13493062396838806,-1.0,0.016726357298742577
-0.05906133066250452,-1.0,0.013087706644620894,-0.0889509443074894,-1.0,0.018969703308244885
-0.041650887909649326,-1.0,0.00584733863883593,-0.07694259112182888,-1.0,0.0177539715774111
-0.023023511430916965,-1.0,0.008091239503621572,-0.06207757180487761,-1.0,0.017354536879129454
-0.013606372392060528,-1.0,0.009935742495296006,-0.040620440803316615,-1.0,0.018202126227302638
-0.028561757246266417,-1.0,0.018548593190491798,-0.009016806474755334,-1.0,0.018502001025330814
0.00037386172892528435,1.0,0.030080024125186334,-0.01658984509445105,-1.0,0.01859501075496423
-0.014550982929862899,-1.0,0.03080684100259516,-0.03692058861404823,-1.0,0.01916295685842926
-0.0001649484539822943,-1.0,0.02536046415120078,-0.004960327630968875,-1.0,0.017047077553183732
-0.03776292005323678,-1.0,0.004041434833528483,-0.028984395770191185,-1.0,0.014476499289525152
-0.001732258323061453,-1.0,0.02101820206997593,-0.04927705860410958,-1.0,0.016797750091423178
-0.006564997511930848,-1.0,0.022948095570246227,-0.027369953506294342,-1.0,0.01651356078042999
-0.0016650020496491447,-1.0,0.022448671654538337,-0.02709248437958145,-1.0,0.016504331104828
-0.010730827158331735,-1.0,0.017765565397762993,-0.06774750759856762,-1.0,0.01488798817450384
0.026274896737424225,1.0,0.010683610955281638,-0.02391801921314496,-1.0,0.016016758372148145
0.022464215279509592,1.0,0.012879358325060902,-0.023605884513083764,-1.0,0.016014255864969205
-0.009906520202792146,-1.0,0.01728359315395699,-0.05204298445466948,-1.0,0.015504421917900163
-0.024505278402479957,-1.0,0.009648777510362755,-0.04741898906784403,-1.0,0.01609259584270964
-0.01202068894681485,-1.0,0.012456122983778527,-0.024521543147980163,-1.0,0.01698457074789097
-0.026907452919924246,-1.0,0.020982392269920047,0.005900698180850483,1.0,0.016620932779484968
-0.02257457432930776,-1.0,0.022134406233232387,0.0008284318260223245,1.0,0.016669859971658967
-0.035871008662627046,-1.0,0.019510570067863917,0.060314159224683195,1.0,0.025048941187360188
-0.020202707317519497,-1.0,0.011466699463455922,0.11596319893939744,1.0,0.022359072241590738
-0.0031130632187814644,-1.0,0.02087869825110231,0.0860454778627644,1.0,0.02444996562458064
0.0018215978168485414,1.0,0.020219683659680777,0.12711520587915026,1.0,0.024976019829754944
0.0049736959855664065,1.0,0.01885048045159707,0.12875131741553725,1.0,0.02481316308570049
0.002773926882725153,1.0,0.017639884020423983,0.13074974966264574,1.0,0.02490568044283659
0.021548556644613193,1.0,0.01872262583397814,0.13562639273386656,1.0,0.024692997203237504
0.04803716243272782,1.0,0.0040444688514021075,0.16134424651985046,1.0,0.02335210817855953
0.023742142491386398,1.0,0.010468681189056262,0.1117283487331957,1.0,0.026246376138869255
0.07281501342584851,1.0,0.035867021712876805,0.09745334826686514,1.0,0.026261961169887556
0.08315504783862271,1.0,0.03460533277204862,0.10759587758296218,1.0,0.026567516495411742
0.06264247170743431,1.0,0.044596628535525054,0.07945650383623004,1.0,0.02895288343321085
0.03093003799184002,1.0,0.03061528815492699,0.004080057306228291,1.0,0.022737644473871877
-0.007414588841379688,-1.0,0.03094265494050265,-0.024067934235141752,-1.0,0.021662817666952053
0.04159120858109988,1.0,0.02601454799896406,-0.0076517043031201215,-1.0,0.02060320307804646
0.010332784671564843,1.0,0.02018551500750885,-0.07062491001378768,-1.0,0.019260901431917294
0.037566625089879624,1.0,0.01145292213090209,-0.05619337976408967,-1.0,0.019036258395446832
-0.016247474046724886,-1.0,0.02129458974639089,-0.0463731710175499,-1.0,0.020554072140128773
-0.016624487822388234,-1.0,0.02123315201340452,-0.01657399679715721,-1.0,0.02294107533467699
-0.00571120650416046,-1.0,0.026000703295358425,0.09299113873141618,1.0,0.042218269554082914
-0.008529702405579265,-1.0,0.027495844537659023,0.3253971220564873,1.0,0.06867370934606001
-0.02055827753478834,-1.0,0.0274746598288336,0.3019449318910503,1.0,0.06980079929844074
-0.04850876397948123,-1.0,0.014089656891544683,0.30234956572378757,1.0,0.06979942480998853
-0.024465736431915852,-1.0,0.0025919394401672795,0.2678169814466771,1.0,0.07301684689283097
-0.04377492932817595,-1.0,0.01346852356916016,0.24490282410359088,1.0,0.07424990137025841
-0.039540034370327604,-1.0,0.015017795677691006,0.2094291222147675,1.0,0.07606277733399315
0.0028697418666701058,1.0,0.03224485723506624,0.23471806726587596,1.0,0.0756390538836263
0.06438369788819531,1.0,0.019804002510971846,0.265907764907785,1.0,0.07430250930159388
0.18675114358538547,1.0,0.05091626491136442,0.26696589308615537,1.0,0.07427269976313276
0.3555228190273123,1.0,0.08583952714927032,0.1886147783966814,1.0,0.07652730995191452
0.3018944408658193,1.0,0.11400186186980893,0.18458262247497093,1.0,0.07646082897831234
0.20364722048821093,1.0,0.11920897529820715,0.06678949746414253,1.0,0.0688482014691304
-0.06610984301538947,-1.0,0.044733707233240945,-0.11967440581850308,-1.0,0.030688977228257384
-0.07760038532224778,-1.0,0.04524231858418104,-0.0998752017638167,-1.0,0.030504164951097014
-0.1414292074885013,-1.0,0.01732851844512848,-0.12848215059184542,-1.0,0.028930290419290686
-0.05756465061271698,-1.0,0.03170296237657308,-0.07561846707535747,-1.0,0.02305902334161962
-0.02276998852398182,-1.0,0.030073414407797663,-0.019843780406331835,-1.0,0.022656479168493
0.017996736501060262,1.0,0.009700456678907498,0.009455346153658395,1.0,0.01936371500994199
-0.043233547002524464,-1.0,0.025685892992581047,-0.0012817599075554131,-1.0,0.018777066203439222
-0.016941444544618767,-1.0,0.036033413193703116,0.031646796556815904,1.0,0.02121911677146413
-0.013425252036627366,-1.0,0.03635063242819299,0.030254818488383073,1.0,0.02124036171038011
0.047233634812127834,1.0,0.012112592780123258,0.10383629296443297,1.0,0.016708066210324998
0.017436616627031665,1.0,0.009754923630498232,0.11443304268556176,1.0,0.01801805414685287
0.008375572432222977,1.0,0.012080920095642066,0.09535582731426118,1.0,0.019412919117904194
-0.02205390427224385,-1.0,0.005869185670291516,0.08576907685902868,1.0,0.019220763721700937
0.0024310360352370886,1.0,0.01886172981577311,0.07232066157962613,1.0,0.020194794139548475
-0.003491710742997478,-1.0,0.020169519315270737,0.07400126375211258,1.0,0.020110716681281175
0.01677205655508507,1.0,0.016941543375061145,0.08040512031017188,1.0,0.019610587426760265
0.028720588439165917,1.0,0.023060964066392835,0.09077672521422109,1.0,0.020556500026705442
0.03879620883578494,1.0,0.01872788117088732,0.10403546577459077,1.0,0.019764659436765156
0.061884505869463924,1.0,0.019452090470144835,0.08049453264041562,1.0,0.021128033134596352
0.06584480158412709,1.0,0.020898345483938676,0.04132252904719769,1.0,0.019482667559769493
0.05167575678925074,1.0,0.028956256210374433,0.056532898353627736,1.0,0.01961331358487842
0.02916641870672354,1.0,0.02702899274874971,0.04300837874486563,1.0,0.018409643890421743
-0.02467576447890396,-1.0,0.013196300135231686,-0.004390168586606125,-1.0,0.015149456550492636
-0.012978991129925621,-1.0,0.011426391136710777,0.013075539627138921,1.0,0.014344189539991859
-0.027417860821100648,-1.0,0.006027927086971141,0.012649131775785749,1.0,0.014328703065802282
0.020887099669832043,1.0,0.02214791747198783,0.02343946198932012,1.0,0.01348604909042117
0.026542491279480718,1.0,0.0209362948835216,0.01832811900429987,1.0,0.013774093748575637
0.0168614688853288,1.0,0.025042297502022286,0.05505977718302768,1.0,0.015568015912726328
-0.020733607727857484,-1.0,0.009431999320167936,0.013513214701066811,1.0,0.01325199450458975
-0.008706358585178098,-1.0,0.015439257800917584,0.015675060789094752,1.0,0.01327225094834491
0.024398351973913934,1.0,0.01155063401654862,0.06212350242447573,1.0,0.014157490715597519
0.020132103950323277,1.0,0.014002130461937923,0.01598694219485086,1.0,0.021546754813364356
0.008218398062761922,1.0,0.012733243401774846,-0.02254856754197987,-1.0,0.022417680742626355
-0.001192828262356338,-1.0,0.00817840998697285,-0.061337351999051215,-1.0,0.022402230114761574
0.0031538660970222843,1.0,0.0058375401790066355,-0.03817432939582366,-1.0,0.022989819500955654
-0.0077264117527646725,-1.0,0.008209496708304159,-0.08306334681078154,-1.0,0.02563785794506442
0.014992784586141283,1.0,0.02115640708866025,-0.08643172872836158,-1.0,0.025494557836745146
0.010960852381578734,1.0,0.022215206688658194,-0.08337834921570386,-1.0,0.02553322535856709
0.0238894330642756,1.0,0.019550391927770423,-0.09220490401099757,-1.0,0.025732378372027825
0.02392519412677685,1.0,0.01956991234593461,-0.16098985739826954,-1.0,0.024368790081516864
-0.018259880234073433,-1.0,0.041178147846965975,-0.171699637940272,-1.0,0.024391661727196434
-0.04692998691625272,-1.0,0.04111057431200709,-0.15622160989693668,-1.0,0.025797185194203005
-0.09906250244961301,-1.0,0.015838642611212605,-0.20704071682190817,-1.0,0.022120458155928446
-0.03402916764035124,-1.0,0.021775298635940535,-0.1465955244343431,-1.0,0.02049377119054601
-0.052296381206039744,-1.0,0.02889601033688237,-0.1272457395616895,-1.0,0.020154392521342067
-0.0262872049916667,-1.0,0.03034930512241504,-0.07785663337659843,-1.0,0.02236135505370542
-0.04205015372285792,-1.0,0.025470621651522203,-0.11751935734239694,-1.0,0.022023789602053017
-0.016867968952980705,-1.0,0.011108052442339165,-0.06955543644816231,-1.0,0.019616043879933234
-0.05956534408376668,-1.0,0.018804685707670153,-0.11142898220407815,-1.0,0.021500657668666896
-0.07736043634298939,-1.0,0.011888715887197445,-0.12302759312041989,-1.0,0.021403575557645056
-0.04012727282166351,-1.0,0.02983252733638137,-0.11629049806587743,-1.0,0.021267191880809017
-0.022125665296861774,-1.0,0.022980144003400024,-0.08744700680537165,-1.0,0.01911549035440147
0.00684423327185546,1.0,0.021170572137782107,-0.07067662523847962,-1.0,0.018727445223650167
-0.01795411658100554,-1.0,0.015331767355597305,-0.13594054113690412,-1.0,0.020214704151378077
0.03012158099569673,1.0,0.016144179032836572,-0.05403290106768499,-1.0,0.02857541402204812
-0.004953000548405084,-1.0,0.02647423020188043,-0.055788492518254795,-1.0,0.028503395382630175
0.005393921907487442,1.0,0.026365292230510862,-0.03955495245413854,-1.0,0.0288345492482492
-0.05985955381914643,-1.0,0.022275585369651487,-0.09116549465642776,-1.0,0.027800816957604144
-0.04755838950088087,-1.0,0.0217613844187951,-0.05551586845562517,-1.0,0.027571639195635444
-0.06360303057069583,-1.0,0.01515771070159124,-0.06318365543349458,-1.0,0.02742454575162491
-0.03558336868506018,-1.0,0.001542366164046716,-0.055037476948102126,-1.0,0.026611656477145234
-0.025009468461049122,-1.0,0.004618790879397523,-0.032550231233352545,-1.0,0.026711328531319134
-0.0597773158926902,-1.0,0.02300392427299844,0.0036751919667512567,1.0,0.027675533268282374
0.011288440440824887,1.0,0.05359852070996894,0.02677112984486496,1.0,0.027648452344451
0.021732365992080283,1.0,0.053275961627665215,-0.00944679594250597,-1.0,0.03013837366620979
0.07843147210176005,1.0,0.029734166106576098,0.04446682098133281,1.0,0.026573541812796433
-0.00701101259304604,-1.0,0.01970104996696448,-0.009500036349699537,-1.0,0.019805804195354885
-0.0046803764857754615,-1.0,0.02031484196331824,-0.013497994091359988,-1.0,0.019688306518996276
-0.0182347810718686,-1.0,0.017590299361563033,-0.03562243717209057,-1.0,0.019528114473488244
-0.023731536110820795,-1.0,0.020580793356471623,-0.008052976247030719,-1.0,0.018280774436428542
-0.024592752278608243,-1.0,0.02021391189705237,-0.025402372515712868,-1.0,0.01806601616699431
0.0032558168295500067,1.0,0.028504346900572845,-0.0558028156287822,-1.0,0.020202764326071848
0.04622523810790691,1.0,0.008386883584590058,-0.013491174379787196,-1.0,0.018931566510806005
-0.001906033170202548,-1.0,0.034001336668655104,-0.010720883770128697,-1.0,0.019081139088303282
-0.018985686878108643,-1.0,0.028595149926905768,0.009014275762264434,1.0,0.022113250128004157
-0.02498272575373961,-1.0,0.026776786997431502,-0.0038597667731734564,-1.0,0.021803689251611004
0.017681167843226264,1.0,0.0022374822694787677,0.013454817340044833,1.0,0.019438966037787376
-0.0016577860516633347,-1.0,0.009641858697769394,0.025327273154828633,1.0,0.020100219868777056
-0.005563952490377222,-1.0,0.008405260363356428,0.004737900266669648,1.0,0.020568261227974675
-0.01658475491012834,-1.0,0.0072753029754346705,0.0004216542965798098,1.0,0.020548152250838145
-0.03841515952856023,-1.0,0.018525162346321386,0.0011370636559353553,1.0,0.020512499744818384
-0.029169734243577272,-1.0,0.022664930574766366,0.006597884342988358,1.0,0.02063230423422863
-0.009911263533024073,-1.0,0.02604480939607929,0.01588160241426384,1.0,0.02047260811945158
0.06807290822059664,1.0,0.01897958892922617,0.034472817043973425,1.0,0.01818332117414562
0.05585664571452065,1.0,0.023302209354082663,-0.007623552535819034,-1.0,0.02024759087100293
0.022269667939970983,1.0,0.03395001340327805,0.027432786661539144,1.0,0.024305834132214384
-0.002672689485544444,-1.0,0.02079752101341122,0.059839277917323797,1.0,0.030457261904971927
-0.016385058713896505,-1.0,0.02210604934943476,0.04927016365262116,1.0,0.030778763197102123
0.004648004799761241,1.0,0.01702693170572933,0.05902334044946089,1.0,0.0301513326541951
-0.025847995550556613,-1.0,0.006891095508412762,0.05542143592364357,1.0,0.030008785943780723
-0.0037039684140585116,-1.0,0.009429331516036287,0.04528972304047407,1.0,0.030718274771669565
-0.0011248067924443106,-1.0,0.009592688332587593,0.034436952532780785,1.0,0.031026282717675806
-0.005079406140522158,-1.0,0.011772225565278443,0.07276433855704201,1.0,0.03145735501140706
-0.043391171122384664,-1.0,0.01599441760562259,0.09561332073088469,1.0,0.032267443407392224
0.0016399207142512306,1.0,0.04073273430626068,0.06076529187504498,1.0,0.034382630980381114
0.09343936909394701,1.0,0.055323034451309434,0.08796276132549474,1.0,0.033847425625018794
0.11275036190296084,1.0,0.044704134714987596,0.12321344453954519,1.0,0.03174988148732342
0.05386022172789273,1.0,0.05115059599236403,0.10791343396234021,1.0,0.03043282959219185
-0.007090531479224671,-1.0,0.015968240532139695,0.009920288385992793,1.0,0.022681836277996806
-0.02036549932604359,-1.0,0.020691899554845555,-0.0021058180985291663,-1.0,0.023501945423079384
-0.019938383116918867,-1.0,0.020637761997570298,-0.0025762906800581575,-1.0,0.0235241547033315
-0.008505092917158175,-1.0,0.027002272034168173,-0.035367318456418495,-1.0,0.023365500537532488
0.046619629276352104,1.0,0.023687133629737532,0.0012962343976106183,1.0,0.02271349644527203
0.025203532549819885,1.0,0.03603112659095667,-0.009320579421296271,-1.0,0.023413053963757598
0.010119016627930577,1.0,0.03295541803350967,-0.039331668985048696,-1.0,0.021655413843971356
-0.01579104731372416,-1.0,0.024443437089255587,-0.055289359927469084,-1.0,0.019776556965178892
0.04878806280154646,1.0,0.01364612150528431,0.007123414168952458,1.0,0.01979228961920947
0.015396896154445061,1.0,0.026200820622723345,-0.008491319020250465,-1.0,0.0194551478800689
-0.01256890073511352,-1.0,0.030856113696844916,-0.02445302814356798,-1.0,0.019577964172279572
-0.056629502914505636,-1.0,0.005495514165089741,-0.020851340406133012,-1.0,0.020156587448398322
-0.05237813832163596,-1.0,0.005223242577896032,-0.011916210426643037,-1.0,0.01953664075255195
-0.016963446829903805,-1.0,0.01577320314812341,0.02438192881574275,1.0,0.018605788552502982
-0.02668267185815698,-1.0,0.018659445389777107,0.026292470722032446,1.0,0.018476552709281873
-0.012469443445788375,-1.0,0.017440183485238906,0.039636361357412886,1.0,0.01761587006510846
-0.009965965048727599,-1.0,0.018647009765528907,0.028707998862240514,1.0,0.017383483479106777
0.041647526140068614,1.0,0.015909753026888945,0.03861968083585321,1.0,0.01630236254902139
0.04095936659272881,1.0,0.016265378518513566,0.04910194977683813,1.0,0.016247943209774685
0.015045284470176945,1.0,0.021351164317079306,0.04981012872014756,1.0,0.016292029600788127
0.02081330822646099,1.0,0.024632798090682577,0.044602247790707095,1.0,0.015617945460954121
0.01197200474805249,1.0,0.026879255194076457,0.02457467478634401,1.0,0.01739384101306238
0.03626605622419721,1.0,0.023556589908786705,0.048449380511895956,1.0,0.017128439010544623
-0.009485691786340178,-1.0,0.014261776614871687,0.017862934032026434,1.0,0.014107867222071803
-0.0008255665375800358,-1.0,0.012307278918343652,-0.008198912042999051,-1.0,0.01788190322374027
-0.01263737678340604,-1.0,0.006145063669770989,-0.040541660653284683,-1.0,0.018021426574832838
-0.014355461744336218,-1.0,0.007066993181078923,-0.02544778220625199,-1.0,0.01798843538684307
-0.0030038550263631336,-1.0,0.010430306087624675,-0.043170254125380225,-1.0,0.018810400852577833
0.01113616480917945,1.0,0.014507889659604395,-0.09157135562499641,-1.0,0.022458805170319264
0.0476300930949225,1.0,0.008042986210764791,-0.08484826477787943,-1.0,0.02241153630334509
0.01643209160223469,1.0,0.025217094528335416,-0.09756245267024277,-1.0,0.021931397132216313
0.01368453626192534,1.0,0.024709499392932557,-0.13014613453334345,-1.0,0.020706905932495166
-0.005926005532219669,-1.0,0.01888492207164634,-0.157767952908205,-1.0,0.017807968301919826
-0.02080158208129057,-1.0,0.027323887971892582,-0.17152060205623942,-1.0,0.01892352018040254
-0.05272498494098343,-1.0,0.02130988923065169,-0.14966559381990185,-1.0,0.022490837778843094
-0.0527964080246186,-1.0,0.021273010902111648,-0.17341641970055144,-1.0,0.021905061651934697
-0.03579690861996121,-1.0,0.014150720960335152,-0.11133382927248214,-1.0,0.023108495653973764
-0.06366707175511777,-1.0,0.025644562776518862,-0.10488950160546273,-1.0,0.022934875943920335
-0.07375594431596366,-1.0,0.020818973435893045,-0.10145263407095295,-1.0,0.023134004495627983
-0.05739605357122568,-1.0,0.024073738181893796,-0.09595941697348276,-1.0,0.02291417617510778
-0.02743861409916759,-1.0,0.0067904389572207915,-0.04928498285703009,-1.0,0.01939719849765744
-0.025289595035403067,-1.0,0.007416403443624108,-0.02976453550192204,-1.0,0.020056550137949523
-0.057526057783761964,-1.0,0.016813397542930528,-0.026250015830554085,-1.0,0.020046093893132243
-0.005834923024633065,-1.0,0.035881890024476615,-0.020847467466132974,-1.0,0.019742358753946504
-0.021574472324566107,-1.0,0.03735973097335867,-0.0212737053665617,-1.0,0.01974634943865978
0.03938519070246671,1.0,0.028606104749879863,0.015008240473448176,1.0,0.01635050928210392
-0.00794889272654431,-1.0,0.023300738821437496,-0.010480099874956794,-1.0,0.012897756847038096
0.019167377604979885,1.0,0.01833361363083675,0.023975786849854464,1.0,0.012237445809715848
-0.020422496320961825,-1.0,0.012740502484275244,-0.020272634942456236,-1.0,0.011666198794627535
-0.008062553006685125,-1.0,0.011896532665313575,-0.02810006697112777,-1.0,0.012519882755291286
-0.0020678457469327505,-1.0,0.014709997848107925,-0.022783654775484496,-1.0,0.012996433068090561
0.012313347571702993,1.0,0.008407562202685629,-0.022073275406204518,-1.0,0.012929726984267944
0.000998901291729526,1.0,0.012752469013308978,-0.023919625393584276,-1.0,0.012920073073854857
-0.01679876490004273,-1.0,0.005347847174236187,-0.030525262213616067,-1.0,0.012312638809198527
-0.016267801479759703,-1.0,0.005568841757480862,-0.010616232259704983,-1.0,0.013761432026434596
0.0045324445665431146,1.0,0.006890617349663289,0.002243886353753277,1.0,0.01334870296661766
0.023675019891850058,1.0,0.008006543558390032,0.006992336950117473,1.0,0.01328347125278079
0.004104315286562299,1.0,0.018972570838616587,0.010874552217839506,1.0,0.013296609070940924
-0.025568859822715284,-1.0,0.020493723313420188,-0.011797187556866984,-1.0,0.013612397654809375
-0.027592064020359075,-1.0,0.019325635808744895,-0.010925843221395448,-1.0,0.013708213434027861
-0.022223136784710107,-1.0,0.01798961604428447,0.012952713284920536,1.0,0.012303199828737049
-0.0038821114291416325,-1.0,0.014027946988560972,0.04705286092544858,1.0,0.010717601479349028
-0.00980945318506432,-1.0,0.011093725523102053,0.018544898367388374,1.0,0.011615653292464528
0.023770390718202528,1.0,0.010405535804255042,0.048838803484600124,1.0,0.010990845223144157
0.02716241303906708,1.0,0.008838757281963839,0.040471864139182356,1.0,0.011662447844886275
0.02071883426369081,1.0,0.010196691747663418,0.031608952778269916,1.0,0.01167932038859158
0.005222982997784786,1.0,0.0012763309696637425,0.020779071036920893,1.0,0.010704786920276876
-0.009508629344077146,-1.0,0.00897367247646002,0.008382361905118652,1.0,0.011330539332748498
0.005756839720337137,1.0,0.014764500512588357,0.0006468144614393267,1.0,0.011545550091708368
0.006182476353643329,1.0,0.014784712917262612,0.0007934933961273316,1.0,0.011549237941044795
0.03328118865960028,1.0,0.00659016879742492,0.017149829567912445,1.0,0.010748305447896178
0.001878677568424747,1.0,0.014753993801795718,0.021927268496151342,1.0,0.011405935549509832
0.013662953414969481,1.0,0.01729403389431633,0.040488622060242285,1.0,0.012837766804908361
-0.010463108215407857,-1.0,0.01653331145012995,0.02658888698053863,1.0,0.0124461283692993
0.003254601225817222,1.0,0.01314536450906885,0.034992529986541676,1.0,0.011571105487968684
-0.004289341729476703,-1.0,0.009157093999134822,0.007172658452690328,1.0,0.011631409034082746
-0.0049270891949966256,-1.0,0.009473590990705662,0.013183140978507257,1.0,0.01123444378161713
-0.010243304053139779,-1.0,0.009966433173158361,0.02061124929596736,1.0,0.01127245603176378
-0.014762594643008775,-1.0,0.00743286348208985,0.04731901426583529,1.0,0.014706147976952157
-0.0007411616812833532,-1.0,0.005841974004696144,0.07852939364589506,1.0,0.014562804129123925
0.027037293755049152,1.0,0.010201483288194636,0.07735703150860695,1.0,0.014665415504649587
0.04587760501775828,1.0,0.01073654486027498,0.0674714556155096,1.0,0.01512696163411889
0.042720246072226464,1.0,0.01255623664840817,0.06760459837767807,1.0,0.015124848265558656
0.014943939058815081,1.0,0.015261318036179172,0.04843046686466712,1.0,0.014372238929637175
-0.019653010192582476,-1.0,0.006108104054215486,0.005854320105509236,1.0,0.014739898892852063
-0.023868854217439228,-1.0,0.004075979406303847,0.014155283499831306,1.0,0.014896748248717494
-0.011126679464757094,-1.0,0.009115431274394386,0.013595339787401794,1.0,0.014925502222531816
0.03585701408366826,1.0,0.020228175233423087,0.03015686315471844,1.0,0.014310417590052998
0.06041916347239118,1.0,0.014399223286693411,0.03648197324124425,1.0,0.014146069349823914
0.046502478159499816,1.0,0.02172727960643889,0.06035507812389862,1.0,0.016105640348684985
0.005389846706665535,1.0,0.015879669927101162,0.032317803488493,1.0,0.013205785411804144
-0.011665956949500345,-1.0,0.0060654236733090686,0.0438639384562971,1.0,0.014901823696973055
-0.0018892708888906817,-1.0,0.005184643086142934,-0.002304467075050498,-1.0,0.022335643694043877
-0.015739530492242082,-1.0,0.013150662952496645,0.007294921311006508,1.0,0.022258664485773568
-0.010729068805620301,-1.0,0.014929707419674533,0.04476505584803392,1.0,0.025082100305645248
-0.019891188018450245,-1.0,0.014258615789394335,0.016604155052035274,1.0,0.02657115429171058
0.004649532856626726,1.0,0.008119322232826265,0.05628715929610917,1.0,0.026077181357374263
-0.0015421644760262865,-1.0,0.006194160666619426,0.040405377278045274,1.0,0.02629252905644179
0.03563305887173973,1.0,0.015414302448518208,0.009132911290154144,1.0,0.028893737871496364
0.03801795441744282,1.0,0.01486686303916392,0.00732946022963743,1.0,0.028879297901461612
0.06780112868744403,1.0,0.013965654836117121,0.017983428655147904,1.0,0.02908464853223461
-0.016157067039449302,-1.0,0.04421098909899044,-0.024125236688626206,-1.0,0.02789822442079853
-0.01963303547082096,-1.0,0.0437866021190835,0.0018477212945200439,1.0,0.02957694242507955
-0.010764839557763528,-1.0,0.04777286477881974,-0.04162899488193328,-1.0,0.0279874606694738
0.01701935123819509,1.0,0.03361196374092553,0.010602508959264512,1.0,0.022970404417053277
0.03325270749286058,1.0,0.03427642047006559,-0.009289494878539362,-1.0,0.023511947362827176
-0.015088747375608946,-1.0,0.023036588695793423,-0.03031758277583263,-1.0,0.02077897843477032
-0.027362431780331375,-1.0,0.029068466409221016,-9.073175163876179e-05,-1.0,0.019388194905295423
-0.04430816620984501,-1.0,0.021436461410113496,-0.02468705037560892,-1.0,0.01844147929015559
-0.023964113098923656,-1.0,0.027182891620504815,-0.02043337600142392,-1.0,0.018361398250727017
0.002374910892959381,1.0,0.012573827905284168,0.0232257802011282,1.0,0.014189965684473994
0.03253621548232544,1.0,0.022531902632584366,0.012480516994788582,1.0,0.014498593545889943
0.008188705150362852,1.0,0.025775137840980924,-0.005897004096999003,-1.0,0.014141192985996372
0.018570678608441415,1.0,0.023289084886072956,0.0072296171783829966,1.0,0.013627906847357873
-0.030770251643880364,-1.0,0.007499997896262159,-0.022769654016135732,-1.0,0.009316118048063109
0.0005465725483371209,1.0,0.018280463200958844,-0.009797715956063602,-1.0,0.008798155253835297
0.006326110527291817,1.0,0.01822447340889293,-0.0036133320810067815,-1.0,0.008896842265620646
0.01785515199579102,1.0,0.012563752072939801,0.02892253034936032,1.0,0.0083345630223309
-0.005204540601200236,-1.0,0.004772426967380118,0.010553829133215897,1.0,0.006365583318943948
-0.004045919827564415,-1.0,0.005431307500019775,0.016512939611663446,1.0,0.00682025581806364
-0.0071405988394475095,-1.0,0.006707331573968808,0.015208730209945287,1.0,0.0069459332612080114
-0.00942774119449874,-1.0,0.007031310033512834,0.0412924290035408,1.0,0.009057047542070045
-0.013621252129785821,-1.0,0.004671757879674376,0.02358875972090435,1.0,0.010180607188682467
-0.002713955528598877,-1.0,0.00438179535086837,0.03648904142055609,1.0,0.009651965187380712
0.004287993291298253,1.0,0.000952892926283762,0.04149822825682947,1.0,0.009335582544167454
0.0077277293490516374,1.0,0.0014696338923257026,0.027508793535398812,1.0,0.010517269034535193
0.020921932721615688,1.0,0.007685115993793312,0.029455940677466153,1.0,0.010535606537431066
0.02089811763761662,1.0,0.00769414546493272,0.02512455259669455,1.0,0.010657822279559727
0.026452382219962045,1.0,0.007313615864289568,0.026407756296755736,1.0,0.010686033445772071
0.0041413518563759855,1.0,0.008136498221593336,0.022700374937832057,1.0,0.01030764557266947
0.025534059269124665,1.0,0.014605865911839187,0.045794741012911144,1.0,0.012144245397242544
0.0030299002816764897,1.0,0.01888727393530171,0.07250018296364735,1.0,0.01533607681585176
0.014139712371163293,1.0,0.017692744543122037,0.09958491832804794,1.0,0.01529520338202501
-0.009221941941210066,-1.0,0.008886246780061195,0.08031295603342237,1.0,0.01466504575046607
-0.00970121831529136,-1.0,0.009150618823614416,0.10586312545862309,1.0,0.013364742676141286
-0.009747056271688814,-1.0,0.00913130804224232,0.15782638831785256,1.0,0.01904315464506181
-0.01208568236883667,-1.0,0.00892045120705068,0.09228726755805527,1.0,0.029788354811782155
0.006626692110408561,1.0,0.004690569213927788,0.10166095835507782,1.0,0.0293056469911955
0.014166366981981593,1.0,0.007599596790575188,0.06965755802827234,1.0,0.0311070157815613
0.041568306053833215,1.0,0.009565314656681718,0.0876617397579813,1.0,0.03106840350360228
0.07254480888685366,1.0,0.01218448390266341,0.10577099905239806,1.0,0.03140384652796479
0.08102589524659187,1.0,0.008302516623263045,0.12839763595327414,1.0,0.032278130209561835
0.06005227428963589,1.0,0.016553561197090432,0.03310355179982305,1.0,0.03955181615508147
0.03639284277665222,1.0,0.008618713323792278,-0.033767030164200795,-1.0,0.039097561356890964
0.07238118236096791,1.0,0.02838470431030761,-0.023326231939883924,-1.0,0.03977287831819437
0.0027523695834228423,1.0,0.06225388366728022,-0.033046557030180335,-1.0,0.03975651122318474
-0.013903385418836622,-1.0,0.06141654432342859,-0.02808512176344702,-1.0,0.039956978395853215
-0.09791588656126904,-1.0,0.031513688706819275,-0.07323548341164421,-1.0,0.03583081290083314
-0.01671121016891064,-1.0,0.021240069621518972,0.01790662142889854,1.0,0.031260235921152686
0.0107367328077288,1.0,0.027317099436931034,0.04172735519306925,1.0,0.03163597512132682
0.07290644490698339,1.0,0.009915773641510518,0.07112086877850943,1.0,0.03011528293289095
-0.01298988190432504,-1.0,0.05806790561642229,0.03695757053523874,1.0,0.03080467152459387
-0.0669932203297452,-1.0,0.053312583937481596,0.0645560856211822,1.0,0.03338804809578855
-0.07069797264656619,-1.0,0.05134079011647689,0.0363676441708749,1.0,0.0321122769149875
-0.006097834540367497,-1.0,0.030951560577764884,0.11091219842789535,1.0,0.022133899509103157
0.042074751177406,1.0,0.018947449604095685,0.08698633446205029,1.0,0.026657207905385588
0.022471930889207625,1.0,0.01250254814807904,0.03388351474576079,1.0,0.0267816054319786
0.053705548042501716,1.0,0.006735977155346745,0.030042698469480156,1.0,0.026925368857320876
0.055909091537679645,1.0,0.006814164348726984,0.013532227512813577,1.0,0.026499608526906183
0.0464404656288846,1.0,0.012075510091498497,0.011451819638239158,1.0,0.026433758357262253
0.0023397389374295585,1.0,0.01961664554585095,-0.024639014947860804,-1.0,0.02551607087915621
0.03356546323584175,1.0,0.0361297318890643,-0.0750245707387569,-1.0,0.02572853171533917
0.03815322029934887,1.0,0.035629037424124634,-0.06339176319136164,-1.0,0.026274004188716858
0.06096474598833157,1.0,0.02667594715920673,-0.06581214074062092,-1.0,0.026400710532232405
-0.04456297148887711,-1.0,0.03432271014406661,-0.10733217217352764,-1.0,0.02033880259247254
-0.0731821020716803,-1.0,0.029023167230922936,-0.12554965493757209,-1.0,0.01975974425698077
-0.08696733449878269,-1.0,0.022837470243877767,-0.12868241545442527,-1.0,0.019578774817964738
-0.03137935577183071,-1.0,0.011671358218001663,-0.07093148093825663,-1.0,0.014216912257085556
4.023578168599329e-05,1.0,0.009813040099129833,-0.053980045789330466,-1.0,0.013260884462417693
-0.000976165374839244,-1.0,0.010350663086174093,-0.06777980387365168,-1.0,0.014363516011558079
-0.032647706713890834,-1.0,0.019878669793994705,-0.0415396509290582,-1.0,0.017206534979032573
-0.0284031172007162,-1.0,0.022056219508387775,-0.0560182842336896,-1.0,0.016738001856072778
-0.038833386855330554,-1.0,0.023284367347616127,-0.04690377003678825,-1.0,0.016614576956069067
0.001257861801071014,1.0,0.01930671535361905,-0.018504540031379246,-1.0,0.014344843681262983
-0.02400467144686158,-1.0,0.01600084564911222,-0.0442636250191526,-1.0,0.01381321027129487
-0.0019055287254727826,-1.0,0.010712979842199667,-0.05531363798405242,-1.0,0.015404125106762154
-0.008162280253606102,-1.0,0.008002794892272855,-0.06998105824481327,-1.0,0.014745666281956778
-0.0016124929234386798,-1.0,0.004343295956744267,-0.05382933940693957,-1.0,0.014887636939514408
-0.026064722918009098,-1.0,0.014026129099758365,-0.0891367599052495,-1.0,0.01716253212937397
-0.0019875257626322806,-1.0,0.026050478370738823,-0.09285449272927337,-1.0,0.01698388177929649
-0.0019980026626731373,-1.0,0.026051401999834765,-0.08177833341252749,-1.0,0.01742645567117109
0.019899868462024184,1.0,0.018029785225623388,-0.04343387433403212,-1.0,0.017481640511326328
-0.009612595816211877,-1.0,0.0017831897010806143,-0.09146978166575148,-1.0,0.015072188611444236
-0.0166484579861792,-1.0,0.005845030393408694,-0.07225045127846941,-1.0,0.016315598487655937
-0.047243254802594725,-1.0,0.015625843485089417,-0.07154584241636575,-1.0,0.01633179940233224
-0.050218656412363005,-1.0,0.014374058555202218,-0.09155197164016604,-1.0,0.01691623469536171
-0.03357038583464855,-1.0,0.019311558161015537,-0.09321390155004305,-1.0,0.0169646711775502
-0.03572865064666986,-1.0,0.020521949712861722,,,
-0.03103571473806621,-1.0,0.021456962146393248,,,
-0.029561486929026604,-1.0,0.021972467736580827,,,
0.01963816265320828,1.0,0.007350896949145816,,,
-0.0006028146991103878,-1.0,0.01820831867016847,,,
0.007529879471384948,1.0,0.020064596819057708,,,
-0.008212099620309443,-1.0,0.017339929358520564,,,
-0.009694785790626437,-1.0,0.01811012856682908,,,
-0.037611908257752846,-1.0,0.010388463893528772,,,
,,,,,
,,,,,
,,,,,
